date,open,high,low,close,volume,open_interest,settle,log_ret,vol_20d,vol_60d,parkinson_vol,delta_oi,symbol
2012-12-03,1373.0,1385.0,1314.0,1319.0,694060,82486,1336.0,-0.040124253050656436,0.38911014991022824,0.38911014991022824,0.49970413868818203,0.0,FG
2012-12-04,1309.0,1326.0,1296.0,1312.0,1372500,168904,1311.0,-0.005321183213280272,0.38911014991022824,0.38911014991022824,0.3853080703350806,86418.0,FG
2012-12-05,1313.0,1345.0,1311.0,1331.0,1526500,148090,1326.0,0.014377848891077212,0.4363573006541827,0.4363573006541827,0.3444972131840469,-20814.0,FG
2012-12-06,1333.0,1338.0,1320.0,1325.0,1005200,166780,1330.0,-0.004518079974789003,0.35926096931887747,0.35926096931887747,0.30519503287820254,18690.0,FG
2012-12-07,1322.0,1340.0,1319.0,1331.0,903684,136784,1329.0,0.004518079974789136,0.32526722751072196,0.32526722751072196,0.2810955516971568,-29996.0,FG
2012-12-10,1331.0,1344.0,1331.0,1336.0,630420,148910,1338.0,0.0037495357014793104,0.29795125433289205,0.29795125433289205,0.2593556100299083,12126.0,FG
2012-12-11,1335.0,1337.0,1286.0,1293.0,1624300,305548,1312.0,-0.032714975324733546,0.3198499574670922,0.3198499574670922,0.2777402091619979,156638.0,FG
2012-12-12,1289.0,1306.0,1283.0,1299.0,1755100,223502,1295.0,0.004629637898741976,0.305186684133543,0.305186684133543,0.2665622657010425,-82046.0,FG
2012-12-13,1297.0,1312.0,1282.0,1288.0,1986800,306254,1296.0,-0.008504110006300643,0.28559722921564457,0.28559722921564457,0.2617651458333529,82752.0,FG
2012-12-14,1287.0,1315.0,1283.0,1304.0,1926300,239266,1297.0,0.012345835822299362,0.28628174343053514,0.28628174343053514,0.2591164245225624,-66988.0,FG
2012-12-17,1307.0,1335.0,1307.0,1327.0,1997100,230150,1323.0,0.017484291845609203,0.29225210616449193,0.29225210616449193,0.25440241991259593,-9116.0,FG
2012-12-18,1328.0,1339.0,1316.0,1325.0,1888500,239250,1325.0,-0.0015082959118849634,0.27874589839073094,0.27874589839073094,0.24815904229502697,9100.0,FG
2012-12-19,1324.0,1353.0,1318.0,1351.0,2774300,419230,1339.0,0.019432599539876357,0.2843798618966461,0.2843798618966461,0.2482139690045307,179980.0,FG
2012-12-20,1348.0,1356.0,1342.0,1350.0,2593900,391226,1349.0,-0.000740466527723695,0.273231571148503,0.273231571148503,0.2406307115688732,-28004.0,FG
2012-12-21,1345.0,1354.0,1330.0,1335.0,1961200,278578,1339.0,-0.011173300598125189,0.2664179325722104,0.2664179325722104,0.23657048906492883,-112648.0,FG
2012-12-24,1336.0,1349.0,1334.0,1343.0,1234000,279038,1343.0,0.005974625688887773,0.25924587285095374,0.25924587285095374,0.23059130515694454,460.0,FG
2012-12-25,1344.0,1363.0,1339.0,1352.0,1561000,278818,1351.0,0.006679060079671758,0.25290947256985613,0.25290947256985613,0.22741703139770805,-220.0,FG
2012-12-26,1351.0,1354.0,1344.0,1352.0,995884,252746,1349.0,0.0,0.24538149293053163,0.24538149293053163,0.2216315137446154,-26072.0,FG
2012-12-27,1358.0,1367.0,1349.0,1352.0,963506,224072,1356.0,0.0,0.23848817452465287,0.23848817452465287,0.2176442778192174,-28674.0,FG
2012-12-28,1353.0,1364.0,1343.0,1351.0,1175300,189374,1353.0,-0.000739918642710575,0.23212748044228704,0.23212748044228704,0.21467630446653987,-34698.0,FG
2012-12-31,1352.0,1365.0,1349.0,1363.0,500112,136002,1357.0,0.008843093736333851,0.1821860155569429,0.22868708244245103,0.18500671351825618,-53372.0,FG
2013-01-04,1371.0,1425.0,1367.0,1425.0,1001700,241454,1406.0,0.044483661006218186,0.23467773365466457,0.26953112562302217,0.19912567731930686,105452.0,FG
2013-01-07,1440.0,1468.0,1433.0,1445.0,1558500,217758,1448.0,0.013937507843781678,0.23442978102089998,0.26641211869414144,0.19829459552696116,-23696.0,FG
2013-01-08,1438.0,1470.0,1427.0,1458.0,2761400,306490,1450.0,0.00895631202207084,0.2327396923316259,0.261461093514089,0.20607603491628843,88732.0,FG
2013-01-09,1459.0,1476.0,1452.0,1474.0,2100300,444362,1461.0,0.010914160180678553,0.23374046306731086,0.2573344097267233,0.2062865154513478,137872.0,FG
2013-01-10,1479.0,1484.0,1456.0,1463.0,2311300,376812,1468.0,-0.007490671729157626,0.2379371163117586,0.2541617464770021,0.2091984980728318,-67550.0,FG
2013-01-11,1462.0,1465.0,1428.0,1439.0,1916200,311804,1444.0,-0.01654069413275645,0.20982564496145745,0.255832250025148,0.1997369643910232,-65008.0,FG
2013-01-14,1438.0,1502.0,1438.0,1502.0,1878700,508076,1468.0,0.04284912543671223,0.24811737572036996,0.27949203687073787,0.21684093392069645,196272.0,FG
2013-01-15,1520.0,1527.0,1490.0,1497.0,3006300,387356,1505.0,-0.0033344479044517057,0.2444415514685551,0.2751269643186369,0.2175322754254384,-120720.0,FG
2013-01-16,1499.0,1515.0,1455.0,1500.0,4239900,473158,1490.0,0.0020020026706729687,0.2444894914540102,0.2703565707213612,0.2279166896646906,85802.0,FG
2013-01-17,1503.0,1512.0,1491.0,1506.0,3961700,538978,1500.0,0.003992021269537457,0.24151311964848118,0.2658289447137143,0.22539358414825084,65820.0,FG
2013-01-18,1520.0,1521.0,1488.0,1496.0,3867600,431672,1503.0,-0.0066622498254163285,0.2443835242767328,0.2628920809828444,0.2271960897915353,-107306.0,FG
2013-01-21,1495.0,1518.0,1484.0,1501.0,3225400,478024,1502.0,0.0033366730990394703,0.23937696262522595,0.2587580799624821,0.22546537547825338,46352.0,FG
2013-01-22,1505.0,1508.0,1475.0,1490.0,3070300,401292,1494.0,-0.00735543269395711,0.24268004623318287,0.25626236628968624,0.22925149879128032,-76732.0,FG
2013-01-23,1492.0,1496.0,1472.0,1481.0,2053400,401822,1482.0,-0.006058584671706045,0.23885698403557967,0.25347703145800965,0.22867767508935183,530.0,FG
2013-01-24,1479.0,1489.0,1458.0,1467.0,2346400,367110,1473.0,-0.009498036124817108,0.24438788706086328,0.2517126228061274,0.2317874561700411,-34712.0,FG
2013-01-25,1470.0,1472.0,1459.0,1469.0,1305100,315844,1466.0,0.0013623980308956293,0.24446288268623795,0.2481950913488682,0.2294718791488717,-51266.0,FG
2013-01-28,1471.0,1496.0,1468.0,1491.0,1274700,341564,1484.0,0.014865138590861186,0.24678104864411854,0.2470918104427712,0.23241992366556394,25720.0,FG
2013-01-29,1574.0,1582.0,1568.0,1580.0,1218900,355930,1575.0,0.057977811256273985,0.3089549406797118,0.28180258528134,0.2314803266320585,14366.0,FG
2013-01-30,1585.0,1591.0,1578.0,1580.0,1240500,390976,1585.0,0.0,0.308697051119425,0.27831188422957265,0.22978530654298043,35046.0,FG
2013-01-31,1578.0,1601.0,1577.0,1585.0,2457800,457056,1589.0,0.003159560290368518,0.30910511976904037,0.27481233408926,0.23065783012841126,66080.0,FG
2013-02-01,1585.0,1596.0,1580.0,1594.0,1459100,405030,1587.0,0.0056621730387792805,0.2768527189921834,0.27149143002407733,0.21418719174560136,-52026.0,FG
2013-02-04,1599.0,1649.0,1594.0,1632.0,2402600,465844,1627.0,0.023559676173891996,0.28269239401889823,0.27254295750654295,0.2200884266835425,60814.0,FG
2013-02-05,1628.0,1646.0,1624.0,1635.0,1865600,476786,1633.0,0.001836547807301552,0.2828614918467969,0.26940543347498874,0.21279467470486838,10942.0,FG
2013-02-06,1639.0,1652.0,1624.0,1630.0,1863300,468858,1638.0,-0.003062789530545767,0.2838050980074734,0.2668416648259821,0.21304307809312648,-7928.0,FG
2013-02-07,1631.0,1633.0,1606.0,1623.0,1279500,397408,1618.0,-0.00430372628621678,0.28217409431311335,0.26453770352711287,0.21214315084398178,-71450.0,FG
2013-02-08,1620.0,1635.0,1618.0,1634.0,706434,350360,1628.0,0.006754707905356918,0.2703411595560237,0.26174531099645315,0.20626953868781342,-47048.0,FG
2013-02-18,1631.0,1643.0,1606.0,1607.0,1376200,450892,1622.0,-0.01666190968243565,0.24535648265736598,0.2630835387213893,0.19062438614116245,100532.0,FG
2013-02-19,1606.0,1616.0,1597.0,1613.0,1627300,512196,1609.0,0.0037267123876962914,0.2440812141731253,0.2603306294146339,0.18508302238961072,61304.0,FG
2013-02-20,1619.0,1622.0,1601.0,1610.0,1355600,552484,1612.0,-0.0018616201467001811,0.244822574481985,0.2579176451982319,0.16631117466079193,40288.0,FG
2013-02-21,1591.0,1595.0,1549.0,1558.0,2360200,502946,1566.0,-0.03283123154781508,0.27649226073681227,0.2674876711571085,0.17503847637785694,-49538.0,FG
2013-02-22,1558.0,1569.0,1539.0,1553.0,2350700,517796,1555.0,-0.0032144032820065303,0.27538714794101904,0.2651462510625694,0.17363632074515656,14850.0,FG
2013-02-25,1550.0,1574.0,1532.0,1558.0,2320500,538436,1559.0,0.0032144032820065594,0.27537891694731786,0.26259081005139323,0.17644829169977747,20640.0,FG
2013-02-26,1548.0,1564.0,1532.0,1536.0,2365400,586884,1550.0,-0.014221312723076057,0.27944319785472654,0.2625445230882935,0.1756516405249229,48448.0,FG
2013-02-27,1548.0,1562.0,1543.0,1558.0,2115598,564882,1555.0,0.01422131272307617,0.2813978165087038,0.2613876110532078,0.17421120158318992,-22002.0,FG
2013-02-28,1566.0,1587.0,1565.0,1582.0,1573926,544704,1575.0,0.015286921896905645,0.28109697167140785,0.2604503518806144,0.17097507001910736,-20178.0,FG
2013-03-01,1580.0,1581.0,1550.0,1568.0,1843832,519900,1565.0,-0.00888894741724604,0.28456912502891385,0.2592199351847379,0.17505900921148507,-24804.0,FG
2013-03-04,1557.0,1564.0,1502.0,1518.0,2940802,593688,1525.0,-0.032407242954777885,0.3073716594773899,0.26686563585605805,0.19082084074655828,73788.0,FG
2013-03-05,1524.0,1532.0,1504.0,1527.0,2793004,596258,1520.0,0.0059113472630571645,0.22395050662388447,0.26469498118954193,0.1938823217200917,2570.0,FG
2013-03-06,1530.0,1541.0,1518.0,1525.0,2162826,578546,1527.0,-0.0013106161771204202,0.22386706187443853,0.2625191052475427,0.19572020337210297,-17712.0,FG
2013-03-07,1521.0,1521.0,1508.0,1518.0,1751892,566174,1515.0,-0.004600731085936772,0.22329850252708167,0.24812938579068852,0.19393311822019102,-12372.0,FG
2013-03-08,1524.0,1528.0,1485.0,1504.0,2770430,561120,1503.0,-0.009265453445790123,0.22265450076136686,0.2487753276352914,0.20205415843774419,-5054.0,FG
2013-03-11,1503.0,1508.0,1483.0,1496.0,2231190,572414,1497.0,-0.005333345975362617,0.19971777587275585,0.24796480670282323,0.19208809640087982,11294.0,FG
2013-03-12,1500.0,1505.0,1481.0,1487.0,2384956,497148,1492.0,-0.006034212074267448,0.19844405412366176,0.2481515659279599,0.19299377005130713,-75266.0,FG
2013-03-13,1493.0,1493.0,1438.0,1449.0,2935302,494998,1459.0,-0.025887004139472654,0.21185370071259949,0.25448446534978975,0.2056227216114344,-2150.0,FG
2013-03-14,1439.0,1443.0,1409.0,1436.0,2939374,518394,1428.0,-0.009012192712512879,0.21204513896168245,0.2553204470940185,0.20878396619917428,23396.0,FG
2013-03-15,1442.0,1480.0,1428.0,1451.0,2561908,435968,1445.0,0.010391503276018418,0.21531538754017854,0.24604947577081748,0.2210561581276539,-82426.0,FG
2013-03-18,1434.0,1453.0,1420.0,1435.0,1993548,427578,1439.0,-0.011088124690466408,0.2125469812259251,0.24740448465626555,0.22114771628693305,-8390.0,FG
2013-03-19,1440.0,1458.0,1434.0,1450.0,1920464,425424,1445.0,0.010398707220898517,0.21767133061467522,0.2471227520396185,0.22252572698450918,-2154.0,FG
2013-03-20,1445.0,1478.0,1445.0,1476.0,2296732,504850,1467.0,0.017772169745797668,0.23235676659532312,0.24833299269104447,0.22594429898142476,79426.0,FG
2013-03-21,1482.0,1493.0,1478.0,1488.0,1688500,533044,1485.0,0.008097210232619303,0.2103504187457179,0.24659643408808501,0.21828775587720686,28194.0,FG
2013-03-22,1478.0,1489.0,1473.0,1479.0,1267666,449676,1480.0,-0.006066752682237426,0.2107551819337252,0.24703922418048904,0.21562801033057005,-83368.0,FG
2013-03-25,1483.0,1492.0,1481.0,1484.0,892888,437400,1486.0,0.0033749610165260007,0.2108126293071118,0.24435159344740862,0.2084333238842586,-12276.0,FG
2013-03-26,1481.0,1484.0,1452.0,1458.0,1482032,471232,1463.0,-0.01767551115872233,0.21368822430995268,0.24745413410994171,0.2089501945084071,33832.0,FG
2013-03-27,1463.0,1465.0,1453.0,1455.0,940674,461902,1458.0,-0.002059732963010616,0.20436856509077725,0.24620641536721638,0.20806224503736126,-9330.0,FG
2013-03-28,1455.0,1460.0,1437.0,1440.0,1185044,454132,1445.0,-0.010362787035546547,0.19329621227085497,0.24718646112375683,0.20868176333795524,-7770.0,FG
2013-03-29,1430.0,1443.0,1415.0,1437.0,1111102,415190,1432.0,-0.0020855064910213707,0.19285343893108142,0.24700497203364608,0.20859327638646225,-38942.0,FG
2013-04-01,1432.0,1437.0,1400.0,1404.0,1710124,441440,1416.0,-0.023232301493268537,0.17740723323920954,0.25191357183505864,0.197996303396189,26250.0,FG
2013-04-02,1403.0,1427.0,1397.0,1426.0,1322010,406240,1411.0,0.015548016388484836,0.18741167157097172,0.2537416432345681,0.19925826972826224,-35200.0,FG
2013-04-03,1424.0,1441.0,1421.0,1429.0,1287678,392332,1431.0,0.002101576955626091,0.18830354867398397,0.2537306823904162,0.1989095679889234,-13908.0,FG
2013-04-08,1412.0,1444.0,1410.0,1441.0,964570,434648,1429.0,0.008362418069654593,0.19260923487813342,0.2536690957097886,0.2044320254346211,42316.0,FG
2013-04-09,1446.0,1454.0,1439.0,1449.0,1150222,450938,1446.0,0.00553634632116038,0.192981207948893,0.23725969154198776,0.1964783758146184,16290.0,FG
2013-04-10,1452.0,1454.0,1425.0,1430.0,1208702,431576,1438.0,-0.013199219066729377,0.19680841552751194,0.23710604907704533,0.19792347724008055,-19362.0,FG
2013-04-11,1430.0,1444.0,1414.0,1416.0,1389400,451520,1429.0,-0.00983844900028794,0.1982238518612342,0.23714317110732092,0.1999895405165109,19944.0,FG
2013-04-12,1413.0,1427.0,1413.0,1420.0,1333776,418380,1420.0,0.0028208763416412634,0.17856557317269828,0.23606740845625732,0.1846144560925069,-33140.0,FG
2013-04-15,1406.0,1426.0,1376.0,1393.0,2773348,510630,1400.0,-0.019197176815500688,0.18795453583160213,0.23870536409054371,0.19303584353892447,92250.0,FG
2013-04-16,1380.0,1405.0,1365.0,1401.0,1999762,479124,1387.0,0.005726572557201359,0.1847610465754255,0.23681024843908216,0.1877664932881703,-31506.0,FG
2013-04-17,1403.0,1411.0,1331.0,1340.0,3793658,613498,1359.0,-0.044516653392049986,0.2373115518872941,0.23627764345582383,0.2196275451701466,134374.0,FG
2013-04-18,1328.0,1362.0,1318.0,1351.0,3074468,575698,1343.0,0.00817544501524186,0.23573245539186094,0.23714848678033779,0.22771923005975223,-37800.0,FG
2013-04-19,1361.0,1380.0,1349.0,1374.0,2622644,552672,1362.0,0.01688113482209579,0.23469144954077917,0.24006240360765324,0.22778174238385313,-23026.0,FG
2013-04-22,1371.0,1386.0,1359.0,1362.0,2222452,565350,1368.0,-0.008771986072836994,0.23119941051367893,0.2402473669522046,0.23058548734966625,12678.0,FG
2013-04-23,1364.0,1371.0,1330.0,1342.0,2329574,531992,1343.0,-0.014793169177830577,0.23405620527441034,0.24153242417544613,0.23832624207916192,-33358.0,FG
2013-04-24,1344.0,1358.0,1316.0,1343.0,2833714,610018,1335.0,0.0007448789916104024,0.23302101257906704,0.2413562622518852,0.24698629369362868,78026.0,FG
2013-04-25,1346.0,1358.0,1333.0,1352.0,1958966,578452,1347.0,0.006679060079671758,0.2314821103175252,0.24170062504597895,0.24579736615787942,-31566.0,FG
2013-04-26,1363.0,1371.0,1336.0,1343.0,1880060,496800,1352.0,-0.006679060079671777,0.23160807902819758,0.24175222089441908,0.25124966547594074,-81652.0,FG
2013-05-02,1320.0,1333.0,1310.0,1326.0,999400,539834,1326.0,-0.012739025777429714,0.23261653563292278,0.24228908622607023,0.2517049718691533,43034.0,FG
2013-05-03,1334.0,1357.0,1326.0,1351.0,1941850,547594,1343.0,0.018678167214390973,0.2461977548934671,0.24576490448302202,0.2530456112067346,7760.0,FG
2013-05-06,1367.0,1371.0,1353.0,1356.0,1099320,525696,1359.0,0.003694130540142098,0.23537312000066385,0.24368207616273,0.24849909502034798,-21898.0,FG
2013-05-07,1353.0,1403.0,1348.0,1386.0,2746090,472886,1381.0,0.021882711249507587,0.24245401599218408,0.21584900472822635,0.2587018448249672,-52810.0,FG
2013-05-08,1385.0,1402.0,1385.0,1399.0,1947396,483356,1392.0,0.009335794915632741,0.24517143073101663,0.21708682537182267,0.25829625784516663,10470.0,FG
2013-05-09,1399.0,1406.0,1387.0,1397.0,1808468,469686,1395.0,-0.0014306154085193335,0.24265065003114317,0.21682410734009028,0.25493510453741053,-13670.0,FG
2013-05-10,1395.0,1424.0,1385.0,1419.0,2573970,501080,1406.0,0.015625317903080815,0.24906472120004491,0.21927618112242808,0.2607369966850836,31394.0,FG
2013-05-13,1419.0,1447.0,1415.0,1435.0,2332100,513554,1431.0,0.011212451033678805,0.24834455534826555,0.2145908446858193,0.2615502755804474,12474.0,FG
2013-05-14,1438.0,1445.0,1422.0,1429.0,2232954,509320,1433.0,-0.004189950263854065,0.2461411435538573,0.21446972431265257,0.2599654493268797,-4234.0,FG
2013-05-15,1432.0,1432.0,1404.0,1407.0,2706546,492316,1418.0,-0.015515120815478298,0.2522843903837652,0.21617054522062282,0.2624914966783852,-17004.0,FG
2013-05-16,1405.0,1450.0,1395.0,1437.0,4038712,538616,1426.0,0.02109782896463596,0.2531295056589554,0.22140366981227452,0.2643854934066997,46300.0,FG
2013-05-17,1441.0,1458.0,1432.0,1454.0,2757190,534458,1446.0,0.011760772014439801,0.2553274984337123,0.22247838510295784,0.2599968383146807,-4158.0,FG
2013-05-20,1452.0,1460.0,1443.0,1445.0,1970100,521374,1450.0,-0.006209057546932181,0.19179910573803172,0.22056344672027517,0.22990721819925924,-13084.0,FG
2013-05-21,1449.0,1460.0,1439.0,1458.0,2118600,524384,1450.0,0.00895631202207084,0.1920546957253974,0.22137262243831346,0.22122803423139237,3010.0,FG
2013-05-22,1456.0,1466.0,1453.0,1457.0,1812564,530554,1459.0,-0.0006861063733986034,0.18628030026035222,0.22138162642773113,0.21673096352929386,6170.0,FG
2013-05-23,1450.0,1452.0,1426.0,1428.0,1924430,514696,1438.0,-0.020104663295675132,0.1994902984590842,0.21522836824123578,0.216100334204883,-15858.0,FG
2013-05-24,1435.0,1438.0,1421.0,1427.0,1670000,496494,1430.0,-0.0007005254226932762,0.18951323567772954,0.21520232022486785,0.20780046368844265,-18202.0,FG
2013-05-27,1420.0,1439.0,1414.0,1428.0,1797000,487158,1429.0,0.0007005254226932939,0.18952046259719418,0.21503452434496073,0.20029006475862776,-9336.0,FG
2013-05-28,1431.0,1437.0,1417.0,1437.0,1521608,482992,1426.0,0.006282743179495209,0.18942627216250002,0.21394571328327344,0.19860813241527275,-4166.0,FG
2013-05-29,1435.0,1446.0,1425.0,1426.0,1431734,434366,1438.0,-0.007684285104783656,0.19013751076332547,0.21195748540423742,0.1933779503843654,-48626.0,FG
2013-05-30,1422.0,1422.0,1386.0,1400.0,2569446,470050,1401.0,-0.01840108537089129,0.19722552108924685,0.21182332562409503,0.1974683119134535,35684.0,FG
2013-05-31,1408.0,1411.0,1381.0,1382.0,1644150,450006,1400.0,-0.01294051127573482,0.1952239959396329,0.21253889703815246,0.19664244934481404,-20044.0,FG
2013-06-03,1390.0,1398.0,1378.0,1393.0,1957408,434436,1389.0,0.007927969452190516,0.19652399456400815,0.20394472470213246,0.197020025269307,-15570.0,FG
2013-06-04,1397.0,1434.0,1393.0,1434.0,2598366,541402,1412.0,0.02900804737975995,0.20762254431233668,0.21272889880862092,0.18815000548203575,106966.0,FG
2013-06-05,1434.0,1462.0,1429.0,1446.0,2750740,479502,1443.0,0.00833338155914424,0.207167359544359,0.21358743124105944,0.19256000234496842,-61900.0,FG
2013-06-06,1439.0,1446.0,1420.0,1429.0,2460600,449068,1435.0,-0.011826224788842548,0.21239709843074464,0.21462654370613796,0.1942395908210484,-30434.0,FG
2013-06-07,1432.0,1442.0,1408.0,1430.0,2787572,0,1424.0,0.0006995453240854948,0.20543777303740154,0.21396468689820392,0.19188313751483455,-449068.0,FG
2013-06-13,1417.0,1447.0,1413.0,1439.0,2595574,498026,1436.0,0.00627398363341485,0.20273762761943265,0.21424367661171564,0.19264829954434662,498026.0,FG
2013-06-14,1442.0,1450.0,1427.0,1431.0,1752444,433972,1437.0,-0.005574927330916871,0.20318539668349306,0.2141967909875691,0.19262739286421396,-64054.0,FG
2013-06-17,1433.0,1443.0,1429.0,1434.0,1367264,411258,1436.0,0.002094241603114685,0.1947774288425208,0.20773951180574615,0.18914505010153923,-22714.0,FG
2013-06-18,1433.0,1448.0,1405.0,1412.0,2297260,382924,1424.0,-0.015460603106378265,0.187780765424772,0.20931311393100574,0.1820207753748373,-28334.0,FG
2013-06-19,1411.0,1417.0,1400.0,1416.0,1574302,368308,1408.0,0.002828856200477623,0.18245059130591504,0.2082457426443793,0.17980171619371557,-14616.0,FG
2013-06-20,1417.0,1428.0,1387.0,1391.0,1845410,358790,1405.0,-0.01781308233022215,0.1909531218802751,0.21015104017012762,0.18851079874729068,-9518.0,FG
2013-06-21,1373.0,1399.0,1361.0,1388.0,2057706,361130,1383.0,-0.0021590508566931496,0.18662970610105672,0.20894651840633416,0.19495873686923262,2340.0,FG
2013-06-24,1389.0,1394.0,1365.0,1368.0,1394628,367664,1376.0,-0.01451404288425407,0.19124658226667146,0.20721974130408902,0.19910742578789567,6534.0,FG
2013-06-25,1372.0,1393.0,1365.0,1389.0,1838630,367898,1377.0,0.015234244571847987,0.19083963724043557,0.20908994267306938,0.2000767943730606,234.0,FG
2013-06-26,1393.0,1397.0,1355.0,1364.0,1768630,399738,1373.0,-0.018162504350936314,0.19979227630341193,0.2117368039747681,0.20879202607607833,31840.0,FG
2013-06-27,1370.0,1385.0,1365.0,1379.0,1704810,361996,1376.0,0.010937039389894394,0.20499672552456888,0.21301053267491238,0.20775756028455908,-37742.0,FG
2013-06-28,1377.0,1392.0,1372.0,1380.0,1579216,363382,1382.0,0.0007249003579485184,0.2030653315487043,0.2102824046859319,0.2078985800377499,1386.0,FG
2013-07-01,1378.0,1389.0,1368.0,1387.0,1395698,365674,1380.0,0.005059642163581147,0.2033894197346573,0.21062026479732968,0.20809436912603999,2292.0,FG
2013-07-02,1393.0,1413.0,1388.0,1403.0,1792460,388886,1402.0,0.011469659787629349,0.19785307076772543,0.21113319114489296,0.20439057984046635,23212.0,FG
2013-07-03,1405.0,1410.0,1397.0,1407.0,1110088,396384,1404.0,0.002846977011928158,0.19193921911911108,0.2112097440622929,0.20020009992289098,7498.0,FG
2013-07-04,1409.0,1417.0,1402.0,1406.0,1369878,405158,1410.0,-0.0007109847437788233,0.19019725347427285,0.20580562809747122,0.19913459898483693,8774.0,FG
2013-07-05,1405.0,1409.0,1388.0,1393.0,1234806,361716,1398.0,-0.009289098590804524,0.1604418735641702,0.20410459085616398,0.1920351826539744,-43442.0,FG
2013-07-08,1394.0,1395.0,1378.0,1386.0,878044,374490,1385.0,-0.005037794029957181,0.15663268876395822,0.2042554763113748,0.18763095158397458,12774.0,FG
2013-07-09,1386.0,1391.0,1374.0,1375.0,1219166,414508,1384.0,-0.007968169649176845,0.15405940334239204,0.20396987961477958,0.18548006418897192,40018.0,FG
2013-07-10,1372.0,1392.0,1366.0,1391.0,1303176,405564,1379.0,0.01156918182277127,0.1611278931924431,0.20513009789671252,0.1828627987527352,-8944.0,FG
2013-07-11,1401.0,1432.0,1393.0,1409.0,2110424,438584,1410.0,0.012857319975237393,0.16682451262154468,0.20528761151129013,0.18527635555615835,33020.0,FG
2013-07-12,1406.0,1413.0,1399.0,1401.0,1268032,454896,1405.0,-0.005693965561673243,0.16686748987119593,0.20464036778496172,0.18336231025086136,16312.0,FG
2013-07-15,1400.0,1412.0,1382.0,1383.0,1288156,445458,1401.0,-0.012931214672248779,0.17152217751838952,0.20618265882950923,0.18780964786964296,-9438.0,FG
2013-07-16,1383.0,1393.0,1378.0,1386.0,1132420,447100,1386.0,0.002166848085090293,0.16423152515752493,0.20252665028072273,0.17805545441575618,1642.0,FG
2013-07-17,1389.0,1408.0,1379.0,1397.0,1657818,392876,1394.0,0.007905179507113247,0.1667217577906044,0.20284008240956733,0.18165813169328668,-54224.0,FG
2013-07-18,1395.0,1396.0,1382.0,1390.0,1041634,410004,1388.0,-0.005023333132224387,0.15515415239796274,0.18099627074237368,0.17213828958954241,17128.0,FG
2013-07-19,1395.0,1406.0,1387.0,1388.0,1491608,441026,1399.0,-0.0014398850579876432,0.15504546297745214,0.180356444466914,0.1644604676637996,31022.0,FG
2013-07-22,1391.0,1391.0,1367.0,1371.0,1707684,535796,1375.0,-0.01232346150443547,0.15252012788214322,0.17892920431961504,0.16254337598854326,94770.0,FG
2013-07-23,1370.0,1380.0,1361.0,1375.0,1038116,508234,1374.0,0.002913330538357307,0.14232355801428714,0.17809980020989277,0.15946174264144897,-27562.0,FG
2013-07-24,1376.0,1385.0,1371.0,1379.0,1042788,494442,1378.0,0.002904867692630207,0.12655181823389225,0.17544842218582973,0.14728339353951084,-13792.0,FG
2013-07-25,1376.0,1385.0,1372.0,1376.0,852304,496460,1379.0,-0.002177859300012816,0.12074525127198996,0.17552925649235365,0.14539422027538204,2018.0,FG
2013-07-26,1377.0,1380.0,1361.0,1363.0,1071020,485526,1372.0,-0.009492586796756318,0.12514067032085607,0.1761825518529088,0.14512675348538842,-10934.0,FG
2013-07-29,1361.0,1364.0,1350.0,1357.0,1070626,513456,1357.0,-0.004411771861663448,0.12395948309421945,0.17587149362026075,0.14316188604403457,27930.0,FG
2013-07-30,1359.0,1365.0,1355.0,1359.0,823992,494132,1360.0,0.0014727543162744601,0.11536962749404008,0.17383110641781993,0.13893305749891935,-19324.0,FG
2013-07-31,1356.0,1368.0,1355.0,1365.0,722238,488548,1363.0,0.004405293467916418,0.11628666679690446,0.16987164371216593,0.13902024144909228,-5584.0,FG
2013-08-01,1368.0,1375.0,1364.0,1369.0,724494,466068,1369.0,0.002926117669388771,0.11732402051745917,0.16981138885674646,0.13822766308665668,-22480.0,FG
2013-08-02,1372.0,1378.0,1370.0,1373.0,667296,473876,1374.0,0.002917580479522059,0.11433228385232216,0.16383862755946957,0.1350670768583815,7808.0,FG
2013-08-05,1375.0,1378.0,1370.0,1373.0,476016,477640,1374.0,0.0,0.11321261488922092,0.1626505603590751,0.13310960350432285,3764.0,FG
2013-08-06,1375.0,1376.0,1362.0,1369.0,645788,514928,1368.0,-0.0029175804795222053,0.11017951833220041,0.1627221723215967,0.1323176132550578,37288.0,FG
2013-08-07,1367.0,1387.0,1363.0,1384.0,1053228,489676,1379.0,0.010897310889166048,0.10925543586479944,0.16103432449673694,0.13144885596529496,-25252.0,FG
2013-08-08,1385.0,1400.0,1385.0,1395.0,854948,504316,1393.0,0.007916558077851228,0.10265175138510645,0.1601640137888696,0.11985213687286497,14640.0,FG
2013-08-09,1398.0,1406.0,1391.0,1398.0,715684,508194,1399.0,0.002148228538289605,0.10116367342509311,0.16006295238644505,0.12015071365962492,3878.0,FG
2013-08-12,1406.0,1427.0,1404.0,1425.0,1202434,590442,1418.0,0.01912916990899539,0.11073787835750555,0.1617814631126853,0.11639288221244103,82248.0,FG
2013-08-13,1425.0,1436.0,1420.0,1424.0,1294258,587702,1427.0,-0.0007020007308297824,0.11097341025829505,0.15586794010870003,0.11655408929861662,-2740.0,FG
2013-08-14,1424.0,1442.0,1422.0,1424.0,1309498,606872,1431.0,0.0,0.10831926710328126,0.1538956367113008,0.11185525374373301,19170.0,FG
2013-08-15,1428.0,1432.0,1420.0,1423.0,780400,611518,1425.0,-0.0007024938820686669,0.1062375508359341,0.1534166690054107,0.11123329144570891,4646.0,FG
2013-08-16,1420.0,1430.0,1409.0,1416.0,1339378,576600,1418.0,-0.004931323836187289,0.10806887721083429,0.15249952754451526,0.11191526507951413,-34918.0,FG
2013-08-19,1420.0,1453.0,1418.0,1444.0,1564420,681390,1441.0,0.019581045199106563,0.11496736913291412,0.1579032145853983,0.11764250506120989,104790.0,FG
2013-08-20,1447.0,1451.0,1417.0,1420.0,1443650,609384,1434.0,-0.016760168857465077,0.1337541260603856,0.15625119463110132,0.12453076183990341,-72006.0,FG
2013-08-21,1425.0,1429.0,1411.0,1418.0,934324,606930,1420.0,-0.0014094435032336043,0.13407400164410738,0.15626956171618692,0.1255666893360719,-2454.0,FG
2013-08-22,1415.0,1426.0,1413.0,1415.0,727186,619278,1419.0,-0.002117897014734806,0.1340531459194455,0.15631386125669136,0.12547575584816925,12348.0,FG
2013-08-23,1415.0,1425.0,1401.0,1417.0,1077494,613176,1415.0,0.0014124296133423584,0.12779508020322133,0.15577949914051184,0.1271941299612944,-6102.0,FG
2013-08-26,1431.0,1442.0,1426.0,1435.0,1884780,785428,1434.0,0.012622888503040938,0.13080614071189528,0.15717278199287157,0.1275137072114109,172252.0,FG
2013-08-27,1434.0,1439.0,1427.0,1435.0,938036,793846,1433.0,0.0,0.1311052345899884,0.15240824658589705,0.1277972883804139,8418.0,FG
2013-08-28,1438.0,1455.0,1399.0,1404.0,2408890,769568,1435.0,-0.021839543607965008,0.15695561342698675,0.1567328803937136,0.1512150089928282,-24278.0,FG
2013-08-29,1405.0,1409.0,1377.0,1381.0,1763110,715398,1394.0,-0.01651743117646429,0.16906865155189138,0.1595845873242818,0.15796985904562189,-54170.0,FG
2013-08-30,1378.0,1386.0,1370.0,1373.0,1035808,695016,1379.0,-0.005809747641321102,0.1701952858160095,0.14804244158498653,0.1594034466648589,-20382.0,FG
2013-09-02,1378.0,1386.0,1371.0,1382.0,1203654,783392,1380.0,0.006533598559644228,0.17175573990619783,0.14762082148565928,0.16059405024926576,88376.0,FG
2013-09-03,1386.0,1392.0,1366.0,1374.0,1374094,828956,1378.0,-0.005805531545320512,0.17277397683362364,0.14621228472509282,0.16407836315410998,45564.0,FG
2013-09-04,1377.0,1382.0,1361.0,1365.0,860570,860608,1373.0,-0.006571765163234502,0.16952764363003572,0.1466796369391609,0.1631107946251772,31652.0,FG
2013-09-05,1363.0,1373.0,1360.0,1362.0,763234,857020,1366.0,-0.0022002209096024235,0.16651529212217853,0.14597220411198628,0.16275754599678452,-3588.0,FG
2013-09-06,1365.0,1376.0,1354.0,1368.0,901248,779814,1367.0,0.004395611473038129,0.16729709981348945,0.1460427560602879,0.1647498982271543,-77206.0,FG
2013-09-09,1381.0,1382.0,1371.0,1376.0,705674,774114,1376.0,0.005830920310793144,0.1520689312443235,0.14654946344577696,0.1619878978272777,-5700.0,FG
2013-09-10,1372.0,1375.0,1365.0,1373.0,506218,765718,1371.0,-0.0021826127253178696,0.15202482098481604,0.14334946960123007,0.1609791475346946,-8396.0,FG
2013-09-11,1376.0,1388.0,1372.0,1379.0,987038,792378,1380.0,0.004360472025330663,0.15348769529225645,0.14353265119433511,0.16012774145684547,26660.0,FG
2013-09-12,1381.0,1382.0,1368.0,1370.0,729340,768134,1375.0,-0.0065478589711312485,0.15442364344782683,0.13954190654766485,0.1605896037270117,-24244.0,FG
2013-09-13,1372.0,1380.0,1366.0,1369.0,680272,738418,1373.0,-0.0007301935337216764,0.15405164429654591,0.13948970100668412,0.15896862794955394,-29716.0,FG
2013-09-16,1370.0,1380.0,1360.0,1361.0,892206,762046,1371.0,-0.005860822636982835,0.13260112348728514,0.13682787030584323,0.15346496730668666,23628.0,FG
2013-09-17,1358.0,1360.0,1335.0,1344.0,1535236,815408,1348.0,-0.012569481568371219,0.1275957154805117,0.135400088431323,0.15022894503318449,53362.0,FG
2013-09-18,1342.0,1347.0,1334.0,1336.0,978022,815112,1340.0,-0.005970166986503796,0.12798334659916963,0.13089174050847246,0.14922570347438371,-296.0,FG
2013-09-23,1333.0,1346.0,1322.0,1343.0,776032,808392,1339.0,0.005225842426646483,0.13122560627077628,0.1293153944097904,0.15280550935969556,-6720.0,FG
2013-09-24,1342.0,1349.0,1335.0,1338.0,686020,828400,1342.0,-0.003729955835063789,0.13040786987874026,0.12946486078198516,0.15013150077389367,20008.0,FG
2013-09-25,1336.0,1344.0,1332.0,1334.0,632544,823236,1338.0,-0.0029940142126047777,0.11699733768126928,0.12903844637254186,0.14946851591916316,-5164.0,FG
2013-09-26,1336.0,1339.0,1319.0,1330.0,1007496,785748,1330.0,-0.0030030052597695457,0.11624424086751817,0.12663833973903998,0.1518082402762894,-37488.0,FG
2013-09-27,1329.0,1333.0,1310.0,1311.0,679772,730306,1322.0,-0.014388737452099556,0.10329295269685436,0.12934115649761677,0.13216130514019547,-55442.0,FG
2013-09-30,1307.0,1318.0,1301.0,1302.0,640224,680604,1309.0,-0.006888660995185268,0.09225681548302399,0.1298603460399619,0.1258852307063389,-49702.0,FG
2013-10-07,1370.0,1370.0,1222.0,1222.0,22,518,1292.0,-0.06341268303697391,0.23308720014942205,0.18094914687847347,0.27232711134777493,-680086.0,FG
2013-10-08,1300.0,1312.0,1296.0,1310.0,491974,692660,1305.0,0.06953827646365654,0.3527620386218236,0.23261891271273014,0.272593090325288,692142.0,FG
2013-10-09,1310.0,1326.0,1310.0,1322.0,657134,747124,1320.0,0.009118604216434338,0.35495884632618613,0.23304578023619033,0.2708664903636929,54464.0,FG
2013-10-10,1319.0,1326.0,1316.0,1318.0,444976,716402,1320.0,-0.0030303053491790963,0.3545699794508725,0.23170238042989227,0.26938816123178055,-30722.0,FG
2013-10-11,1320.0,1328.0,1317.0,1320.0,466860,713022,1322.0,0.001516300517964008,0.354751581544072,0.22999963483458363,0.269209678956378,-3380.0,FG
2013-10-14,1319.0,1321.0,1310.0,1317.0,436100,737330,1314.0,-0.0022753138371355394,0.3540598305497402,0.22981529776727855,0.2676152200840029,24308.0,FG
2013-10-15,1317.0,1334.0,1317.0,1324.0,821574,685626,1326.0,0.005301034753672509,0.3539125248361251,0.22882601780576559,0.26846154512263826,-51704.0,FG
2013-10-16,1324.0,1329.0,1312.0,1316.0,498928,687940,1321.0,-0.006060624611690958,0.35421495419530313,0.22900141464922205,0.26940421112341595,2314.0,FG
2013-10-17,1318.0,1324.0,1305.0,1308.0,504104,687624,1315.0,-0.006097579868118445,0.3536267080154607,0.22851269084743075,0.27002687583236573,-316.0,FG
2013-10-18,1308.0,1314.0,1303.0,1304.0,322860,682174,1308.0,-0.003062789530545767,0.35333488814055036,0.22840497465228046,0.269751248566995,-5450.0,FG
2013-10-21,1304.0,1324.0,1304.0,1323.0,400336,607772,1315.0,0.014465421628357393,0.35836724834137357,0.23059121008640224,0.2708163307534408,-74402.0,FG
2013-10-22,1321.0,1326.0,1315.0,1316.0,357970,570566,1320.0,-0.005305052229693229,0.35828790389615395,0.22954763660616856,0.26961728290706094,-37206.0,FG
2013-10-23,1318.0,1322.0,1305.0,1309.0,314434,549200,1312.0,-0.005333345975362617,0.35630230894068776,0.22961748221960565,0.268135733248759,-21366.0,FG
2013-10-24,1307.0,1310.0,1299.0,1305.0,240756,540576,1305.0,-0.0030604461531060934,0.35595090231474175,0.22953030723727866,0.2679427668042218,-8624.0,FG
2013-10-25,1305.0,1310.0,1278.0,1286.0,486532,556432,1293.0,-0.014666414959229055,0.35818599056800715,0.23122979098424126,0.2703541776862701,15856.0,FG
2013-10-28,1286.0,1300.0,1285.0,1296.0,271542,504370,1293.0,0.007745972114655329,0.35982196704978053,0.2312646759578496,0.27056967994331677,-52062.0,FG
2013-10-29,1302.0,1319.0,1297.0,1307.0,396472,479352,1305.0,0.008451836712002036,0.3615078830416902,0.23191260650260778,0.2722513384256723,-25018.0,FG
2013-10-30,1309.0,1315.0,1301.0,1312.0,403914,495924,1308.0,0.003818255879812337,0.3618204429245295,0.23205191379696702,0.27132312034279576,16572.0,FG
2013-10-31,1312.0,1329.0,1308.0,1327.0,675412,543988,1320.0,0.011368064828173196,0.3604381445250599,0.2331193819728171,0.27091367684652645,48064.0,FG
2013-11-01,1327.0,1335.0,1322.0,1329.0,695254,544974,1328.0,0.0015060243810378574,0.35936159704313575,0.23304971797518248,0.27030740043020934,986.0,FG
2013-11-04,1328.0,1330.0,1320.0,1326.0,378030,535150,1325.0,-0.0022598879674374786,0.2686745124417688,0.23296816088584088,0.1200004432591752,-9824.0,FG
2013-11-05,1328.0,1332.0,1321.0,1329.0,454304,556926,1328.0,0.002259887967437504,0.11348940761481754,0.23303768244045495,0.11845407448014211,21776.0,FG
2013-11-06,1327.0,1334.0,1317.0,1319.0,610816,572156,1324.0,-0.00755290599593073,0.11255847199267,0.23342958762808555,0.11877943402739155,15230.0,FG
2013-11-07,1317.0,1326.0,1315.0,1320.0,344586,562666,1321.0,0.0007578628631020225,0.11206259102234048,0.23222419589040547,0.11900859921400818,-9490.0,FG
2013-11-08,1319.0,1324.0,1311.0,1312.0,285372,558754,1319.0,-0.006079046076382226,0.11397903197898002,0.23175780556678088,0.11954117629107924,-3912.0,FG
2013-11-11,1313.0,1315.0,1303.0,1305.0,364280,583080,1309.0,-0.005349649747240599,0.11519051261170894,0.23182851263780865,0.11980713363241056,24326.0,FG
2013-11-12,1307.0,1311.0,1300.0,1308.0,347500,582436,1305.0,0.002296212260350157,0.11369411081833686,0.22810653509228782,0.11803483624284544,-644.0,FG
2013-11-13,1306.0,1309.0,1303.0,1305.0,241714,578192,1306.0,-0.002296212260350268,0.11208622110005588,0.22810825107716975,0.11523950813305024,-4244.0,FG
2013-11-14,1306.0,1311.0,1301.0,1306.0,289556,577900,1306.0,0.0007659900795826371,0.11012100771602726,0.22813430345973323,0.11226097474906142,-292.0,FG
2013-11-15,1306.0,1317.0,1303.0,1304.0,424280,566222,1311.0,-0.0015325673497781163,0.10970711749682978,0.22812919918718844,0.11313195042088998,-11678.0,FG
2013-11-18,1303.0,1307.0,1292.0,1296.0,447350,602202,1297.0,-0.0061538655743782235,0.09747289854264264,0.22822175676772732,0.11115323687021449,35980.0,FG
2013-11-19,1295.0,1311.0,1294.0,1311.0,406734,563894,1303.0,0.011507606851479944,0.10556166057073203,0.22564587630995994,0.11318225372383717,-38308.0,FG
2013-11-21,1307.0,1308.0,1301.0,1303.0,249758,570478,1304.0,-0.006120906638854705,0.10610187439487541,0.2236554376196417,0.1103848671754363,6584.0,FG
2013-11-22,1306.0,1311.0,1302.0,1308.0,262152,547700,1306.0,0.003829954892298801,0.10647906341163471,0.22391334647043515,0.10990080529776836,-22778.0,FG
2013-11-25,1310.0,1322.0,1308.0,1319.0,460740,540926,1316.0,0.008374620700170556,0.09492846883635668,0.2247826793382931,0.09915545071549649,-6774.0,FG
2013-11-26,1317.0,1326.0,1317.0,1321.0,426376,550820,1322.0,0.001515151805010664,0.09183861042069327,0.22478777942514286,0.09712714210868906,9894.0,FG
2013-11-27,1321.0,1325.0,1316.0,1319.0,253102,549416,1319.0,-0.0015151518050107637,0.08780567361961482,0.22295719488673255,0.09147473260806925,-1404.0,FG
2013-11-28,1319.0,1327.0,1312.0,1313.0,446296,549576,1320.0,-0.004559278414518465,0.0885781653327518,0.2230296904487652,0.09183550210530915,160.0,FG
2013-11-29,1315.0,1318.0,1312.0,1317.0,207072,532464,1315.0,0.0030418274404849423,0.07893125166651961,0.21915504968293364,0.08592959134217787,-17112.0,FG
2013-12-02,1318.0,1324.0,1314.0,1323.0,248924,537442,1319.0,0.004545462371674638,0.08059982130452678,0.2170700775203832,0.08491951781314032,4978.0,FG
2013-12-03,1322.0,1326.0,1319.0,1324.0,228150,536610,1323.0,0.0007555723819978115,0.08030327226211165,0.21683071414479008,0.08414767678391714,-832.0,FG
2013-12-04,1326.0,1329.0,1320.0,1320.0,278268,526860,1324.0,-0.003025720916536956,0.08045495333319547,0.2163745591141094,0.08354022680545535,-9750.0,FG
2013-12-05,1323.0,1326.0,1316.0,1318.0,231666,504004,1321.0,-0.0015163005179639638,0.07604366912442588,0.2161281696385002,0.0805960261664457,-22856.0,FG
2013-12-06,1318.0,1320.0,1309.0,1319.0,297266,459820,1314.0,0.00075843765486218,0.07604374829763318,0.21580108743115928,0.08061378287378818,-44184.0,FG
2013-12-09,1320.0,1325.0,1316.0,1319.0,149006,461666,1321.0,0.0,0.07265090400960796,0.2157774503647782,0.07917738707700903,1846.0,FG
2013-12-10,1320.0,1324.0,1316.0,1318.0,155384,460134,1320.0,-0.0007584376548620417,0.0697362643164882,0.21553478960186362,0.07781881284214602,-1532.0,FG
2013-12-11,1319.0,1322.0,1316.0,1321.0,130304,449070,1319.0,0.0022735894598728983,0.06972862395842418,0.21520567069239316,0.0763477335373227,-11064.0,FG
2013-12-12,1322.0,1363.0,1322.0,1353.0,1299682,583930,1351.0,0.023935323648462747,0.10740958359669847,0.2209595928459824,0.09969679258959845,134860.0,FG
2013-12-13,1348.0,1350.0,1324.0,1335.0,768400,450746,1336.0,-0.013393057336438136,0.12012635135142838,0.22235912376372313,0.10667786918602083,-133184.0,FG
2013-12-16,1337.0,1340.0,1322.0,1327.0,401192,460364,1330.0,-0.006010536502142387,0.12243772158393383,0.22230030973084625,0.10811941746046219,9618.0,FG
2013-12-17,1330.0,1337.0,1325.0,1330.0,471464,464776,1332.0,0.0022581868835918847,0.11966504830990402,0.22237267324902624,0.10703068745235972,4412.0,FG
2013-12-18,1330.0,1332.0,1323.0,1329.0,354316,429966,1328.0,-0.0007521625025541696,0.1135939771146882,0.22209337362381645,0.10437797635061197,-34810.0,FG
2013-12-19,1332.0,1337.0,1327.0,1328.0,251974,429002,1332.0,-0.0007527286768661571,0.11091799032614864,0.22065416453205325,0.10497167778720469,-964.0,FG
2013-12-20,1328.0,1328.0,1278.0,1319.0,594116,317166,1314.0,-0.006800177319064535,0.11362096609068212,0.22075262371649293,0.13208077092011558,-111836.0,FG
2013-12-23,1319.0,1320.0,1308.0,1313.0,276240,300908,1314.0,-0.004559278414518465,0.11087327578252143,0.22063459034998872,0.13156870174992227,-16258.0,FG
2013-12-24,1310.0,1316.0,1309.0,1313.0,118902,293650,1313.0,0.0,0.1106891011343678,0.22052571312020233,0.13126100570125981,-7258.0,FG
2013-12-25,1315.0,1326.0,1314.0,1323.0,187496,273602,1319.0,0.007587289812159606,0.11400690390739873,0.22103804267254734,0.1318811015331558,-20048.0,FG
2013-12-26,1322.0,1325.0,1313.0,1315.0,180420,263438,1318.0,-0.0060652195030907905,0.11494610351671734,0.2212944586415517,0.13108453643167817,-10164.0,FG
2013-12-27,1310.0,1320.0,1308.0,1316.0,189222,245940,1315.0,0.000760167273397525,0.1144535205828166,0.21932733001221538,0.13215638089531825,-17498.0,FG
2013-12-30,1316.0,1325.0,1312.0,1315.0,185588,249264,1318.0,-0.0007601672733976061,0.11318803445784566,0.21886046687831998,0.13283242322816025,3324.0,FG
2013-12-31,1312.0,1320.0,1288.0,1290.0,485552,270942,1302.0,-0.01919444725614718,0.1312657005057191,0.17950502147817196,0.14224420528469095,21678.0,FG
2014-01-02,1291.0,1293.0,1278.0,1281.0,474004,291530,1285.0,-0.007001195458983588,0.13269777853957127,0.1100534042896749,0.14366319354422744,20588.0,FG
2014-01-03,1275.0,1286.0,1271.0,1285.0,256508,266876,1279.0,0.0031176954325859312,0.1336977186964444,0.10853153925305443,0.14491845958683905,-24654.0,FG
2014-01-06,1282.0,1288.0,1253.0,1255.0,369924,312358,1268.0,-0.02362314576343594,0.1549378947545872,0.11828906150786726,0.15526602182904467,45482.0,FG
2014-01-07,1254.0,1255.0,1225.0,1238.0,493404,284906,1237.0,-0.013638398321342882,0.15949375629566048,0.12103578017760457,0.1629026426765209,-27452.0,FG
2014-01-08,1235.0,1241.0,1224.0,1232.0,295864,281396,1233.0,-0.004858309151076295,0.15933709264531773,0.12125950462205261,0.16501340708177822,-3510.0,FG
2014-01-09,1230.0,1265.0,1226.0,1247.0,390080,248794,1242.0,0.012101801586571361,0.16750033783458565,0.12355639047983238,0.177643757104254,-32602.0,FG
2014-01-10,1244.0,1251.0,1237.0,1251.0,250594,232790,1244.0,0.003202564786874634,0.13710479029068992,0.12339503000708936,0.16710083804574918,-16004.0,FG
2014-01-13,1254.0,1260.0,1244.0,1246.0,181066,235902,1250.0,-0.0040048111195127,0.1325097156160069,0.12309107261591332,0.16417663367439353,3112.0,FG
2014-01-14,1246.0,1258.0,1239.0,1257.0,192948,226740,1248.0,0.00878950924284907,0.1389224178165941,0.12454071604758171,0.16484407528629244,-9162.0,FG
2014-01-15,1256.0,1263.0,1252.0,1259.0,134548,227678,1257.0,0.001589825454099777,0.1386277229454834,0.12064820210239934,0.1647788971000174,938.0,FG
2014-01-17,1245.0,1255.0,1236.0,1252.0,274500,219316,1245.0,-0.005575482384303284,0.1387650794280466,0.12069199424215747,0.16731427324718834,-8362.0,FG
2014-01-20,1254.0,1261.0,1245.0,1249.0,253266,222192,1252.0,-0.002399041534466108,0.13853861982004287,0.12037637241469194,0.1687456782962157,2876.0,FG
2014-01-21,1247.0,1247.0,1216.0,1217.0,384082,265950,1232.0,-0.02595441713805053,0.1601904592882788,0.13082972942294407,0.15713682875257604,43758.0,FG
2014-01-22,1216.0,1239.0,1210.0,1235.0,474548,234822,1227.0,0.01468215607455029,0.1732569803584165,0.1317078055666834,0.16384425473048964,-31128.0,FG
2014-01-23,1230.0,1265.0,1228.0,1249.0,743264,246212,0.0,0.011272261063500122,0.1803181641202878,0.13285477384916328,0.17518446248483013,11390.0,FG
2014-01-24,1261.0,1275.0,1253.0,1274.0,491602,224954,1263.0,0.01981832600653101,0.19398697686793606,0.13806574175636047,0.17799670564703504,-21258.0,FG
2014-01-27,1270.0,1283.0,1264.0,1281.0,583690,226076,1274.0,0.0054794657646255705,0.19500660168198167,0.13832353857417765,0.17975882553805597,1122.0,FG
2014-01-28,1279.0,1284.0,1267.0,1276.0,484416,213244,1275.0,-0.00391083799199906,0.19505348671540385,0.13631773056921853,0.1809367720877426,-12832.0,FG
2014-01-29,1270.0,1299.0,1267.0,1292.0,524916,200362,1284.0,0.012461220437812033,0.2012545998677599,0.13886343378096086,0.18736254066684313,-12882.0,FG
2014-01-30,1290.0,1305.0,1284.0,1302.0,310438,176810,1294.0,0.007710138425967482,0.19127549351190737,0.1398071704167779,0.18323749754813673,-23552.0,FG
2014-02-07,1307.0,1310.0,1272.0,1281.0,377676,183388,1285.0,-0.01626052087178029,0.19868761689974265,0.14343207253167908,0.19201235117751203,6578.0,FG
2014-02-10,1280.0,1295.0,1272.0,1292.0,317786,204988,1284.0,0.008550382445812924,0.2007272227052382,0.1438964091074357,0.19415444392168868,21600.0,FG
2014-02-11,1290.0,1297.0,1284.0,1294.0,284140,223020,1291.0,0.001546790718298733,0.1799538312498137,0.14393103041543878,0.18636407543708586,18032.0,FG
2014-02-12,1296.0,1317.0,1293.0,1311.0,664878,262924,1305.0,0.013052008702853966,0.1750258427661467,0.14597706635375185,0.1833503165433165,39904.0,FG
2014-02-13,1311.0,1317.0,1303.0,1306.0,441710,255726,1309.0,-0.003821173927323459,0.17446119408033287,0.1457734812493012,0.18241302912728358,-7198.0,FG
2014-02-14,1306.0,1311.0,1298.0,1306.0,294706,261814,1305.0,0.0,0.17129551080798394,0.14569640496600486,0.17117560272870513,6088.0,FG
2014-02-17,1308.0,1324.0,1301.0,1315.0,431148,265696,1314.0,0.006867634775488534,0.17203491399126647,0.14629080700165448,0.1735356005055967,3882.0,FG
2014-02-18,1313.0,1317.0,1294.0,1298.0,500656,288596,1302.0,-0.013012047347829599,0.1793062444844447,0.14871917369523005,0.17543575917540183,22900.0,FG
2014-02-19,1302.0,1306.0,1288.0,1296.0,543306,278620,1296.0,-0.0015420203518153371,0.1779075178461925,0.14871956013700702,0.1749339948746626,-9976.0,FG
2014-02-20,1292.0,1302.0,1285.0,1290.0,447706,266982,1292.0,-0.004640379556502225,0.1792375460831302,0.1484905282765488,0.17616945047368918,-11638.0,FG
2014-02-21,1293.0,1303.0,1286.0,1295.0,510712,272762,1296.0,0.003868476777920332,0.1776317601803975,0.14677396731624776,0.17539675811208194,5780.0,FG
2014-02-24,1293.0,1294.0,1256.0,1266.0,729874,238400,1270.0,-0.022648371429516603,0.19712077388652802,0.1533277569168539,0.18448355379224912,-34362.0,FG
2014-02-25,1267.0,1276.0,1259.0,1260.0,435298,234284,1267.0,-0.004750602758597865,0.17209591493516146,0.15330610632958108,0.1788522278882332,-4116.0,FG
2014-02-26,1258.0,1268.0,1253.0,1262.0,316834,235378,1261.0,0.0015860431556347797,0.1652247364036756,0.15224039862017966,0.1734866189696391,1094.0,FG
2014-02-27,1263.0,1263.0,1243.0,1247.0,395874,241910,1251.0,-0.01195709742112201,0.16677695620235572,0.15387120248067257,0.1651465877542064,6532.0,FG
2014-02-28,1248.0,1255.0,1243.0,1247.0,256984,218894,1249.0,0.0,0.14948709126984702,0.1538791550444156,0.16224589454469834,-23016.0,FG
2014-03-03,1245.0,1249.0,1235.0,1240.0,266000,224118,1241.0,-0.005629287080953916,0.14823629098719826,0.15400137765037034,0.1609130588655563,5224.0,FG
2014-03-04,1241.0,1242.0,1226.0,1239.0,282004,220736,1235.0,-0.0008067769699401454,0.14801296710214995,0.15377852543878764,0.16077960059260882,-3382.0,FG
2014-03-05,1243.0,1260.0,1242.0,1252.0,357234,205512,1252.0,0.010437670030901496,0.1456609034742966,0.1551459827245327,0.15485022433392817,-15224.0,FG
2014-03-06,1249.0,1259.0,1247.0,1256.0,213156,207810,1253.0,0.003189795368100081,0.14271753049878652,0.1553367851028538,0.15233377489923247,2298.0,FG
2014-03-10,1225.0,1233.0,1187.0,1191.0,429560,228340,1204.0,-0.0531387776728439,0.22672340013595532,0.18842805370994323,0.16067466395533778,20530.0,FG
2014-03-11,1194.0,1233.0,1190.0,1224.0,510868,189292,1212.0,0.027330893716971266,0.2486730867679579,0.1975368121085508,0.17334730784344388,-39048.0,FG
2014-03-12,1218.0,1235.0,1203.0,1229.0,372454,170192,1222.0,0.004076646493763415,0.24940180575047938,0.1977945261810484,0.180828540764445,-19100.0,FG
2014-03-14,1224.0,1228.0,1212.0,1227.0,190448,162012,1219.0,-0.0016286648551233403,0.24260529454184757,0.19778136775701355,0.17874418967343,-8180.0,FG
2014-03-17,1295.0,1297.0,1251.0,1253.0,416526,241866,1268.0,0.02096851018515685,0.25730536982166824,0.2028955802229702,0.1931669049173504,79854.0,FG
2014-03-18,1253.0,1286.0,1251.0,1275.0,431272,266308,1272.0,0.017405502696458155,0.26634890394392524,0.20620457711506013,0.20074461499575422,24442.0,FG
2014-03-19,1276.0,1282.0,1268.0,1273.0,250168,274422,1275.0,-0.0015698590351200178,0.2646507965876495,0.19982394379995486,0.19863900091596465,8114.0,FG
2014-03-20,1285.0,1285.0,1263.0,1268.0,301786,276604,1275.0,-0.003935463560235304,0.2614373613688665,0.19826818837621546,0.1985006413864562,2182.0,FG
2014-03-21,1266.0,1276.0,1262.0,1265.0,335954,256374,1269.0,-0.0023687338355506088,0.2614692110078611,0.19800636324416346,0.1976938962140963,-20230.0,FG
2014-03-24,1264.0,1264.0,1236.0,1249.0,347036,282358,1245.0,-0.012728891036042972,0.26441257991620004,0.19938482406283473,0.20141115778654692,25984.0,FG
2014-03-25,1247.0,1281.0,1245.0,1260.0,524724,268060,1263.0,0.008768489819946046,0.2663103720627021,0.20038911181137622,0.20845209903071923,-14298.0,FG
2014-03-26,1263.0,1265.0,1231.0,1234.0,713212,377362,1245.0,-0.020850795480190597,0.2644901460175107,0.2044888946924527,0.2068661305404485,109302.0,FG
2014-03-27,1231.0,1249.0,1231.0,1240.0,585748,316578,1241.0,0.00485045413374948,0.26501024185844424,0.20452549068513967,0.20720183447280005,-60784.0,FG
2014-03-28,1240.0,1261.0,1237.0,1260.0,497960,248510,1250.0,0.01600034134644112,0.2715375981976688,0.20730867907271508,0.20966376117018962,-68068.0,FG
2014-03-31,1263.0,1270.0,1258.0,1262.0,358888,236726,1264.0,0.0015860431556347797,0.2679405676372305,0.20735621516245048,0.20788592358794408,-11784.0,FG
2014-04-01,1261.0,1270.0,1256.0,1263.0,244578,241200,1263.0,0.0007920792493326198,0.26793194724405367,0.2066737679758711,0.20821708550130275,4474.0,FG
2014-04-02,1266.0,1270.0,1245.0,1248.0,361990,288146,1255.0,-0.011947573421118175,0.27079238139119743,0.20765840862633178,0.21110077246044112,46946.0,FG
2014-04-03,1246.0,1257.0,1244.0,1255.0,336034,282090,1251.0,0.005593302636511377,0.2713862397035699,0.20805330748336345,0.21045860830283003,-6056.0,FG
2014-04-04,1257.0,1261.0,1244.0,1256.0,487266,314302,1252.0,0.0007964954622596354,0.2689367398403457,0.2080785487284281,0.2102141739106626,32212.0,FG
2014-04-08,1256.0,1284.0,1255.0,1282.0,571924,287376,1273.0,0.020489290452471415,0.2782937708526658,0.20895093925360614,0.21477738821250278,-26926.0,FG
2014-04-09,1283.0,1287.0,1268.0,1272.0,323470,289042,1278.0,-0.007830893580547945,0.1962853884960216,0.20907381977053027,0.20151732130284558,1666.0,FG
2014-04-10,1274.0,1282.0,1270.0,1275.0,411822,291676,1277.0,0.0023557136924589835,0.17471170865472985,0.2090296392914339,0.18795536935458146,2634.0,FG
2014-04-11,1274.0,1275.0,1246.0,1248.0,506436,313994,1261.0,-0.021403908663153493,0.1930673389441232,0.20801941524605289,0.18602849570777277,22318.0,FG
2014-04-14,1249.0,1262.0,1247.0,1255.0,366280,316420,1256.0,0.005593302636511377,0.1935759373198765,0.20641112755496976,0.1856763955304779,2426.0,FG
2014-04-15,1255.0,1265.0,1251.0,1258.0,341676,307536,1257.0,0.002387585694501527,0.17912541221622358,0.20618445452895073,0.17074895695500478,-8884.0,FG
2014-04-16,1256.0,1274.0,1255.0,1264.0,621534,298566,1266.0,0.004758137446416798,0.16840024211151786,0.2049518194765668,0.16352500406748494,-8970.0,FG
2014-04-17,1266.0,1268.0,1257.0,1262.0,229262,290778,1263.0,-0.0015835316056442737,0.1684014632926208,0.2048900924687034,0.1629082480797342,-7788.0,FG
2014-04-18,1263.0,1264.0,1241.0,1247.0,420802,293988,1248.0,-0.01195709742112201,0.17292352170047914,0.20621147305374016,0.1634472150965361,3210.0,FG
2014-04-21,1245.0,1254.0,1229.0,1233.0,502412,337088,1239.0,-0.011290442515692181,0.17679817874907522,0.2066634045497009,0.1673156396855704,43100.0,FG
2014-04-22,1232.0,1233.0,1189.0,1224.0,543394,333824,1218.0,-0.007326040092072898,0.1731901557145388,0.20711489901782806,0.17800338833614215,-3264.0,FG
2014-04-23,1226.0,1228.0,1217.0,1227.0,347964,313278,1223.0,0.0024479816386400372,0.1699046317920443,0.20692428017553674,0.16848397530004255,-20546.0,FG
2014-04-24,1226.0,1235.0,1224.0,1230.0,227996,300776,1229.0,0.002442003655551809,0.15388967403095694,0.20695573324009484,0.15937723252223895,-12502.0,FG
2014-04-25,1234.0,1235.0,1225.0,1226.0,209000,312404,1229.0,-0.0032573318703065105,0.15308230114981605,0.20008503916958134,0.15731835609800168,11628.0,FG
2014-04-28,1223.0,1229.0,1212.0,1228.0,317612,333478,1221.0,0.00162999221093097,0.14053479816244502,0.19782168478507703,0.15478701234611042,21074.0,FG
2014-04-29,1230.0,1246.0,1228.0,1242.0,292916,293722,1239.0,0.011336153786336307,0.147225387186603,0.19783728363839273,0.15654814875076528,-39756.0,FG
2014-04-30,1242.0,1245.0,1222.0,1226.0,221456,302236,1233.0,-0.01296614599726731,0.1531843816525327,0.19515576933659007,0.15975270820004803,8514.0,FG
2014-05-01,1253.0,1253.0,1253.0,1253.0,84,1146,1250.0,0.021783838399911548,0.16852958851473349,0.20009738546014466,0.1540742963429434,-301090.0,FG
2014-05-05,1224.0,1238.0,1220.0,1237.0,157774,289412,1232.0,-0.012851582503580405,0.17331183298985037,0.2015947564027719,0.1556237806966048,288266.0,FG
2014-05-06,1237.0,1240.0,1222.0,1224.0,235888,321936,1229.0,-0.010564909320216469,0.1766250469795934,0.2007910055586753,0.15605180374209476,32524.0,FG
2014-05-07,1224.0,1224.0,1209.0,1209.0,375490,363002,1215.0,-0.012330612457478674,0.16077940932445936,0.20131563292205348,0.1506147440975974,41066.0,FG
2014-05-08,1211.0,1218.0,1209.0,1214.0,247902,369358,1214.0,0.004127121004650827,0.16154146950416684,0.1991578468693908,0.14810634938406828,6356.0,FG
2014-05-09,1216.0,1221.0,1213.0,1217.0,169720,357090,1216.0,0.0024681213680836697,0.16158488613459435,0.19832073374076103,0.14741629984551388,-12268.0,FG
2014-05-12,1218.0,1224.0,1214.0,1219.0,227770,358514,1219.0,0.0016420364937443893,0.14553189096936034,0.19832600500612446,0.14017277014033855,1424.0,FG
2014-05-13,1222.0,1223.0,1208.0,1210.0,230476,370702,1215.0,-0.00741049089048479,0.144834116642731,0.19657547716454332,0.1403226050630988,12188.0,FG
2014-05-14,1212.0,1220.0,1206.0,1212.0,198300,351022,1214.0,0.0016515280384729392,0.14457552125383322,0.19659974563729482,0.1404728886251539,-19680.0,FG
2014-05-15,1213.0,1213.0,1198.0,1199.0,237470,371518,1205.0,-0.010784011601745564,0.1456491285255751,0.19754049201088736,0.13932970129340475,20496.0,FG
2014-05-16,1197.0,1204.0,1179.0,1184.0,329600,376300,1192.0,-0.012589339583563208,0.1497393745045381,0.19807150092724143,0.1451049718019071,4782.0,FG
2014-05-19,1183.0,1193.0,1178.0,1184.0,175864,362724,1186.0,0.0,0.14645941917862382,0.19671246612426527,0.14232667020660147,-13576.0,FG
2014-05-20,1182.0,1183.0,1143.0,1158.0,493806,402268,1158.0,-0.022204157311010407,0.15949111096369917,0.2011874269696665,0.1541519648749475,39544.0,FG
2014-05-21,1159.0,1160.0,1148.0,1151.0,289092,377978,1154.0,-0.006063249411057856,0.1591168326060569,0.20129119269072002,0.13526758658966637,-24290.0,FG
2014-05-22,1149.0,1163.0,1148.0,1153.0,290952,353100,1154.0,0.0017361115471762956,0.1588113442371691,0.2010792011912037,0.13671892324615062,-24878.0,FG
2014-05-23,1152.0,1160.0,1144.0,1149.0,299062,367384,1153.0,-0.0034752424203033146,0.15746153773910607,0.1964664654557488,0.13856729613549745,14284.0,FG
2014-05-26,1148.0,1168.0,1144.0,1154.0,393886,381510,1156.0,0.004342169219289248,0.1598305179091048,0.1967283272992912,0.1443824618442269,14126.0,FG
2014-05-27,1154.0,1160.0,1140.0,1148.0,442640,371560,1150.0,-0.005212870188533099,0.15903663312667696,0.1967711022567007,0.14606596591972204,-9950.0,FG
2014-05-28,1144.0,1156.0,1143.0,1149.0,321308,361554,1150.0,0.000870700969243891,0.15037294970774967,0.19564299637490615,0.1447661928196191,-10006.0,FG
2014-05-29,1150.0,1156.0,1131.0,1131.0,321644,368190,1145.0,-0.015789801732635195,0.15292478710392224,0.1978192802146506,0.14678139231867512,6636.0,FG
2014-05-30,1128.0,1133.0,1107.0,1114.0,460916,357312,1118.0,-0.015145055628891175,0.12387050464125095,0.1995807773994131,0.15483732686975152,-10878.0,FG
2014-06-03,1113.0,1118.0,1092.0,1093.0,481226,390824,1103.0,-0.019030932310690717,0.1302114454719963,0.20264525910752806,0.1596988358015831,33512.0,FG
2014-06-04,1088.0,1101.0,1088.0,1092.0,370646,394598,1093.0,-0.0009153318716882037,0.13041292317292674,0.2009897245566624,0.1586687877234358,3774.0,FG
2014-06-05,1093.0,1101.0,1086.0,1097.0,523150,377336,1095.0,0.004568303970379878,0.13278188350007952,0.20116827169973758,0.1591812533286918,-17262.0,FG
2014-06-06,1099.0,1103.0,1091.0,1096.0,362550,371158,1096.0,-0.0009119927672693508,0.1294471902504674,0.17121058553929888,0.16009425455044957,-6178.0,FG
2014-06-09,1084.0,1089.0,1066.0,1066.0,704740,471340,1077.0,-0.02775386278217099,0.14881046699943537,0.16896967832726242,0.165800251686818,100182.0,FG
2014-06-10,1068.0,1076.0,1064.0,1066.0,460820,443372,1070.0,0.0,0.1477196014711513,0.1685217415436652,0.16659345251051627,-27968.0,FG
2014-06-11,1066.0,1073.0,1058.0,1060.0,312776,432940,1068.0,-0.00564441761967707,0.1477407220311501,0.16864605409422734,0.16721337435940062,-10432.0,FG
2014-06-12,1058.0,1070.0,1056.0,1063.0,442696,422446,1064.0,0.0028261912358350447,0.14866130926024074,0.161907841606695,0.16775509363446073,-10494.0,FG
2014-06-13,1063.0,1079.0,1063.0,1067.0,538102,417736,1071.0,0.003755872959805486,0.15207273404306737,0.15703514057122792,0.1686711774874261,-4710.0,FG
2014-06-16,1068.0,1071.0,1042.0,1046.0,639778,432222,1054.0,-0.019877606676885207,0.15838612848160297,0.16074710163320183,0.1728072303648775,14486.0,FG
2014-06-17,1045.0,1057.0,1039.0,1053.0,506146,389334,1047.0,0.006669867509107232,0.16349262883150564,0.16201470117066022,0.1745582775793547,-42888.0,FG
2014-06-18,1056.0,1065.0,1043.0,1053.0,903900,385664,1054.0,0.0,0.15278758491378272,0.16213190273667355,0.16462299535472713,-3670.0,FG
2014-06-19,1053.0,1063.0,1052.0,1054.0,384934,383662,1058.0,0.0009492169673321553,0.15400278046179525,0.16107509684750745,0.16462392896618586,-2002.0,FG
2014-06-20,1058.0,1076.0,1053.0,1073.0,671188,408702,1065.0,0.01786601352939087,0.1719722392744014,0.1648762987657955,0.16865980640523343,25040.0,FG
2014-06-23,1077.0,1096.0,1076.0,1080.0,529472,384644,1084.0,0.006502577487566847,0.17564302632954354,0.16152094588276236,0.17060354603439645,-24058.0,FG
2014-06-24,1080.0,1080.0,1066.0,1073.0,354272,395762,1072.0,-0.006502577487566957,0.1737747340959627,0.16107650206482996,0.16712179678547404,11118.0,FG
2014-06-25,1073.0,1082.0,1068.0,1071.0,281356,394838,1074.0,-0.0018656721829497342,0.17377874709599847,0.15648651766565722,0.16531997373022309,-924.0,FG
2014-06-26,1074.0,1095.0,1067.0,1087.0,646592,374462,1082.0,0.014828816673460622,0.18501178377345026,0.16031444995357813,0.1725663442016933,-20376.0,FG
2014-06-27,1088.0,1089.0,1067.0,1068.0,398120,364790,1078.0,-0.017633867601069306,0.18682484351403772,0.16310484241877074,0.17176118072374413,-9672.0,FG
2014-06-30,1065.0,1075.0,1056.0,1069.0,395358,322640,1065.0,0.0009358915049050237,0.18149264513988778,0.16215886239548813,0.16883645389722088,-42150.0,FG
2014-07-01,1074.0,1084.0,1067.0,1072.0,538726,324610,1075.0,0.0028024306057021155,0.1707289773505512,0.16166209454066557,0.1647300085631166,1970.0,FG
2014-07-02,1074.0,1082.0,1065.0,1077.0,436376,332382,1075.0,0.00465333552564135,0.1718837449201763,0.16219896547632692,0.16622454444686052,7772.0,FG
2014-07-03,1079.0,1092.0,1076.0,1080.0,485422,333132,1085.0,0.0027816429618767705,0.17127935654742357,0.15542116469654224,0.16662677677749468,750.0,FG
2014-07-04,1080.0,1082.0,1070.0,1072.0,268746,307876,1076.0,-0.00743497848751809,0.1728900998303951,0.15536957662086562,0.1666905719801596,-25256.0,FG
2014-07-07,1072.0,1076.0,1066.0,1072.0,310198,263814,1071.0,0.0,0.141624708654757,0.15510925561867078,0.1616305372117539,-44062.0,FG
2014-07-08,1072.0,1079.0,1063.0,1075.0,331012,257892,1072.0,0.002794598931015925,0.1418962359431741,0.15067225870496986,0.16298346993612198,-5922.0,FG
2014-07-09,1035.0,1040.0,998.0,998.0,311944,261962,1015.0,-0.07432266425029915,0.30009053844932854,0.20938091716162063,0.18256858264860476,4070.0,FG
2014-07-10,996.0,1005.0,993.0,997.0,320018,296402,999.0,-0.00100250634962559,0.2994147357550794,0.20906923087375795,0.182208068745042,34440.0,FG
2014-07-11,1000.0,1001.0,981.0,984.0,336600,326900,989.0,-0.013124872909584945,0.3001981974954123,0.20912680828062633,0.18447205094278166,30498.0,FG
2014-07-14,982.0,994.0,975.0,976.0,348664,371980,985.0,-0.008163310639160981,0.2948809468140657,0.2092127913179836,0.17975515712212092,45080.0,FG
2014-07-15,982.0,991.0,976.0,987.0,438936,388996,985.0,0.011207453020389068,0.29735861711379696,0.21094867727159505,0.17897101182584554,17016.0,FG
2014-07-16,985.0,997.0,983.0,991.0,405936,383346,990.0,0.004044494896506444,0.2982802158521261,0.21099374757846615,0.17597695686451764,-5650.0,FG
2014-07-17,988.0,1004.0,988.0,1000.0,487940,367870,998.0,0.009040744652149024,0.301060966973715,0.21242279567580533,0.17788638867983328,-15476.0,FG
2014-07-18,1000.0,1002.0,985.0,990.0,444122,347202,992.0,-0.01005033585350145,0.2920998253441156,0.2125046251717254,0.17566676667836897,-20668.0,FG
2014-07-21,990.0,1032.0,987.0,1022.0,1179668,405364,1017.0,0.03181182763501412,0.3167669344190479,0.22416611607324471,0.19568128950359048,58162.0,FG
2014-07-22,1021.0,1027.0,1013.0,1019.0,614864,388076,1019.0,-0.0029397375409249576,0.3164633649639135,0.22416603420790257,0.1958902868355197,-17288.0,FG
2014-07-23,1019.0,1026.0,1008.0,1014.0,532806,402576,1015.0,-0.004918849071596378,0.31655654088686863,0.22398121547716654,0.1975365969067764,14500.0,FG
2014-07-24,1015.0,1033.0,1011.0,1014.0,928074,371788,1020.0,0.0,0.3100047577741302,0.22205266849579025,0.19515359277701166,-30788.0,FG
2014-07-25,1012.0,1016.0,992.0,1005.0,1009344,386396,1002.0,-0.008915363657952393,0.3062756735461035,0.22146487226273578,0.19693530223421873,14608.0,FG
2014-07-28,1005.0,1014.0,996.0,1013.0,692916,356078,1005.0,0.007928683755507263,0.30846016964868894,0.216563573808886,0.19696739638942748,-30318.0,FG
2014-07-29,1016.0,1035.0,1015.0,1034.0,807698,397170,1025.0,0.02051855081969113,0.3187973599303572,0.22115018066184539,0.1984597351539937,41092.0,FG
2014-07-30,1029.0,1041.0,1023.0,1037.0,1117156,422712,1032.0,0.0028971531611527873,0.3183894705573054,0.22090281305083248,0.19906584300729005,25542.0,FG
2014-07-31,1037.0,1045.0,1026.0,1029.0,810316,389602,1034.0,-0.007744472395477711,0.3185312026067998,0.22025858889616218,0.20040684908637718,-33110.0,FG
2014-08-01,1025.0,1033.0,1021.0,1024.0,635680,374814,1026.0,-0.004870930234596566,0.3181286402767553,0.21984451080087403,0.20054349142116557,-14788.0,FG
2014-08-04,1024.0,1048.0,1023.0,1047.0,759592,428176,1038.0,0.02221240527108376,0.32971516041523374,0.2254851680536959,0.2060406914302451,53362.0,FG
2014-08-05,1047.0,1056.0,1042.0,1044.0,706962,409050,1047.0,-0.00286944242795282,0.32942479671629127,0.2253213527947001,0.20554701671341924,-19126.0,FG
2014-08-06,1042.0,1050.0,1038.0,1043.0,534258,409468,1044.0,-0.0009583134418115908,0.18744083919697122,0.2251204129285037,0.1875740260575315,418.0,FG
2014-08-07,1045.0,1054.0,1041.0,1044.0,499718,404160,1047.0,0.0009583134418115972,0.18712725931233865,0.22507100791003604,0.1876909531107794,-5308.0,FG
2014-08-08,1046.0,1048.0,1027.0,1028.0,568208,406612,1034.0,-0.015444322427473631,0.18980400470871175,0.2259980992017413,0.1877197582078837,2452.0,FG
2014-08-11,1028.0,1036.0,1025.0,1026.0,450628,406326,1032.0,-0.0019474202843955666,0.1865889227826229,0.22503982765326896,0.18458907454086368,-286.0,FG
2014-08-12,1025.0,1031.0,1019.0,1027.0,393788,398898,1027.0,0.0009741841978434143,0.18379065202675843,0.2250923952896508,0.1834184092560148,-7428.0,FG
2014-08-13,1037.0,1045.0,1026.0,1029.0,757126,381822,1036.0,0.0019455259054913527,0.1836311285796381,0.2214443133975367,0.18509088312910324,-17076.0,FG
2014-08-14,1028.0,1028.0,996.0,1001.0,804714,393096,1008.0,-0.027587956518829053,0.20878262914030069,0.22740931991545943,0.1939166816682686,11274.0,FG
2014-08-15,1001.0,1018.0,999.0,1017.0,497648,378710,1009.0,0.01585761673333927,0.21235392224151967,0.23028715477497147,0.19463784822006294,-14386.0,FG
2014-08-18,1019.0,1033.0,1016.0,1033.0,651796,402742,1024.0,0.015610073071078668,0.18811076895693085,0.2330796574933061,0.1736773131907978,24032.0,FG
2014-08-19,1034.0,1051.0,1028.0,1050.0,1045118,494726,1039.0,0.01632297403193052,0.19560745498365967,0.23568023131681776,0.17754371857872325,91984.0,FG
2014-08-20,1048.0,1053.0,1042.0,1044.0,828458,502078,1046.0,-0.005730674708984983,0.19597860132822095,0.23571647441135243,0.1749473395634597,7352.0,FG
2014-08-21,1048.0,1072.0,1047.0,1066.0,1444428,554470,1064.0,0.02085383628320578,0.2074695356638713,0.2400866361733518,0.17614672187613395,52392.0,FG
2014-08-22,1065.0,1072.0,1060.0,1072.0,827514,536738,1066.0,0.005612736904957385,0.20326688460178863,0.23856436387529403,0.1703600456146122,-17732.0,FG
2014-08-25,1075.0,1078.0,1060.0,1068.0,871738,574336,1066.0,-0.003738322110607104,0.20390034362269813,0.2368066354041381,0.1698662506825342,37598.0,FG
2014-08-26,1070.0,1079.0,1062.0,1077.0,922156,601536,1070.0,0.00839165763624838,0.19418856967020384,0.23441704638295138,0.16815165697195042,27200.0,FG
2014-08-27,1080.0,1082.0,1060.0,1062.0,869050,551760,1070.0,-0.014025475354504434,0.20225217290908243,0.23609720498559053,0.16972286549749005,-49776.0,FG
2014-08-28,1062.0,1065.0,1048.0,1050.0,1071016,561278,1057.0,-0.011363758650315095,0.20474556121556883,0.23689666656626782,0.16868686757118515,9518.0,FG
2014-08-29,1048.0,1065.0,1046.0,1064.0,798924,574818,1056.0,0.013245226750020723,0.20789285509086206,0.2386069692199318,0.17117441696420616,13540.0,FG
2014-09-01,1063.0,1064.0,1013.0,1013.0,1483384,537986,1036.0,-0.04911916565290636,0.2621496080909748,0.25252923946115025,0.1937781937423233,-36832.0,FG
2014-09-02,1013.0,1024.0,1004.0,1018.0,1084346,491352,1014.0,0.004923692861784741,0.2631190281546904,0.2527993146937626,0.1962166342910621,-46634.0,FG
2014-09-03,1017.0,1027.0,1010.0,1013.0,995820,501904,1019.0,-0.004923692861784723,0.2634323293808696,0.25274467912431964,0.19789239677163661,10552.0,FG
2014-09-04,1017.0,1030.0,1016.0,1023.0,846618,528536,1024.0,0.00982326170294302,0.2663511249193383,0.2535671022504689,0.1982709836861954,26632.0,FG
2014-09-05,1027.0,1031.0,1002.0,1012.0,1419558,521648,1013.0,-0.010810916104215617,0.26353748671090405,0.25423972611336587,0.20281558160097093,-6888.0,FG
2014-09-09,1015.0,1020.0,1009.0,1019.0,866068,529726,1015.0,0.0068931833753140305,0.26487425368418926,0.2516236075147497,0.20285584083182973,8078.0,FG
2014-09-10,1018.0,1029.0,998.0,1002.0,1726980,643926,1014.0,-0.016823751577914697,0.27111133232235496,0.2533761879279888,0.21154466722524928,114200.0,FG
2014-09-11,1002.0,1017.0,1000.0,1017.0,1251676,621534,1008.0,0.014859114403749905,0.2768858131864286,0.25538922704453537,0.21098418332421778,-22392.0,FG
2014-09-12,1017.0,1029.0,1013.0,1027.0,984144,591818,1020.0,0.00978481387999827,0.2599404749245668,0.25624875993196145,0.2027634046554131,-29716.0,FG
2014-09-15,1026.0,1052.0,1020.0,1047.0,1430408,556338,1037.0,0.01928700094197861,0.2627383736401884,0.2566947525702815,0.2093196573087989,-35480.0,FG
2014-09-16,1047.0,1054.0,1040.0,1049.0,1099704,491714,1046.0,0.0019083975257603906,0.2574368723930153,0.2563416724118676,0.20827726912048944,-64624.0,FG
2014-09-17,1056.0,1056.0,1042.0,1054.0,933994,516584,1050.0,0.004755120705010511,0.2514187472113579,0.2562519348655694,0.20487836324344175,24870.0,FG
2014-09-18,1052.0,1054.0,1043.0,1049.0,768360,504262,1048.0,-0.004755120705010476,0.25113996390247084,0.2563946846630704,0.20487604985487082,-12322.0,FG
2014-09-19,1047.0,1050.0,1025.0,1040.0,1488816,517028,1035.0,-0.008616616260878852,0.24070718484684167,0.25497751152899734,0.20513849021942504,12766.0,FG
2014-09-22,1038.0,1046.0,1012.0,1037.0,2441098,657740,1030.0,-0.002888783905891009,0.2393981516139246,0.2526024413034246,0.2154843070465163,140712.0,FG
2014-09-23,1039.0,1072.0,1037.0,1072.0,2325120,616462,1062.0,0.033194133401220044,0.2689634418458385,0.26178972416326907,0.22388119173073542,-41278.0,FG
2014-09-24,1069.0,1084.0,1058.0,1077.0,1574980,647664,1069.0,0.00465333552564135,0.2677851082198202,0.26189952142002965,0.22725104123071796,31202.0,FG
2014-09-25,1075.0,1076.0,1027.0,1040.0,2006534,560074,1056.0,-0.03495868502097018,0.29139770738666293,0.2712807767769628,0.24399680986547814,-87590.0,FG
2014-09-26,1037.0,1048.0,1029.0,1038.0,1509920,476558,1039.0,-0.0019249284095843938,0.2889006767559328,0.27120355902530446,0.2446962957691089,-83516.0,FG
2014-09-29,1035.0,1043.0,1023.0,1033.0,951706,398858,1032.0,-0.004828594606195445,0.28455887110669575,0.2709798034668432,0.24516404808083278,-77700.0,FG
2014-09-30,1034.0,1045.0,1026.0,1040.0,549304,365360,1036.0,0.006753523015779703,0.22349026662401658,0.2713953681458098,0.2252685495803333,-33498.0,FG
2014-10-09,1023.0,1038.0,1017.0,1036.0,957566,431390,1028.0,-0.0038535693159899662,0.2237798410598809,0.27139214984206705,0.22555539144959225,66030.0,FG
2014-10-10,1034.0,1035.0,1021.0,1023.0,830294,464452,1026.0,-0.012627656867801918,0.2280245265324335,0.22577952797051648,0.22462266326731836,33062.0,FG
2014-10-13,1024.0,1042.0,1020.0,1023.0,1431270,522012,1030.0,0.0,0.22536410277434188,0.2257621810675862,0.22729701956247655,57560.0,FG
2014-10-14,1018.0,1030.0,1004.0,1028.0,1604860,491446,1017.0,0.004875680063483931,0.2222657037956881,0.22416741898931578,0.2257009592006368,-30566.0,FG
2014-10-15,1026.0,1033.0,1019.0,1025.0,743210,494732,1026.0,-0.0029225544426018536,0.22142364544342916,0.22354089602042299,0.22638536798869854,3286.0,FG
2014-10-16,1020.0,1028.0,1015.0,1020.0,776896,483314,1022.0,-0.004889985294191792,0.21315015688426966,0.2227839680606593,0.21854506176198327,-11418.0,FG
2014-10-17,1021.0,1027.0,1006.0,1015.0,1222472,605304,1014.0,-0.00491401480242904,0.20748867869822515,0.22293866729894518,0.22001170154603375,121990.0,FG
2014-10-20,1019.0,1022.0,1008.0,1015.0,752214,614584,1014.0,0.0,0.20421422185503008,0.22221633264825272,0.2194440472537594,9280.0,FG
2014-10-21,1013.0,1026.0,1011.0,1024.0,669754,527218,1020.0,0.00882791412356531,0.19390866063183096,0.22185005266756652,0.21173466337689098,-87366.0,FG
2014-10-22,1026.0,1029.0,1019.0,1022.0,427572,478422,1024.0,-0.0019550348358033506,0.19359804672402992,0.21219345145906562,0.21084451660310155,-48796.0,FG
2014-10-23,1019.0,1029.0,1014.0,1027.0,505528,473948,1022.0,0.004880439164908569,0.19365015211634454,0.21233475864139326,0.21124520965222854,-4474.0,FG
2014-10-24,1027.0,1036.0,1026.0,1032.0,451188,476342,1031.0,0.004856736112949754,0.19437245778189002,0.21228737734859246,0.21107452609902405,2394.0,FG
2014-10-27,1030.0,1033.0,1023.0,1027.0,231852,461196,1027.0,-0.004856736112949822,0.19283575279740275,0.2125471330636174,0.2058180626502032,-15146.0,FG
2014-10-28,1027.0,1031.0,1021.0,1026.0,278508,437142,1026.0,-0.0009741841978433747,0.19265925419998212,0.2117186048312279,0.1945927906042162,-24054.0,FG
2014-10-29,1026.0,1034.0,1025.0,1034.0,201306,439854,1029.0,0.007767029337659596,0.15043665168794118,0.2116943239099483,0.1823274669621612,2712.0,FG
2014-10-30,1034.0,1048.0,1031.0,1036.0,564070,409186,1040.0,0.0019323677510538603,0.14920227159638533,0.2075471828238771,0.17830279897874685,-30668.0,FG
2014-10-31,1036.0,1047.0,1032.0,1044.0,274118,410890,1040.0,0.007692345623155645,0.08911150787469474,0.20805783904463784,0.15144898342077168,1704.0,FG
2014-11-03,1044.0,1058.0,1041.0,1046.0,374486,414180,1047.0,0.0019138761822841976,0.08894502618606227,0.20744560888691882,0.15036816609715647,3290.0,FG
2014-11-04,1044.0,1044.0,1021.0,1024.0,505302,367522,1030.0,-0.021256839025415152,0.11635409771743421,0.21181770667640146,0.152177039990257,-46658.0,FG
2014-11-05,1025.0,1028.0,1016.0,1017.0,262354,362076,1022.0,-0.006859409550893143,0.11523275019875912,0.20716125321970677,0.14920282946330887,-5446.0,FG
2014-11-06,1018.0,1026.0,1014.0,1020.0,212526,353668,1020.0,0.0029455102297567446,0.11561576776088942,0.20721763544306931,0.14492121116687373,-8408.0,FG
2014-11-07,1021.0,1032.0,1020.0,1030.0,210434,331250,1028.0,0.009756174945364656,0.1124725244043835,0.208244238714686,0.14416206889605604,-22418.0,FG
2014-11-10,1034.0,1046.0,1033.0,1044.0,411062,358534,1042.0,0.013500687218902524,0.12168519609221104,0.2101076046058524,0.1394089499490873,27284.0,FG
2014-11-11,1043.0,1047.0,1036.0,1044.0,205176,367022,1042.0,0.0,0.12086858469700688,0.2076479047538655,0.13034876114525693,8488.0,FG
2014-11-12,1047.0,1060.0,1041.0,1053.0,390378,382196,1051.0,0.008583743691391435,0.12306658504140643,0.20828582244549856,0.13276386287083794,15174.0,FG
2014-11-13,1051.0,1052.0,1041.0,1045.0,162526,339452,1045.0,-0.007626347735064071,0.1252523094177181,0.20892998459002893,0.1318869293961634,-42744.0,FG
2014-11-14,887.0,915.0,886.0,900.0,779308,416684,902.0,-0.14937740107460057,0.5475793982464439,0.37005284963384505,0.14193805528915482,77232.0,FG
2014-11-17,902.0,907.0,884.0,885.0,534946,402198,896.0,-0.01680711831638129,0.5483748013993922,0.3675688152251365,0.14920804537497573,-14486.0,FG
2014-11-18,888.0,888.0,861.0,875.0,502118,342192,875.0,-0.011363758650315095,0.5454164561180943,0.3661456044357958,0.15994834679134448,-60006.0,FG
2014-11-19,875.0,886.0,868.0,884.0,310300,343660,878.0,0.010233176280028953,0.5488449306536413,0.36518153141660986,0.16447748217832958,1468.0,FG
2014-11-20,885.0,888.0,871.0,872.0,376012,348990,880.0,-0.013667638728663757,0.5473652661237477,0.3637262403924944,0.16662889892260294,5330.0,FG
2014-11-21,870.0,871.0,856.0,862.0,314096,362812,867.0,-0.011534153245286519,0.5452921942131087,0.3640970951375373,0.16941535671394573,13822.0,FG
2014-11-24,868.0,870.0,852.0,853.0,330932,399958,862.0,-0.010495723172014014,0.545092860843941,0.3609337049240868,0.17391240029292906,37146.0,FG
2014-11-25,850.0,869.0,848.0,868.0,324352,374552,861.0,0.017432167168671017,0.552616696185799,0.3630282950112695,0.18031953382188487,-25406.0,FG
2014-11-26,866.0,868.0,860.0,865.0,178912,371394,864.0,-0.003462207728470861,0.5497229389037613,0.3630280229873686,0.1804358785392555,-3158.0,FG
2014-11-27,867.0,882.0,864.0,879.0,301052,348172,872.0,0.016055390753297778,0.5556285239914686,0.36442732097302577,0.18239527368942868,-23222.0,FG
2014-11-28,873.0,886.0,872.0,880.0,388784,346478,881.0,0.001137009787075102,0.5536386282091603,0.36386542137327693,0.1829561688234826,-1694.0,FG
2014-12-01,871.0,874.0,851.0,862.0,389942,329764,864.0,-0.020666636808559107,0.5537820165262085,0.3652499548547959,0.18840475350173597,-16714.0,FG
2014-12-02,871.0,892.0,871.0,879.0,318064,326760,880.0,0.019529627021483878,0.5612808368546109,0.3666778095854443,0.18925624781409556,-3004.0,FG
2014-12-03,877.0,887.0,877.0,885.0,272300,355556,882.0,0.00680274732275262,0.5636026725265835,0.3545606511186175,0.18914520247891842,28796.0,FG
2014-12-04,890.0,895.0,879.0,883.0,436908,361868,887.0,-0.0022624444039695043,0.5626994258572711,0.35424774545581983,0.19136072326733147,6312.0,FG
2014-12-05,881.0,887.0,870.0,885.0,291152,340198,878.0,0.0022624444039695433,0.5603449681769697,0.3543320289014522,0.1941405414469531,-21670.0,FG
2014-12-08,888.0,890.0,880.0,882.0,257038,346242,885.0,-0.0033955890011381604,0.5551386600093873,0.35344958368873736,0.1938067278758747,6044.0,FG
2014-12-09,882.0,892.0,875.0,891.0,477714,364732,885.0,0.010152371464017908,0.5583187635900567,0.35394376387637627,0.1967928699841868,18490.0,FG
2014-12-10,897.0,899.0,886.0,892.0,345794,372596,892.0,0.0011217051092001736,0.5560344823270194,0.3535166524133804,0.1954714470728137,7864.0,FG
2014-12-11,887.0,910.0,885.0,889.0,864478,385160,900.0,-0.0033688970661047532,0.5563056849262583,0.35222574845912447,0.20300133128326867,12564.0,FG
2014-12-12,889.0,903.0,888.0,902.0,341342,375834,897.0,0.014517284548719084,0.1893205826989218,0.3521571280004412,0.1944170230874589,-9326.0,FG
2014-12-15,903.0,914.0,898.0,910.0,575722,422110,907.0,0.008830079448271995,0.18067674164369638,0.3520271161518472,0.19034112376453702,46276.0,FG
2014-12-16,907.0,910.0,893.0,904.0,547270,404524,902.0,-0.006615239118719205,0.17700808354229494,0.3493456885788222,0.18312483016816394,-17586.0,FG
2014-12-17,901.0,904.0,888.0,895.0,413570,387976,897.0,-0.01000564211732117,0.17852191374620777,0.34956263710952384,0.18186006278785516,-16548.0,FG
2014-12-18,899.0,899.0,889.0,895.0,245894,375970,894.0,0.0,0.17048995711535975,0.3492706641932071,0.17875306849623207,-12006.0,FG
2014-12-19,895.0,897.0,890.0,893.0,83964,386550,893.0,-0.0022371373983563216,0.16433762498880866,0.34924647836108624,0.1756953577913215,10580.0,FG
2014-12-22,903.0,906.0,889.0,889.0,384958,379024,898.0,-0.00448934536259444,0.15974856260809417,0.3490509346855485,0.17468802465683383,-7526.0,FG
2014-12-23,886.0,892.0,880.0,888.0,236834,340386,886.0,-0.0011254925217344803,0.1494009910943475,0.3490636238658195,0.1692485095758597,-38638.0,FG
2014-12-24,889.0,908.0,888.0,907.0,517320,400048,899.0,0.021170707122966488,0.1640815325990605,0.3446767660667839,0.1746282399619379,59662.0,FG
2014-12-25,906.0,912.0,900.0,905.0,404586,404996,905.0,-0.002207506415210458,0.15657264843601038,0.3443336754626513,0.17137439621897038,4948.0,FG
2014-12-26,905.0,909.0,901.0,904.0,175478,400052,905.0,-0.001105583307749644,0.15683358567636047,0.3378512628889706,0.16904957843798554,-4944.0,FG
2014-12-29,904.0,935.0,895.0,934.0,820586,499586,917.0,0.03264707783666612,0.1710072856425959,0.34531716723581013,0.1843639609370434,99534.0,FG
2014-12-30,941.0,954.0,938.0,954.0,476588,530814,948.0,0.021187233219443845,0.1730744819503706,0.34840695630599705,0.18088912462836693,31228.0,FG
2014-12-31,966.0,968.0,946.0,949.0,742782,493668,956.0,-0.005254872838358697,0.1758197462685603,0.3480891090565787,0.18580661892295214,-37146.0,FG
2015-01-05,944.0,964.0,941.0,955.0,748696,528296,955.0,0.006302541870802305,0.1747362685348354,0.348418548134178,0.18890758274290756,34628.0,FG
2015-01-06,974.0,980.0,955.0,956.0,832268,542030,967.0,0.001046572570671117,0.17494072384671394,0.3476614572260082,0.19237540568853445,13734.0,FG
2015-01-07,950.0,956.0,945.0,953.0,465754,522852,950.0,-0.00314300939719914,0.17480514156635413,0.34767740653260165,0.19244867521350728,-19178.0,FG
2015-01-08,953.0,963.0,944.0,945.0,502762,501736,954.0,-0.008429976160459375,0.1783299037649224,0.34775603569163716,0.19276269976615446,-21116.0,FG
2015-01-09,944.0,952.0,936.0,946.0,463558,481552,945.0,0.0010576415581354454,0.1783386517969631,0.34777725103484064,0.19363913945697878,-20184.0,FG
2015-01-12,946.0,949.0,923.0,925.0,679352,440862,935.0,-0.022448831539453113,0.19880229235272365,0.35037463981587114,0.1935890086545341,-40690.0,FG
2015-01-13,922.0,929.0,918.0,924.0,249552,429068,925.0,-0.0010816658707410232,0.19344090536923042,0.35030973086754486,0.19196703781413557,-11794.0,FG
2015-01-14,924.0,932.0,901.0,927.0,490774,386346,920.0,0.003241493924171023,0.19154206842811833,0.3504335792329315,0.20150483933790891,-42722.0,FG
2015-01-15,929.0,934.0,923.0,930.0,341818,410262,929.0,0.00323102058144654,0.18959520305206007,0.3499197094615183,0.199082089715487,23916.0,FG
2015-01-16,926.0,929.0,913.0,916.0,334300,374002,920.0,-0.015168221473171317,0.19450307753813112,0.3510134950856997,0.19888861776813752,-36260.0,FG
2015-01-19,913.0,920.0,907.0,915.0,399042,387756,914.0,-0.0010922993986089273,0.1946270650604003,0.35074165425908754,0.19976400836402636,13754.0,FG
2015-01-20,914.0,920.0,910.0,911.0,254968,379982,915.0,-0.004381168015562977,0.19525810066911048,0.3504916514594092,0.20041818415561952,-7774.0,FG
2015-01-21,910.0,922.0,907.0,914.0,336982,376060,916.0,0.0032876741941917083,0.19431612802909395,0.3506123569154117,0.1994061505808173,-3922.0,FG
2015-01-22,918.0,924.0,913.0,915.0,325526,402784,918.0,0.0010934938213712896,0.1940969097838282,0.35066196101345076,0.19895326058939136,26724.0,FG
2015-01-23,914.0,922.0,902.0,908.0,485672,363508,913.0,-0.007679686674228074,0.18204863090078963,0.3502733744769368,0.19878193370846964,-39276.0,FG
2015-01-26,905.0,910.0,895.0,900.0,353676,348262,902.0,-0.0088496152769825,0.18463114520806168,0.35043024901503095,0.19992194909968428,-15246.0,FG
2015-01-27,902.0,907.0,899.0,900.0,218698,357164,904.0,0.0,0.18460723692354528,0.3498478982263807,0.19992585640112895,8902.0,FG
2015-01-28,901.0,907.0,896.0,902.0,178550,349746,902.0,0.00221975673831281,0.13904649310552247,0.3498647097997098,0.17894950846817123,-7418.0,FG
2015-01-29,903.0,917.0,903.0,916.0,295360,346136,910.0,0.015401844611506703,0.1275195509297875,0.34952515791903155,0.17832640988037107,-3610.0,FG
2015-01-30,915.0,917.0,907.0,909.0,144958,334692,912.0,-0.0076712704966514795,0.12860458952593812,0.34957831132066786,0.1730883641484797,-11444.0,FG
2015-02-02,912.0,917.0,909.0,912.0,121308,331624,913.0,0.0032948958968524846,0.12642371552998757,0.3495994363782164,0.1663632283316749,-3068.0,FG
2015-02-03,912.0,924.0,912.0,921.0,283174,347120,920.0,0.009820046180975513,0.1331112773045044,0.3496084572839959,0.1594883516938858,15496.0,FG
2015-02-04,926.0,931.0,917.0,917.0,251856,352056,924.0,-0.004352563998841998,0.13333260229264515,0.348180208508964,0.1608344933039082,4936.0,FG
2015-02-05,917.0,923.0,911.0,912.0,203696,346016,916.0,-0.005467482182133501,0.13183393379426114,0.3482152318415299,0.15763736597306569,-6040.0,FG
2015-02-06,915.0,922.0,914.0,921.0,144628,342152,919.0,0.009820046180975513,0.1378173739411867,0.34838736109205204,0.15458563509909484,-3864.0,FG
2015-02-09,921.0,928.0,920.0,925.0,161280,343050,924.0,0.004333701257118351,0.11437541503016938,0.34845809611208045,0.14406773067902448,898.0,FG
2015-02-10,926.0,931.0,924.0,931.0,146876,344814,928.0,0.006465539764641811,0.1165285762648444,0.16739402585783292,0.14273281425230872,1764.0,FG
2015-02-11,930.0,946.0,929.0,943.0,416784,403690,940.0,0.012807005356390393,0.1242723534520687,0.16527319395843112,0.12921371137747725,58876.0,FG
2015-02-12,943.0,945.0,935.0,940.0,146014,390842,938.0,-0.003186407369407869,0.12472872917511316,0.16350238105438056,0.12873865407461607,-12848.0,FG
2015-02-13,944.0,948.0,940.0,943.0,167762,373768,945.0,0.003186407369408002,0.11037938583177231,0.16248120975030633,0.12464637166061684,-17074.0,FG
2015-02-16,944.0,950.0,936.0,946.0,142176,365080,942.0,0.003176286418420737,0.11011588987795234,0.1596170460204351,0.12496951216029804,-8688.0,FG
2015-02-17,947.0,947.0,938.0,939.0,78024,350892,942.0,-0.007427089843615341,0.11281041406545471,0.15842720963528,0.12445874035373276,-14188.0,FG
2015-02-24,999.0,999.0,999.0,999.0,2,350894,999.0,0.06193929944029056,0.24179439250667503,0.19910489177889568,0.11948632853926332,2.0,FG
2015-02-25,938.0,939.0,934.0,938.0,74282,346246,936.0,-0.0630048296423288,0.3398195434896623,0.23772585930331805,0.11729815748319185,-4648.0,FG
2015-02-26,942.0,964.0,940.0,964.0,353972,423136,954.0,0.027341345604320864,0.3501236930273414,0.24336377013256094,0.1202336470747727,76890.0,FG
2015-02-27,962.0,969.0,956.0,963.0,242496,424738,962.0,-0.0010378828124200546,0.34772836445919325,0.24161788796515976,0.1184615431493595,1602.0,FG
2015-03-02,968.0,970.0,930.0,949.0,395722,393074,950.0,-0.01464461318819773,0.3534113100309692,0.2438612864566556,0.14722230586496404,-31664.0,FG
2015-03-03,949.0,951.0,939.0,944.0,166152,357488,943.0,-0.005282632464427224,0.35452532933366215,0.23999176680674159,0.14741150180441212,-35586.0,FG
2015-03-04,945.0,960.0,944.0,949.0,251892,372886,954.0,0.005282632464427218,0.3513868680774954,0.23720600767531136,0.14810996656470668,15398.0,FG
2015-03-05,944.0,949.0,935.0,948.0,212592,338504,942.0,-0.0010542963549060478,0.34982293285638644,0.23697253696923068,0.14963408348374183,-34382.0,FG
2015-03-06,948.0,956.0,940.0,942.0,189534,336582,949.0,-0.00634922767865878,0.3510492299450562,0.23736812189645357,0.15273673909709307,-1922.0,FG
2015-03-09,936.0,939.0,920.0,934.0,224194,304550,933.0,-0.008528836347520436,0.3514025104098513,0.23816070568995662,0.15633949824082094,-32032.0,FG
2015-03-10,935.0,940.0,922.0,923.0,159006,288574,928.0,-0.011847203725990442,0.3538114049055402,0.23942781741599664,0.15840576259385145,-15976.0,FG
2015-03-11,920.0,928.0,916.0,918.0,131348,289342,922.0,-0.005431843882361729,0.3538037487329259,0.23894941607908823,0.15837939939541762,768.0,FG
2015-03-12,917.0,928.0,915.0,926.0,158758,285254,923.0,0.008676844025688815,0.35342306637078996,0.2395299978378264,0.1601216281092674,-4088.0,FG
2015-03-13,926.0,930.0,918.0,919.0,114848,288350,924.0,-0.007588112290492323,0.3541324528832725,0.23998238518349685,0.16143543093490711,3096.0,FG
2015-03-16,915.0,927.0,912.0,925.0,134844,284930,922.0,0.006507615156738215,0.3541431003730288,0.23856024708513449,0.16433026488694363,-3420.0,FG
2015-03-17,925.0,936.0,922.0,927.0,192988,268572,931.0,0.002159828053429938,0.3509350456871726,0.2379515813732919,0.1629288940062616,-16358.0,FG
2015-03-18,926.0,930.0,920.0,924.0,141866,256330,924.0,-0.0032414939241709557,0.3509399136847849,0.23763506512320912,0.16298008290799726,-12242.0,FG
2015-03-19,929.0,946.0,928.0,943.0,252966,259362,938.0,0.020354210991773442,0.3587065201330481,0.2400890894719115,0.16704064453953532,3032.0,FG
2015-03-20,944.0,953.0,942.0,951.0,256368,278862,948.0,0.008447779911932837,0.35980321182811764,0.24057803250319104,0.16588097174049607,19500.0,FG
2015-03-23,955.0,961.0,949.0,955.0,167630,278292,955.0,0.004197277935339916,0.3588799480158274,0.2405683930429258,0.16678503063885092,-570.0,FG
2015-03-24,962.0,969.0,950.0,952.0,209950,264482,958.0,-0.0031463056893649482,0.2776780950263906,0.24045132108203882,0.17200348048427383,-13810.0,FG
2015-03-25,951.0,955.0,943.0,943.0,138748,257048,949.0,-0.009498752157907785,0.1660416321270942,0.2413914002323165,0.1737169204936493,-7434.0,FG
2015-03-26,945.0,957.0,940.0,956.0,186856,262898,950.0,0.01369163041794389,0.1420321991548768,0.23921646518046258,0.16958857965608096,5850.0,FG
2015-03-27,955.0,955.0,940.0,949.0,189856,247614,946.0,-0.007349114441473454,0.1441326315063134,0.23972706462765256,0.17049275780919868,-15284.0,FG
2015-03-30,948.0,984.0,946.0,982.0,687290,312472,971.0,0.03418250974453804,0.18082852769261407,0.24917937263876683,0.16752737078696212,64858.0,FG
2015-03-31,981.0,985.0,947.0,948.0,473654,242830,966.0,-0.03523680609944408,0.2223195674122756,0.2516016106543091,0.18524771805735726,-69642.0,FG
2015-04-01,942.0,954.0,937.0,942.0,246230,230326,946.0,-0.00634922767865878,0.2226318374463824,0.24814590407271914,0.1857437187527528,-12504.0,FG
2015-04-02,947.0,951.0,915.0,916.0,344634,228320,932.0,-0.027988909902232784,0.24314247025290622,0.25436516916077095,0.20054616543055642,-2006.0,FG
2015-04-03,916.0,926.0,910.0,924.0,242412,220514,919.0,0.008695706967553913,0.24518077251646292,0.25468664723051665,0.20075876554549535,-7806.0,FG
2015-04-07,925.0,932.0,920.0,920.0,156286,174742,927.0,-0.00433840159859813,0.24392411014366305,0.25478079485137567,0.19793256541955864,-45772.0,FG
2015-04-08,885.0,887.0,857.0,876.0,429472,238916,869.0,-0.049007579106694496,0.29598500317756427,0.2732234622616237,0.20695216878812422,64174.0,FG
2015-04-09,872.0,879.0,866.0,870.0,205942,245194,873.0,-0.006872879287762064,0.2962093340647852,0.27307224618191556,0.20752442664903867,6278.0,FG
2015-04-10,866.0,873.0,859.0,861.0,166842,258606,867.0,-0.010398707220898622,0.29425297171638687,0.2736399608983336,0.20820041927304248,13412.0,FG
2015-04-13,866.0,899.0,863.0,895.0,304650,244972,881.0,0.03872921384712447,0.3295261697096722,0.28222045832374903,0.223868387173978,-13634.0,FG
2015-04-14,891.0,898.0,886.0,894.0,263636,227540,892.0,-0.0011179431013412834,0.3282422075918707,0.28222075789322093,0.22300936978065344,-17432.0,FG
2015-04-15,893.0,908.0,889.0,896.0,283924,217014,899.0,0.0022346378014163628,0.32825390205820076,0.2821709192788448,0.2252230754624032,-10526.0,FG
2015-04-16,901.0,907.0,881.0,882.0,302730,231802,898.0,-0.015748356968139168,0.33198347373875986,0.28374366484547864,0.2324054726084156,14788.0,FG
2015-04-17,883.0,892.0,878.0,888.0,293054,228582,884.0,0.006779686985378769,0.32313224842792176,0.28259616757562095,0.23125031956420805,-3220.0,FG
2015-04-20,895.0,900.0,875.0,875.0,279166,264928,887.0,-0.014747856634555653,0.32272151715341046,0.28408466873765653,0.23758561727653477,36346.0,FG
2015-04-21,876.0,896.0,872.0,891.0,351278,232102,886.0,0.018120541113194836,0.33111352421513063,0.28656658086010334,0.2430196939430467,-32826.0,FG
2015-04-22,893.0,906.0,890.0,901.0,352946,225632,899.0,0.011160830137528555,0.33513593034654093,0.28744169338424563,0.2423260912543931,-6470.0,FG
2015-04-23,901.0,913.0,900.0,904.0,343210,230534,906.0,0.003324102783838621,0.33480605967866234,0.28752155215694575,0.24275148956033835,4902.0,FG
2015-04-24,914.0,929.0,913.0,928.0,584860,214270,922.0,0.026202372394024117,0.3453325358364621,0.29206971117874625,0.2425709359286818,-16264.0,FG
2015-04-27,941.0,950.0,928.0,943.0,516218,217640,939.0,0.016034549847256822,0.3499739614993372,0.2931586583323014,0.24532775613356414,3370.0,FG
2015-04-28,944.0,948.0,931.0,937.0,305246,212006,938.0,-0.006383000395035327,0.3259178689453955,0.2935197387955435,0.23381437205591518,-5634.0,FG
2015-04-29,937.0,938.0,912.0,916.0,349166,203598,923.0,-0.02266691756429197,0.31195744825166705,0.29733467497892313,0.22639187530329044,-8408.0,FG
2015-04-30,923.0,929.0,918.0,923.0,243598,197290,924.0,0.007612869828721935,0.313132843269403,0.29607598346503683,0.2245782481029988,-6308.0,FG
2015-05-04,928.0,940.0,921.0,937.0,301744,204100,933.0,0.015054047735570128,0.3011006227412451,0.29717166016005603,0.21354479157507536,6810.0,FG
2015-05-05,940.0,957.0,935.0,944.0,597532,222416,947.0,0.007442883907078443,0.30071894002810534,0.2974571157853945,0.21603304685258165,18316.0,FG
2015-05-06,949.0,953.0,938.0,945.0,368872,230788,945.0,0.0010587613482421182,0.30004622869239334,0.29684023413832694,0.2169052577500651,8372.0,FG
2015-05-07,937.0,942.0,932.0,937.0,241496,212072,936.0,-0.00850164525532061,0.238471153419496,0.2972439609841771,0.20548510630647865,-18716.0,FG
2015-05-08,931.0,953.0,929.0,948.0,386978,243768,943.0,0.01167122001659962,0.23700317494505477,0.2978783725214979,0.21013384940024965,31696.0,FG
2015-05-11,955.0,956.0,936.0,938.0,351304,252430,943.0,-0.010604553248797112,0.2371721314356703,0.29813024664003224,0.21211598178669241,8662.0,FG
2015-05-12,933.0,939.0,930.0,931.0,197456,235446,934.0,-0.007490671729157626,0.2026239018608505,0.2984300431872845,0.19463119235863638,-16984.0,FG
2015-05-13,933.0,938.0,924.0,930.0,234180,232234,931.0,-0.0010746911297654092,0.20261528135549306,0.2981461436876756,0.19515343326048368,-3212.0,FG
2015-05-14,923.0,934.0,915.0,934.0,327580,211124,924.0,0.004291852081541084,0.20278058904927582,0.29709891159920204,0.19486673988556205,-21110.0,FG
2015-05-15,934.0,950.0,928.0,943.0,522746,264682,941.0,0.009589844404614946,0.1930273311466931,0.2976914537665643,0.19140080735898393,53558.0,FG
2015-05-18,944.0,949.0,930.0,933.0,342354,255212,938.0,-0.010661081786113703,0.1987078364442516,0.2984149367064431,0.19326155968211692,-9470.0,FG
2015-05-19,931.0,934.0,923.0,926.0,216200,238088,929.0,-0.007530966201164441,0.1920040275213498,0.29870524870427523,0.18548568547450528,-17124.0,FG
2015-05-20,919.0,920.0,900.0,909.0,371472,240000,911.0,-0.018529140468700602,0.19725812441793317,0.30067201725242365,0.18237141237676302,1912.0,FG
2015-05-21,912.0,924.0,911.0,915.0,231800,216866,918.0,0.0065789710980425605,0.19480257970728979,0.27177283475702824,0.1809230608571596,-23134.0,FG
2015-05-22,917.0,923.0,910.0,913.0,232578,227514,915.0,-0.002188184680552894,0.194826844235866,0.239903399479094,0.18086743590204307,10648.0,FG
2015-05-25,910.0,918.0,906.0,913.0,247812,237806,912.0,0.0,0.1697457401981696,0.23287109013185467,0.1792564672743582,10292.0,FG
2015-05-26,921.0,928.0,908.0,910.0,326996,223086,921.0,-0.003291281084072733,0.1578387379428675,0.23292192277079937,0.1783198246645295,-14720.0,FG
2015-05-27,911.0,917.0,907.0,913.0,162586,221014,913.0,0.0032912810840727306,0.15783338886987824,0.23132328770336438,0.17568093302764914,-2072.0,FG
2015-05-28,916.0,939.0,912.0,937.0,416460,230972,923.0,0.025947401643453646,0.16466541842846064,0.2373747137680638,0.17646240815251002,9958.0,FG
2015-05-29,939.0,945.0,932.0,943.0,425290,230722,940.0,0.006383000395035289,0.16408503150935203,0.237491511203884,0.17709998943696337,-250.0,FG
2015-06-01,947.0,950.0,935.0,943.0,299610,220666,942.0,0.0,0.1556198167039174,0.23748341826914224,0.17500434669272108,-10056.0,FG
2015-06-02,943.0,965.0,938.0,959.0,485870,272960,953.0,0.016824792249980777,0.16454961295514,0.23959633766437882,0.17837802267215966,52294.0,FG
2015-06-03,961.0,963.0,938.0,944.0,381928,231144,951.0,-0.015764908737937514,0.17462748509776313,0.24117600562308247,0.18385650733789732,-41816.0,FG
2015-06-04,943.0,958.0,938.0,951.0,364136,242078,949.0,0.007387896399889542,0.1735451987857848,0.24030678052481133,0.18787357781744654,10934.0,FG
2015-06-05,947.0,953.0,943.0,949.0,198434,226068,947.0,-0.002105263935462427,0.16890202401287097,0.24005475428146977,0.18128742276806098,-16010.0,FG
2015-06-08,950.0,955.0,943.0,949.0,226646,232066,949.0,0.0,0.1641935039069561,0.23946326396505868,0.1776815649981872,5998.0,FG
2015-06-09,953.0,953.0,945.0,948.0,139930,224286,948.0,-0.0010542963549060478,0.16158542100250964,0.2389094540986098,0.17740617987100019,-7780.0,FG
2015-06-10,951.0,954.0,945.0,951.0,178264,226268,950.0,0.003159560290368518,0.16159639098635795,0.2386513827076315,0.1756658605215659,1982.0,FG
2015-06-11,951.0,970.0,949.0,959.0,443904,268644,961.0,0.008377012338047864,0.16328921217706546,0.23917565324088383,0.1763913511025756,42376.0,FG
2015-06-12,961.0,961.0,943.0,950.0,262102,226096,951.0,-0.00942909028885169,0.1644572547604586,0.23992531012644017,0.17392736618958782,-42548.0,FG
2015-06-15,951.0,953.0,941.0,945.0,167778,214524,946.0,-0.005277057100843781,0.1607657560996721,0.23660248216532195,0.17067698456659935,-11572.0,FG
2015-06-16,943.0,949.0,930.0,934.0,257176,192282,940.0,-0.011708489264900167,0.16420090380881056,0.23714249904999377,0.17418919925927975,-22242.0,FG
2015-06-17,932.0,935.0,925.0,929.0,234094,189490,930.0,-0.005367699415004144,0.15020194441746756,0.2371775113440807,0.1693672292157243,-2792.0,FG
2015-06-18,930.0,938.0,928.0,930.0,172684,174610,933.0,0.00107584733346311,0.14880862857577112,0.23713146617209366,0.1682202453893875,-14880.0,FG
2015-06-19,930.0,937.0,925.0,928.0,148558,171066,930.0,-0.0021528533611010897,0.1487993047765615,0.23640876459768387,0.1677497239168031,-3544.0,FG
2015-06-24,929.0,934.0,923.0,933.0,139418,161458,929.0,0.0053734680611431445,0.14962266762360737,0.23493276016410555,0.16730866241297251,-9608.0,FG
2015-06-25,934.0,935.0,925.0,925.0,92616,164662,930.0,-0.008611463334918582,0.15281764453666233,0.23510491133432204,0.1623987876802211,3204.0,FG
2015-06-26,924.0,929.0,919.0,926.0,159954,165378,924.0,0.0010804971337541789,0.15254639822203617,0.2238997279337067,0.1623557145073062,716.0,FG
2015-06-29,926.0,931.0,924.0,928.0,93398,158422,927.0,0.0021574981400210927,0.12059473525424494,0.21237003010501238,0.15092570697953575,-6956.0,FG
2015-06-30,929.0,929.0,905.0,906.0,225122,171630,914.0,-0.023992426743221194,0.14348658371070536,0.2174723706546774,0.15812040346487558,13208.0,FG
2015-07-01,904.0,917.0,896.0,909.0,258666,173788,905.0,0.0033057881344994103,0.14456524075544303,0.21005762810093748,0.1621104500368662,2158.0,FG
2015-07-02,908.0,917.0,906.0,915.0,115824,165302,913.0,0.0065789710980425605,0.1310719359738521,0.2097250467726778,0.15266200303410132,-8486.0,FG
2015-07-03,915.0,920.0,910.0,914.0,97626,159432,915.0,-0.0010934938213713295,0.12120431268213684,0.2095558427793076,0.1439615994253959,-5870.0,FG
2015-07-06,915.0,917.0,891.0,899.0,236334,173322,904.0,-0.01654753698252971,0.12720532016003908,0.18668856736834652,0.14982668508482846,13890.0,FG
2015-07-07,898.0,906.0,874.0,880.0,341802,190124,891.0,-0.021361126999368155,0.14303198041037415,0.19137435314815845,0.16666121071108345,16802.0,FG
2015-07-08,879.0,882.0,855.0,855.0,304238,172302,864.0,-0.02882043853549197,0.16726709914994803,0.1992267275750811,0.17723720105410143,-17822.0,FG
2015-07-09,834.0,912.0,803.0,890.0,607554,91532,869.0,0.04011999378942536,0.23168614616943925,0.2003926024805614,0.322701135655575,-80770.0,FG
2015-07-10,892.0,901.0,881.0,884.0,291888,102554,891.0,-0.006764400088542037,0.23078130466791788,0.20084587604115794,0.3255806093633586,11022.0,FG
2015-07-13,882.0,889.0,874.0,879.0,166442,108546,882.0,-0.005672164952466418,0.22645006073167037,0.20109017220518724,0.3242660651711071,5992.0,FG
2015-07-14,880.0,887.0,875.0,876.0,116334,109796,881.0,-0.003418806748785609,0.22567382969828761,0.1986416715567436,0.323068273187719,1250.0,FG
2015-07-15,877.0,885.0,871.0,876.0,138470,110422,877.0,0.0,0.2260686479092879,0.19812614119272728,0.32372134078779946,626.0,FG
2015-07-16,876.0,877.0,861.0,870.0,186226,119940,869.0,-0.006872879287762064,0.22448116132507825,0.19632439738929158,0.3232335397058367,9518.0,FG
2015-07-17,869.0,873.0,863.0,867.0,99298,121116,868.0,-0.0034542348680875576,0.2243791152375349,0.19274895961342886,0.3233528264056308,1176.0,FG
2015-07-20,865.0,883.0,863.0,882.0,145390,117098,873.0,0.017153079226249493,0.23557005068479603,0.1946577796724152,0.3261986423250305,-4018.0,FG
2015-07-21,880.0,883.0,873.0,879.0,104078,112820,877.0,-0.003407158321614309,0.23557698803311525,0.19460358910391365,0.32594688824532975,-4278.0,FG
2015-07-22,879.0,886.0,868.0,873.0,116668,113042,877.0,-0.006849341845574783,0.2340152915989253,0.18695481653784607,0.32788400506480475,222.0,FG
2015-07-23,871.0,874.0,859.0,866.0,111382,116008,867.0,-0.00805064727716702,0.23385689306174431,0.18408826887424398,0.3291470165465916,2966.0,FG
2015-07-24,863.0,868.0,842.0,843.0,132860,134120,856.0,-0.026917950560579714,0.24751517692795488,0.1910739341730553,0.3346332358567823,18112.0,FG
2015-07-27,843.0,861.0,835.0,858.0,234602,125936,848.0,0.017637141486106876,0.2589412675281823,0.19009827027988507,0.34053112495217197,-8184.0,FG
2015-07-28,856.0,866.0,850.0,858.0,157598,123888,858.0,0.0,0.24814025741998452,0.18925471886154702,0.33829094246285746,-2048.0,FG
2015-07-29,860.0,875.0,858.0,871.0,141262,112902,867.0,0.015037877364540502,0.2552548760655521,0.1892488307833809,0.3372780585721882,-10986.0,FG
2015-07-30,871.0,872.0,864.0,866.0,112594,116022,868.0,-0.005757068290067639,0.25343319686761634,0.18860632466850225,0.3368721642701328,3120.0,FG
2015-07-31,866.0,880.0,861.0,876.0,135696,103728,871.0,0.011481182373956232,0.25836741825847886,0.19038232202135683,0.33925259154958076,-12294.0,FG
2015-08-03,877.0,895.0,876.0,888.0,194280,90348,886.0,0.013605652055778678,0.2582114324438154,0.19216080659632334,0.3368059643164354,-13380.0,FG
2015-08-04,887.0,897.0,881.0,894.0,116036,83180,888.0,0.0067340321813441194,0.2473898012472185,0.19105380291322718,0.33025612635882895,-7168.0,FG
2015-08-05,895.0,898.0,885.0,891.0,89242,80488,890.0,-0.003361347702704883,0.22240961113140698,0.19007686883086553,0.3250690081938386,-2692.0,FG
2015-08-06,890.0,895.0,882.0,889.0,67348,78718,888.0,-0.002247191956904721,0.17167290373026992,0.1896021845490975,0.18328028204859398,-1770.0,FG
2015-08-07,889.0,905.0,887.0,902.0,95536,69646,894.0,0.014517284548719084,0.17713294176652986,0.19214994514215283,0.1820426155128447,-9072.0,FG
2015-08-10,878.0,892.0,873.0,888.0,197122,122300,884.0,-0.015642777070453577,0.18539547315089683,0.19433543674994833,0.18418453842461005,52654.0,FG
2015-08-11,888.0,903.0,883.0,892.0,189866,133192,893.0,0.004494389587839267,0.18530032184624048,0.1934528078757427,0.1880135331870914,10892.0,FG
2015-08-12,890.0,910.0,884.0,909.0,269576,153696,898.0,0.018878961597469563,0.19581057365336296,0.19652728738477832,0.1949130123645616,20504.0,FG
2015-08-13,909.0,916.0,903.0,909.0,253708,151014,908.0,0.0,0.19327379752717586,0.1959754312982526,0.1933488243171853,-2682.0,FG
2015-08-14,910.0,911.0,901.0,903.0,145828,146524,906.0,-0.006622540760493382,0.19481029364871105,0.19276559298173765,0.19322169209884277,-4490.0,FG
2015-08-17,902.0,909.0,887.0,888.0,208154,128790,896.0,-0.016750810424815354,0.19705398754080364,0.19520207719484522,0.19409893140193712,-17734.0,FG
2015-08-18,887.0,895.0,880.0,881.0,166676,122294,885.0,-0.00791411705599053,0.1988177322018304,0.19576112484290484,0.19590168697997332,-6496.0,FG
2015-08-19,882.0,900.0,876.0,899.0,236682,153358,888.0,0.020225408535440817,0.2091182457860747,0.20032170723999715,0.19942859066456414,31064.0,FG
2015-08-20,900.0,903.0,889.0,892.0,296184,157392,897.0,-0.007816901891610904,0.2089798470752965,0.20082449263025667,0.19879985825531132,4034.0,FG
2015-08-21,895.0,903.0,890.0,897.0,235484,158864,897.0,0.005589729478786812,0.18052502619873811,0.20105492630275773,0.19052483002056797,1472.0,FG
2015-08-24,896.0,898.0,861.0,862.0,342640,124236,874.0,-0.03980059139510303,0.22773119867716987,0.2093156012214855,0.20010588187955275,-34628.0,FG
2015-08-25,859.0,873.0,851.0,860.0,287218,125048,864.0,-0.0023228814161396385,0.22791042543733345,0.20869908120810104,0.20349807408079454,812.0,FG
2015-08-26,874.0,880.0,855.0,856.0,216436,130476,866.0,-0.004662013105811301,0.2214919312245258,0.20877068366825405,0.20837655114998235,5428.0,FG
2015-08-27,855.0,870.0,852.0,868.0,191750,125724,863.0,0.013921338518608014,0.22664433457780847,0.20776584219073846,0.21215182097011379,-4752.0,FG
2015-08-28,871.0,893.0,867.0,876.0,321644,127928,880.0,0.00917437627604123,0.2252647399576292,0.2068271200249953,0.21632510198695812,2204.0,FG
2015-08-31,875.0,876.0,844.0,844.0,351902,150524,863.0,-0.03721359634043432,0.2546196238749714,0.21863839826382428,0.2257525950046436,22596.0,FG
2015-09-01,840.0,851.0,834.0,845.0,379074,164856,844.0,0.001184132761216772,0.2527084433431875,0.21873408991697002,0.22658229285003334,14332.0,FG
2015-09-02,844.0,853.0,841.0,845.0,203070,146074,847.0,0.0,0.2528928001738192,0.21873408991697002,0.22646369226373136,-18782.0,FG
2015-09-07,848.0,848.0,848.0,848.0,50,758,848.0,0.0035440084347293315,0.2538413693455916,0.21901371093117256,0.2243225712036869,-145316.0,FG
2015-09-08,832.0,842.0,830.0,841.0,201076,171324,835.0,-0.008288975818955057,0.2465914847662724,0.2191490932039488,0.22232843058324694,170566.0,FG
2015-09-09,845.0,859.0,842.0,847.0,379112,153762,852.0,0.007109034679106361,0.24496599476933056,0.21890864248274244,0.22167848361946038,-17562.0,FG
2015-09-10,848.0,859.0,845.0,856.0,214740,157822,852.0,0.010569681489687642,0.24812521895129402,0.2198640527909188,0.2193105205132276,4060.0,FG
2015-09-11,856.0,863.0,846.0,848.0,251520,170552,854.0,-0.009389740349839032,0.23659777233948032,0.22030450828532502,0.2146935545503338,12730.0,FG
2015-09-14,847.0,857.0,841.0,843.0,261292,162088,851.0,-0.005913677790047628,0.2363792228005272,0.21951685509266505,0.21627182175976734,-8464.0,FG
2015-09-15,844.0,849.0,840.0,842.0,176310,170332,844.0,-0.0011869437595287257,0.23629699283603586,0.21938740035184218,0.21618579823040057,8244.0,FG
2015-09-16,843.0,853.0,840.0,851.0,241292,161092,846.0,0.010632114331047333,0.2359203851037836,0.2207514174483437,0.2123521600358561,-9240.0,FG
2015-09-17,852.0,861.0,849.0,854.0,284396,168106,855.0,0.003519065215195702,0.2356936684790924,0.22098160227619568,0.2114086759284194,7014.0,FG
2015-09-18,854.0,858.0,850.0,852.0,167040,167490,854.0,-0.0023446669592541345,0.2213184688119843,0.22054255211442872,0.20443981970865055,-616.0,FG
2015-09-21,850.0,854.0,837.0,849.0,241252,172484,845.0,-0.0035273405179684107,0.22052787501480003,0.22009294277320582,0.20619807212083113,4994.0,FG
2015-09-22,850.0,852.0,840.0,842.0,191860,175720,846.0,-0.008279172069020535,0.21930613077586056,0.2204696656649452,0.20609880777738876,3236.0,FG
2015-09-23,839.0,843.0,834.0,842.0,219580,186162,838.0,0.0,0.17182395331640157,0.2203584417167401,0.18712196978798937,10442.0,FG
2015-09-24,842.0,844.0,820.0,820.0,484836,290642,827.0,-0.026475673984027906,0.1937674323716462,0.22148213096798897,0.1892871417718413,104480.0,FG
2015-09-25,819.0,831.0,819.0,821.0,318174,254602,826.0,0.0012187691941294254,0.19397208926038498,0.22132468270077912,0.1817655870184344,-36040.0,FG
2015-09-28,821.0,829.0,816.0,821.0,180932,253590,824.0,0.0,0.18488621659781546,0.22068878574123477,0.179428129868869,-1012.0,FG
2015-09-29,819.0,826.0,808.0,815.0,284808,237364,816.0,-0.0073349962115654725,0.17998541757909395,0.22097089133127182,0.17449039385991721,-16226.0,FG
2015-09-30,817.0,819.0,811.0,815.0,126272,214766,815.0,0.0,0.12959993672685585,0.21889834112048606,0.15696435236683304,-22598.0,FG
2015-10-09,831.0,844.0,828.0,839.0,247590,167668,835.0,0.02902259322634352,0.16920876709534055,0.22376535943830814,0.15637635313297368,-47098.0,FG
2015-10-12,841.0,841.0,823.0,826.0,262284,196482,831.0,-0.0156159329462281,0.1775764781468362,0.21831475791528493,0.16018412480624886,28814.0,FG
2015-10-13,826.0,830.0,822.0,826.0,170920,194284,826.0,0.0,0.17678752847929669,0.20132492251741815,0.16149881432821456,-2198.0,FG
2015-10-14,826.0,831.0,818.0,821.0,235900,219666,823.0,-0.006071664068549795,0.1758075971786171,0.2012493834340889,0.16209187036010222,25382.0,FG
2015-10-15,823.0,829.0,820.0,825.0,150112,211548,826.0,0.004860276882252663,0.17458410319853593,0.20141309037351507,0.15814425855219422,-8118.0,FG
2015-10-16,825.0,830.0,823.0,828.0,173970,210832,827.0,0.003629768050578731,0.1700323203032435,0.2015766483881505,0.15529211537156298,-716.0,FG
2015-10-19,827.0,841.0,827.0,838.0,310002,220432,836.0,0.0120049460968234,0.17401803051336223,0.20329582560158113,0.15362806287288244,9600.0,FG
2015-10-20,837.0,847.0,834.0,839.0,256232,215762,840.0,0.0011926059851231061,0.1729697460054337,0.2029310024344424,0.1519172660327785,-4670.0,FG
2015-10-21,840.0,864.0,834.0,858.0,532672,276618,848.0,0.022393393020756196,0.1904730093181482,0.20818395471179899,0.16792032392601863,60856.0,FG
2015-10-22,860.0,880.0,856.0,868.0,870010,327242,869.0,0.011587615172387829,0.19114145324846596,0.206524555844173,0.1748744163900619,50624.0,FG
2015-10-23,867.0,875.0,860.0,873.0,489332,329918,866.0,0.005743841179252093,0.191689993929471,0.2067795076837666,0.1761844100076924,2676.0,FG
2015-10-26,874.0,877.0,865.0,868.0,466838,369386,870.0,-0.005743841179252015,0.19286688488977874,0.20663919621811772,0.17748547985201168,39468.0,FG
2015-10-27,869.0,879.0,863.0,878.0,578242,419994,871.0,0.011454878974766386,0.1955657904237906,0.20729224378440422,0.17663462025952587,50608.0,FG
2015-10-28,878.0,884.0,871.0,872.0,436538,439770,874.0,-0.0068571697261370235,0.19467561419648213,0.20007914397864215,0.17686779268477107,19776.0,FG
2015-10-29,873.0,875.0,867.0,872.0,450596,429860,871.0,0.0,0.19467561419648213,0.1969158795914294,0.1764742087699116,-9910.0,FG
2015-10-30,872.0,886.0,869.0,884.0,591958,462248,877.0,0.013667638728663835,0.1679999448499622,0.19880384806873172,0.17053849870685908,32388.0,FG
2015-11-02,883.0,885.0,874.0,876.0,441728,462528,878.0,-0.009090971701251963,0.17390064206012243,0.1974223314840762,0.16980800468022877,280.0,FG
2015-11-03,877.0,885.0,873.0,883.0,455460,470458,879.0,0.007959109667568643,0.1742245883744675,0.19768455331448254,0.16896368579675292,7930.0,FG
2015-11-04,884.0,902.0,882.0,890.0,928412,489418,893.0,0.00789626212222554,0.16986768169294691,0.19696133766186993,0.16919468572925342,18960.0,FG
2015-11-05,890.0,896.0,868.0,874.0,835554,422956,885.0,-0.018141087070650038,0.1872701531378583,0.19850389144109912,0.18093322998438294,-66462.0,FG
2015-11-06,873.0,878.0,867.0,875.0,559838,446794,873.0,0.0011435107020790205,0.16142116096149398,0.19799603832343027,0.1783310314333972,23838.0,FG
2015-11-09,874.0,880.0,870.0,873.0,437462,445558,874.0,-0.0022883305180122736,0.14853762952663555,0.19793917827469315,0.1740128256282834,-1236.0,FG
2015-11-10,874.0,878.0,865.0,877.0,498170,445992,872.0,0.004571436532580819,0.1482962417568357,0.1981500530011367,0.17567231425016952,434.0,FG
2015-11-11,877.0,878.0,870.0,872.0,350036,441454,873.0,-0.005717568463203408,0.1480163875308717,0.19606425138583466,0.1735443640354522,-4538.0,FG
2015-11-12,872.0,894.0,861.0,881.0,906190,433142,872.0,0.010268202027199792,0.15012418111221743,0.1947497912528024,0.18962619444990872,-8312.0,FG
2015-11-13,880.0,888.0,872.0,883.0,716042,404422,880.0,0.0022675746677805605,0.150160112049016,0.1945786171896424,0.1926789119368745,-28720.0,FG
2015-11-16,883.0,888.0,876.0,876.0,413434,404864,883.0,-0.007959109667568605,0.15136857902985568,0.19112748943991326,0.19154438359150194,442.0,FG
2015-11-17,877.0,878.0,858.0,872.0,726436,390854,867.0,-0.004576667027411867,0.1532451966908258,0.19129319822381696,0.1949472879330481,-14010.0,FG
2015-11-18,871.0,874.0,863.0,868.0,446160,392988,868.0,-0.0045977092486294314,0.13436830637065947,0.19107175442758786,0.18192648923429522,2134.0,FG
2015-11-19,868.0,871.0,850.0,855.0,764546,346462,860.0,-0.015090245723589971,0.13864658448590278,0.19050839704814734,0.17982059942712603,-46526.0,FG
2015-11-20,854.0,864.0,848.0,858.0,555468,318154,857.0,0.0035026305512020745,0.13748598233486617,0.1900839321107268,0.18045130170224633,-28308.0,FG
2015-11-23,859.0,873.0,854.0,865.0,426088,301116,864.0,0.008125407443916932,0.13973811055794752,0.18607195201220683,0.1840919044768535,-17038.0,FG
2015-11-24,866.0,890.0,857.0,890.0,533522,276406,871.0,0.02849195579430624,0.16842908036076382,0.19470044957242713,0.19698884006375397,-24710.0,FG
2015-11-25,890.0,906.0,884.0,906.0,562500,276262,897.0,0.017817843316793893,0.17631128765088605,0.19777366625402382,0.20134409242332824,-144.0,FG
2015-11-26,906.0,915.0,883.0,886.0,586798,162886,899.0,-0.022322355437898383,0.1960554047887521,0.18565386519321567,0.2141787356147308,-113376.0,FG
2015-11-27,883.0,897.0,883.0,897.0,208004,172492,891.0,0.012338911453715098,0.1949608360912431,0.18712980759558914,0.21282843417791703,9606.0,FG
2015-11-30,897.0,900.0,883.0,885.0,192856,160966,891.0,-0.013468217050866593,0.19844522780113963,0.18905290557576324,0.2150120032292041,-11526.0,FG
2015-12-01,885.0,889.0,878.0,881.0,166840,139738,883.0,-0.004530019071750011,0.1971860996803633,0.18726862657597762,0.21468295847631091,-21228.0,FG
2015-12-02,808.0,827.0,806.0,822.0,491470,192028,819.0,-0.06931723087999957,0.3116590121970664,0.23409882358182607,0.2163439676687389,52290.0,FG
2015-12-03,822.0,825.0,814.0,822.0,274668,210896,820.0,0.0,0.3073788836349401,0.22174505569757927,0.2075394659541763,18868.0,FG
2015-12-04,824.0,828.0,806.0,809.0,296454,186338,815.0,-0.015941477997688264,0.31022157002140327,0.22395792821617014,0.21360122731361264,-24558.0,FG
2015-12-07,811.0,822.0,803.0,820.0,327142,197382,814.0,0.01350542319980719,0.3162817373707222,0.22583221429477568,0.21795005768817324,11044.0,FG
2015-12-08,820.0,820.0,810.0,813.0,199422,202392,815.0,-0.008573230710488213,0.31548273228613705,0.22626674946204908,0.21720447094146828,5010.0,FG
2015-12-09,812.0,817.0,804.0,816.0,323128,196430,810.0,0.003683245416296368,0.3164757280927443,0.225885250495247,0.21899761544625385,-5962.0,FG
2015-12-10,816.0,819.0,806.0,808.0,264492,200350,813.0,-0.009852296443011594,0.3130865752542659,0.22611654753982924,0.20672811233208255,3920.0,FG
2015-12-11,808.0,824.0,807.0,823.0,270252,217742,816.0,0.01839414215597434,0.3226014813060543,0.2283347228367435,0.2078590036111431,17392.0,FG
2015-12-14,823.0,827.0,816.0,823.0,232998,228022,821.0,0.0,0.322387129514704,0.22761605619748942,0.20779595738254986,10280.0,FG
2015-12-15,821.0,839.0,820.0,825.0,405344,260742,831.0,0.0024271856576111375,0.32292142347744257,0.22741193390059034,0.2077280916708992,32720.0,FG
2015-12-16,824.0,829.0,822.0,827.0,146692,255886,826.0,0.0024213086890103454,0.3233520313236083,0.22747558229243023,0.20676533813592082,-4856.0,FG
2015-12-17,826.0,834.0,822.0,823.0,226694,248300,827.0,-0.004848494346621521,0.32008225173610316,0.22651607330670753,0.2025179359881481,-7586.0,FG
2015-12-18,823.0,834.0,821.0,834.0,181556,251716,828.0,0.013277201681676863,0.3240964190938467,0.2281302493747618,0.2013728607496087,3416.0,FG
2015-12-21,834.0,842.0,826.0,839.0,434530,293148,834.0,0.005977304108459382,0.3233522202939004,0.2284610925670908,0.2000687829258711,41432.0,FG
2015-12-22,839.0,843.0,830.0,833.0,283580,300692,835.0,-0.007177064300363481,0.3037821506182042,0.2288037298419119,0.18622629772362714,7544.0,FG
2015-12-23,832.0,834.0,826.0,826.0,185054,279516,829.0,-0.008438868645864595,0.29377385650092497,0.22882750843971722,0.17992971191004012,-21176.0,FG
2015-12-24,828.0,835.0,825.0,834.0,163218,272572,831.0,0.009638628837768793,0.2901459750311268,0.22972863057216739,0.16527469735551473,-6944.0,FG
2015-12-25,834.0,840.0,825.0,826.0,229238,274602,831.0,-0.009638628837768745,0.28519642476547946,0.22405670902038113,0.16632448289706842,2030.0,FG
2015-12-28,827.0,829.0,818.0,819.0,237542,263600,823.0,-0.00851068966790862,0.2835930757305756,0.22473398232350789,0.16379498659876893,-11002.0,FG
2015-12-29,818.0,832.0,814.0,832.0,262054,254294,824.0,0.015748356968139112,0.29191734954107534,0.22703340317397308,0.1681864510967757,-9306.0,FG
2015-12-30,833.0,837.0,829.0,831.0,233404,258166,833.0,-0.0012026459657604525,0.15520661783973969,0.22651299263237737,0.16037422635181192,3872.0,FG
2015-12-31,831.0,840.0,828.0,831.0,233174,249396,833.0,0.0,0.15520661783973969,0.22651299263237737,0.16075130166306045,-8770.0,FG
2016-01-04,833.0,839.0,822.0,823.0,222522,250970,828.0,-0.00967359417837833,0.14785435564545352,0.2193992981564119,0.15639911899588066,1574.0,FG
2016-01-05,823.0,830.0,822.0,829.0,183616,249124,826.0,0.007263954458225057,0.1423745358864716,0.21760421065451693,0.1497263715519096,-1846.0,FG
2016-01-06,829.0,831.0,820.0,823.0,175958,249072,825.0,-0.007263954458225169,0.14134264550230788,0.218117322516362,0.1501325094510305,-52.0,FG
2016-01-07,822.0,830.0,821.0,830.0,211016,250832,825.0,0.008469500113573784,0.14370464890790274,0.21843866356772762,0.14803973086246655,1760.0,FG
2016-01-08,829.0,848.0,827.0,841.0,631398,327306,838.0,0.013165959182304522,0.14419027841798396,0.21984584488179848,0.15361140920529356,76474.0,FG
2016-01-11,841.0,850.0,833.0,834.0,523548,348930,840.0,-0.008358257614201248,0.1348939064474427,0.22044219643735835,0.15322288400758483,21624.0,FG
2016-01-12,835.0,837.0,825.0,831.0,368078,261788,831.0,-0.0036036075032985443,0.1357263639300808,0.21917533438342196,0.1536523447937883,-87142.0,FG
2016-01-13,831.0,834.0,828.0,830.0,193860,255084,830.0,-0.0012040940648045638,0.13564937101476393,0.21916819710871935,0.1465554493474541,-6704.0,FG
2016-01-14,830.0,834.0,823.0,833.0,269898,243630,828.0,0.0036079413761990835,0.1359578224397865,0.21426962203308667,0.1481522146101727,-11454.0,FG
2016-01-15,832.0,840.0,832.0,836.0,196738,256060,837.0,0.0035949709178590143,0.13497425765543988,0.21297743194482557,0.1463384877926106,12430.0,FG
2016-01-18,836.0,857.0,834.0,854.0,422570,291324,846.0,0.021302580703868187,0.14717916208711168,0.2172738452992803,0.1537492541563858,35264.0,FG
2016-01-19,855.0,861.0,850.0,860.0,295336,316006,855.0,0.007001195458983561,0.1476615705899249,0.21749474962102353,0.1507474369841684,24682.0,FG
2016-01-20,860.0,861.0,852.0,853.0,201092,300114,856.0,-0.008172841755874247,0.14844796349517816,0.2167443851100593,0.14877391119184066,-15892.0,FG
2016-01-21,852.0,860.0,851.0,857.0,183392,310438,855.0,0.004678371106100721,0.1444474204196024,0.21658554577154135,0.14904295879952362,10324.0,FG
2016-01-22,858.0,873.0,856.0,868.0,442562,333474,867.0,0.012753796062570415,0.1470561131354259,0.21821618293879427,0.15265268979612645,23036.0,FG
2016-01-25,868.0,870.0,851.0,856.0,280866,273506,860.0,-0.01392133851860812,0.1522046076338155,0.21811990018893737,0.15503967335015212,-59968.0,FG
2016-01-26,854.0,862.0,853.0,855.0,164560,252412,856.0,-0.0011689072049818425,0.1478210868278494,0.21740163112843905,0.15404384224412476,-21094.0,FG
2016-01-27,856.0,865.0,855.0,862.0,157114,252378,861.0,0.008153801726932978,0.14090596270250536,0.2174337287544028,0.1489373067742613,-34.0,FG
2016-01-28,862.0,863.0,853.0,854.0,132116,248150,858.0,-0.00932407687512329,0.14599494590569712,0.2174905154577302,0.14959585865939465,-4228.0,FG
2016-01-29,855.0,858.0,846.0,851.0,195086,224204,851.0,-0.003519065215195732,0.14695488077714525,0.2145467002332727,0.14946536930880144,-23946.0,FG
2016-02-01,852.0,857.0,846.0,849.0,148128,216576,852.0,-0.002352942262026839,0.14203150631975298,0.21455575367068863,0.1456129214330724,-7628.0,FG
2016-02-02,850.0,851.0,842.0,850.0,136660,199844,847.0,0.0011771631730148311,0.14043373008170895,0.21455016079462763,0.14591041801662094,-16732.0,FG
2016-02-03,851.0,855.0,847.0,850.0,99364,184896,851.0,0.0,0.136943569710187,0.21430003601803782,0.14452587857107224,-14948.0,FG
2016-02-04,850.0,865.0,849.0,865.0,134300,172724,858.0,0.01749315744751712,0.14628502474130306,0.217133854082893,0.14806545483559572,-12172.0,FG
2016-02-05,865.0,867.0,857.0,863.0,74488,158906,861.0,-0.002314815848451375,0.14097041999140184,0.2160961515390599,0.14033971092720066,-13818.0,FG
2016-02-15,861.0,871.0,859.0,868.0,92098,174288,866.0,0.005777023576922301,0.13704320052181534,0.2163944012220458,0.1368313675600223,15382.0,FG
2016-02-16,869.0,869.0,862.0,862.0,87136,184486,865.0,-0.0069364439966570985,0.1393232742097298,0.21625075842460834,0.1344528837213488,10198.0,FG
2016-02-17,862.0,885.0,860.0,884.0,273876,234594,874.0,0.025201791973950324,0.16129974553979917,0.2221981209573317,0.1467805063683827,50108.0,FG
2016-02-18,884.0,890.0,881.0,886.0,220512,252356,886.0,0.002259887967437504,0.1613199728115887,0.22200791439834772,0.14565538139671896,17762.0,FG
2016-02-19,886.0,897.0,883.0,889.0,244892,242478,890.0,0.003380284908823691,0.16131281378421428,0.21975758073115886,0.14804816740715726,-9878.0,FG
2016-02-22,888.0,923.0,888.0,905.0,312944,231152,904.0,0.01783770818602145,0.15655587246199637,0.22247736486611663,0.15911956033453303,-11326.0,FG
2016-02-23,905.0,909.0,892.0,901.0,226470,212336,900.0,-0.004429686091588173,0.15782718143648744,0.22222287830528978,0.1618039476465244,-18816.0,FG
2016-02-24,901.0,907.0,895.0,906.0,170128,208476,900.0,0.005534048434641479,0.1531990169226876,0.2148673587926104,0.16273429606252335,-3860.0,FG
2016-02-25,905.0,924.0,903.0,914.0,373580,224658,915.0,0.008791265411170724,0.15447177891298805,0.2125257480180421,0.16842285910162205,16182.0,FG
2016-02-26,915.0,923.0,904.0,921.0,283228,225654,914.0,0.007629464801156942,0.15134092419398565,0.207850682408052,0.1690362854102734,996.0,FG
2016-02-29,922.0,922.0,907.0,918.0,234654,212180,914.0,-0.0032626456348163824,0.13995761790133993,0.2065673607072529,0.16609657053183668,-13474.0,FG
2016-03-01,922.0,933.0,915.0,930.0,298444,228604,923.0,0.012987195526811112,0.14267141060733357,0.20610738374433368,0.16971279921813068,16424.0,FG
2016-03-02,931.0,933.0,924.0,929.0,219824,220260,929.0,-0.0010758473334631254,0.14304072832431283,0.20584743025636665,0.16916394846609928,-8344.0,FG
2016-03-03,928.0,937.0,921.0,923.0,227502,212898,930.0,-0.006479504310986396,0.13994161243138062,0.1464298621549488,0.171293274636339,-7362.0,FG
2016-03-04,923.0,932.0,921.0,929.0,224784,207914,928.0,0.006479504310986402,0.13742330070939898,0.14666484966361967,0.17053599542263148,-4984.0,FG
2016-03-07,930.0,966.0,928.0,966.0,356532,204934,952.0,0.039055095398679476,0.1815927643950542,0.16041429178903485,0.1886566148933,-2980.0,FG
2016-03-08,979.0,1019.0,949.0,974.0,1615136,181562,991.0,0.008247469430017045,0.18060663403173907,0.15930433026240792,0.2406583968757803,-23372.0,FG
2016-03-09,967.0,984.0,952.0,973.0,477926,163040,968.0,-0.0010272214565300254,0.18115187302650768,0.15774486487862477,0.24989164126069513,-18522.0,FG
2016-03-10,973.0,996.0,958.0,959.0,448858,169066,975.0,-0.014493007302566864,0.19122812274163659,0.16172159537524552,0.2601851060887247,6026.0,FG
2016-03-11,957.0,970.0,953.0,959.0,210556,157836,963.0,0.0,0.19021028945121304,0.15972166295358342,0.261723069351194,-11230.0,FG
2016-03-14,956.0,985.0,954.0,958.0,323326,158770,970.0,-0.0010432969125776746,0.19149699127827954,0.15660665327915838,0.2687778569966954,934.0,FG
2016-03-15,957.0,962.0,942.0,947.0,316010,141634,950.0,-0.01154868478478232,0.1959021036875885,0.15915125519012868,0.27191281184459,-17136.0,FG
2016-03-16,945.0,953.0,938.0,945.0,208930,139276,945.0,-0.0021141656923355256,0.1815728507418509,0.15941035966515088,0.26715044543314836,-2358.0,FG
2016-03-17,945.0,958.0,933.0,941.0,368344,156286,944.0,-0.004241787908363141,0.18352461422854782,0.15996165396202994,0.2721322428518461,17010.0,FG
2016-03-18,941.0,968.0,938.0,953.0,569422,172552,955.0,0.012671764068822491,0.18668328257373643,0.16070865583856267,0.2782242651939304,16266.0,FG
2016-03-21,952.0,960.0,935.0,936.0,421148,163580,948.0,-0.017999427176610117,0.19328739127475134,0.16441379392751515,0.27168066952339287,-8972.0,FG
2016-03-22,935.0,941.0,926.0,928.0,338930,160940,934.0,-0.008583743691391442,0.1955608668890492,0.1655748706961357,0.2708646053346017,-2640.0,FG
2016-03-23,928.0,946.0,927.0,934.0,255578,147424,938.0,0.006444705442641963,0.19583580072413678,0.16482015958664667,0.27280717552972744,-13516.0,FG
2016-03-24,934.0,939.0,918.0,919.0,334168,126460,930.0,-0.016190315873155583,0.2034051894678381,0.16761767912380265,0.27266716391208745,-20964.0,FG
2016-03-25,918.0,927.0,913.0,924.0,206274,105670,921.0,0.005425949285997205,0.2025037543954222,0.16700002339172373,0.2709998768496838,-20790.0,FG
2016-03-28,924.0,929.0,916.0,916.0,133666,101988,923.0,-0.008695706967553932,0.20461298408562717,0.1667394471031015,0.2704131801847612,-3682.0,FG
2016-03-29,916.0,925.0,916.0,919.0,101090,98948,920.0,0.0032697576815567068,0.19924314710567848,0.16540419087434496,0.2680359445235895,-3040.0,FG
2016-03-30,919.0,933.0,918.0,930.0,149818,103496,925.0,0.011898463791614518,0.2040533985705611,0.16422282889984824,0.26945129850905813,4548.0,FG
2016-03-31,931.0,933.0,923.0,929.0,90506,96724,928.0,-0.0010758473334631254,0.20266657036543215,0.16421302613020067,0.2679368350131666,-6772.0,FG
2016-04-01,930.0,939.0,926.0,930.0,131410,97974,932.0,0.00107584733346311,0.20140359265861427,0.16417612729120085,0.2683856864637816,1250.0,FG
2016-04-06,924.0,928.0,919.0,924.0,60644,76358,923.0,-0.006472514505617479,0.14051932917881158,0.16334988087040359,0.25533874235691306,-21616.0,FG
2016-04-07,950.0,974.0,950.0,970.0,270314,132658,966.0,0.04858399985574428,0.22626856758134328,0.18885225335114333,0.21253102854293626,56300.0,FG
2016-04-08,969.0,972.0,959.0,966.0,225814,133756,966.0,-0.004132237284910495,0.22668282020323788,0.1882651688074278,0.20263023479293812,1098.0,FG
2016-04-11,968.0,988.0,967.0,973.0,341354,160910,975.0,0.007220247973487097,0.2218183416985208,0.1881193215363328,0.19057272086860363,27154.0,FG
2016-04-12,975.0,1006.0,973.0,1004.0,393466,181952,987.0,0.03136321806566943,0.24678114026485923,0.19593479989419968,0.1998095936031412,21042.0,FG
2016-04-13,1003.0,1018.0,986.0,994.0,539890,178384,999.0,-0.01001009359510046,0.2503860821080621,0.1963673878703611,0.19978137711571775,-3568.0,FG
2016-04-14,992.0,999.0,986.0,997.0,288062,179936,994.0,0.0030135633052642587,0.245380200093515,0.19589916710185087,0.1967133721715148,1552.0,FG
2016-04-15,999.0,1027.0,996.0,998.0,831750,203318,1014.0,0.0010025063496255707,0.24484375999288796,0.19574854767237349,0.20444240108531894,23382.0,FG
2016-04-18,995.0,1015.0,988.0,1007.0,366578,190996,1004.0,0.008977616407098384,0.24435238170875703,0.19611735205470154,0.20474755429160232,-12322.0,FG
2016-04-19,1010.0,1033.0,1003.0,1021.0,518168,191432,1015.0,0.0138069254461032,0.24495200179998164,0.19731709374538292,0.20339389429029486,436.0,FG
2016-04-20,1023.0,1039.0,1013.0,1034.0,533512,172442,1026.0,0.012652236903708803,0.23333892264082928,0.1947522020273636,0.20279431659946592,-18990.0,FG
2016-04-21,1033.0,1067.0,1024.0,1056.0,581168,162900,1045.0,0.021053409197832263,0.2341983149413318,0.19800336385509634,0.2181509998089947,-9542.0,FG
2016-04-22,1056.0,1061.0,1019.0,1022.0,439478,146566,1039.0,-0.03272669350255707,0.27211248152298406,0.2100715229596667,0.23041019390857936,-16334.0,FG
2016-04-25,1021.0,1057.0,1021.0,1034.0,345168,144954,1037.0,0.011673284304724805,0.2618725795698906,0.21079055651422407,0.23705703625173935,-1612.0,FG
2016-04-26,1035.0,1045.0,1004.0,1012.0,366906,136652,1027.0,-0.02150620522096362,0.27924287735431824,0.21570553818720478,0.2497487401612996,-8302.0,FG
2016-04-27,1015.0,1017.0,990.0,999.0,330320,139334,1004.0,-0.012929071198857372,0.2822695051064781,0.21539360361939444,0.25444691062996555,2682.0,FG
2016-04-28,1000.0,1006.0,992.0,993.0,209252,133600,998.0,-0.006024114603380902,0.28463446086062977,0.21597838070395092,0.25533837994651565,-5734.0,FG
2016-04-29,993.0,1012.0,992.0,998.0,257268,131618,1002.0,0.005022612266291304,0.28311737484082117,0.2157251072772648,0.25653392183388163,-1982.0,FG
2016-05-03,830.0,870.0,830.0,870.0,346,426,856.0,-0.13726006466283458,0.5731343770772821,0.35706042588429504,0.2743608278156847,-131192.0,FG
2016-05-04,960.0,968.0,956.0,964.0,201322,138122,962.0,0.10259808296191628,0.684804270373646,0.41348452399378066,0.2740422370939731,137696.0,FG
2016-05-05,966.0,970.0,955.0,957.0,192686,144438,962.0,-0.0072879031575913255,0.6849398569506513,0.413831167119518,0.27525619796081446,6316.0,FG
2016-05-06,959.0,963.0,934.0,945.0,288584,152532,947.0,-0.012618463959211462,0.663732857004913,0.41490352279887516,0.27780348955589845,8094.0,FG
2016-05-09,945.0,966.0,925.0,933.0,415448,181622,942.0,-0.012779726646398882,0.664920520637488,0.41595273913086905,0.29126893407551463,29090.0,FG
2016-05-10,932.0,944.0,927.0,941.0,291512,179604,936.0,0.00853793873803587,0.6651703820192925,0.4148988930526442,0.2902507743362269,-2018.0,FG
2016-05-11,941.0,959.0,941.0,957.0,288340,183702,950.0,0.016860251867574647,0.657626563553717,0.41601546435595077,0.28433922264210204,4098.0,FG
2016-05-12,956.0,971.0,952.0,964.0,268442,181158,960.0,0.007287903157591352,0.6578354543590179,0.4160892743064853,0.2793034226722606,-2544.0,FG
2016-05-13,962.0,981.0,942.0,957.0,534808,178774,959.0,-0.0072879031575913255,0.6579070186609184,0.416120975414834,0.29095771524269026,-2384.0,FG
2016-05-16,955.0,979.0,951.0,975.0,351982,180414,968.0,0.01863407954489301,0.6619234530838037,0.4147658159580551,0.2902021251163817,1640.0,FG
2016-05-17,976.0,983.0,963.0,977.0,316802,176910,973.0,0.0020491810449356452,0.6609790303345454,0.41476468953494566,0.28782816111390724,-3504.0,FG
2016-05-18,975.0,982.0,954.0,955.0,345562,162384,970.0,-0.022775311562052442,0.6624756161787416,0.41772257769645094,0.28757922315099294,-14526.0,FG
2016-05-19,954.0,962.0,947.0,957.0,292742,163252,955.0,0.002092050972223951,0.6601691499123462,0.41629823301437663,0.28446400356503077,868.0,FG
2016-05-20,956.0,978.0,952.0,975.0,321394,162650,965.0,0.01863407954489301,0.6590217943497783,0.41769943776708734,0.27670291248273904,-602.0,FG
2016-05-23,975.0,978.0,932.0,940.0,417996,170210,953.0,-0.03655759573379758,0.6613548074774682,0.42467652438900455,0.2822653529935225,7560.0,FG
2016-05-24,940.0,946.0,927.0,939.0,386754,179540,938.0,-0.0010643960557867014,0.658865399636743,0.4243487838127316,0.27589128776442023,9330.0,FG
2016-05-25,942.0,946.0,933.0,941.0,308448,179642,940.0,0.002127660377116828,0.656282665357841,0.4241028850651994,0.2641151204039555,102.0,FG
2016-05-26,943.0,959.0,938.0,958.0,310228,172126,948.0,0.017904638385480877,0.6595841303963064,0.4255357260063866,0.2621122104426113,-7516.0,FG
2016-05-27,957.0,974.0,948.0,973.0,397940,163188,961.0,0.015536304215144613,0.6622935682644898,0.42587900901504183,0.2666792904738474,-8938.0,FG
2016-05-30,972.0,1000.0,967.0,1000.0,434574,182324,985.0,0.027371196796131977,0.6696478366699328,0.42930614865318606,0.27276050151559383,19136.0,FG
2016-05-31,1007.0,1034.0,1007.0,1023.0,586928,205558,1023.0,0.02273948696948934,0.43596956752202803,0.43122230408839285,0.25993623209886835,23234.0,FG
2016-06-01,1024.0,1036.0,1014.0,1028.0,543358,231674,1023.0,0.004875680063483931,0.2577309795011723,0.43115963121822065,0.2625688532901325,26116.0,FG
2016-06-02,1030.0,1045.0,1002.0,1009.0,921324,277544,1022.0,-0.018655425661501506,0.26679973290121317,0.4260286040532861,0.27533141652537096,45870.0,FG
2016-06-03,1008.0,1018.0,995.0,1008.0,812420,273568,1006.0,-0.0009915717222950518,0.2611542692420212,0.4257547626974324,0.27193140548066635,-3976.0,FG
2016-06-06,1011.0,1022.0,997.0,1018.0,763948,255688,1011.0,0.009871748479154091,0.25509555088255015,0.42616237213624936,0.26121210969887027,-17880.0,FG
2016-06-07,1020.0,1031.0,1013.0,1019.0,475174,247906,1021.0,0.00098183611225686,0.2548657740636367,0.4249855187460578,0.26103922883643305,-7782.0,FG
2016-06-08,1017.0,1025.0,1009.0,1020.0,292470,230912,1018.0,0.0009808730555918924,0.2504532400322825,0.4249803435766262,0.2600745765370947,-16994.0,FG
2016-06-13,1018.0,1034.0,1012.0,1023.0,305778,246614,1022.0,0.0029368596733097057,0.24998799006971775,0.42497581290432324,0.26069791619376326,15702.0,FG
2016-06-14,1023.0,1027.0,1003.0,1009.0,420594,230914,1015.0,-0.013779745598017512,0.2545059219310383,0.42528134553695146,0.2511270756414267,-15700.0,FG
2016-06-15,1010.0,1015.0,1002.0,1013.0,311732,225106,1008.0,0.003956483895074507,0.24756931218950587,0.4252700733184524,0.2449852679714396,-5808.0,FG
2016-06-16,1014.0,1019.0,987.0,988.0,372452,220590,1008.0,-0.024988806500815582,0.26519974324298246,0.42848284912552803,0.25040493798610075,-4516.0,FG
2016-06-17,988.0,998.0,973.0,996.0,491420,185462,985.0,0.008064559836730495,0.25155797841368105,0.42804550448445944,0.24865950813435306,-35128.0,FG
2016-06-20,996.0,1008.0,990.0,995.0,306986,188530,999.0,-0.0010045204260054762,0.2517976767802509,0.42629579222667263,0.24936284543741385,3068.0,FG
2016-06-21,995.0,1019.0,993.0,1018.0,323776,199262,1008.0,0.022852459951875227,0.2558846238215892,0.42812095470098094,0.24883817397988797,10732.0,FG
2016-06-22,1016.0,1022.0,1009.0,1016.0,357284,210892,1015.0,-0.001966568972040827,0.21258258825449827,0.42805714413650836,0.22846270794256915,11630.0,FG
2016-06-23,1014.0,1025.0,1011.0,1019.0,408068,221654,1018.0,0.002948405084297607,0.2118247511602953,0.42650404458731306,0.22625660319585042,10762.0,FG
2016-06-24,1019.0,1027.0,1007.0,1010.0,374134,192678,1019.0,-0.0088714233874197,0.21667813735260325,0.42697609295148986,0.2281940094861568,-28976.0,FG
2016-06-27,1008.0,1059.0,1008.0,1051.0,573240,229106,1039.0,0.03979176104164603,0.2474111412335245,0.4334996291486272,0.24666845425680267,36428.0,FG
2016-06-28,1048.0,1054.0,1037.0,1047.0,319582,237038,1046.0,-0.003813160006414265,0.24564223245793732,0.4336729551218246,0.2423569491701215,7932.0,FG
2016-06-29,1050.0,1052.0,1033.0,1044.0,353788,245588,1043.0,-0.00286944242795282,0.23001255204048238,0.4333172321403097,0.23485692339812156,8550.0,FG
2016-06-30,1043.0,1085.0,1042.0,1085.0,662712,281918,1074.0,0.038520497531975895,0.2541026277662704,0.4396463560555928,0.24366743063236865,36330.0,FG
2016-07-01,1092.0,1123.0,1087.0,1110.0,808410,256930,1108.0,0.022780028331819906,0.26360252482540664,0.44155831350951597,0.2491642560489361,-24988.0,FG
2016-07-04,1108.0,1136.0,1102.0,1117.0,599438,250180,1120.0,0.006286504762820825,0.24999820781923363,0.4411726879640206,0.24142421386439528,-6750.0,FG
2016-07-05,1118.0,1122.0,1088.0,1121.0,595060,238474,1107.0,0.0035746240029592047,0.24905748488468304,0.43098562191884565,0.24535728592972886,-11706.0,FG
2016-07-06,1120.0,1138.0,1075.0,1088.0,903262,221514,1101.0,-0.029879995656272026,0.27751194162810305,0.43581957607710214,0.26843615916273483,-16960.0,FG
2016-07-07,1083.0,1112.0,1081.0,1089.0,492604,205976,1096.0,0.0009186955170725863,0.2775190463213005,0.4356884581057908,0.2725131433424739,-15538.0,FG
2016-07-08,1092.0,1096.0,1052.0,1052.0,633298,216610,1064.0,-0.03456672963530535,0.30822422131363564,0.43756284172077997,0.2841065820842308,10634.0,FG
2016-07-11,1052.0,1068.0,1044.0,1058.0,366676,199134,1055.0,0.005687219120589514,0.3085409224838086,0.4370958298673628,0.28453516417313973,-17476.0,FG
2016-07-12,1060.0,1098.0,1057.0,1098.0,414396,213870,1080.0,0.03711000965123117,0.32689922171865055,0.4432460614197246,0.29149373793628264,14736.0,FG
2016-07-13,1103.0,1116.0,1091.0,1096.0,503196,197688,1103.0,-0.0018231545615151365,0.32759994932306397,0.4432999485409499,0.29416598063917954,-16182.0,FG
2016-07-14,1097.0,1106.0,1072.0,1101.0,563838,203666,1090.0,0.0045516692147191005,0.30942353876090634,0.44307819664506903,0.29383530210030623,5978.0,FG
2016-07-15,1102.0,1113.0,1082.0,1095.0,480966,205024,1094.0,-0.0054644944720787375,0.31158850830622853,0.44255366379044503,0.2950170298552488,1358.0,FG
2016-07-18,1098.0,1100.0,1051.0,1054.0,447054,186698,1076.0,-0.03816191314929359,0.3463540089485068,0.44907258675996575,0.30811171653060143,-18326.0,FG
2016-07-19,1053.0,1078.0,1049.0,1077.0,487770,185410,1064.0,0.021586948055080844,0.3454214601080574,0.4491782763043339,0.3086645158597508,-1288.0,FG
2016-07-20,1076.0,1089.0,1068.0,1074.0,529216,177166,1078.0,-0.0027894020875785254,0.34558360601267185,0.4439698709434202,0.3102327310467792,-8244.0,FG
2016-07-21,1071.0,1086.0,1064.0,1081.0,416906,180120,1075.0,0.0064965425703981915,0.34583450985752684,0.4435595558443491,0.31189741270861426,2954.0,FG
2016-07-22,1080.0,1088.0,1057.0,1059.0,311394,167840,1073.0,-0.02056147203780183,0.35347896464145123,0.44336292542758315,0.3151245126764614,-12280.0,FG
2016-07-25,1059.0,1092.0,1056.0,1090.0,381210,178812,1073.0,0.02885262962178296,0.3401031454860299,0.4460926157847847,0.3055927195402247,10972.0,FG
2016-07-26,1089.0,1103.0,1078.0,1098.0,558386,200744,1091.0,0.007312646846286557,0.3399523815993902,0.44597607336706324,0.30751349825741625,21932.0,FG
2016-07-27,1096.0,1117.0,1094.0,1106.0,531746,196160,1104.0,0.007259560012804102,0.3397813144545159,0.44607058222060364,0.30825077324427613,-4584.0,FG
2016-07-28,1107.0,1117.0,1091.0,1091.0,493696,190932,1103.0,-0.013655196249209267,0.31709674359352324,0.3421466631508293,0.3002448587801892,-5228.0,FG
2016-07-29,1092.0,1097.0,1075.0,1079.0,424950,169510,1087.0,-0.011060020574936196,0.3079350786501682,0.27513798364716,0.2953153656060977,-21422.0,FG
2016-08-01,1080.0,1131.0,1072.0,1131.0,579306,206980,1106.0,0.04706751085798573,0.35196468156756994,0.28946339309774644,0.30982142587201533,37470.0,FG
2016-08-02,1140.0,1167.0,1133.0,1157.0,606204,209070,1149.0,0.02272825107755609,0.36048960980094874,0.29048406919607056,0.3092922712212666,2090.0,FG
2016-08-03,1159.0,1159.0,1147.0,1157.0,373134,214110,1154.0,0.0,0.3411379222626751,0.2886383165673329,0.2855293832745722,5040.0,FG
2016-08-04,1157.0,1174.0,1135.0,1156.0,657456,204488,1151.0,-0.0008646779613538057,0.3413444146727888,0.2885929493834347,0.28821649069398897,-9622.0,FG
2016-08-05,1155.0,1169.0,1145.0,1168.0,410338,219098,1157.0,0.010327114155849524,0.31200100143802073,0.2876110874947999,0.27827991866671375,14610.0,FG
2016-08-08,1168.0,1177.0,1152.0,1176.0,492236,201346,1164.0,0.006825965070399891,0.3120489320712749,0.2875856331860264,0.27782880778434843,-17752.0,FG
2016-08-09,1175.0,1211.0,1171.0,1211.0,508054,220674,1202.0,0.02932761509451992,0.30267844952348005,0.2915514447849378,0.2752197597398782,19328.0,FG
2016-08-10,1222.0,1227.0,1185.0,1193.0,625820,168808,1209.0,-0.014975321455176115,0.31000431746744844,0.29243610436122397,0.28089293759102446,-51866.0,FG
2016-08-11,1195.0,1196.0,1160.0,1169.0,499428,141440,1175.0,-0.02032246062584775,0.321920521711246,0.2964006866686483,0.2805648972549496,-27368.0,FG
2016-08-12,1156.0,1183.0,1154.0,1182.0,402638,184838,1169.0,0.011059236493975104,0.32150678130594984,0.29195104063893756,0.279099264682382,43398.0,FG
2016-08-15,1181.0,1184.0,1160.0,1173.0,462104,216374,1173.0,-0.007643349312568012,0.28511440817347333,0.2928326324032586,0.26537818647501565,31536.0,FG
2016-08-16,1173.0,1220.0,1163.0,1212.0,979340,290282,1198.0,0.032707317975784314,0.2959527299176032,0.29731134132632775,0.2781987792234401,73908.0,FG
2016-08-17,1212.0,1221.0,1200.0,1203.0,628538,272946,1210.0,-0.007453450654580891,0.298206344140396,0.28637771726776257,0.2775645118687302,-17336.0,FG
2016-08-18,1203.0,1232.0,1195.0,1208.0,852128,292956,1212.0,0.00414766252008138,0.29823646034999796,0.2861761077808588,0.2816836014523862,20010.0,FG
2016-08-19,1208.0,1218.0,1194.0,1214.0,805174,311352,1208.0,0.004954593124683395,0.28204161711712544,0.2861476073611672,0.27814399282734537,18396.0,FG
2016-08-22,1215.0,1234.0,1205.0,1222.0,969332,326166,1219.0,0.006568168112097169,0.26988888405075906,0.284787080923513,0.273582526908861,14814.0,FG
2016-08-23,1222.0,1231.0,1213.0,1222.0,813754,329024,1222.0,0.0,0.2705570256401541,0.2838977977733372,0.27102757177821285,2858.0,FG
2016-08-24,1223.0,1226.0,1189.0,1190.0,1000140,305844,1205.0,-0.02653555362596561,0.2928807806916053,0.2862460065540779,0.27520546102082444,-23180.0,FG
2016-08-25,1191.0,1206.0,1178.0,1205.0,1139324,329006,1191.0,0.012526259819180256,0.28708443024562824,0.2839967805220559,0.2751820320001182,23162.0,FG
2016-08-26,1205.0,1231.0,1196.0,1222.0,1446770,398874,1215.0,0.014009293806785212,0.2823093075125618,0.28489985472838497,0.27861408840410534,69868.0,FG
2016-08-29,1223.0,1225.0,1181.0,1187.0,1463934,388074,1199.0,-0.029059745121872652,0.2651681482679591,0.2889946408681993,0.26592724660800654,-10800.0,FG
2016-08-30,1188.0,1194.0,1166.0,1175.0,1212160,386580,1178.0,-0.010160968031408705,0.25740111693046264,0.29009600939015456,0.2632767369313823,-1494.0,FG
2016-08-31,1176.0,1184.0,1157.0,1164.0,1008198,349650,1170.0,-0.00940579828687615,0.25990816793631755,0.290703967921062,0.2668808372216268,-36930.0,FG
2016-09-01,1165.0,1173.0,1153.0,1165.0,896562,349110,1162.0,0.0008587377084178045,0.25987783427659833,0.2907063227105434,0.25964011744720367,-540.0,FG
2016-09-02,1165.0,1207.0,1162.0,1195.0,1096354,346238,1186.0,0.025425098365810177,0.27264428974744465,0.29451778927364003,0.26829366846924324,-2872.0,FG
2016-09-05,1195.0,1215.0,1181.0,1188.0,1572956,340118,1200.0,-0.005874964443020787,0.2728585185646166,0.2950288526017624,0.2711738766144755,-6120.0,FG
2016-09-06,1188.0,1207.0,1177.0,1204.0,1158368,321938,1194.0,0.01337812594617605,0.25599838244743334,0.29388796827711283,0.2670299189990183,-18180.0,FG
2016-09-07,1202.0,1208.0,1176.0,1181.0,1285192,305918,1192.0,-0.01928780967140403,0.2596810424481019,0.297358528272228,0.2628410716629717,-16020.0,FG
2016-09-08,1182.0,1183.0,1162.0,1166.0,1236570,305478,1171.0,-0.01278244928692467,0.2534024051461595,0.29358716518511646,0.2575277258116089,-440.0,FG
2016-09-09,1163.0,1177.0,1154.0,1168.0,1276696,305686,1165.0,0.001713796477734598,0.2501061175800033,0.2933871659783222,0.2555370065026676,208.0,FG
2016-09-12,1169.0,1176.0,1134.0,1135.0,1287772,315802,1152.0,-0.02866023347266929,0.26827652556170517,0.3002008379072616,0.2633843723097491,10116.0,FG
2016-09-13,1137.0,1142.0,1105.0,1105.0,1001642,353462,1122.0,-0.026787315963649843,0.2498625460467971,0.3028154120485446,0.2528639800442755,37660.0,FG
2016-09-14,1099.0,1110.0,1093.0,1101.0,756366,323432,1101.0,-0.003626477229173215,0.2496580478726015,0.30291177615139153,0.2523037569450879,-30030.0,FG
2016-09-19,1096.0,1119.0,1095.0,1114.0,382950,320240,1113.0,0.011738283764549431,0.25448530656579244,0.3036401612776187,0.24816225915444573,-3192.0,FG
2016-09-20,1114.0,1134.0,1091.0,1128.0,1918260,358706,1116.0,0.012489011570774767,0.25934114898364874,0.3036834402134885,0.2579456661311978,38466.0,FG
2016-09-21,1132.0,1142.0,1125.0,1131.0,1282334,363228,1134.0,0.0026560440581162104,0.25767175030682626,0.29330265170242403,0.25495166151194776,4522.0,FG
2016-09-22,1132.0,1148.0,1112.0,1117.0,1525516,354314,1130.0,-0.012455677046919748,0.2589705306354734,0.29445967335441314,0.2619136290775945,-8914.0,FG
2016-09-23,1119.0,1125.0,1108.0,1119.0,1011450,349652,1117.0,0.0017889092427244146,0.24629946338579436,0.29434852944553014,0.25575434906775907,-4662.0,FG
2016-09-26,1119.0,1134.0,1104.0,1121.0,1015706,308190,1120.0,0.001785714760234753,0.24019894230933342,0.2839574228575602,0.2572222092147515,-41462.0,FG
2016-09-27,1122.0,1129.0,1109.0,1122.0,888012,293236,1119.0,0.000891663010481642,0.23186899744420625,0.2801846001339276,0.25269071320576014,-14954.0,FG
2016-09-28,1120.0,1129.0,1104.0,1118.0,949242,274372,1117.0,-0.0035714323675971335,0.21273341434909504,0.27999662134044395,0.24511368859182261,-18864.0,FG
2016-09-29,1120.0,1135.0,1114.0,1119.0,707256,245486,1125.0,0.0008940545968807142,0.21141963270955938,0.27990566718834975,0.24313454850010877,-28886.0,FG
2016-09-30,1119.0,1125.0,1063.0,1068.0,897954,255178,1092.0,-0.046647688791785116,0.2624127794027119,0.28941381289371454,0.2668393256756713,9692.0,FG
2016-10-10,1060.0,1080.0,1054.0,1070.0,307852,278392,1066.0,0.0018709079358116025,0.2626990306513061,0.28943745759105044,0.2693456825704483,23214.0,FG
2016-10-11,1071.0,1081.0,1065.0,1078.0,610850,322566,1073.0,0.007448824012990695,0.24292084455416077,0.28093766332850406,0.2589228530821369,44174.0,FG
2016-10-12,1076.0,1089.0,1053.0,1080.0,1109980,307674,1072.0,0.0018535686493228347,0.24415182396953264,0.2807412649957432,0.26173280786825737,-14892.0,FG
2016-10-13,1080.0,1087.0,1065.0,1070.0,878702,316444,1073.0,-0.009302392662313561,0.2349703264511046,0.2707946177609818,0.2598709163964702,8770.0,FG
2016-10-14,1070.0,1080.0,1060.0,1063.0,791548,311886,1071.0,-0.006563549114003896,0.2296776861014998,0.2710706574702277,0.2566292265954162,-4558.0,FG
2016-10-17,1064.0,1095.0,1059.0,1090.0,1077504,327022,1078.0,0.025082596881241394,0.25135917960023196,0.27589170697533116,0.263534617308983,15136.0,FG
2016-10-18,1090.0,1098.0,1082.0,1090.0,645762,302952,1090.0,0.0,0.25097583351932395,0.2756725353820993,0.26204221756185636,-24070.0,FG
2016-10-19,1089.0,1117.0,1083.0,1093.0,1008012,263300,1099.0,0.0027485129533490935,0.23342574779858133,0.2641300982333059,0.2588651492817531,-39652.0,FG
2016-10-20,1093.0,1114.0,1086.0,1110.0,740080,276930,1102.0,0.015433806129841167,0.2215901802135466,0.2623516411023183,0.255033449525324,13630.0,FG
2016-10-21,1110.0,1126.0,1107.0,1125.0,984166,270668,1117.0,0.01342302033214077,0.22584817826994175,0.263573908979075,0.2554874147745089,-6262.0,FG
2016-10-24,1125.0,1128.0,1113.0,1123.0,557226,267994,1121.0,-0.0017793599000773153,0.22248461036133096,0.2633537141454115,0.2529081323476303,-2674.0,FG
2016-10-25,1122.0,1138.0,1117.0,1135.0,833086,277088,1129.0,0.010628975177059838,0.2212487865445609,0.26039555483873955,0.24246554925360883,9094.0,FG
2016-10-26,1135.0,1146.0,1119.0,1131.0,682016,251786,1132.0,-0.003530453799382645,0.22146643779777314,0.25411448655823066,0.24563839330096615,-25302.0,FG
2016-10-27,1130.0,1134.0,1102.0,1106.0,576750,249590,1118.0,-0.0223522940338403,0.23133437635277995,0.25798682954032465,0.24383522078335226,-2196.0,FG
2016-10-28,1106.0,1128.0,1097.0,1120.0,370268,251854,1115.0,0.012578782206860185,0.23583747585880593,0.2588375742472855,0.24882013169687023,2264.0,FG
2016-10-31,1121.0,1126.0,1105.0,1116.0,426864,259826,1115.0,-0.0035778213478839666,0.23607873059416776,0.2573634613776415,0.24549645248071764,7972.0,FG
2016-11-01,1113.0,1160.0,1108.0,1160.0,622540,290872,1141.0,0.03866914115915412,0.2732783140879097,0.26780566808760087,0.2613646496184705,31046.0,FG
2016-11-02,1176.0,1202.0,1166.0,1181.0,742630,244242,1182.0,0.017941532096951873,0.2783907754810977,0.2528530124188376,0.2649896395897529,-46630.0,FG
2016-11-03,1182.0,1213.0,1178.0,1201.0,913148,307826,1200.0,0.016793005882621306,0.2826453232507466,0.2509471841039193,0.2692802531019891,63584.0,FG
2016-11-04,1201.0,1208.0,1183.0,1194.0,761452,299256,1196.0,-0.005845528127436187,0.21636622325379445,0.2512920239258033,0.2449400411909928,-8570.0,FG
2016-11-07,1199.0,1244.0,1193.0,1244.0,922432,334584,1228.0,0.04102297934657735,0.24931488882658237,0.26450941883645646,0.2553794090156401,35328.0,FG
2016-11-08,1255.0,1313.0,1205.0,1229.0,1338976,244192,1267.0,-0.012131163733089978,0.25883166224577353,0.26520560580251373,0.3121420105780404,-90392.0,FG
2016-11-09,1229.0,1295.0,1225.0,1255.0,1066790,264430,1265.0,0.02093474199984943,0.2630292326883356,0.26810096060973565,0.3259751796317775,20238.0,FG
2016-11-10,1261.0,1290.0,1234.0,1265.0,1034436,262272,1264.0,0.007936549595736342,0.2554851658326835,0.26203934777983146,0.33653411085633966,-2158.0,FG
2016-11-11,1271.0,1315.0,1270.0,1302.0,1099122,275750,1291.0,0.028829421606893994,0.25888473237902265,0.2661403692019559,0.342266076422811,13478.0,FG
2016-11-14,1308.0,1336.0,1228.0,1249.0,803102,184510,1274.0,-0.041558312642936905,0.3103700229646669,0.27681992432984553,0.3796600409131566,-91240.0,FG
2016-11-15,1249.0,1264.0,1210.0,1210.0,355302,173096,1238.0,-0.031722871534790927,0.3385150547533871,0.283982234446618,0.38956974273120687,-11414.0,FG
2016-11-16,1209.0,1244.0,1202.0,1237.0,276608,155630,1222.0,0.02206873380170112,0.3435122617830881,0.28688228887167255,0.39086412961328154,-17466.0,FG
2016-11-17,1236.0,1241.0,1215.0,1234.0,298270,165150,1230.0,-0.002428167927154733,0.3429910480710375,0.27923103013088557,0.3897107673143736,9520.0,FG
2016-11-18,1239.0,1263.0,1210.0,1222.0,265764,160634,1230.0,-0.00977206473379249,0.34555277085865715,0.2795437606850286,0.3985653665094502,-4516.0,FG
2016-11-21,1227.0,1243.0,1203.0,1230.0,259114,158704,1223.0,0.006525308634922641,0.3449292687768207,0.27972590176214857,0.40357149885871735,-1930.0,FG
2016-11-22,1239.0,1285.0,1233.0,1285.0,427660,188906,1266.0,0.04374454896285696,0.3714584193005921,0.2933357007922222,0.41109490659631526,30202.0,FG
2016-11-23,1278.0,1296.0,1267.0,1281.0,273126,189304,1280.0,-0.0031176954325859165,0.3713189001718533,0.2932155387543315,0.41078606487943436,398.0,FG
2016-11-24,1279.0,1312.0,1255.0,1274.0,368934,187452,1279.0,-0.005479465764625596,0.3588127316373289,0.2934909661070493,0.41706802811990595,-1852.0,FG
2016-11-25,1275.0,1284.0,1257.0,1276.0,203642,159098,1272.0,0.001568627772626434,0.358700319804199,0.2879974782533842,0.4153082152641338,-28354.0,FG
2016-11-28,1277.0,1319.0,1268.0,1301.0,247970,164792,1296.0,0.019403014607770157,0.3593892216153063,0.2894854305166018,0.42177416035649906,5694.0,FG
2016-11-29,1299.0,1303.0,1266.0,1268.0,174070,134534,1287.0,-0.02569234351533406,0.35837851286028527,0.2934037290295832,0.4149113947292215,-30258.0,FG
2016-11-30,1267.0,1273.0,1223.0,1226.0,196706,121470,1244.0,-0.03368401850101454,0.3787114882863413,0.295529690825021,0.4185945394401789,-13064.0,FG
2016-12-01,1234.0,1265.0,1234.0,1257.0,127564,102612,1248.0,0.024971092094090704,0.3840183295290115,0.2988225589129904,0.41729124568467596,-18858.0,FG
2016-12-02,1257.0,1262.0,1196.0,1221.0,125460,79478,1233.0,-0.029057734479542782,0.39895840002890764,0.30439742006154785,0.4303121064297911,-23134.0,FG
2016-12-05,1178.0,1228.0,1178.0,1219.0,207512,134656,1209.0,-0.0016393446294331684,0.37029415920083986,0.304437973622556,0.4301844222462593,55178.0,FG
2016-12-06,1226.0,1234.0,1195.0,1204.0,203994,147338,1213.0,-0.012381503612505165,0.37039408664077805,0.30122074502849483,0.39559062527069394,12682.0,FG
2016-12-07,1204.0,1274.0,1200.0,1274.0,260538,158036,1237.0,0.056512210263342404,0.4166244504401979,0.32214752907110694,0.3983889695940204,10698.0,FG
2016-12-08,1289.0,1311.0,1250.0,1306.0,555892,214992,1281.0,0.024807473704267658,0.4246455362248218,0.3248173138930821,0.4000857056549064,56956.0,FG
2016-12-09,1309.0,1318.0,1265.0,1292.0,734584,209850,1292.0,-0.010777625493829266,0.4141816785706033,0.3229849277589969,0.40273709449130135,-5142.0,FG
2016-12-12,1294.0,1356.0,1292.0,1331.0,662346,247060,1326.0,0.02973913405256438,0.39728782727351863,0.3266607692417687,0.37510227813019076,37210.0,FG
2016-12-13,1335.0,1378.0,1320.0,1368.0,494176,275110,1343.0,0.027419279787384246,0.3837175590074581,0.3306860780290477,0.3747586495411271,28050.0,FG
2016-12-14,1371.0,1390.0,1332.0,1354.0,694822,277500,1361.0,-0.010286644710275426,0.38309190323614933,0.325402955928995,0.3785712354750864,2390.0,FG
2016-12-15,1357.0,1385.0,1340.0,1363.0,484392,259316,1359.0,0.006624978224312222,0.38226806295320154,0.31956390542586477,0.3823790658102703,-18184.0,FG
2016-12-16,1359.0,1389.0,1354.0,1365.0,412158,264184,1372.0,0.0014662759225274112,0.3786123601628417,0.319251779706969,0.3753193462137215,4868.0,FG
2016-12-19,1364.0,1369.0,1304.0,1309.0,465368,213292,1344.0,-0.04189094170916014,0.4139867485791652,0.33196179410934235,0.38302620719444774,-50892.0,FG
2016-12-20,1306.0,1317.0,1290.0,1311.0,338384,216776,1305.0,0.0015267178537998873,0.385385884633306,0.3313440326345727,0.3754336258782354,3484.0,FG
2016-12-21,1317.0,1323.0,1257.0,1277.0,481320,235268,1288.0,-0.02627662773116058,0.39716111675532784,0.3365114080336198,0.38787622159070967,18492.0,FG
2016-12-22,1275.0,1285.0,1231.0,1233.0,331060,210380,1265.0,-0.035063352868194966,0.4157176745082074,0.34372025987452676,0.38712151066802647,-24888.0,FG
2016-12-23,1233.0,1255.0,1225.0,1248.0,279144,195110,1242.0,0.012092045765028772,0.41844092547688105,0.34438110060489685,0.38789941451097526,-15270.0,FG
2016-12-26,1248.0,1256.0,1195.0,1216.0,360874,208540,1225.0,-0.025975486403260677,0.41992569024271115,0.34902324823399644,0.3932305372888214,13430.0,FG
2016-12-27,1214.0,1250.0,1203.0,1244.0,269676,175370,1226.0,0.022765210773012426,0.4209922237949863,0.3517452897347295,0.3968765723015025,-33170.0,FG
2016-12-28,1249.0,1281.0,1238.0,1264.0,383630,201208,1261.0,0.01594930140767804,0.4065460387766321,0.35275640405311104,0.39437088184066477,25838.0,FG
2016-12-29,1266.0,1268.0,1240.0,1254.0,276190,180426,1254.0,-0.00794285351393677,0.39813861199636247,0.35333935893858337,0.3937016031338584,-20782.0,FG
2016-12-30,1252.0,1258.0,1213.0,1222.0,329532,168798,1229.0,-0.025849581461325318,0.39522132094120616,0.3436488703369624,0.38467510072667455,-11628.0,FG
2017-01-03,1298.0,1305.0,1209.0,1209.0,40,2564,1262.0,-0.010695289116747919,0.39702072170177405,0.3446626492425727,0.408052153971598,-166234.0,FG
2017-01-04,1208.0,1216.0,1177.0,1208.0,339076,197916,1196.0,-0.0008274721200324241,0.39453103635444714,0.3445258651422736,0.40822486379382056,195352.0,FG
2017-01-05,1206.0,1224.0,1203.0,1211.0,246346,186640,1213.0,0.002480365058331925,0.33470787441348787,0.3445279010561341,0.389684344787117,-11276.0,FG
2017-01-06,1211.0,1230.0,1198.0,1206.0,293462,195330,1215.0,-0.004137366265961506,0.31886423209825215,0.3439766448392944,0.38046246486811414,8690.0,FG
2017-01-09,1207.0,1229.0,1202.0,1228.0,222806,184636,1216.0,0.018077731419957048,0.3269904925042614,0.345054836626146,0.3733386418489134,-10694.0,FG
2017-01-10,1226.0,1277.0,1218.0,1277.0,456292,215024,1246.0,0.039126747325451426,0.3405858867467782,0.35011959337423376,0.37273498475856737,30388.0,FG
2017-01-11,1278.0,1285.0,1260.0,1267.0,276164,181456,1272.0,-0.007861675711400232,0.32276628061120466,0.3507378958352524,0.36377879406311275,-33568.0,FG
2017-01-12,1265.0,1280.0,1248.0,1259.0,352040,230878,1266.0,-0.006334146276791902,0.3220283891918083,0.3512011949922672,0.35641920094126883,49422.0,FG
2017-01-13,1261.0,1295.0,1258.0,1275.0,459110,223460,1274.0,0.01262842354817928,0.3252292821533199,0.3508050268680074,0.3548298360968117,-7418.0,FG
2017-01-16,1275.0,1334.0,1270.0,1314.0,471626,262606,1300.0,0.03012974145202924,0.3459294840526038,0.3546837811786127,0.36587644382682,39146.0,FG
2017-01-17,1311.0,1322.0,1277.0,1295.0,329272,233400,1300.0,-0.014565224910917668,0.3166169879582128,0.3563074403143206,0.3586152184864886,-29206.0,FG
2017-01-18,1298.0,1310.0,1286.0,1297.0,257330,242216,1298.0,0.0015432101828057106,0.3166184082025174,0.35589805338628744,0.358066801133148,8816.0,FG
2017-01-19,1294.0,1307.0,1281.0,1301.0,265194,234822,1295.0,0.0030792941960613575,0.30188526542238703,0.3557009190090231,0.34383942577302556,-7394.0,FG
2017-01-20,1302.0,1327.0,1297.0,1301.0,502658,275946,1311.0,0.0,0.27072128158448583,0.3520351003037547,0.33507207322777466,41124.0,FG
2017-01-23,1304.0,1307.0,1272.0,1283.0,424006,230590,1291.0,-0.013932113896868796,0.27443170346126994,0.353042693165401,0.3360891479038301,-45356.0,FG
2017-01-24,1280.0,1318.0,1280.0,1308.0,297602,238594,1301.0,0.019298167401507645,0.2614170989112108,0.35452359548905304,0.325022825153704,8004.0,FG
2017-01-25,1310.0,1323.0,1301.0,1319.0,229642,221316,1313.0,0.008374620700170556,0.25236344648312825,0.34678896239790763,0.31667889038556024,-17278.0,FG
2017-01-26,1315.0,1329.0,1309.0,1323.0,192204,202174,1319.0,0.003028011397641195,0.24768187905713226,0.3452424226254091,0.30994546515942356,-19142.0,FG
2017-02-03,1345.0,1349.0,1282.0,1288.0,196334,208370,1304.0,-0.026811257450656815,0.26621994136904015,0.3487238702555065,0.3248355225854466,6196.0,FG
2017-02-06,1289.0,1305.0,1286.0,1288.0,187732,235984,1294.0,0.0,0.24643746301038116,0.3484298976244884,0.31702634934863966,27614.0,FG
2017-02-07,1291.0,1297.0,1269.0,1292.0,284700,250398,1283.0,0.0031007776782481854,0.2413974515916058,0.3385522276796859,0.2762809211945715,14414.0,FG
2017-02-08,1291.0,1319.0,1283.0,1316.0,307914,249750,1303.0,0.018405427542715343,0.24657135714027895,0.3394117095530238,0.2738482275122243,-648.0,FG
2017-02-09,1318.0,1321.0,1303.0,1304.0,162104,238498,1311.0,-0.009160369398664278,0.2510837111652225,0.3375286513366963,0.2729308591280302,-11252.0,FG
2017-02-10,1306.0,1377.0,1300.0,1376.0,610848,378272,1348.0,0.053744276006690614,0.3049335387943148,0.3542624393148517,0.29374592590883214,139774.0,FG
2017-02-13,1380.0,1397.0,1363.0,1385.0,541694,341258,1379.0,0.0065194001281499705,0.30192930637239507,0.3498429608961575,0.2946165206840342,-37014.0,FG
2017-02-14,1384.0,1393.0,1368.0,1386.0,306874,329984,1380.0,0.0007217611284096771,0.2759241360937513,0.3384949375345365,0.27962369295727,-11274.0,FG
2017-02-15,1390.0,1399.0,1358.0,1365.0,423290,311192,1372.0,-0.01526747213078842,0.28133611900469907,0.3332286571414239,0.28361583722792366,-18792.0,FG
2017-02-16,1362.0,1393.0,1348.0,1365.0,400092,290124,1372.0,0.0,0.27923962617977205,0.3306341967196693,0.2870706797207307,-21068.0,FG
2017-02-17,1365.0,1424.0,1361.0,1375.0,902256,345674,1392.0,0.007299302481611535,0.27771492463765796,0.33072312187967795,0.29639932993454987,55550.0,FG
2017-02-20,1375.0,1389.0,1354.0,1384.0,438344,302878,1375.0,0.006524126076943294,0.26022980490267583,0.32997836808985576,0.2826503196933982,-42796.0,FG
2017-02-21,1386.0,1404.0,1362.0,1365.0,446202,313022,1382.0,-0.01382342855855481,0.2595986204419563,0.331426531848461,0.280432605030414,10144.0,FG
2017-02-22,1368.0,1373.0,1341.0,1359.0,392470,281390,1359.0,-0.0044052934679163795,0.2607761882205665,0.3199404231662458,0.2821494530583731,-31632.0,FG
2017-02-23,1356.0,1366.0,1331.0,1340.0,317452,277608,1350.0,-0.014079521206186656,0.26711110063573906,0.3213080464255039,0.28429825671166936,-3782.0,FG
2017-02-24,1345.0,1350.0,1313.0,1344.0,309892,234388,1330.0,0.00298062813813772,0.2671021408314565,0.3210769723544496,0.28626885813974084,-43220.0,FG
2017-02-27,1344.0,1375.0,1336.0,1351.0,377954,268396,1354.0,0.00519481687710393,0.2609321676544422,0.3211946758571638,0.2869855457440811,34008.0,FG
2017-02-28,1353.0,1354.0,1315.0,1320.0,372060,251132,1333.0,-0.023213322379782304,0.26828228608546284,0.32259821164942887,0.28697229314976885,-17264.0,FG
2017-03-01,1321.0,1332.0,1307.0,1324.0,280832,239188,1323.0,0.00302572091653689,0.2668679033261844,0.3181105571743356,0.2875828154096377,-11944.0,FG
2017-03-02,1326.0,1340.0,1318.0,1326.0,286232,251592,1329.0,0.0015094342488543404,0.26670931140477244,0.30999033152576944,0.2879284049270859,12404.0,FG
2017-03-03,1323.0,1325.0,1295.0,1312.0,314414,234624,1308.0,-0.010614201241773428,0.2508722935367356,0.3069753626973144,0.2712333733520215,-16968.0,FG
2017-03-06,1312.0,1324.0,1303.0,1320.0,268182,243070,1313.0,0.0060790460763821925,0.2514978515803678,0.3008537494353811,0.27156990419429955,8446.0,FG
2017-03-07,1320.0,1327.0,1314.0,1321.0,217954,228222,1320.0,0.0007572889419087576,0.2514045837405071,0.3007943231887991,0.2684021776167144,-14848.0,FG
2017-03-08,1321.0,1324.0,1254.0,1254.0,460004,289900,1285.0,-0.052050583329459325,0.30526564541426326,0.31882076964084055,0.2861635967543804,61678.0,FG
2017-03-09,1250.0,1253.0,1214.0,1227.0,392950,224860,1236.0,-0.021766276481954512,0.31210869364541727,0.3002315639470044,0.2924869317465805,-65040.0,FG
2017-03-10,1224.0,1244.0,1218.0,1223.0,215784,227382,1233.0,-0.0032653090237390967,0.22987482719897803,0.2955872085050834,0.2695026989733866,2522.0,FG
2017-03-13,1226.0,1249.0,1202.0,1247.0,314440,223948,1229.0,0.01943380999286417,0.24319917132314892,0.297818145075668,0.276636215651476,-3434.0,FG
2017-03-14,1246.0,1258.0,1236.0,1240.0,262554,209632,1246.0,-0.005629287080953916,0.24218236068447654,0.29123351258130203,0.2765001060368356,-14316.0,FG
2017-03-15,1237.0,1262.0,1219.0,1256.0,224418,201588,1248.0,0.012820688429061469,0.2476747753497796,0.28664734620320315,0.27907293407941447,-8044.0,FG
2017-03-16,1259.0,1260.0,1204.0,1249.0,426550,235864,1230.0,-0.005588836902566281,0.24722709816810454,0.28619189917332377,0.2869465824019052,34276.0,FG
2017-03-17,1250.0,1253.0,1233.0,1241.0,280986,219632,1242.0,-0.006425724920970445,0.24338381499381376,0.28589152411317004,0.2725330644639589,-16232.0,FG
2017-03-20,1244.0,1248.0,1218.0,1232.0,230544,215070,1234.0,-0.007278641111142152,0.23955199409983174,0.28605614305938143,0.27204242517725485,-4562.0,FG
2017-03-21,1234.0,1241.0,1214.0,1236.0,214946,203002,1229.0,0.003241493924171023,0.23964510804660893,0.2737635442820106,0.26838394265865145,-12068.0,FG
2017-03-22,1235.0,1240.0,1190.0,1197.0,329008,238590,1210.0,-0.03206193245966292,0.2580396955815873,0.2809634967184441,0.27777662915835727,35588.0,FG
2017-03-23,1198.0,1212.0,1196.0,1202.0,146984,205026,1205.0,0.004168409537179796,0.2589080427970168,0.27643111634732015,0.27371266145647066,-33564.0,FG
2017-03-24,1202.0,1222.0,1192.0,1213.0,200832,206972,1208.0,0.009109793848897233,0.26241228643033687,0.2679480459203042,0.27243770150249214,1946.0,FG
2017-03-27,1213.0,1219.0,1178.0,1202.0,250278,216398,1198.0,-0.009109793848897286,0.2598696026869607,0.2672966827320482,0.2752577730385647,9426.0,FG
2017-03-28,1200.0,1258.0,1200.0,1258.0,485950,249474,1239.0,0.04553632216523291,0.3085240061042738,0.27819586935237745,0.286287482116828,33076.0,FG
2017-03-29,1262.0,1283.0,1259.0,1276.0,300466,196844,1270.0,0.014207026644349276,0.3136047199688455,0.275840665390609,0.28626847500999775,-52630.0,FG
2017-03-30,1273.0,1285.0,1260.0,1283.0,231108,198170,1273.0,0.0054709007109012935,0.3144740443350446,0.27416573628626845,0.2871487757189624,1326.0,FG
2017-03-31,1285.0,1309.0,1273.0,1307.0,285214,189444,1290.0,0.018533349008585612,0.3203692419212515,0.2761334305086004,0.28912967109157295,-8726.0,FG
2017-04-05,1317.0,1327.0,1283.0,1299.0,249000,166128,1306.0,-0.006139696953622415,0.32013527267348163,0.2709896005498942,0.29592172411177775,-23316.0,FG
2017-04-06,1301.0,1310.0,1287.0,1303.0,154326,161228,1298.0,0.0030745604542456104,0.32038850202964825,0.2699231064918039,0.29756891537853797,-4900.0,FG
2017-04-07,1303.0,1314.0,1281.0,1301.0,247186,172024,1298.0,-0.001536098612339895,0.25741946674704447,0.2699500678650282,0.2795738933723718,10796.0,FG
2017-04-10,1299.0,1309.0,1291.0,1294.0,185324,133774,1298.0,-0.005395003451659381,0.2438134549224238,0.27027471251293345,0.27298040304095206,-38250.0,FG
2017-04-11,1284.0,1288.0,1227.0,1232.0,411656,223964,1261.0,-0.04909933096738077,0.30471180389946817,0.28891024244864183,0.28830532829750904,90190.0,FG
2017-04-12,1232.0,1243.0,1218.0,1221.0,300818,218850,1229.0,-0.008968669982760375,0.2977945090310528,0.28714982288847013,0.27990751966512895,-5114.0,FG
2017-04-13,1221.0,1252.0,1211.0,1237.0,313746,231482,1235.0,0.013018898281783327,0.301302151956686,0.2767979664920007,0.2862568355712913,12632.0,FG
2017-04-14,1237.0,1255.0,1223.0,1227.0,400656,251790,1238.0,-0.008116927681576467,0.298549797038824,0.2768271019530286,0.2820149772396063,20308.0,FG
2017-04-17,1229.0,1245.0,1204.0,1216.0,410892,268406,1226.0,-0.009005382184799106,0.2994584527589618,0.277117776381388,0.27435327744726984,16616.0,FG
2017-04-18,1218.0,1224.0,1206.0,1210.0,272732,251444,1214.0,-0.004946423935325574,0.2991733463698547,0.2758878566953878,0.27402922740101404,-16962.0,FG
2017-04-19,1203.0,1245.0,1181.0,1243.0,402630,267608,1213.0,0.026907452919924402,0.3141704940202449,0.27442811251465,0.29151188931146127,16164.0,FG
2017-04-20,1243.0,1274.0,1229.0,1274.0,521770,279318,1250.0,0.024633744621397582,0.32557343662538857,0.2778168020561045,0.29770440182798724,11710.0,FG
2017-04-21,1280.0,1299.0,1276.0,1285.0,515014,284618,1287.0,0.008597161197211519,0.30122595396662966,0.27838470210927074,0.2871054350506829,5300.0,FG
2017-04-24,1285.0,1313.0,1264.0,1308.0,508076,305850,1284.0,0.017740534687823776,0.30538753374210875,0.28070539638996417,0.29690891367507405,21232.0,FG
2017-04-25,1308.0,1313.0,1287.0,1294.0,458400,286068,1300.0,-0.010761056956298146,0.30926228665955524,0.28157801227592566,0.2952506223306835,-19782.0,FG
2017-04-26,1292.0,1309.0,1275.0,1277.0,444544,283734,1290.0,-0.013224619028306583,0.31175510795931716,0.2814343061716946,0.29157897446318853,-2334.0,FG
2017-04-27,1280.0,1297.0,1271.0,1296.0,360170,296776,1286.0,0.014769020879680754,0.2731395258730855,0.28026242663624046,0.2771683474250185,13042.0,FG
2017-04-28,1295.0,1318.0,1285.0,1299.0,424226,292336,1300.0,0.0023121397583796004,0.26905843939388624,0.27975348703268255,0.2794877958976131,-4440.0,FG
2017-05-02,1308.0,1310.0,1281.0,1298.0,202976,290740,1294.0,-0.0007701194065641862,0.26856563065165023,0.279672058130199,0.2804148693339882,-1596.0,FG
2017-05-03,1299.0,1302.0,1287.0,1297.0,251896,293470,1295.0,-0.0007707129475914402,0.2601266042346343,0.27421762850620585,0.2751939030915815,2730.0,FG
2017-05-04,1293.0,1299.0,1234.0,1246.0,600922,318496,1267.0,-0.04011548496904542,0.29536658670166055,0.2862516011179529,0.28720367397851787,25026.0,FG
2017-05-05,1243.0,1255.0,1227.0,1229.0,401520,259496,1242.0,-0.013737589781363585,0.29747734911008905,0.2874022197994053,0.2887328672778873,-59000.0,FG
2017-05-08,1231.0,1252.0,1231.0,1235.0,306614,269644,1241.0,0.00487013949604273,0.29873006922465306,0.2848799852681007,0.2859021148668976,10148.0,FG
2017-05-09,1232.0,1242.0,1217.0,1237.0,305202,264406,1230.0,0.0016181233304102998,0.29889662639968667,0.2844303888234086,0.2876452510991546,-5238.0,FG
2017-05-10,1238.0,1249.0,1221.0,1228.0,274998,277838,1236.0,-0.007302263685400108,0.244230794054379,0.2610927345179006,0.27284502663956495,13432.0,FG
2017-05-11,1228.0,1284.0,1215.0,1278.0,509914,311788,1240.0,0.03990952623039236,0.2796161475997932,0.2742193952665404,0.29383436212415803,33950.0,FG
2017-05-12,1276.0,1280.0,1256.0,1264.0,438578,308942,1267.0,-0.011015060230677429,0.28038250299354234,0.27489119480067803,0.2880204458573445,-2846.0,FG
2017-05-15,1265.0,1294.0,1252.0,1288.0,445446,338768,1276.0,0.018809331957496293,0.28488700444849857,0.276474347082849,0.2913015032677191,29826.0,FG
2017-05-16,1291.0,1298.0,1270.0,1287.0,307674,312068,1282.0,-0.0007766990681722488,0.28201349561914413,0.2764673731131438,0.28626082822390236,-26700.0,FG
2017-05-17,1288.0,1290.0,1262.0,1266.0,520464,328956,1276.0,-0.01645160489200517,0.2890378968431289,0.27770139329730764,0.28831717660384615,16888.0,FG
2017-05-18,1267.0,1289.0,1264.0,1279.0,371752,274002,1277.0,0.010216198874721097,0.2760435976258226,0.27824820361276403,0.26888621192006323,-54954.0,FG
2017-05-19,1273.0,1341.0,1270.0,1341.0,761670,417212,1310.0,0.04733708170283585,0.31065701528190864,0.29415079055308213,0.28250845907939764,143210.0,FG
2017-05-22,1349.0,1359.0,1335.0,1338.0,486822,343372,1349.0,-0.0022396425935047983,0.31024963155017654,0.2940557858644372,0.2824951596782494,-73840.0,FG
2017-05-23,1339.0,1358.0,1337.0,1349.0,374932,398012,1349.0,0.008187615519582109,0.3056857089997883,0.2931328255137686,0.2727213998693444,54640.0,FG
2017-05-24,1350.0,1358.0,1326.0,1342.0,483428,355792,1342.0,-0.0052025386761287784,0.30336469321407183,0.29326933824744056,0.2741115360379176,-42220.0,FG
2017-05-25,1343.0,1352.0,1322.0,1337.0,363394,359888,1338.0,-0.0037327404296839083,0.29899516616326804,0.29316222465388164,0.2725521518205562,4096.0,FG
2017-05-26,1338.0,1351.0,1328.0,1349.0,395098,377820,1341.0,0.00893527910581265,0.2964938843781726,0.28978164905993203,0.27159756167652,17932.0,FG
2017-05-31,1356.0,1392.0,1300.0,1305.0,474040,350030,1332.0,-0.033160536450962105,0.32148080473205715,0.2976787215010383,0.303225014942879,-27790.0,FG
2017-06-01,1306.0,1312.0,1282.0,1296.0,377806,326916,1298.0,-0.006920442844573795,0.32246655008988073,0.29796589169212395,0.30347707854127953,-23114.0,FG
2017-06-02,1299.0,1316.0,1288.0,1303.0,350210,361358,1302.0,0.005386700212625194,0.3230266346761411,0.29742710618494345,0.30590554071714604,34442.0,FG
2017-06-05,1303.0,1336.0,1296.0,1310.0,506860,401590,1317.0,0.00535783907035207,0.2862044523620769,0.29736710459613686,0.2930249085777891,40232.0,FG
2017-06-06,1307.0,1320.0,1298.0,1304.0,403592,378488,1309.0,-0.004590673708598951,0.2811569380406599,0.2975000817437762,0.2912762639177802,-23102.0,FG
2017-06-07,1304.0,1317.0,1292.0,1298.0,463262,403346,1304.0,-0.0046118452225629315,0.28230637523771324,0.277568642540485,0.29190374052545554,24858.0,FG
2017-06-08,1300.0,1320.0,1288.0,1313.0,440906,369658,1305.0,0.011489977038760932,0.28405837295757896,0.2745107616669563,0.29335801983289156,-33688.0,FG
2017-06-09,1313.0,1329.0,1311.0,1325.0,285556,377642,1322.0,0.009097864117526439,0.2821577895760891,0.27483198046466084,0.29082583743143847,7984.0,FG
2017-06-12,1328.0,1335.0,1310.0,1311.0,289900,372688,1320.0,-0.01062225465662276,0.25202206975531105,0.27328863675126747,0.26913843828683687,-4954.0,FG
2017-06-13,1310.0,1313.0,1296.0,1304.0,368950,369904,1304.0,-0.005353741277101563,0.24916822110698575,0.27326160052483534,0.2675555031013519,-2784.0,FG
2017-06-14,1302.0,1329.0,1293.0,1327.0,487036,379284,1312.0,0.017484291845609203,0.2480024106929051,0.27429195183830385,0.26472152805346033,9380.0,FG
2017-06-15,1325.0,1327.0,1308.0,1315.0,281628,327350,1317.0,-0.009084089720342586,0.2507263845711179,0.27473563782733873,0.2624329399898301,-51934.0,FG
2017-06-16,1314.0,1344.0,1308.0,1336.0,433670,378636,1328.0,0.01584340948472618,0.24699096847677718,0.2759915630657989,0.2646194964589812,51286.0,FG
2017-06-19,1336.0,1340.0,1308.0,1309.0,342376,322790,1329.0,-0.020416588186691113,0.2582010556392223,0.2789942710510732,0.26632300984627033,-55846.0,FG
2017-06-20,1310.0,1315.0,1302.0,1306.0,336720,383444,1310.0,-0.00229445607352352,0.19273389620959577,0.2790355302325732,0.24089738237618713,60654.0,FG
2017-06-21,1306.0,1312.0,1300.0,1309.0,226194,324730,1306.0,0.0022944560735236254,0.19311622916173152,0.2705118443147775,0.23870665774069513,-58714.0,FG
2017-06-22,1310.0,1314.0,1261.0,1265.0,489626,421628,1289.0,-0.03419136474827931,0.22223995355869136,0.2800666556501755,0.2520472199390948,96898.0,FG
2017-06-23,1269.0,1279.0,1262.0,1268.0,347602,377602,1271.0,0.00236873383555061,0.2229597693341811,0.279561963784426,0.2485384253091451,-44026.0,FG
2017-06-26,1271.0,1282.0,1264.0,1274.0,217178,377030,1273.0,0.004720701134937394,0.22451020295630397,0.27892210525368716,0.24576958999364767,-572.0,FG
2017-06-27,1271.0,1291.0,1265.0,1289.0,266696,361458,1277.0,0.011705166807078754,0.22655673804871065,0.2641760621819771,0.24685933673073748,-15572.0,FG
2017-06-28,1289.0,1301.0,1282.0,1293.0,319628,333402,1292.0,0.0030983758326700727,0.19568148738751956,0.26268592959724607,0.20208019164335633,-28056.0,FG
2017-06-29,1291.0,1357.0,1287.0,1357.0,579984,294964,1330.0,0.04831128106301173,0.2589126428973822,0.280280436360839,0.22598750895719286,-38438.0,FG
2017-06-30,1359.0,1369.0,1348.0,1368.0,328222,284014,1359.0,0.008073438347626579,0.25950771005651413,0.2783037629437414,0.22374649445806807,-10950.0,FG
2017-07-03,1364.0,1372.0,1357.0,1368.0,190926,280678,1364.0,0.0,0.259404774087585,0.2779407074874332,0.2155029505849438,-3336.0,FG
2017-07-04,1368.0,1369.0,1341.0,1348.0,215992,262902,1353.0,-0.014727806710243398,0.26528823225946885,0.27971027761618455,0.21700981984647438,-17776.0,FG
2017-07-05,1350.0,1385.0,1347.0,1373.0,284944,298866,1369.0,0.01837611429571871,0.27053600912601583,0.2820198635976938,0.22119379014769433,35964.0,FG
2017-07-06,1367.0,1373.0,1352.0,1367.0,184406,269666,1362.0,-0.0043795690440215,0.2696521488776915,0.2819314601845136,0.21744532052870613,-29200.0,FG
2017-07-07,1365.0,1374.0,1354.0,1366.0,173152,281396,1364.0,-0.0007317965932142287,0.2684919899037811,0.2621687755129689,0.21774624652797409,11730.0,FG
2017-07-10,1363.0,1380.0,1345.0,1356.0,280260,296270,1364.0,-0.007347571630394522,0.2667870002554323,0.2619094566291402,0.22085651016649333,14874.0,FG
2017-07-11,1356.0,1397.0,1349.0,1375.0,266900,301258,1377.0,0.013914541600330793,0.2687858459316336,0.26207910182471217,0.23135086848804878,4988.0,FG
2017-07-12,1374.0,1389.0,1351.0,1356.0,273076,299440,1371.0,-0.013914541600330812,0.2689103465116183,0.26326966817000785,0.23149998191476384,-1818.0,FG
2017-07-13,1357.0,1366.0,1340.0,1366.0,243946,285546,1355.0,0.007347571630394542,0.26700616807868477,0.2625762014894432,0.23306551832469546,-13894.0,FG
2017-07-14,1365.0,1368.0,1348.0,1356.0,209936,280466,1358.0,-0.007347571630394522,0.26364196059504685,0.26288854529523953,0.22797795619023284,-5080.0,FG
2017-07-17,1358.0,1393.0,1356.0,1381.0,299594,295382,1377.0,0.01826868490895114,0.25821084063663113,0.2599816270858343,0.2293630626718909,14916.0,FG
2017-07-18,1383.0,1395.0,1371.0,1382.0,189702,288848,1382.0,0.0007238509183230779,0.25766610094012976,0.2556101683587399,0.23134426274708672,-6534.0,FG
2017-07-19,1385.0,1452.0,1383.0,1452.0,724948,439954,1435.0,0.04941019105712619,0.305742986809349,0.27346197822199053,0.2526387664838569,151106.0,FG
2017-07-20,1454.0,1455.0,1418.0,1425.0,437900,366334,1435.0,-0.018770102681990492,0.28367601434506207,0.27473018855409714,0.24326060905249727,-73620.0,FG
2017-07-21,1426.0,1433.0,1412.0,1427.0,215934,353168,1423.0,0.0014025247740854319,0.28385724689200786,0.2735629659169308,0.24362083135094575,-13166.0,FG
2017-07-24,1425.0,1433.0,1401.0,1410.0,224650,337858,1414.0,-0.011984634104622492,0.290834420009305,0.2732892222787119,0.2464733809674946,-15310.0,FG
2017-07-25,1410.0,1425.0,1409.0,1414.0,193392,343488,1415.0,0.0028328630843041072,0.28986164070039694,0.2719443330168206,0.24383976433001978,5630.0,FG
2017-07-26,1417.0,1422.0,1382.0,1395.0,310784,343494,1401.0,-0.013528152201052026,0.29689134347496504,0.27364900606551334,0.24930380119657522,6.0,FG
2017-07-27,1395.0,1407.0,1391.0,1399.0,156640,325488,1399.0,0.002863280410015155,0.24642191363982666,0.2736393275544101,0.2238210790552853,-18006.0,FG
2017-07-28,1399.0,1414.0,1387.0,1395.0,210584,317960,1400.0,-0.0028632804100151227,0.24562968644320676,0.27373808928655124,0.2251538991504876,-7528.0,FG
2017-07-31,1399.0,1430.0,1395.0,1422.0,226950,312510,1416.0,0.019169916107720123,0.2538395740324113,0.26232167530413764,0.2300387671637285,-5450.0,FG
2017-08-01,1420.0,1425.0,1410.0,1417.0,138670,302858,1418.0,-0.003522370672505781,0.24716454262717932,0.2605140353827204,0.22693042197121224,-9652.0,FG
2017-08-02,1420.0,1441.0,1402.0,1415.0,292962,299894,1423.0,-0.0014124296133424374,0.24024061436475405,0.2605744352488165,0.22672025208519286,-2964.0,FG
2017-08-03,1416.0,1428.0,1408.0,1414.0,167546,269788,1419.0,-0.0007069636208198944,0.23940608276138536,0.2606422061736814,0.226335887059875,-30106.0,FG
2017-08-04,1418.0,1435.0,1405.0,1407.0,215308,250098,1418.0,-0.004962789342129014,0.2404344162143153,0.2603232590456087,0.22862861420728206,-19690.0,FG
2017-08-07,1405.0,1426.0,1383.0,1386.0,257888,222442,1401.0,-0.015037877364540559,0.2456301859472815,0.2506396114895881,0.2313487839083196,-27656.0,FG
2017-08-08,1391.0,1392.0,1377.0,1388.0,131770,189740,1386.0,0.001441961316901184,0.24097876669181262,0.24932150323492597,0.2203183307817817,-32702.0,FG
2017-08-09,1391.0,1432.0,1389.0,1417.0,192310,162720,1415.0,0.02067809862393071,0.2448136467722754,0.24989787023526527,0.22195002178334117,-27020.0,FG
2017-08-10,1426.0,1442.0,1417.0,1424.0,239690,225946,1428.0,0.004927852281240695,0.24429313840713976,0.24994015399423575,0.2213048552195423,63226.0,FG
2017-08-11,1422.0,1432.0,1396.0,1407.0,225132,216474,1415.0,-0.012010034857532007,0.24719930146995758,0.24873595261490905,0.2256558897659597,-9472.0,FG
2017-08-14,1406.0,1434.0,1404.0,1417.0,287964,275478,1422.0,0.0070821825762914115,0.240493636754498,0.24836647551886706,0.22286440337660784,59004.0,FG
2017-08-15,1415.0,1422.0,1389.0,1402.0,314244,268216,1404.0,-0.010642172096144981,0.2441728344081604,0.2308085358774421,0.22538050999319628,-7262.0,FG
2017-08-16,1406.0,1412.0,1395.0,1411.0,203288,258786,1405.0,0.006398884258278677,0.16622857536391658,0.23100926002739539,0.2019183734692401,-9430.0,FG
2017-08-17,1412.0,1450.0,1412.0,1441.0,356706,321514,1433.0,0.021038644146708023,0.17110798083368803,0.23419791560954284,0.20238387016185716,62728.0,FG
2017-08-18,1438.0,1446.0,1433.0,1443.0,145112,303616,1439.0,0.001386962774348806,0.1711069793718347,0.2338325405548514,0.20085899647850994,-17898.0,FG
2017-08-21,1439.0,1466.0,1427.0,1454.0,295776,350430,1448.0,0.007594099319593896,0.16615385445089512,0.233961179316505,0.2032796121564286,46814.0,FG
2017-08-22,1452.0,1463.0,1445.0,1456.0,171708,327174,1455.0,0.0013745706631665632,0.1660841176488783,0.2334375434884264,0.20356506613026418,-23256.0,FG
2017-08-23,1452.0,1457.0,1432.0,1439.0,270254,326522,1445.0,-0.01174452186926342,0.16407323722603312,0.2239528169249497,0.19778492319703897,-652.0,FG
2017-08-24,1443.0,1461.0,1432.0,1454.0,230708,325096,1448.0,0.010369951206096857,0.1669829351597516,0.22393697542019658,0.20085167036982127,-1426.0,FG
2017-08-25,1455.0,1467.0,1445.0,1445.0,208936,296122,1455.0,-0.006209057546932181,0.16865671703231394,0.22442612822904554,0.19923599406117865,-28974.0,FG
2017-08-28,1448.0,1452.0,1425.0,1445.0,247898,272070,1437.0,0.0,0.1557441143344795,0.22432499022641397,0.196252332831149,-24052.0,FG
2017-08-29,1447.0,1448.0,1430.0,1435.0,169054,268444,1438.0,-0.006944472352811046,0.15745497419407797,0.22465299124430402,0.1967626974586933,-3626.0,FG
2017-08-30,1439.0,1445.0,1426.0,1445.0,155138,268792,1436.0,0.006944472352810995,0.1587942752361379,0.22453842742855804,0.19002993469384907,348.0,FG
2017-08-31,1442.0,1445.0,1406.0,1420.0,259416,284158,1420.0,-0.017452449951226166,0.17173980418671814,0.22699810812581822,0.19644202438702363,15366.0,FG
2017-09-01,1423.0,1435.0,1414.0,1416.0,230412,263984,1423.0,-0.0028208763416413406,0.17105625077449801,0.22656783894543386,0.19379594273736225,-20174.0,FG
2017-09-04,1420.0,1440.0,1390.0,1395.0,371800,299170,1418.0,-0.014941579998199027,0.17094279986941585,0.2276841374697553,0.1973847911891392,35186.0,FG
2017-09-05,1400.0,1408.0,1392.0,1402.0,192526,277984,1400.0,0.0050053733390694214,0.1717120713436095,0.22743422925214,0.1975358493160384,-21186.0,FG
2017-09-06,1405.0,1414.0,1384.0,1396.0,233804,268446,1401.0,-0.0042887842722175926,0.15498564958276873,0.22516281588289017,0.19210170137502458,-9538.0,FG
2017-09-07,1402.0,1403.0,1375.0,1381.0,238038,274834,1391.0,-0.010803129913025698,0.15736835587395318,0.22551109184159482,0.19327765357622256,6388.0,FG
2017-09-08,1385.0,1393.0,1365.0,1374.0,200152,270366,1380.0,-0.005081680626997512,0.15314900166306764,0.22364004601456897,0.19050573560015158,-4468.0,FG
2017-09-11,1374.0,1385.0,1369.0,1379.0,155416,262918,1377.0,0.0036324050110071527,0.15117110030700265,0.2194730276078456,0.18677757680660761,-7448.0,FG
2017-09-12,1378.0,1395.0,1375.0,1390.0,188578,267604,1386.0,0.007945148331435574,0.15043476624391594,0.21984274979501184,0.18259360061666138,4686.0,FG
2017-09-13,1388.0,1395.0,1375.0,1377.0,155858,249842,1385.0,-0.009396527396082627,0.15136325644551477,0.22085274824892395,0.1833551536210246,-17762.0,FG
2017-09-14,1379.0,1408.0,1369.0,1403.0,356056,303626,1393.0,0.018705581373806124,0.14701122761075225,0.21149226590654507,0.1843823924894318,53784.0,FG
2017-09-15,1405.0,1405.0,1355.0,1360.0,336036,260884,1383.0,-0.031128101372363253,0.1802707577628692,0.22185939583970885,0.19886902749974872,-42742.0,FG
2017-09-18,1361.0,1369.0,1334.0,1349.0,284034,254866,1353.0,-0.008121122522341782,0.17668925541392227,0.22253544464868408,0.1982300558398371,-6018.0,FG
2017-09-19,1350.0,1352.0,1336.0,1338.0,147804,231860,1343.0,-0.008187615519582152,0.17627556635958266,0.2221672781371325,0.1980988654863947,-23006.0,FG
2017-09-20,1339.0,1349.0,1331.0,1346.0,138336,230812,1341.0,0.005961269516499446,0.1774499902218564,0.22237926130044272,0.1967389136362599,-1048.0,FG
2017-09-21,1345.0,1355.0,1331.0,1338.0,187414,237518,1343.0,-0.005961269516499334,0.17008823151530975,0.19953269867646461,0.1957902585068056,6706.0,FG
2017-09-22,1338.0,1350.0,1334.0,1336.0,211240,241086,1342.0,-0.0014958865915826911,0.1701563336409803,0.1987990600824554,0.19479564574180222,3568.0,FG
2017-09-25,1340.0,1359.0,1317.0,1350.0,314628,249694,1339.0,0.010424517335884207,0.17716470393194428,0.2000217772600512,0.20199012763128105,8608.0,FG
2017-09-26,1352.0,1355.0,1324.0,1327.0,209206,225206,1338.0,-0.01718383710026766,0.18344729148992592,0.20083772606229938,0.20617828393173782,-24488.0,FG
2017-09-27,1326.0,1342.0,1322.0,1333.0,146992,209556,1331.0,0.00451128584650105,0.18174638206571203,0.19734956388078073,0.20672714311600912,-15650.0,FG
2017-09-28,1333.0,1337.0,1314.0,1322.0,167144,213590,1324.0,-0.008286299767077121,0.17562807022384974,0.19783611416965002,0.20178855829657025,4034.0,FG
2017-09-29,1323.0,1325.0,1308.0,1312.0,140764,198534,1317.0,-0.007593050907597207,0.1761678582169077,0.19835673425711012,0.20122268353897468,-15056.0,FG
2017-10-10,1305.0,1370.0,1305.0,1362.0,465716,307586,1344.0,0.037401517205423306,0.22350649976294745,0.21250312810722313,0.21333592819405464,109052.0,FG
2017-10-11,1362.0,1367.0,1346.0,1360.0,257338,281234,1358.0,-0.0014695079793599947,0.2223114310320472,0.2105687745738671,0.21448517536913775,-26352.0,FG
2017-10-12,1360.0,1375.0,1343.0,1358.0,295810,263736,1357.0,-0.0014716706114562507,0.2220728873220728,0.2086536111919131,0.21547736549364885,-17498.0,FG
2017-10-13,1359.0,1378.0,1358.0,1374.0,199582,230286,1368.0,0.01171316466365317,0.22376343717188704,0.2094914449337485,0.21345255875834807,-33450.0,FG
2017-10-16,1375.0,1388.0,1363.0,1384.0,237704,228922,1376.0,0.0072516633953202065,0.22450972164926367,0.2094126053355169,0.2125853740893232,-1364.0,FG
2017-10-17,1384.0,1385.0,1370.0,1376.0,134652,206374,1377.0,-0.005797117684325958,0.22517698108399153,0.20642296182865116,0.21241101950643299,-22548.0,FG
2017-10-18,1377.0,1383.0,1366.0,1379.0,154556,211042,1374.0,0.0021778593000127897,0.2233787704640362,0.2064677029325829,0.21182058218405916,4668.0,FG
2017-10-19,1380.0,1384.0,1361.0,1364.0,192798,196658,1369.0,-0.010937039389894388,0.22426004619187911,0.18031995210432844,0.21258862980800455,-14384.0,FG
2017-10-20,1363.0,1401.0,1356.0,1397.0,236326,217996,1380.0,0.023905520853554386,0.23077075838504948,0.18355421645221262,0.21550372582906516,21338.0,FG
2017-10-23,1395.0,1398.0,1358.0,1362.0,233208,190572,1377.0,-0.025372872547504085,0.22133046339673426,0.19048891921202885,0.21052663250204995,-27424.0,FG
2017-10-24,1362.0,1371.0,1353.0,1359.0,162110,180462,1361.0,-0.002205072558313981,0.21942855177609855,0.18909168549396027,0.20514617893993867,-10110.0,FG
2017-10-25,1360.0,1365.0,1336.0,1341.0,183402,200494,1351.0,-0.013333530869465144,0.2227973504028456,0.19071549586341682,0.20862655655349863,20032.0,FG
2017-10-26,1343.0,1345.0,1326.0,1333.0,146224,199392,1337.0,-0.00598356310296987,0.2226735180225915,0.18921179568448795,0.208863747987101,-1102.0,FG
2017-10-27,1333.0,1334.0,1310.0,1318.0,162042,208952,1323.0,-0.011316605116256165,0.22519707886255008,0.19027286499856935,0.20897410191897428,9560.0,FG
2017-10-30,1318.0,1330.0,1313.0,1317.0,132798,211768,1323.0,-0.0007590133191714863,0.22518016454193712,0.1902337486489435,0.2092257409430459,2816.0,FG
2017-10-31,1319.0,1334.0,1314.0,1317.0,146762,223446,1323.0,0.0,0.22137810856210557,0.18560709380873566,0.20090081166931803,11678.0,FG
2017-11-01,1330.0,1367.0,1320.0,1351.0,344688,254756,1346.0,0.02548863621691772,0.2320836444347099,0.19340409205931358,0.20848233236271654,31310.0,FG
2017-11-02,1352.0,1364.0,1344.0,1359.0,174360,197488,1353.0,0.005904076190944844,0.23242109900038146,0.19388115753169488,0.20840373966629372,-57268.0,FG
2017-11-03,1358.0,1358.0,1348.0,1354.0,110948,184806,1352.0,-0.0036859606789233904,0.23057325528094513,0.19397870316189822,0.2057204227393448,-12682.0,FG
2017-11-06,1357.0,1376.0,1353.0,1369.0,141428,195196,1367.0,0.011017371816228584,0.2306274420451452,0.19523713792130212,0.20700271119860694,10390.0,FG
2017-11-07,1368.0,1383.0,1365.0,1380.0,139690,188272,1374.0,0.00800295286280143,0.19157762856618454,0.1936035280639913,0.18158138638968033,-6924.0,FG
2017-11-08,1381.0,1395.0,1374.0,1385.0,131886,188826,1383.0,0.003616640470188515,0.19167888810561914,0.19372645245294373,0.18146221282843997,554.0,FG
2017-11-09,1385.0,1410.0,1371.0,1407.0,278900,231810,1390.0,0.015759638492950187,0.19842363670659305,0.1917480909843286,0.1843249262897291,42984.0,FG
2017-11-10,1408.0,1429.0,1399.0,1420.0,326026,250726,1414.0,0.009197093480917332,0.19695904715962756,0.19242098148976464,0.1871939225236087,18916.0,FG
2017-11-13,1420.0,1427.0,1415.0,1420.0,161320,229590,1420.0,0.0,0.19590955558218662,0.1908120249947402,0.1840480795999752,-21136.0,FG
2017-11-14,1428.0,1439.0,1420.0,1434.0,149122,250288,1431.0,0.00981087056425924,0.19625803600700414,0.191312518955615,0.1847581494593645,20698.0,FG
2017-11-15,1433.0,1446.0,1422.0,1429.0,317080,292730,1435.0,-0.0034928432296982984,0.19723650442061383,0.19014895431600806,0.18630297833117732,42442.0,FG
2017-11-16,1435.0,1457.0,1425.0,1444.0,284168,322354,1438.0,0.010442141522904078,0.19354692845587607,0.19087457880714204,0.1888548433931946,29624.0,FG
2017-11-17,1445.0,1474.0,1443.0,1467.0,430690,425636,1459.0,0.015802458690210082,0.1838240009338773,0.18876139545997844,0.18137757246699282,103282.0,FG
2017-11-20,1476.0,1517.0,1463.0,1512.0,525614,505706,1488.0,0.030213778596496633,0.178109790044812,0.1983918409094075,0.18714004420583172,80070.0,FG
2017-11-21,1511.0,1523.0,1489.0,1497.0,436848,460206,1505.0,-0.009970172319849915,0.18437703034056527,0.19907348281186568,0.19113356402866555,-45500.0,FG
2017-11-22,1494.0,1508.0,1481.0,1491.0,306584,411864,1492.0,-0.004016069654889943,0.17500014049884996,0.1992755032274686,0.1895377802451263,-48342.0,FG
2017-11-23,1489.0,1490.0,1467.0,1481.0,346400,362956,1477.0,-0.006729500496939605,0.17565173177866486,0.1982411397633146,0.19000813731803087,-48908.0,FG
2017-11-24,1484.0,1490.0,1466.0,1488.0,162720,321946,1480.0,0.004715401125238358,0.16453254245424853,0.19737989747504175,0.18922460843971564,-41010.0,FG
2017-11-27,1488.0,1500.0,1467.0,1470.0,266202,320004,1486.0,-0.012170535620255179,0.17535187188787174,0.19859520300580685,0.19310856292229842,-1942.0,FG
2017-11-28,1468.0,1474.0,1451.0,1460.0,223726,253084,1460.0,-0.006825965070399871,0.17977159294794187,0.19912491833632176,0.1933318697737742,-66920.0,FG
2017-11-29,1445.0,1470.0,1443.0,1463.0,258472,374344,1460.0,0.0020526863177422615,0.16322463159979334,0.19860866185586853,0.18277835279522872,121260.0,FG
2017-11-30,1466.0,1491.0,1443.0,1445.0,349616,430064,1468.0,-0.012379800473591742,0.1729055060931059,0.19979196901813293,0.19300711901202602,55720.0,FG
2017-12-01,1445.0,1470.0,1437.0,1464.0,388578,443962,1449.0,0.013063093974724313,0.17443061249627395,0.19820068294475557,0.19831689769069852,13898.0,FG
2017-12-04,1464.0,1522.0,1454.0,1500.0,436594,485068,1491.0,0.024292692569044483,0.18738600507890538,0.20391563312046415,0.21786970425144508,41106.0,FG
2017-12-05,1503.0,1510.0,1483.0,1489.0,246958,455640,1498.0,-0.0073603544062924185,0.19150889922182915,0.20198859821943113,0.21945635793272117,-29428.0,FG
2017-12-06,1488.0,1505.0,1482.0,1499.0,235948,474760,1494.0,0.006693465418588799,0.1917786787633176,0.2021566852630604,0.2195292395749558,19120.0,FG
2017-12-07,1499.0,1507.0,1440.0,1458.0,433830,454262,1475.0,-0.027732585533994287,0.21659370284330404,0.21031160977659857,0.232315481292256,-20498.0,FG
2017-12-08,1460.0,1473.0,1448.0,1464.0,292928,423692,1461.0,0.004106781952653502,0.21504232435459325,0.20904713000178624,0.2307855891794054,-30570.0,FG
2017-12-11,1466.0,1473.0,1448.0,1458.0,310620,428506,1460.0,-0.004106781952653359,0.21591414411093995,0.2089369328830126,0.2329410471678604,4814.0,FG
2017-12-12,1462.0,1464.0,1444.0,1452.0,228356,413110,1453.0,-0.004123717183862041,0.21431900983316787,0.209120890063453,0.23306241448241222,-15396.0,FG
2017-12-13,1452.0,1489.0,1446.0,1479.0,404150,438742,1474.0,0.018424267326058504,0.22262714836951342,0.21170339020486323,0.238592923546457,25632.0,FG
2017-12-14,1477.0,1481.0,1433.0,1435.0,400016,401630,1457.0,-0.030201334517078373,0.24674305307295588,0.22013840581216826,0.24412524803180133,-37112.0,FG
2017-12-15,1436.0,1453.0,1433.0,1444.0,257576,390878,1443.0,0.006252191259050092,0.24077405347540243,0.2172683794746137,0.24171541382908274,-10752.0,FG
2017-12-18,1445.0,1485.0,1444.0,1479.0,357080,424712,1467.0,0.023949143258028306,0.23097932539215899,0.21234837009330024,0.23672234450889323,33834.0,FG
2017-12-19,1479.0,1498.0,1462.0,1479.0,304440,414154,1479.0,0.0,0.228621061612345,0.21145093036325102,0.23750187302809356,-10558.0,FG
2017-12-20,1479.0,1494.0,1476.0,1486.0,176322,421182,1484.0,0.004721762566904689,0.22899252038081208,0.21057632401152415,0.23579221855889515,7028.0,FG
2017-12-21,1488.0,1498.0,1472.0,1492.0,281728,447732,1486.0,0.004029555486001642,0.22809373053307513,0.2104494519022656,0.23640853943805232,26550.0,FG
2017-12-22,1497.0,1514.0,1488.0,1512.0,363688,482246,1501.0,0.013315775975772156,0.2322386846191915,0.211147041386917,0.2367550804181663,34514.0,FG
2017-12-25,1514.0,1518.0,1484.0,1491.0,302348,462320,1497.0,-0.01398624197473984,0.23365738199216946,0.21355826846321302,0.23692897211666955,-19926.0,FG
2017-12-26,1492.0,1496.0,1482.0,1488.0,205760,450950,1489.0,-0.0020140993717012562,0.23223055475851576,0.21294547176138878,0.23541202286334206,-11370.0,FG
2017-12-27,1487.0,1492.0,1468.0,1472.0,276394,461806,1480.0,-0.010810916104215617,0.23585185578254034,0.2109486429383172,0.23463814623642137,10856.0,FG
2017-12-28,1473.0,1479.0,1463.0,1474.0,214762,427232,1472.0,0.0013577734604602887,0.2310817344112214,0.21087055983153966,0.22530186568229663,-34574.0,FG
2017-12-29,1474.0,1489.0,1466.0,1483.0,261232,430030,1475.0,0.006087269388650209,0.22757719850414115,0.21003271711417235,0.22255192275769278,2798.0,FG
2018-01-02,1487.0,1487.0,1455.0,1462.0,246422,390406,1465.0,-0.014261701828208243,0.21535767893516136,0.21174606414578698,0.2055344959129083,-39624.0,FG
2018-01-03,1464.0,1467.0,1441.0,1454.0,289744,397376,1453.0,-0.005486982216259193,0.21476310011177807,0.1989029832210115,0.20547128530689443,6970.0,FG
2018-01-04,1455.0,1474.0,1444.0,1471.0,262334,389700,1456.0,0.011624062507972942,0.21782994605643288,0.19998198328577013,0.2074981009874769,-7676.0,FG
2018-01-05,1470.0,1472.0,1452.0,1460.0,185036,392936,1462.0,-0.007506005899055419,0.19571455371786092,0.20071533162303642,0.18594282508686855,3236.0,FG
2018-01-08,1457.0,1514.0,1455.0,1512.0,354722,469372,1481.0,0.03499684203709615,0.2313315934217861,0.2112310954074073,0.20094027753030053,76436.0,FG
2018-01-09,1512.0,1514.0,1501.0,1507.0,249152,476964,1507.0,-0.0033123581129827994,0.23109006240850458,0.21113304804941554,0.1984721905172502,7592.0,FG
2018-01-10,1510.0,1517.0,1500.0,1508.0,258114,490318,1508.0,0.0006633499414059723,0.23013337921993723,0.21060861226972694,0.197764396828749,13354.0,FG
2018-01-11,1515.0,1515.0,1482.0,1492.0,278778,449210,1496.0,-0.010666767804195192,0.22557422354129417,0.21206731250373062,0.19345796978938043,-41108.0,FG
2018-01-12,1493.0,1499.0,1487.0,1496.0,171108,457754,1494.0,0.0026773777707163942,0.1946450060530241,0.21055051990027573,0.18117177387959607,8544.0,FG
2018-01-15,1494.0,1495.0,1478.0,1482.0,195234,438840,1485.0,-0.009402352678390393,0.1980702485014436,0.20649658094516674,0.1804072521680739,-18914.0,FG
2018-01-16,1481.0,1489.0,1464.0,1467.0,196500,428048,1474.0,-0.01017302771305052,0.1828849751831034,0.20052017957502605,0.17408425943959507,-10792.0,FG
2018-01-17,1466.0,1480.0,1465.0,1475.0,149122,420994,1473.0,0.005438490630938427,0.1840514217092262,0.2005710934916667,0.16764666113141,-7054.0,FG
2018-01-18,1474.0,1497.0,1467.0,1492.0,261352,455960,1485.0,0.011459511989786,0.18789255701055518,0.19925271753537524,0.1711448506248242,34966.0,FG
2018-01-19,1492.0,1495.0,1483.0,1486.0,175340,413486,1488.0,-0.004029555486001688,0.1878925570105552,0.19896990128792225,0.16793236013117513,-42474.0,FG
2018-01-22,1484.0,1489.0,1450.0,1457.0,399662,440258,1465.0,-0.019708419082499692,0.19284399625538215,0.20202980176463484,0.17327543034763587,26772.0,FG
2018-01-23,1458.0,1475.0,1451.0,1467.0,247276,377736,1463.0,0.006839971947776944,0.18963267642833606,0.2022378559490721,0.17007134462696002,-62522.0,FG
2018-01-24,1465.0,1474.0,1454.0,1459.0,173430,385442,1463.0,-0.005468229620196126,0.19031293949127273,0.2027511973532654,0.171368388630953,7706.0,FG
2018-01-25,1460.0,1493.0,1451.0,1488.0,347040,424268,1480.0,0.019681666870251628,0.19989016208386998,0.20019540114461812,0.1784722972703003,38826.0,FG
2018-01-26,1488.0,1492.0,1473.0,1485.0,167596,387288,1483.0,-0.002018164156237236,0.20006482936552547,0.2001284558973238,0.17905171634516173,-36980.0,FG
2018-01-29,1484.0,1505.0,1483.0,1497.0,239466,446028,1495.0,0.008048333182828415,0.20092030415551057,0.2002788695932715,0.1787305673747099,58740.0,FG
2018-01-30,1495.0,1501.0,1483.0,1494.0,174438,417316,1491.0,-0.002006018726865743,0.19363707260071003,0.19946691006386968,0.17454834513368686,-28712.0,FG
2018-01-31,1492.0,1498.0,1467.0,1478.0,279244,406432,1481.0,-0.010767264184615554,0.1968672296410505,0.20053347605731542,0.17605943824349832,-10884.0,FG
2018-02-01,1480.0,1480.0,1462.0,1463.0,169108,363126,1471.0,-0.010200700488022789,0.1962262187604391,0.20179090212234116,0.17252745800319408,-43306.0,FG
2018-02-02,1462.0,1492.0,1461.0,1487.0,199046,373276,1477.0,0.016271545440030722,0.20259762189799668,0.2019531307123738,0.17581103678758342,10150.0,FG
2018-02-05,1484.0,1495.0,1480.0,1486.0,172656,377542,1488.0,-0.0006727211824506214,0.15798484166220964,0.20124308531429494,0.15570696304460985,4266.0,FG
2018-02-06,1485.0,1498.0,1478.0,1482.0,187728,379638,1487.0,-0.0026954194216723226,0.1578742260202899,0.20136123616109658,0.15723830311483825,2096.0,FG
2018-02-07,1485.0,1493.0,1474.0,1488.0,188814,381468,1484.0,0.004040409537004906,0.15874543266505642,0.2005994712731248,0.15776834073599327,1830.0,FG
2018-02-08,1485.0,1518.0,1465.0,1466.0,632470,465058,1493.0,-0.01489533294644036,0.162899703305973,0.20292593605531736,0.16851787612892621,83590.0,FG
2018-02-09,1467.0,1477.0,1450.0,1451.0,453922,440984,1463.0,-0.010284629562409008,0.16560007740347002,0.2030014732642464,0.17216737953242944,-24074.0,FG
2018-02-12,1450.0,1459.0,1435.0,1442.0,281630,417532,1448.0,-0.006221935039293437,0.16398384856327047,0.2007393712053776,0.1740467036872625,-23452.0,FG
2018-02-13,1446.0,1454.0,1440.0,1446.0,154428,377170,1446.0,0.0027700848738156096,0.16120085330126738,0.19063286855743555,0.17152757482339265,-40362.0,FG
2018-02-14,1448.0,1465.0,1444.0,1461.0,134970,333466,1455.0,0.010320009031989449,0.16454429292752853,0.1909706848663611,0.1728979322937488,-43704.0,FG
2018-02-22,1467.0,1467.0,1440.0,1446.0,126598,356530,1452.0,-0.010320009031989472,0.161749506882802,0.191906909565917,0.1720520362659726,23064.0,FG
2018-02-23,1445.0,1494.0,1442.0,1488.0,348490,393246,1472.0,0.02863181267432708,0.19333871738392933,0.2004364582908326,0.18699511662489826,36716.0,FG
2018-02-26,1488.0,1498.0,1478.0,1489.0,183374,363784,1487.0,0.0006718172909718648,0.178789425721125,0.20020991115183326,0.18057071736912095,-29462.0,FG
2018-02-27,1489.0,1495.0,1483.0,1492.0,132000,370892,1488.0,0.0020127480796971993,0.17755570483332817,0.19864034498714483,0.17800358996013535,7108.0,FG
2018-02-28,1490.0,1503.0,1484.0,1496.0,226868,404410,1493.0,0.0026773777707163942,0.17607425815655783,0.19815300122971896,0.1776894286489152,33518.0,FG
2018-03-01,1495.0,1505.0,1484.0,1497.0,223712,410274,1495.0,0.0006682258852058622,0.16217203590824178,0.19812439998087686,0.1696846502844622,5864.0,FG
2018-03-02,1494.0,1502.0,1488.0,1498.0,197356,409442,1495.0,0.0006677796575364688,0.1619443951195778,0.19634510968133018,0.16866446448735029,-832.0,FG
2018-03-05,1498.0,1508.0,1481.0,1484.0,284988,401106,1490.0,-0.009389740349839032,0.16289169304774684,0.19565417293564386,0.17012239501201148,-8336.0,FG
2018-03-06,1483.0,1491.0,1473.0,1484.0,174112,382024,1482.0,0.0,0.1627916735965696,0.1891688773674147,0.17014850898075196,-19082.0,FG
2018-03-07,1488.0,1495.0,1475.0,1480.0,239382,418732,1484.0,-0.002699056969165058,0.15842981580268004,0.1886576371712925,0.16672384537009183,36708.0,FG
2018-03-08,1481.0,1490.0,1465.0,1466.0,314782,419396,1477.0,-0.00950448431156396,0.15785415676972758,0.18908262680696417,0.16856035914212034,664.0,FG
2018-03-09,1465.0,1476.0,1455.0,1461.0,343080,410608,1466.0,-0.0034164706958973003,0.14623900233499243,0.18049241795783674,0.16538090884744874,-8788.0,FG
2018-03-12,1463.0,1490.0,1460.0,1473.0,291888,392938,1471.0,0.00818000471193069,0.149713826277508,0.18107242055236758,0.16958046062824714,-17670.0,FG
2018-03-13,1473.0,1478.0,1463.0,1471.0,214508,365330,1471.0,-0.0013586958611927365,0.1495232530633275,0.18088854832559642,0.16855904606028294,-27608.0,FG
2018-03-14,1475.0,1485.0,1463.0,1468.0,293674,379834,1473.0,-0.002041511426976573,0.1487053662485356,0.18073006074791187,0.16934274175239317,14504.0,FG
2018-03-15,1470.0,1472.0,1451.0,1457.0,307090,378904,1459.0,-0.0075214029792560295,0.14154086056565243,0.17736212068972285,0.15464076713518288,-930.0,FG
2018-03-16,1459.0,1475.0,1448.0,1471.0,246984,360838,1464.0,0.009562914406232593,0.14052400532313747,0.16718973114195748,0.15465435656174825,-18066.0,FG
2018-03-19,1474.0,1497.0,1468.0,1483.0,297620,380382,1480.0,0.008124621536494583,0.14040064122873888,0.16751021385779885,0.156214397791758,19544.0,FG
2018-03-20,1480.0,1487.0,1457.0,1463.0,260562,340898,1471.0,-0.013577941117807808,0.14988133142981952,0.1626416823679137,0.16079072930504376,-39484.0,FG
2018-03-21,1463.0,1477.0,1445.0,1460.0,294356,366826,1461.0,-0.0020526863177421813,0.14562991063598996,0.1626859539811145,0.16455040818751268,25928.0,FG
2018-03-22,1459.0,1463.0,1387.0,1387.0,592404,415678,1426.0,-0.05129329438755058,0.230832786214913,0.19286440352341874,0.19583436837899634,48852.0,FG
2018-03-23,1387.0,1400.0,1336.0,1375.0,617750,347252,1375.0,-0.00868941021415992,0.20131723129677118,0.1931645271460527,0.20631099587353985,-68426.0,FG
2018-03-26,1376.0,1394.0,1368.0,1386.0,278486,331872,1383.0,0.007968169649176881,0.20513731797483636,0.1917460639719267,0.20820145622267347,-15380.0,FG
2018-03-27,1384.0,1399.0,1368.0,1375.0,288996,307758,1382.0,-0.007968169649176845,0.20458860621245636,0.190468138206632,0.21288203835493252,-24114.0,FG
2018-03-28,1377.0,1380.0,1360.0,1373.0,285392,302396,1369.0,-0.0014556043327006501,0.20330941861828314,0.19046329727411526,0.21342431554910182,-5362.0,FG
2018-03-29,1375.0,1383.0,1365.0,1380.0,157378,285112,1376.0,0.005085372383279431,0.20531667796368336,0.18987722645384714,0.21315137005011436,-17284.0,FG
2018-03-30,1380.0,1423.0,1369.0,1416.0,319602,280232,1394.0,0.025752496102414764,0.23053703657367125,0.19757537003157155,0.22756480271387403,-4880.0,FG
2018-04-02,1416.0,1430.0,1382.0,1391.0,259888,228394,1401.0,-0.01781308233022215,0.23556674801455896,0.20011915142278203,0.23573234998443082,-51838.0,FG
2018-04-03,1391.0,1397.0,1371.0,1390.0,178718,196644,1386.0,-0.0007191657987054853,0.23545045506653392,0.19823614478678955,0.2376885463061832,-31750.0,FG
2018-04-04,1387.0,1394.0,1374.0,1385.0,115598,167478,1384.0,-0.0036036075032985443,0.2354432186758876,0.19808636033104873,0.2379486603566372,-29166.0,FG
2018-04-09,1368.0,1390.0,1361.0,1385.0,77954,154246,1378.0,0.0,0.23455302728222027,0.19640851358286074,0.23944286849516208,-13232.0,FG
2018-04-10,1337.0,1352.0,1335.0,1343.0,87304,176424,1343.0,-0.030794222098201287,0.254555233942256,0.2052298034111864,0.23901669344553456,22178.0,FG
2018-04-11,1342.0,1367.0,1342.0,1351.0,146792,200088,1354.0,0.0059391414369611975,0.25323990793765383,0.19151119987490065,0.23832700731836354,23664.0,FG
2018-04-12,1351.0,1359.0,1345.0,1357.0,123058,206234,1354.0,0.004431321874670332,0.25495321656829406,0.19191707273775177,0.2383570291329143,6146.0,FG
2018-04-13,1356.0,1372.0,1351.0,1370.0,132668,211184,1361.0,0.009534358987301518,0.25938949124398303,0.19323895557500068,0.2385001624042193,4950.0,FG
2018-04-16,1367.0,1371.0,1340.0,1351.0,167340,231464,1353.0,-0.013965680861971759,0.2617092019550554,0.19401064412179883,0.24147403408662085,20280.0,FG
2018-04-17,1350.0,1360.0,1345.0,1347.0,130444,226120,1352.0,-0.002965161549834867,0.25701307428004966,0.19381858829064869,0.2394273810074029,-5344.0,FG
2018-04-18,1350.0,1376.0,1349.0,1373.0,184144,239172,1365.0,0.019118229357607017,0.26681605880950016,0.19774982985603884,0.239521900536321,13052.0,FG
2018-04-19,1380.0,1388.0,1370.0,1384.0,175416,228790,1378.0,0.007979730409643865,0.26736342150288095,0.1977596776589745,0.23720486174648336,-10382.0,FG
2018-04-20,1383.0,1385.0,1372.0,1373.0,114718,221462,1377.0,-0.007979730409643815,0.26797308015485166,0.19781375204315324,0.23346112715914827,-7328.0,FG
2018-04-23,1373.0,1392.0,1372.0,1385.0,123952,219448,1382.0,0.008702012853467847,0.2016667262556563,0.19714527623586114,0.20644200597543075,-2014.0,FG
2018-04-24,1380.0,1398.0,1379.0,1391.0,121788,217816,1388.0,0.0043227733020040965,0.19958746723329496,0.19738161349052702,0.18327929244552096,-1632.0,FG
2018-04-25,1391.0,1400.0,1375.0,1381.0,150584,236508,1386.0,-0.00721503851415074,0.19940953067108833,0.19400974580266514,0.18291230737360117,18692.0,FG
2018-04-26,1380.0,1385.0,1376.0,1381.0,100454,222594,1381.0,0.0,0.19729385089489077,0.19335583655970154,0.1771575422387666,-13914.0,FG
2018-04-27,1383.0,1383.0,1363.0,1377.0,149436,231012,1374.0,-0.002900654680637233,0.19752113259288304,0.1931757557623203,0.17714570351029255,8418.0,FG
2018-05-02,1378.0,1384.0,1358.0,1377.0,155706,231118,1369.0,0.0,0.19666411231726033,0.18838079990131654,0.1795225794150301,106.0,FG
2018-05-03,1376.0,1390.0,1372.0,1385.0,152020,238558,1383.0,0.005792919892784106,0.17341532983842822,0.18892719275292727,0.16200830970785363,7440.0,FG
2018-05-04,1381.0,1389.0,1366.0,1371.0,173240,254428,1378.0,-0.010159739059124517,0.16565125327206484,0.1888218268958162,0.1491578314846675,15870.0,FG
2018-05-07,1371.0,1386.0,1368.0,1383.0,164204,242796,1378.0,0.008714652102443909,0.16897937900718293,0.18995644247250013,0.1463805154545162,-11632.0,FG
2018-05-08,1385.0,1389.0,1376.0,1380.0,105308,242692,1382.0,-0.0021715535135077954,0.16868127993547088,0.18894628249213036,0.14451430985383898,-104.0,FG
2018-05-09,1361.0,1362.0,1342.0,1349.0,308252,327776,1358.0,-0.02271992194349455,0.18654139412203236,0.19317006542144338,0.14094978914491735,85084.0,FG
2018-05-10,1352.0,1362.0,1348.0,1352.0,169966,292286,1354.0,0.002221400395153598,0.15103699920046962,0.18983880578972484,0.1400937788635123,-35490.0,FG
2018-05-11,1357.0,1360.0,1348.0,1351.0,169728,300460,1354.0,-0.000739918642710575,0.1496148511686132,0.1898374851404257,0.13581038856180458,8174.0,FG
2018-05-14,1352.0,1367.0,1346.0,1363.0,185634,294296,1358.0,0.008843093736333851,0.15212617629958067,0.19100958368705598,0.13799119610109853,-6164.0,FG
2018-05-15,1361.0,1370.0,1353.0,1365.0,219140,300556,1364.0,0.0014662759225274112,0.14825170217048364,0.19077132044158884,0.13664501476715352,6260.0,FG
2018-05-16,1365.0,1384.0,1358.0,1365.0,255586,297662,1369.0,0.0,0.1391083040974484,0.1887310644437931,0.13392216784101552,-2894.0,FG
2018-05-17,1366.0,1373.0,1364.0,1366.0,111430,282264,1368.0,0.0007323325116752631,0.13850393362735788,0.18781906041806506,0.1325729646201477,-15398.0,FG
2018-05-18,1366.0,1371.0,1342.0,1353.0,223766,308670,1358.0,-0.009562411959947347,0.12475821166604156,0.18833520656398686,0.13366278600918244,26406.0,FG
2018-05-21,1351.0,1392.0,1350.0,1380.0,314662,278546,1376.0,0.019759149980462392,0.1414216119727324,0.19293641713664794,0.14604550667833982,-30124.0,FG
2018-05-22,1379.0,1389.0,1377.0,1382.0,141356,254912,1382.0,0.001448226176364748,0.13844584866070261,0.1916193277010864,0.14583468558625504,-23634.0,FG
2018-05-23,1384.0,1388.0,1366.0,1377.0,193542,259088,1377.0,-0.00362450559896036,0.13546118794805842,0.19071380279351774,0.1465413511710784,4176.0,FG
2018-05-24,1377.0,1399.0,1372.0,1386.0,220354,258804,1385.0,0.006514681021193672,0.13665958344794546,0.1813578169032998,0.14947374041485675,-284.0,FG
2018-05-25,1386.0,1392.0,1380.0,1389.0,138746,244206,1386.0,0.0021621630044953172,0.13430926052761918,0.18144791381255296,0.14565928002125467,-14598.0,FG
2018-05-28,1388.0,1435.0,1382.0,1424.0,337644,299712,1415.0,0.024885749217577274,0.15997217256739596,0.1889920207753615,0.16555986237722992,55506.0,FG
2018-05-29,1424.0,1428.0,1415.0,1426.0,141540,267516,1422.0,0.0014035090023200904,0.15912406795289358,0.1889112189095773,0.16380011214560475,-32196.0,FG
2018-05-30,1426.0,1430.0,1418.0,1423.0,131382,261260,1424.0,-0.0021060028843889185,0.15960201328958545,0.1889048143237728,0.1597783473075756,-6256.0,FG
2018-05-31,1422.0,1442.0,1419.0,1434.0,248402,291026,1433.0,0.007700423069713362,0.16039513679053166,0.18968726803609895,0.16102394249999863,29766.0,FG
2018-06-01,1434.0,1455.0,1432.0,1451.0,164054,279538,1445.0,0.011785231724622126,0.1577187909150921,0.1905127738488868,0.16067480246350005,-11488.0,FG
2018-06-04,1451.0,1465.0,1441.0,1445.0,166628,282736,1451.0,-0.004143652337655258,0.1579639007602116,0.19066592930388243,0.16209898928362068,3198.0,FG
2018-06-05,1447.0,1449.0,1436.0,1448.0,122868,273216,1444.0,0.002073972399129172,0.15713148988154194,0.19067563972856746,0.16199879215751803,-9520.0,FG
2018-06-06,1447.0,1457.0,1437.0,1444.0,143686,280488,1445.0,-0.002766253492890185,0.12835171219571814,0.18980106626946738,0.16161159886959967,7272.0,FG
2018-06-07,1446.0,1469.0,1441.0,1459.0,163900,282012,1454.0,0.010334229070014064,0.13055531577640744,0.19090187635526792,0.16524747247785673,1524.0,FG
2018-06-08,1458.0,1462.0,1445.0,1453.0,111782,262418,1453.0,-0.004120884952502724,0.13263576507801514,0.19031260964293498,0.166040185756947,-19594.0,FG
2018-06-11,1453.0,1458.0,1445.0,1447.0,100362,261356,1451.0,-0.0041379369387990516,0.13386906512325125,0.19046707920844982,0.16386106490519456,-1062.0,FG
2018-06-12,1447.0,1460.0,1437.0,1459.0,117258,258686,1451.0,0.008258821891301723,0.13500094147024327,0.1912210901261203,0.16517954361628773,-2670.0,FG
2018-06-13,1459.0,1460.0,1435.0,1439.0,163274,248576,1444.0,-0.013802841635417845,0.14770322303568748,0.19267805935749754,0.16434006927078376,-10110.0,FG
2018-06-14,1442.0,1449.0,1438.0,1442.0,82448,232364,1442.0,0.0020826109575265684,0.1475508625151065,0.19167323775198883,0.16454321655327847,-16212.0,FG
2018-06-15,1441.0,1484.0,1439.0,1477.0,278686,257134,1465.0,0.023981964686485405,0.1581315898237114,0.19728856587444,0.1711391848250126,24770.0,FG
2018-06-19,1465.0,1482.0,1451.0,1460.0,150504,213144,1465.0,-0.011576567828997734,0.15684810051380813,0.19674938671454295,0.16453460040117235,-43990.0,FG
2018-06-20,1461.0,1474.0,1455.0,1464.0,124764,223134,1463.0,0.0027359798188748455,0.1567662215795185,0.19678403079118179,0.16580431999470574,9990.0,FG
2018-06-21,1461.0,1474.0,1458.0,1461.0,102206,217812,1466.0,-0.0020512827705573607,0.15600388275578633,0.165539120163186,0.1639428437120648,-5322.0,FG
2018-06-22,1460.0,1461.0,1441.0,1453.0,180198,229248,1451.0,-0.005490748180416623,0.15816453971475555,0.1648842070923931,0.161312057252824,11436.0,FG
2018-06-25,1457.0,1459.0,1444.0,1446.0,72524,212846,1452.0,-0.004829260851572862,0.16019831075800453,0.16463522837914712,0.16175630436935473,-16402.0,FG
2018-06-26,1441.0,1443.0,1420.0,1424.0,198796,241240,1431.0,-0.015331310746788866,0.14721292658138657,0.16694891923323377,0.14472021881568226,28394.0,FG
2018-06-27,1423.0,1433.0,1422.0,1429.0,100222,221512,1428.0,0.0035050859579463527,0.14766338123413852,0.16699924891962376,0.14434188142774623,-19728.0,FG
2018-06-28,1428.0,1446.0,1427.0,1439.0,167268,233620,1437.0,0.006973528957500447,0.14935408587480337,0.16725523973607745,0.14595599908596107,12108.0,FG
2018-06-29,1439.0,1463.0,1429.0,1457.0,205396,210566,1450.0,0.012431099307837016,0.15321691686456307,0.16088884313630403,0.15043408881904952,-23054.0,FG
2018-07-02,1453.0,1460.0,1441.0,1453.0,153014,226960,1452.0,-0.0027491426249218864,0.1480292767600071,0.1565118873375756,0.14919574901333474,16394.0,FG
2018-07-03,1454.0,1459.0,1452.0,1457.0,96422,218868,1455.0,0.002749142624921935,0.1474531885373888,0.15653623280724413,0.1453738784044147,-8092.0,FG
2018-07-04,1458.0,1474.0,1457.0,1463.0,195914,237824,1467.0,0.004109594824919468,0.1479296762209403,0.1564117702057562,0.14619874608609243,18956.0,FG
2018-07-05,1463.0,1470.0,1454.0,1459.0,131506,210382,1460.0,-0.0027378524973386935,0.14792142028975655,0.156579250021501,0.1450956260372519,-27442.0,FG
2018-07-06,1459.0,1468.0,1447.0,1462.0,141238,221506,1457.0,0.0020540917869382694,0.1435218941939151,0.14212350070340188,0.1425447202894427,11124.0,FG
2018-07-09,1461.0,1467.0,1455.0,1460.0,108164,211716,1460.0,-0.0013689256073417322,0.1427842002258646,0.14192050219382296,0.14144401612154717,-9790.0,FG
2018-07-10,1461.0,1482.0,1459.0,1470.0,172582,237472,1472.0,0.006825965070399891,0.14361995388495885,0.14222870977632884,0.14404077506689095,25756.0,FG
2018-07-11,1470.0,1475.0,1462.0,1467.0,107982,217174,1468.0,-0.0020429016298002933,0.14116681668375633,0.14136064365767106,0.14129516853423385,-20298.0,FG
2018-07-12,1467.0,1492.0,1464.0,1487.0,184072,245482,1478.0,0.013541168317173327,0.13836645926340588,0.14005049264795416,0.14225882665685136,28308.0,FG
2018-07-13,1487.0,1496.0,1481.0,1486.0,126824,229222,1487.0,-0.0006727211824506214,0.13859338530333576,0.13981192842953452,0.1429461799550697,-16260.0,FG
2018-07-16,1485.0,1492.0,1484.0,1486.0,79350,230094,1488.0,0.0,0.11050176336510324,0.13504813286517206,0.12762868115569218,872.0,FG
2018-07-17,1486.0,1488.0,1472.0,1479.0,125840,216818,1480.0,-0.004721762566904699,0.10322261737355048,0.13488197935044952,0.12166050873020665,-13276.0,FG
2018-07-18,1479.0,1483.0,1474.0,1475.0,75008,206050,1477.0,-0.002708193936879655,0.10356659572213227,0.1338021632898254,0.11920349033006969,-10768.0,FG
2018-07-19,1475.0,1482.0,1469.0,1473.0,98414,203832,1477.0,-0.0013568523112899083,0.10338153501204538,0.13298351760025331,0.11841625744357355,-2218.0,FG
2018-07-20,1474.0,1479.0,1469.0,1479.0,92560,195190,1474.0,0.0040650462481695935,0.10171311280842835,0.1329574880769964,0.11564318349292829,-8642.0,FG
2018-07-23,1476.0,1479.0,1463.0,1472.0,96184,193024,1470.0,-0.004744163421978266,0.10165061376164765,0.13240333641899596,0.1158674098844029,-2166.0,FG
2018-07-24,1473.0,1498.0,1473.0,1488.0,149294,185158,1487.0,0.010810916104215676,0.0878369165897799,0.1338662931372718,0.11635429722791582,-7866.0,FG
2018-07-25,1487.0,1491.0,1484.0,1484.0,79166,170482,1487.0,-0.0026917916657114146,0.08934322327114552,0.13383957000817354,0.11563068338982434,-14676.0,FG
2018-07-26,1486.0,1486.0,1472.0,1475.0,70940,163100,1480.0,-0.0060831549534055805,0.09146534353001157,0.1346533125020612,0.11395476187713711,-7382.0,FG
2018-07-27,1474.0,1483.0,1469.0,1481.0,100864,159568,1476.0,0.004059545493878519,0.08231345462657196,0.13444616008762955,0.10439594039935546,-3532.0,FG
2018-07-30,1482.0,1493.0,1481.0,1491.0,83876,148132,1487.0,0.006729500496939618,0.08372010927433972,0.13285432936992947,0.10207122749669155,-11436.0,FG
2018-07-31,1491.0,1496.0,1477.0,1479.0,75358,141796,1485.0,-0.008080852053938672,0.08977498728395691,0.1333577617131974,0.10512290798572317,-6336.0,FG
2018-08-01,1480.0,1487.0,1471.0,1486.0,100248,139004,1479.0,0.004721762566904689,0.09010197248392385,0.1333794745954566,0.10474628082696974,-2792.0,FG
2018-08-02,1483.0,1486.0,1475.0,1478.0,71974,131770,1479.0,-0.0053981237695573695,0.09194073720802556,0.12459552107493164,0.10334740661822105,-7234.0,FG
2018-08-03,1478.0,1505.0,1459.0,1462.0,199894,141910,1484.0,-0.010884461198423219,0.10033221436633456,0.12713007941728924,0.11869690745543361,10140.0,FG
2018-08-06,1462.0,1470.0,1456.0,1465.0,130154,122752,1464.0,0.002049881141443819,0.10044648284494416,0.1270675837278659,0.11915393097663728,-19158.0,FG
2018-08-07,1464.0,1486.0,1457.0,1468.0,145158,112232,1473.0,0.0020456877232931073,0.0976624463595331,0.1261231922845585,0.1218435388335874,-10520.0,FG
2018-08-08,1468.0,1476.0,1463.0,1469.0,71324,102558,1469.0,0.000680966999416341,0.09741221441255712,0.1261273268896726,0.12184156614592992,-9674.0,FG
2018-08-09,1420.0,1433.0,1410.0,1432.0,148822,165638,1419.0,-0.025509828653286333,0.12126710425847813,0.13741954684054078,0.12003148166041183,63080.0,FG
2018-08-10,1431.0,1445.0,1425.0,1430.0,224694,183534,1435.0,-0.0013976242666379726,0.12119886176805539,0.13749265976801434,0.12175998102112512,17896.0,FG
2018-08-13,1428.0,1449.0,1416.0,1442.0,160282,190256,1434.0,0.008356594590941492,0.12642962037167954,0.13665326460987326,0.1307208842931179,6722.0,FG
2018-08-14,1443.0,1494.0,1443.0,1464.0,403366,248706,1466.0,0.015141376676362476,0.13868553986780394,0.13428055408019368,0.14832342754030753,58450.0,FG
2018-08-15,1463.0,1470.0,1450.0,1460.0,164344,238276,1460.0,-0.0027359798188747488,0.1386913702530597,0.13449082940218537,0.150594897778532,-10430.0,FG
2018-08-16,1458.0,1475.0,1400.0,1413.0,428554,259334,1434.0,-0.03272133201785463,0.17952719808691203,0.15078054966220858,0.18602922060587893,21058.0,FG
2018-08-17,1419.0,1432.0,1411.0,1428.0,243536,228146,1421.0,0.010559760215002253,0.18386797815089537,0.15169552502348357,0.18810460242537827,-31188.0,FG
2018-08-20,1433.0,1438.0,1407.0,1433.0,225950,221040,1425.0,0.003495284928642142,0.18441207268686177,0.15178189477621187,0.19233109264561038,-7106.0,FG
2018-08-21,1435.0,1439.0,1421.0,1429.0,134794,207126,1430.0,-0.002795249898304401,0.178802293758927,0.14322888468681472,0.19086285258445465,-13914.0,FG
2018-08-22,1430.0,1450.0,1429.0,1447.0,183556,227512,1442.0,0.012517548701616433,0.1859948664722011,0.14545060219606423,0.19310181319491668,20386.0,FG
2018-08-23,1450.0,1459.0,1444.0,1449.0,190710,224360,1451.0,0.0013812156891984332,0.18532029781250428,0.14538606737505913,0.1933024093619833,-3152.0,FG
2018-08-24,1450.0,1466.0,1443.0,1466.0,196344,231478,1457.0,0.011663940125914506,0.1898862098246557,0.146461868492882,0.19516041481915,7118.0,FG
2018-08-27,1466.0,1469.0,1458.0,1465.0,127316,214146,1463.0,-0.0006823609954291395,0.18796703778729051,0.1445420853764104,0.19506070330965994,-17332.0,FG
2018-08-28,1464.0,1471.0,1452.0,1460.0,114860,216560,1463.0,-0.003418806748785609,0.1863325007837711,0.14445818455166398,0.1951258396802376,2414.0,FG
2018-08-29,1460.0,1463.0,1452.0,1456.0,99146,215564,1458.0,-0.0027434859457508326,0.1853693916315626,0.1445241217198341,0.19443059360564682,-996.0,FG
2018-08-30,1457.0,1457.0,1445.0,1450.0,105996,213160,1450.0,-0.004129393342011178,0.18502904834018716,0.14466506384600547,0.19458348092402913,-2404.0,FG
2018-08-31,1451.0,1459.0,1436.0,1436.0,138130,211338,1449.0,-0.009702085806450591,0.18423981150612068,0.14442193492582445,0.18616338438617244,-1822.0,FG
2018-09-03,1436.0,1438.0,1406.0,1421.0,170418,216462,1423.0,-0.010500621511068807,0.1869221699041771,0.14572495577417982,0.19112102042203147,5124.0,FG
2018-09-04,1420.0,1426.0,1409.0,1413.0,108084,209014,1418.0,-0.005645745412573238,0.1869671148539005,0.145922471290878,0.1882140811483799,-7448.0,FG
2018-09-05,1413.0,1417.0,1357.0,1378.0,362936,262140,1384.0,-0.02508193111092359,0.20370853809105713,0.1532304398183066,0.20859305460736158,53126.0,FG
2018-09-06,1378.0,1387.0,1362.0,1369.0,231462,239120,1376.0,-0.006552626285154946,0.18670376458251634,0.15135719768277792,0.2093377203438813,-23020.0,FG
2018-09-07,1372.0,1381.0,1342.0,1349.0,349694,272404,1361.0,-0.014716969080693055,0.19177393119350475,0.15385095052420122,0.21597754155603158,33284.0,FG
2018-09-10,1349.0,1364.0,1346.0,1357.0,179276,236560,1355.0,0.005912803627113322,0.19007098061108443,0.14556112940223653,0.2122478301117058,-35844.0,FG
2018-09-11,1357.0,1362.0,1329.0,1350.0,218500,243632,1344.0,-0.005171788402393956,0.1776710901555471,0.14424724884371268,0.2057244973267841,7072.0,FG
2018-09-12,1349.0,1364.0,1337.0,1356.0,200498,217078,1351.0,0.004434597067865775,0.18016194286220008,0.1444903757249705,0.20803528449741976,-26554.0,FG
2018-09-13,1356.0,1370.0,1342.0,1355.0,188520,223152,1356.0,-0.0007377351865395867,0.14427194185321954,0.14448543593909893,0.18144721745099923,6074.0,FG
2018-09-14,1357.0,1359.0,1347.0,1348.0,100382,217794,1353.0,-0.005179441841548973,0.13663517992839702,0.14444816079367365,0.1797046543863951,-5358.0,FG
2018-09-17,1347.0,1364.0,1342.0,1351.0,155836,227070,1352.0,0.0022230464879464517,0.13592597995307582,0.14442504342046217,0.17704380467593409,9276.0,FG
2018-09-18,1348.0,1358.0,1343.0,1355.0,127828,214670,1352.0,0.0029563953536025232,0.1375218009350975,0.14160356633596752,0.1765965936358147,-12400.0,FG
2018-09-19,1357.0,1367.0,1331.0,1362.0,242756,227432,1350.0,0.005152753395656332,0.1290307671233797,0.14185691064207415,0.18286049133193977,12762.0,FG
2018-09-20,1361.0,1374.0,1356.0,1360.0,169970,200730,1363.0,-0.0014695079793599947,0.12813987731380486,0.14094031966500079,0.18368581321044866,-26702.0,FG
2018-09-21,1363.0,1372.0,1356.0,1369.0,139196,197938,1366.0,0.006595846558351173,0.12150125806609283,0.13908550874011152,0.18230046442647527,-2792.0,FG
2018-09-25,1368.0,1378.0,1360.0,1367.0,110076,199936,1368.0,-0.0014619885644992772,0.12130098148257958,0.1390432310200948,0.18373400907036957,1998.0,FG
2018-09-26,1366.0,1375.0,1364.0,1374.0,127960,185598,1369.0,0.005107636058345043,0.12502933838211192,0.1393968047878626,0.18244743236307123,-14338.0,FG
2018-09-27,1374.0,1376.0,1353.0,1355.0,121068,168110,1366.0,-0.013924739468493427,0.13080200317639384,0.14145366043166618,0.18523303696751928,-17488.0,FG
2018-09-28,1356.0,1358.0,1334.0,1348.0,150048,163992,1344.0,-0.005179441841548973,0.13091113444709876,0.14164808802925796,0.1882454779663357,-4118.0,FG
2018-10-08,1351.0,1352.0,1306.0,1340.0,228174,196306,1322.0,-0.005952398527295273,0.12929034434634404,0.14178301309727626,0.19924940801597277,32314.0,FG
2018-10-09,1342.0,1354.0,1327.0,1348.0,239594,195320,1340.0,0.005952398527295352,0.13058017711644604,0.1425865850184486,0.19810647514977736,-986.0,FG
2018-10-10,1347.0,1354.0,1341.0,1348.0,143156,179124,1348.0,0.0,0.1303939740194818,0.141609539656499,0.19752805982933577,-16196.0,FG
2018-10-11,1348.0,1348.0,1324.0,1331.0,176396,199840,1337.0,-0.012691473077140731,0.10728965149366843,0.1434565239765723,0.17897752355137878,20716.0,FG
2018-10-12,1333.0,1340.0,1327.0,1338.0,120994,190340,1335.0,0.00524542229306213,0.10842177932489756,0.1407144020817811,0.17598261640445004,-9500.0,FG
2018-10-15,1337.0,1341.0,1311.0,1322.0,187576,235862,1324.0,-0.012030220276542124,0.1043357073018762,0.14224411007202128,0.17198251326667116,45522.0,FG
2018-10-16,1321.0,1328.0,1313.0,1318.0,134424,225924,1320.0,-0.0030303053491790963,0.10127301162616316,0.14220265808895582,0.1713596298056526,-9938.0,FG
2018-10-17,1318.0,1328.0,1313.0,1325.0,130944,223590,1321.0,0.005297023357870159,0.10297114079093561,0.14285901981099955,0.16502616199767506,-2334.0,FG
2018-10-18,1324.0,1327.0,1301.0,1306.0,172476,237008,1311.0,-0.014443428583946231,0.11131233749362804,0.1451537036401683,0.16491434482980127,13418.0,FG
2018-10-19,1306.0,1322.0,1296.0,1314.0,144138,221164,1312.0,0.0061068892081794805,0.11481082456538826,0.14609645071926103,0.16447819653675855,-15844.0,FG
2018-10-22,1314.0,1329.0,1309.0,1327.0,128562,225274,1319.0,0.009844835287651605,0.12067608592676224,0.1475659980312034,0.16653837510610475,4110.0,FG
2018-10-23,1325.0,1331.0,1320.0,1323.0,79358,213690,1324.0,-0.0030188702172517885,0.12037954425286981,0.14746249685696725,0.1638703107421851,-11584.0,FG
2018-10-24,1323.0,1332.0,1321.0,1330.0,105866,217628,1327.0,0.005277057100843819,0.12166778657889281,0.14588478720393683,0.16311747819078254,3938.0,FG
2018-10-25,1329.0,1332.0,1313.0,1322.0,102698,203648,1321.0,-0.006033200804167809,0.1207320397013501,0.14612370528897056,0.15597041435099543,-13980.0,FG
2018-10-26,1325.0,1336.0,1322.0,1331.0,109468,210064,1330.0,0.006784797983480103,0.12422736492614041,0.14693126352300967,0.1550583057056814,6416.0,FG
2018-10-29,1328.0,1330.0,1314.0,1322.0,117994,198702,1322.0,-0.006784797983480024,0.12234553400894611,0.14679363694082992,0.1551873809584081,-11362.0,FG
2018-10-30,1325.0,1338.0,1323.0,1329.0,143528,207228,1332.0,0.005281038301613786,0.12484916287613282,0.14646253201807974,0.15452099779731965,8526.0,FG
2018-10-31,1326.0,1328.0,1315.0,1327.0,160372,197708,1321.0,-0.0015060243810377976,0.12247362106974423,0.1459039024869712,0.15499088071409875,-9520.0,FG
2018-11-01,1327.0,1336.0,1317.0,1323.0,171540,200128,1327.0,-0.0030188702172517885,0.11397198075663463,0.14529039611582373,0.15383802865589277,2420.0,FG
2018-11-02,1326.0,1341.0,1306.0,1337.0,252766,215276,1325.0,0.010526412986987603,0.12010915635343274,0.1473049898429799,0.15932979576614228,15148.0,FG
2018-11-05,1336.0,1339.0,1329.0,1332.0,110494,198618,1334.0,-0.003746726001608728,0.11901806809100686,0.1461291421606782,0.14225699551300244,-16658.0,FG
2018-11-06,1329.0,1335.0,1315.0,1317.0,140546,199722,1324.0,-0.0113251493570534,0.12269556082763554,0.14727808741556744,0.13940998124420922,1104.0,FG
2018-11-07,1319.0,1323.0,1309.0,1320.0,122164,180144,1316.0,0.0022753138371356054,0.12324190490048109,0.1473040722192676,0.13973461177538912,-19578.0,FG
2018-11-08,1317.0,1320.0,1274.0,1298.0,361680,251716,1291.0,-0.01680711831638129,0.12907826363794353,0.15036415826169733,0.15408756444299032,71572.0,FG
2018-11-09,1299.0,1300.0,1282.0,1284.0,130948,220004,1289.0,-0.010844413014128853,0.13093784905152148,0.1434971425492094,0.15553441447094962,-31712.0,FG
2018-11-12,1283.0,1285.0,1251.0,1259.0,222206,210074,1264.0,-0.01966245020555929,0.1409801402987597,0.14804170652222098,0.15850844187646124,-9930.0,FG
2018-11-13,1255.0,1272.0,1246.0,1260.0,172146,198384,1259.0,0.000793965901176524,0.14141763095056217,0.14657093646771743,0.16268388097846187,-11690.0,FG
2018-11-14,1263.0,1270.0,1256.0,1264.0,120950,178310,1264.0,0.0031695747612790395,0.14011776338885082,0.14253385820327616,0.1625984515861984,-20074.0,FG
2018-11-15,1263.0,1269.0,1260.0,1266.0,93932,181550,1264.0,0.0015810279973187732,0.13321332552411985,0.1427691288260094,0.15780172657334013,3240.0,FG
2018-11-16,1263.0,1288.0,1263.0,1280.0,164834,175598,1278.0,0.010997754209541284,0.13795281381205046,0.13078278691266376,0.15765375337303936,-5952.0,FG
2018-11-19,1281.0,1303.0,1277.0,1296.0,135496,163812,1293.0,0.01242251999855711,0.14096369482362256,0.13157241926821436,0.16015512911865934,-11786.0,FG
2018-11-20,1297.0,1301.0,1288.0,1294.0,116632,153344,1294.0,-0.001544401851374136,0.14080717853303773,0.13114422003386908,0.16060466615329444,-10468.0,FG
2018-11-21,1296.0,1303.0,1268.0,1299.0,223404,176564,1288.0,0.0038565416097536376,0.14004710570179163,0.131611001517953,0.1697831599602522,23220.0,FG
2018-11-22,1300.0,1314.0,1286.0,1310.0,144416,145482,1299.0,0.008432399524597609,0.1427623031766911,0.13001000079944766,0.17316864790995803,-31082.0,FG
2018-11-23,1310.0,1317.0,1302.0,1307.0,144058,153302,1309.0,-0.0022927025709752733,0.14029045307087964,0.12986232158131736,0.17343194744721172,7820.0,FG
2018-11-26,1307.0,1312.0,1276.0,1286.0,285468,175868,1294.0,-0.016197808826657306,0.14914513102466498,0.1301490688633264,0.18140607801826023,22566.0,FG
2018-11-27,1288.0,1312.0,1283.0,1303.0,168168,157570,1300.0,0.013132672327280326,0.1561770884395276,0.13382727851891624,0.18597716182999513,-18298.0,FG
2018-11-28,1303.0,1314.0,1293.0,1307.0,142338,145380,1303.0,0.003065136499376933,0.15681245687163892,0.13418038152497977,0.18793989835378797,-12190.0,FG
2018-11-29,1307.0,1314.0,1305.0,1309.0,81192,133536,1309.0,0.0015290522856779554,0.15677456193052633,0.13434248926090808,0.18603598533636384,-11844.0,FG
2018-11-30,1310.0,1310.0,1281.0,1289.0,151792,144424,1294.0,-0.015396762970712507,0.1594820683108563,0.13711966350674157,0.18361765655216022,10888.0,FG
2018-12-03,1309.0,1311.0,1305.0,1306.0,164708,130952,1308.0,0.013102306897189067,0.16772726138035216,0.13954473137522652,0.18318559616867292,-13472.0,FG
2018-12-04,1306.0,1307.0,1295.0,1305.0,86888,114320,1302.0,-0.0007659900795825345,0.16325765585654023,0.13831768426691665,0.18142021266519773,-16632.0,FG
2018-12-05,1303.0,1316.0,1303.0,1314.0,79790,115794,1309.0,0.0068728792877620504,0.16506950650844288,0.13905531584535705,0.18123846824736642,1474.0,FG
2018-12-06,1316.0,1318.0,1307.0,1311.0,55428,113956,1312.0,-0.002285715280855951,0.1534541327899982,0.12996157520232035,0.16580670051821214,-1838.0,FG
2018-12-07,1313.0,1335.0,1309.0,1331.0,126442,141574,1326.0,0.015140334631411742,0.15566638351614867,0.13341241228780387,0.16840238459596882,27618.0,FG
2018-12-10,1332.0,1340.0,1325.0,1328.0,87476,119826,1333.0,-0.002256488358732504,0.13486787620896518,0.13015864920623077,0.16027730268695073,-21748.0,FG
2018-12-11,1325.0,1327.0,1302.0,1306.0,84338,108892,1315.0,-0.016705020200002772,0.1512611390859572,0.13375100577142737,0.15936365268713784,-10934.0,FG
2018-12-12,1307.0,1310.0,1293.0,1293.0,72040,88714,1300.0,-0.010003931064518886,0.15675436974014262,0.1348045368815485,0.1600375605758049,-20178.0,FG
2018-12-13,1273.0,1288.0,1266.0,1283.0,72446,114722,1276.0,-0.007764014156221097,0.15985514623220987,0.13512779376306203,0.16346802873057886,26008.0,FG
2018-12-14,1281.0,1299.0,1278.0,1297.0,77418,119152,1288.0,0.010852819700807436,0.15973267648598688,0.1372494215456163,0.1618249276702329,4430.0,FG
2018-12-17,1298.0,1311.0,1291.0,1307.0,99618,142328,1301.0,0.007680529307777978,0.15597350599330603,0.1379908488266671,0.15944036865965616,23176.0,FG
2018-12-18,1308.0,1313.0,1293.0,1298.0,127806,151584,1304.0,-0.006909816360186635,0.1580041467478244,0.13848144884700475,0.16133430506769222,9256.0,FG
2018-12-19,1295.0,1301.0,1288.0,1295.0,109796,158530,1295.0,-0.0023139231303972345,0.15760734232039092,0.13831489959383342,0.15212151969571144,6946.0,FG
2018-12-20,1298.0,1307.0,1288.0,1301.0,126022,161522,1296.0,0.00462250437886723,0.1554368666440284,0.13822313976576955,0.14837824958251436,2992.0,FG
2018-12-21,1298.0,1309.0,1296.0,1299.0,115094,170242,1303.0,-0.001538461841905731,0.15533533283229853,0.13822470339850354,0.14789745219079126,8720.0,FG
2018-12-24,1301.0,1305.0,1277.0,1282.0,150496,173332,1288.0,-0.013173379189984152,0.15158710564759184,0.13964711759207768,0.14319439071572101,3090.0,FG
2018-12-25,1283.0,1287.0,1268.0,1281.0,153080,177234,1279.0,-0.0007803355838810867,0.1432933329023032,0.13964644491403702,0.1387427554097552,3902.0,FG
2018-12-26,1281.0,1288.0,1276.0,1283.0,92410,163902,1282.0,0.0015600627189021842,0.142850170579943,0.13916699703183064,0.1359204591248674,-13332.0,FG
2018-12-27,1284.0,1303.0,1277.0,1284.0,132172,162276,1286.0,0.0007791196342700227,0.14270507146437442,0.13665821382246168,0.14174967249140807,-1626.0,FG
2018-12-28,1281.0,1295.0,1278.0,1294.0,109360,147608,1286.0,0.007757990810939337,0.13517478880924272,0.13748945698698,0.13645835487816854,-14668.0,FG
2019-01-02,1298.0,1298.0,1283.0,1284.0,80614,153072,1290.0,-0.007757990810939338,0.1289391619455578,0.13783174420515037,0.13832979880082294,5464.0,FG
2019-01-03,1282.0,1305.0,1281.0,1303.0,144366,174996,1295.0,0.014689092874938553,0.14016059721228832,0.1407445328592202,0.14249539858789503,21924.0,FG
2019-01-04,1303.0,1318.0,1300.0,1316.0,173404,187948,1307.0,0.009927534760417286,0.14254920226629555,0.14236320312776524,0.1439205531566254,12952.0,FG
2019-01-07,1316.0,1319.0,1306.0,1316.0,113866,177568,1312.0,0.0,0.14227972581091752,0.1400587685728832,0.1443563354029484,-10380.0,FG
2019-01-08,1316.0,1317.0,1306.0,1310.0,111436,196168,1312.0,-0.004569695690065297,0.1317013440263278,0.13987794681886284,0.1393267823871473,18600.0,FG
2019-01-09,1310.0,1315.0,1303.0,1309.0,133940,187942,1310.0,-0.0007636502852973333,0.13158910627171344,0.13776703039069446,0.1386344825747524,-8226.0,FG
2019-01-10,1308.0,1316.0,1305.0,1307.0,104386,193254,1311.0,-0.0015290522856779563,0.11751970083316113,0.13766876105146045,0.1338145383088716,5312.0,FG
2019-01-11,1307.0,1326.0,1307.0,1323.0,158996,214974,1318.0,0.012167450490733747,0.1187278836542088,0.13952029444169622,0.13444777231907853,21720.0,FG
2019-01-14,1323.0,1324.0,1315.0,1317.0,96084,193864,1319.0,-0.0045454623716746105,0.11606489918686809,0.1366188177463263,0.1301836582624481,-21110.0,FG
2019-01-15,1320.0,1320.0,1306.0,1308.0,102764,197272,1312.0,-0.0068571697261370235,0.11376780322715975,0.13678232702438756,0.12752551672583637,3408.0,FG
2019-01-16,1305.0,1322.0,1304.0,1317.0,94058,193354,1316.0,0.006857169726137045,0.11311197862461402,0.1359978037187055,0.12666730167738374,-3918.0,FG
2019-01-17,1315.0,1319.0,1306.0,1306.0,94808,186960,1311.0,-0.008387391906904625,0.11447753879648259,0.13692005260178663,0.12419618483297462,-6394.0,FG
2019-01-18,1307.0,1314.0,1294.0,1311.0,125226,181618,1307.0,0.0038211739273234352,0.1146839837588665,0.1367046624505926,0.12661196845417563,-5342.0,FG
2019-01-21,1314.0,1347.0,1310.0,1343.0,205402,206540,1329.0,0.024115712759537656,0.14127463541372007,0.1448974775560368,0.13623995883790846,24922.0,FG
2019-01-22,1340.0,1340.0,1330.0,1333.0,104692,185724,1335.0,-0.0074738763445288525,0.14452447657806874,0.14510097788002466,0.13551816867037703,-20816.0,FG
2019-01-23,1335.0,1342.0,1330.0,1335.0,103076,191894,1336.0,0.0014992506556412233,0.13413818777811504,0.1444373834555385,0.12887201016135047,6170.0,FG
2019-01-24,1334.0,1339.0,1328.0,1338.0,96784,192750,1335.0,0.0022446698538239494,0.13373136217003517,0.14411411384090314,0.12616447970929784,856.0,FG
2019-01-25,1338.0,1350.0,1334.0,1341.0,114494,194830,1340.0,0.00223964259350466,0.13371171042247054,0.14413868300717986,0.12713507497499138,2080.0,FG
2019-01-28,1343.0,1362.0,1340.0,1340.0,148356,197404,1349.0,-0.0007459903367214449,0.13403489386588713,0.1439998860108951,0.12460877294236421,2574.0,FG
2019-01-29,1339.0,1346.0,1336.0,1340.0,83208,187458,1341.0,0.0,0.13255036144905577,0.14239947498095673,0.12243692609214317,-9946.0,FG
2019-01-30,1340.0,1366.0,1339.0,1356.0,117266,198368,1355.0,0.011869575555383729,0.13219632203016488,0.14419757157303054,0.12719477668161644,10910.0,FG
2019-01-31,1356.0,1372.0,1356.0,1366.0,102318,183542,1361.0,0.007347571630394542,0.12585199072576894,0.14285134166323227,0.12347268500170859,-14826.0,FG
2019-02-01,1366.0,1384.0,1364.0,1380.0,108000,179938,1377.0,0.010196738020515085,0.12606837003216356,0.1441521122497164,0.12388807758155154,-3604.0,FG
2019-02-11,1390.0,1396.0,1377.0,1382.0,51272,182504,1383.0,0.001448226176364748,0.12581320353209302,0.13947623966295383,0.12550938696516367,2566.0,FG
2019-02-12,1383.0,1383.0,1363.0,1365.0,91496,191536,1371.0,-0.012377296708555143,0.1342853874238934,0.14006378337662242,0.1280316714266738,9032.0,FG
2019-02-13,1365.0,1370.0,1350.0,1353.0,108812,196740,1360.0,-0.008830079448272037,0.13944362077889405,0.1349376774026521,0.13033901250498822,5204.0,FG
2019-02-14,1352.0,1355.0,1340.0,1342.0,99434,190014,1347.0,-0.008163310639160981,0.14335354608162215,0.13628393215545342,0.13126038242968252,-6726.0,FG
2019-02-15,1343.0,1346.0,1321.0,1329.0,129838,195102,1331.0,-0.009734258818381754,0.14246059735404434,0.13796884479928254,0.13369701309732962,5088.0,FG
2019-02-18,1329.0,1335.0,1321.0,1327.0,97070,175920,1328.0,-0.0015060243810377976,0.14152325990378029,0.13804206847948494,0.13478207709303563,-19182.0,FG
2019-02-19,1328.0,1359.0,1324.0,1358.0,219038,212208,1342.0,0.02309227378643395,0.15980746777923974,0.14391642918320258,0.14395434986567684,36288.0,FG
2019-02-20,1359.0,1362.0,1345.0,1355.0,122768,186416,1353.0,-0.002211574804840154,0.15930353759620555,0.14207713476525352,0.14348088538482956,-25792.0,FG
2019-02-21,1352.0,1367.0,1339.0,1358.0,178554,187888,1353.0,0.002211574804840132,0.15506687521531104,0.142027872679767,0.14857803962633725,1472.0,FG
2019-02-22,1355.0,1358.0,1345.0,1355.0,108788,160636,1351.0,-0.002211574804840154,0.1555761859885262,0.1420154764191862,0.14639668879001816,-27252.0,FG
2019-02-25,1357.0,1366.0,1354.0,1357.0,113820,176744,1356.0,0.0014749265210678467,0.13124995157252517,0.14111830929864616,0.1352237776218618,16108.0,FG
2019-02-26,1358.0,1363.0,1346.0,1359.0,118812,169018,1354.0,0.0014727543162744601,0.12784899506751343,0.1410019370577563,0.13690395815573808,-7726.0,FG
2019-02-27,1359.0,1370.0,1357.0,1362.0,122194,195180,1364.0,0.0022050725583139755,0.12791208028274187,0.13662023717512378,0.1370722314821147,26162.0,FG
2019-02-28,1365.0,1374.0,1323.0,1325.0,276852,200032,1344.0,-0.027541748289135082,0.16271798887635677,0.14615576721718945,0.15789907230740824,4852.0,FG
2019-03-01,1322.0,1335.0,1318.0,1333.0,184000,177816,1328.0,0.006019581758386129,0.16409474356366266,0.14651837809941978,0.1582142163895772,-22216.0,FG
2019-03-04,1331.0,1338.0,1305.0,1316.0,199020,194856,1321.0,-0.012835208293446171,0.1699885213121403,0.14893348217077937,0.1632416054338573,17040.0,FG
2019-03-05,1315.0,1321.0,1307.0,1308.0,138114,179638,1313.0,-0.006097579868118445,0.1709264551896099,0.14601753884946103,0.1640393536845844,-15218.0,FG
2019-03-06,1303.0,1310.0,1296.0,1305.0,180714,216466,1304.0,-0.002296212260350268,0.16385639988723455,0.14363539042992257,0.16010170949773167,36828.0,FG
2019-03-07,1305.0,1318.0,1302.0,1306.0,190570,215256,1310.0,0.0007659900795826371,0.1605795722493325,0.14363539042992257,0.16026464743416718,-1210.0,FG
2019-03-08,1309.0,1316.0,1302.0,1305.0,155898,224264,1309.0,-0.0007659900795825345,0.1539430364389478,0.14293411968025888,0.15888738597005223,9008.0,FG
2019-03-11,1303.0,1304.0,1283.0,1289.0,165824,217096,1293.0,-0.012336316817606434,0.15663571791924957,0.14503787429988327,0.15995909407329043,-7168.0,FG
2019-03-12,1288.0,1295.0,1285.0,1292.0,108468,219112,1290.0,0.0023246814033598124,0.15425804816022,0.14158156302998987,0.15780105938074662,2016.0,FG
2019-03-13,1292.0,1295.0,1278.0,1281.0,109334,213726,1287.0,-0.008550382445812901,0.15411605234022768,0.1424932040929032,0.15720492835907848,-5386.0,FG
2019-03-14,1280.0,1290.0,1277.0,1288.0,98814,217736,1284.0,0.005449604767564685,0.15531659112877186,0.13901725131434145,0.15689879427354467,4010.0,FG
2019-03-15,1287.0,1297.0,1280.0,1292.0,137806,219642,1290.0,0.0031007776782481854,0.1535844806991665,0.13768091751270833,0.1543287264963608,1906.0,FG
2019-03-18,1290.0,1301.0,1279.0,1281.0,131090,213248,1290.0,-0.008550382445812901,0.15564688522397047,0.13787772169099954,0.15693190008687669,-6394.0,FG
2019-03-19,1282.0,1287.0,1265.0,1266.0,132686,225746,1277.0,-0.011778699192612763,0.12890398137275605,0.13805034015193832,0.1513230338414848,12498.0,FG
2019-03-20,1269.0,1281.0,1268.0,1280.0,106194,219986,1276.0,0.010997754209541284,0.13873647673175687,0.1390359541600655,0.15052073045873912,-5760.0,FG
2019-03-21,1279.0,1288.0,1277.0,1285.0,106276,216600,1283.0,0.003898640415657323,0.13967094630735052,0.13862433426167092,0.14511093589120652,-3386.0,FG
2019-03-22,1282.0,1295.0,1282.0,1291.0,93596,201260,1289.0,0.00465839351732231,0.14211815167538494,0.13889726448154785,0.14525485663984666,-15340.0,FG
2019-03-25,1290.0,1293.0,1283.0,1286.0,79828,199594,1288.0,-0.003880486049077849,0.14144704126446125,0.13876921162602435,0.14498184165147843,-1666.0,FG
2019-03-26,1285.0,1287.0,1278.0,1280.0,76236,196764,1282.0,-0.004676547883901793,0.14073661365883264,0.13904567412766777,0.14328840012650534,-2830.0,FG
2019-03-27,1282.0,1297.0,1282.0,1293.0,146802,204056,1291.0,0.010105021858194717,0.14720005585111048,0.13798993667782933,0.14398539613679273,7292.0,FG
2019-03-28,1291.0,1298.0,1289.0,1292.0,95344,186050,1294.0,-0.0007736944293102691,0.11425652593655335,0.13798974916967566,0.12041576186294242,-18006.0,FG
2019-03-29,1290.0,1300.0,1286.0,1297.0,122784,202300,1293.0,0.0038624999738967676,0.11269174223870457,0.13816989142400643,0.11953251439844861,16250.0,FG
2019-04-01,1300.0,1304.0,1288.0,1294.0,130100,191244,1293.0,-0.0023157092555979816,0.10444363616163459,0.13825750195730552,0.1102884005355913,-11056.0,FG
2019-04-02,1294.0,1297.0,1290.0,1292.0,67064,188350,1294.0,-0.0015467907182986822,0.1026550538128602,0.13738387495592777,0.10855307039703296,-2894.0,FG
2019-04-03,1290.0,1293.0,1277.0,1281.0,155698,168870,1284.0,-0.008550382445812901,0.10631852249655845,0.1375822244973616,0.10937221488047015,-19480.0,FG
2019-04-04,1284.0,1300.0,1283.0,1292.0,120486,147148,1294.0,0.008550382445812924,0.111391770054114,0.13535023371682384,0.10986760113457067,-21722.0,FG
2019-04-08,1289.0,1298.0,1285.0,1295.0,73736,153262,1294.0,0.0023192897910909917,0.11184218351142992,0.1338344882905181,0.10959917346764143,6114.0,FG
2019-04-09,1296.0,1298.0,1280.0,1282.0,109838,143246,1287.0,-0.0100893366530228,0.10892689697574068,0.13532513213320824,0.10817945862309625,-10016.0,FG
2019-04-10,1284.0,1299.0,1283.0,1297.0,79900,132436,1290.0,0.011632546835828496,0.11655097667460367,0.13725575990907463,0.11011074155575239,-10810.0,FG
2019-04-11,1301.0,1322.0,1290.0,1317.0,165508,124440,1304.0,0.015302517426837204,0.12331979543723609,0.14083077955420922,0.11850771702870398,-7996.0,FG
2019-04-12,1340.0,1347.0,1328.0,1332.0,102846,154270,1336.0,0.011325149357053503,0.12754468132529373,0.14263288932155116,0.12038018828407951,29830.0,FG
2019-04-15,1336.0,1337.0,1328.0,1330.0,51070,155740,1331.0,-0.0015026298845350185,0.12790764878154148,0.1405339011515795,0.11795020278776887,1470.0,FG
2019-04-16,1333.0,1344.0,1326.0,1341.0,63454,161102,1335.0,0.008236662065879068,0.12435992302411626,0.14116881030531314,0.11584712388701858,5362.0,FG
2019-04-17,1338.0,1341.0,1334.0,1335.0,70342,180852,1337.0,-0.004484312447328576,0.11588849133008865,0.14074143009069445,0.11047073750217316,19750.0,FG
2019-04-18,1336.0,1337.0,1320.0,1320.0,101938,177952,1326.0,-0.011299555253933394,0.12144368390969919,0.14205295809965693,0.11168247547890507,-2900.0,FG
2019-04-19,1322.0,1343.0,1315.0,1342.0,111066,193054,1329.0,0.016529301951210506,0.13239028726350188,0.14486824037526702,0.11892290990795153,15102.0,FG
2019-04-24,1357.0,1362.0,1351.0,1356.0,102664,212852,1356.0,0.010378150968713688,0.13531692001186055,0.14612699527077558,0.11823785818919394,19798.0,FG
2019-04-25,1358.0,1363.0,1352.0,1356.0,93034,214536,1356.0,0.0,0.13361068729285666,0.1377051669593364,0.11834041288141904,1684.0,FG
2019-04-26,1354.0,1369.0,1344.0,1360.0,162058,218136,1355.0,0.0029455102297567446,0.13079917700083685,0.1368975603576509,0.12374907419164653,3600.0,FG
2019-04-29,1360.0,1364.0,1350.0,1352.0,95500,203198,1356.0,-0.005899722127188271,0.1316472607292498,0.13746269926562824,0.12322194059439812,-14938.0,FG
2019-04-30,1354.0,1361.0,1348.0,1354.0,89984,193732,1355.0,0.0014781968693109652,0.13121101407462107,0.13742354627730605,0.12401887624909817,-9466.0,FG
2019-05-06,1350.0,1370.0,1337.0,1340.0,149902,213206,1347.0,-0.010393560527263195,0.13851691922531323,0.13903832017280357,0.13240995760802585,19474.0,FG
2019-05-07,1341.0,1344.0,1333.0,1334.0,168960,212342,1338.0,-0.004487666469388017,0.13954022098569616,0.139331435240939,0.13095693278675166,-864.0,FG
2019-05-08,1334.0,1342.0,1330.0,1338.0,102724,210444,1337.0,0.0029940142126046996,0.1391491375799308,0.1394722090969937,0.1318385896050077,-1898.0,FG
2019-05-09,1337.0,1359.0,1335.0,1354.0,150982,216830,1348.0,0.011887212784046504,0.13800079480405503,0.13947858706484026,0.1345872942992357,6386.0,FG
2019-05-10,1355.0,1361.0,1351.0,1360.0,105962,209000,1357.0,0.004421525257877477,0.1364894520360968,0.1389501436760439,0.13258115386101188,-7830.0,FG
2019-05-13,1361.0,1374.0,1355.0,1372.0,8650,227996,1364.0,0.008784829555732811,0.13823950615994485,0.13853722768494242,0.13414594350797232,18996.0,FG
2019-05-14,1375.0,1375.0,1361.0,1362.0,6883,225880,1367.0,-0.007315321576372882,0.13512588238306303,0.1392760212594441,0.1326202971716055,-2116.0,FG
2019-05-15,1365.0,1395.0,1361.0,1393.0,10961,267806,1378.0,0.02250548707034809,0.14899386540508783,0.14450166647121335,0.14014473700811386,41926.0,FG
2019-05-16,1392.0,1404.0,1387.0,1395.0,183168,254338,1395.0,0.0014347204756603724,0.14255362606507366,0.1432556833058195,0.1326750225064003,-13468.0,FG
2019-05-17,1396.0,1414.0,1392.0,1406.0,174446,277074,1402.0,0.007854378115144217,0.14035841410030087,0.14287736945316545,0.13342199329295187,22736.0,FG
2019-05-20,1405.0,1408.0,1395.0,1400.0,153334,256946,1401.0,-0.004276556767260194,0.14178750662323,0.14160478206966062,0.13410318796828843,-20128.0,FG
2019-05-21,1401.0,1417.0,1396.0,1407.0,148166,256334,1406.0,0.004987541511038968,0.1405371234644692,0.14176387490923817,0.1347928362008037,-612.0,FG
2019-05-22,1405.0,1427.0,1394.0,1421.0,259866,276694,1409.0,0.009901070982711537,0.14046509741083957,0.13546074985985995,0.14322577245267762,20360.0,FG
2019-05-23,1420.0,1424.0,1395.0,1396.0,250064,258098,1407.0,-0.0177498447747828,0.1506599217493594,0.1405217065048982,0.1472548326011304,-18596.0,FG
2019-05-24,1396.0,1404.0,1387.0,1398.0,209398,252624,1395.0,0.0014316394714378922,0.1417480028924195,0.14049039375386962,0.14265941899878698,-5474.0,FG
2019-05-27,1396.0,1426.0,1396.0,1403.0,297058,269098,1412.0,0.003570157308705482,0.1384873383136191,0.14051607481529774,0.14863861828808336,16474.0,FG
2019-05-28,1403.0,1404.0,1382.0,1388.0,309402,264934,1390.0,-0.010748939035711174,0.1452752687332801,0.14238916722465747,0.15140005744642768,-4164.0,FG
2019-05-29,1390.0,1392.0,1381.0,1384.0,159716,252922,1386.0,-0.0028860048891349867,0.14579758702107987,0.14252487797760263,0.14722210951184894,-12012.0,FG
2019-05-30,1381.0,1408.0,1376.0,1383.0,339300,259892,1393.0,-0.0007228045128566443,0.14376730114939437,0.14248468122220517,0.15354887139166018,6970.0,FG
2019-05-31,1381.0,1387.0,1373.0,1377.0,219138,272346,1378.0,-0.004347832936103398,0.14505334364760467,0.13068925744776339,0.15370741875013222,12454.0,FG
2019-06-03,1377.0,1386.0,1364.0,1377.0,246588,276404,1376.0,0.0,0.13898795595346786,0.13021640635403234,0.14866036243410038,4058.0,FG
2019-06-04,1377.0,1378.0,1358.0,1369.0,242662,289034,1366.0,-0.005826673440205924,0.13980766886886778,0.12793158688109674,0.1508611238740439,12630.0,FG
2019-06-05,1370.0,1382.0,1369.0,1374.0,151440,282882,1374.0,0.003645647493845855,0.13993079864989544,0.12729580949422098,0.15099027057677664,-6152.0,FG
2019-06-06,1374.0,1397.0,1366.0,1396.0,293260,278072,1381.0,0.015884810540023133,0.1445381202278898,0.1307719730052328,0.1537434382291466,-4810.0,FG
2019-06-10,1398.0,1418.0,1398.0,1404.0,188374,273658,1406.0,0.005714301263438635,0.14495040090052533,0.1311043184784054,0.15588951888687347,-4414.0,FG
2019-06-11,1410.0,1463.0,1410.0,1463.0,653362,353176,1450.0,0.04116381643436788,0.20061015416286387,0.1543149230609322,0.17194733248331337,79518.0,FG
2019-06-12,1477.0,1486.0,1444.0,1448.0,766886,288192,1461.0,-0.010305828074462607,0.20293993464049073,0.15357480342086577,0.18110690993947473,-64984.0,FG
2019-06-13,1448.0,1469.0,1448.0,1463.0,363988,307830,1459.0,0.010305828074462677,0.19184011485652458,0.1545210153569556,0.17603831509426177,19638.0,FG
2019-06-14,1464.0,1471.0,1455.0,1463.0,274166,297300,1463.0,0.0,0.19200715663444684,0.15300877440117963,0.1756691733429213,-10530.0,FG
2019-06-17,1466.0,1473.0,1453.0,1458.0,300214,292810,1462.0,-0.0034234884515208057,0.19191620437797924,0.153285487599623,0.1749103813349907,-4490.0,FG
2019-06-18,1458.0,1472.0,1454.0,1466.0,272778,302056,1463.0,0.0054719698779933925,0.1909366559937199,0.15342964735076545,0.17575043180064095,9246.0,FG
2019-06-19,1468.0,1482.0,1461.0,1476.0,374480,334204,1474.0,0.006798122713820965,0.19137837229039326,0.15210574615433087,0.1755032153729044,32148.0,FG
2019-06-20,1478.0,1497.0,1472.0,1487.0,424686,348460,1484.0,0.0074249412997372255,0.1902974982658657,0.14957109803776766,0.1720815586062893,14256.0,FG
2019-06-21,1487.0,1491.0,1480.0,1485.0,197388,337032,1486.0,-0.0013458952233551251,0.17588216785553318,0.14878321432577843,0.1671844710961931,-11428.0,FG
2019-06-24,1485.0,1495.0,1481.0,1489.0,177524,333896,1487.0,0.0026899814472089354,0.17578227485068063,0.14875469383146522,0.16637510009845632,-3136.0,FG
2019-06-25,1486.0,1491.0,1484.0,1486.0,130890,333976,1487.0,-0.002016807406304535,0.1767152175996317,0.14895978345200642,0.16044413243871974,80.0,FG
2019-06-26,1488.0,1517.0,1483.0,1508.0,469244,369248,1502.0,0.014696323290196824,0.1737803560181393,0.15048893438875421,0.1641166566161954,35272.0,FG
2019-06-27,1502.0,1507.0,1493.0,1495.0,212506,333848,1501.0,-0.008658062743114541,0.17800058600803403,0.15152663258310914,0.16444829258596766,-35400.0,FG
2019-06-28,1496.0,1510.0,1487.0,1492.0,225086,332380,1499.0,-0.0020087050610805954,0.17849333388030517,0.15099680632212764,0.16038267968419323,-1468.0,FG
2019-07-01,1496.0,1509.0,1487.0,1506.0,200938,343524,1500.0,0.009339627596132624,0.1768314456893575,0.1515104118635179,0.1619599616193501,11144.0,FG
2019-07-02,1504.0,1520.0,1502.0,1508.0,289512,356772,1511.0,0.0013271402080624938,0.17645112941779503,0.15150604968795284,0.1603640661972877,13248.0,FG
2019-07-03,1505.0,1514.0,1480.0,1485.0,348190,343570,1496.0,-0.015369497331101416,0.1867555572416747,0.15555762552304872,0.16455632785511923,-13202.0,FG
2019-07-04,1488.0,1493.0,1479.0,1488.0,220308,335174,1487.0,0.0020181641562371953,0.18689243021234983,0.15535467236401315,0.16454861207200927,-8396.0,FG
2019-07-05,1489.0,1496.0,1474.0,1483.0,269876,318960,1485.0,-0.0033658732551051325,0.18311991689203355,0.15416863786297288,0.16060973819182403,-16214.0,FG
2019-07-08,1481.0,1490.0,1480.0,1489.0,171412,301610,1485.0,0.004037690546076974,0.18289146852167312,0.15368525248980563,0.1583989942363784,-17350.0,FG
2019-07-09,1489.0,1511.0,1489.0,1503.0,311700,295230,1503.0,0.009358357068965397,0.11874543867836722,0.1543465864735747,0.14114378870075778,-6380.0,FG
2019-07-10,1500.0,1501.0,1465.0,1484.0,444116,289894,1482.0,-0.012721966025648733,0.12212483629469228,0.1553455202532836,0.13737737158019908,-5336.0,FG
2019-07-11,1487.0,1492.0,1483.0,1484.0,164858,275996,1487.0,0.0,0.11738871833001431,0.15423912135054296,0.1345470201546797,-13898.0,FG
2019-07-12,1486.0,1486.0,1477.0,1485.0,168002,280780,1482.0,0.0006736275094742743,0.1173590689201276,0.15186367987177088,0.13315419861757852,4784.0,FG
2019-07-15,1486.0,1498.0,1474.0,1494.0,222278,266898,1485.0,0.006042314455962662,0.11770504917197788,0.15086888552096636,0.13440059809913762,-13882.0,FG
2019-07-16,1489.0,1506.0,1487.0,1497.0,144766,272482,1500.0,0.002006018726865766,0.11669096321306231,0.15070220858345781,0.13456521091891005,5584.0,FG
2019-07-18,1503.0,1506.0,1486.0,1488.0,141746,251340,1493.0,-0.006030169026591188,0.11718403233947136,0.15100246995162747,0.1341468099300737,-21142.0,FG
2019-07-19,1486.0,1501.0,1483.0,1499.0,169850,253348,1493.0,0.007365282709560468,0.11713718734156336,0.15087210760732722,0.13180625060776924,2008.0,FG
2019-07-22,1496.0,1498.0,1475.0,1478.0,259994,242226,1482.0,-0.014108396594450663,0.12784419201695743,0.15202041176126113,0.13492605294248775,-11122.0,FG
2019-07-23,1475.0,1484.0,1471.0,1483.0,150764,238944,1478.0,0.0033772406297850163,0.12807405902355168,0.14899207124973576,0.1347403784006645,-3282.0,FG
2019-07-24,1481.0,1491.0,1472.0,1488.0,221464,249748,1482.0,0.003365873255105113,0.12848364616313845,0.1479382923054853,0.13710097947945707,10804.0,FG
2019-07-25,1491.0,1501.0,1483.0,1494.0,196112,264044,1494.0,0.004024150299725548,0.11757215575476179,0.14798788203133345,0.1309059303076167,14296.0,FG
2019-07-26,1495.0,1505.0,1490.0,1498.0,161482,259224,1496.0,0.002673798384402205,0.11395406075082054,0.14797857222951347,0.1311334418642276,-4820.0,FG
2019-07-29,1499.0,1499.0,1473.0,1477.0,225756,255000,1485.0,-0.014117881545784932,0.12446071568542576,0.15067228718636663,0.13234076618778184,-4224.0,FG
2019-07-30,1478.0,1484.0,1471.0,1474.0,186516,253218,1478.0,-0.002033209782097845,0.1189992396195335,0.15084224276038635,0.12996410938632252,-1782.0,FG
2019-07-31,1473.0,1486.0,1469.0,1474.0,188586,250382,1478.0,0.0,0.11873912894996526,0.14887362588013364,0.1297987908984797,-2836.0,FG
2019-08-01,1475.0,1481.0,1470.0,1476.0,133576,237278,1476.0,0.001355932411135997,0.10645570531974963,0.14833992765341933,0.12154209009636073,-13104.0,FG
2019-08-02,1476.0,1477.0,1463.0,1468.0,210732,239636,1470.0,-0.005434795985956945,0.1075718920023856,0.1490211886567937,0.12157811681347763,2358.0,FG
2019-08-05,1470.0,1495.0,1467.0,1484.0,210418,214432,1482.0,0.010840214552864807,0.11440718469917757,0.1487283456882282,0.12411001674963051,-25204.0,FG
2019-08-06,1487.0,1493.0,1483.0,1492.0,120124,212938,1488.0,0.005376357036380496,0.11511931618146931,0.14881980265696712,0.12410669889402469,-1494.0,FG
2019-08-07,1489.0,1491.0,1466.0,1477.0,232014,213080,1475.0,-0.01010449823232631,0.11509069718401285,0.1499163231618232,0.125386260901936,142.0,FG
2019-08-08,1480.0,1488.0,1474.0,1483.0,126414,198244,1483.0,0.00405405960655221,0.1073898201885296,0.1489638957185258,0.11605001347047421,-14836.0,FG
2019-08-09,1380.0,1389.0,1368.0,1384.0,195320,246244,1381.0,-0.06908920596031716,0.26671665602107464,0.20193717554553398,0.119786838646555,48000.0,FG
2019-08-12,1385.0,1418.0,1379.0,1412.0,270412,277938,1393.0,0.020029281875572583,0.2791785075116061,0.20606403935051346,0.13300035653481312,31694.0,FG
2019-08-13,1410.0,1412.0,1394.0,1400.0,173524,290814,1402.0,-0.008534902449837444,0.2780505089772838,0.20620067393622413,0.13135883813412308,12876.0,FG
2019-08-14,1401.0,1418.0,1398.0,1416.0,234570,315534,1411.0,0.011363758650315003,0.28231333303125533,0.20731757419174307,0.1320533110902813,24720.0,FG
2019-08-15,1419.0,1430.0,1410.0,1426.0,262828,330704,1420.0,0.007037326720576084,0.2841093175385393,0.2075606711192892,0.13238823287759,15170.0,FG
2019-08-16,1423.0,1439.0,1423.0,1426.0,207982,335806,1431.0,0.0,0.28205705399063413,0.20658625528976596,0.1320381196974417,5102.0,FG
2019-08-19,1427.0,1437.0,1424.0,1430.0,179566,341930,1430.0,0.0028011222797117733,0.27921867606455825,0.2033128589011945,0.12933307040667408,6124.0,FG
2019-08-20,1432.0,1438.0,1427.0,1432.0,141494,355346,1433.0,0.0013976242666379351,0.27883708518774464,0.20331214015734958,0.1290110716937328,13416.0,FG
2019-08-21,1433.0,1434.0,1415.0,1424.0,271828,364764,1422.0,-0.005602255548669898,0.27847469793420043,0.20356815964573313,0.1292454662209956,9418.0,FG
2019-08-22,1426.0,1427.0,1416.0,1420.0,181720,378230,1421.0,-0.0028129413766146126,0.2775120560090581,0.20239280563224743,0.12774253108049397,13466.0,FG
2019-08-23,1419.0,1422.0,1396.0,1405.0,327270,363048,1406.0,-0.010619568827460261,0.27820484940872836,0.20353400163976743,0.13191296209683634,-15182.0,FG
2019-08-26,1402.0,1410.0,1382.0,1388.0,282406,355930,1394.0,-0.01217344070109638,0.2772846476003675,0.20510218757101686,0.1335463421845164,-7118.0,FG
2019-08-27,1390.0,1399.0,1383.0,1386.0,203066,357080,1391.0,-0.0014419613169012952,0.2773226638332624,0.2049232539499658,0.1344697330701179,1150.0,FG
2019-08-28,1388.0,1395.0,1372.0,1391.0,240038,355114,1382.0,0.003601012173594375,0.27813957465044836,0.20504696266439232,0.13686238111534269,-1966.0,FG
2019-08-29,1390.0,1395.0,1378.0,1379.0,161582,356524,1387.0,-0.008664314130141081,0.27837925293072996,0.20547987925621164,0.13841432409044802,1410.0,FG
2019-08-30,1379.0,1394.0,1374.0,1376.0,270844,365852,1384.0,-0.002177859300012816,0.2783039810270463,0.20540047036915485,0.14032500594947264,9328.0,FG
2019-09-02,1376.0,1394.0,1373.0,1394.0,215234,356736,1385.0,0.012996572827180137,0.27983924418496503,0.2045382570093339,0.13826888870393406,-9116.0,FG
2019-09-03,1393.0,1398.0,1386.0,1387.0,130340,356282,1391.0,-0.005034171005637589,0.2780913956965327,0.20443724476244504,0.1387433537568019,-454.0,FG
2019-09-04,1386.0,1415.0,1381.0,1414.0,245292,356946,1397.0,0.01927942614168653,0.2883322872345698,0.19004783387119367,0.1436229628653958,664.0,FG
2019-09-05,1414.0,1420.0,1408.0,1408.0,225664,354762,1414.0,-0.0042523097385303915,0.28746367554382957,0.1891330091980349,0.14335055850029987,-2184.0,FG
2019-09-06,1408.0,1418.0,1406.0,1409.0,145146,355030,1412.0,0.0007099751806925272,0.14627446146721115,0.1878268299525491,0.14081437053666412,268.0,FG
2019-09-09,1409.0,1429.0,1406.0,1420.0,229602,364790,1420.0,0.0077766386966260995,0.13077931038039653,0.18860596826762588,0.13232196524211828,9760.0,FG
2019-09-10,1429.0,1429.0,1418.0,1425.0,122922,362852,1423.0,0.003514942107444592,0.12697325715101734,0.18868157277202904,0.130522837764937,-1938.0,FG
2019-09-11,1427.0,1433.0,1420.0,1424.0,202240,369618,1426.0,-0.0007020007308297824,0.12089155433536442,0.18829044909157644,0.12845603507055764,6766.0,FG
2019-09-12,1425.0,1481.0,1425.0,1452.0,880554,413334,1453.0,0.019472103412820314,0.13696064047479167,0.19210617351857676,0.1493487956491345,43716.0,FG
2019-09-16,1462.0,1471.0,1453.0,1465.0,241166,428078,1462.0,0.008913326066426233,0.13978340294324829,0.19238272433949677,0.14974928889811873,14744.0,FG
2019-09-17,1465.0,1466.0,1444.0,1453.0,256616,408980,1455.0,-0.00822485788088481,0.1436584024561428,0.1930602453652059,0.15193181006437678,-19098.0,FG
2019-09-18,1453.0,1465.0,1448.0,1454.0,211280,421592,1456.0,0.0006879945231818285,0.14364132351712044,0.19296932409818385,0.15307395001382615,12612.0,FG
2019-09-19,1458.0,1459.0,1438.0,1440.0,311426,413286,1445.0,-0.009675265523418422,0.1467050805079645,0.1938729189767314,0.15354864372503765,-8306.0,FG
2019-09-20,1444.0,1450.0,1431.0,1434.0,219464,418684,1441.0,-0.0041753714104806215,0.1471953360977672,0.1914064670376184,0.1552146165252065,5398.0,FG
2019-09-23,1436.0,1439.0,1422.0,1436.0,278514,419122,1429.0,0.001393728448603883,0.1412731895501732,0.19076512203808266,0.15229273736245402,438.0,FG
2019-09-24,1437.0,1439.0,1391.0,1399.0,408550,423072,1415.0,-0.02610377494268837,0.16506498572408174,0.19769552515740216,0.16299743527596766,3950.0,FG
2019-09-25,1404.0,1413.0,1399.0,1410.0,226324,373534,1407.0,0.007832008706732818,0.16695296482468758,0.19738277337336582,0.16253818298806802,-49538.0,FG
2019-09-26,1409.0,1435.0,1403.0,1430.0,252536,353310,1415.0,0.014084739881739023,0.1732160633930712,0.1997505511001351,0.16572734464791708,-20224.0,FG
2019-09-27,1436.0,1454.0,1432.0,1445.0,420444,362236,1441.0,0.010434877292579494,0.1717960208409614,0.19876436475736783,0.16684048646456182,8926.0,FG
2019-09-30,1441.0,1461.0,1436.0,1459.0,234704,340056,1451.0,0.009641947976253038,0.1727880727785019,0.1997729734557578,0.16803949831174914,-22180.0,FG
2019-10-08,1457.0,1458.0,1440.0,1453.0,130516,346044,1451.0,-0.004120884952502724,0.17024413013188913,0.19982755932154084,0.16701566739295648,5988.0,FG
2019-10-09,1453.0,1454.0,1438.0,1445.0,248204,391784,1446.0,-0.005521063023750381,0.170520047253999,0.1998926972844748,0.16766388077022695,45740.0,FG
2019-10-10,1447.0,1469.0,1434.0,1446.0,407940,447816,1448.0,0.0006918021721774718,0.15801033861040753,0.19886176134197298,0.1675286989440701,56032.0,FG
2019-10-11,1450.0,1460.0,1445.0,1459.0,244388,462596,1454.0,0.008950145804075618,0.15899664184467227,0.19820395115691444,0.16799397792302445,14780.0,FG
2019-10-14,1460.0,1465.0,1449.0,1454.0,254674,481212,1457.0,-0.0034328904293209187,0.1600344568632042,0.19830701303034434,0.1686417542383092,18616.0,FG
2019-10-15,1453.0,1461.0,1446.0,1459.0,262548,492108,1454.0,0.00343289042932087,0.15854848338182836,0.1984467323562819,0.16653285927889958,10896.0,FG
2019-10-16,1459.0,1467.0,1445.0,1453.0,397252,517600,1456.0,-0.004120884952502724,0.15947527592565666,0.19815577262120648,0.16879967321243122,25492.0,FG
2019-10-17,1454.0,1459.0,1437.0,1438.0,510790,586718,1448.0,-0.010377125289290872,0.16440473037793113,0.19911165483881538,0.1707619817629343,69118.0,FG
2019-10-18,1435.0,1497.0,1432.0,1492.0,1334672,720114,1463.0,0.036864242482714145,0.1987416764136925,0.21298685976206966,0.17704603669108707,133396.0,FG
2019-10-21,1496.0,1518.0,1487.0,1514.0,1172556,752430,1502.0,0.014637653233687827,0.20259780679254488,0.214557529014106,0.18050266684032537,32316.0,FG
2019-10-22,1518.0,1519.0,1493.0,1502.0,616792,746828,1503.0,-0.007957601673314088,0.20242862665036615,0.2131865663084085,0.18136777916202235,-5602.0,FG
2019-10-23,1504.0,1523.0,1497.0,1511.0,627326,751450,1508.0,0.005974129948659487,0.20295726902075337,0.21341281104651189,0.18334880483970756,4622.0,FG
2019-10-24,1514.0,1519.0,1505.0,1513.0,420422,762476,1512.0,0.0013227515156163097,0.19836057385950667,0.21332965106676166,0.1818122071943926,11026.0,FG
2019-10-25,1518.0,1519.0,1489.0,1505.0,872506,736202,1501.0,-0.005301536605379789,0.19889642567580804,0.21348494377023394,0.18456766372749053,-26274.0,FG
2019-10-28,1503.0,1505.0,1491.0,1493.0,501016,685678,1497.0,-0.008005379643785726,0.2022794997760447,0.2140562783699142,0.18390834384097507,-50524.0,FG
2019-10-29,1491.0,1502.0,1478.0,1489.0,500146,653710,1489.0,-0.0026827648551813713,0.17460051913548538,0.21213721763478804,0.17263575467776457,-31968.0,FG
2019-10-30,1490.0,1495.0,1481.0,1482.0,296994,641060,1487.0,-0.004712226827976733,0.17577244502059847,0.21232363676079774,0.17249693725003307,-12650.0,FG
2019-10-31,1482.0,1493.0,1475.0,1485.0,356528,621582,1484.0,0.0020222453807678706,0.17039433374746182,0.21236011910142893,0.16770669855916573,-19478.0,FG
2019-11-01,1486.0,1501.0,1476.0,1496.0,521692,659578,1490.0,0.00738010729762246,0.16871195254297752,0.2128636386429106,0.16837273828058327,37996.0,FG
2019-11-04,1496.0,1500.0,1484.0,1487.0,271808,640236,1492.0,-0.006034212074267448,0.16814678868694422,0.21293466814178375,0.16590606442434552,-19342.0,FG
2019-11-05,1487.0,1495.0,1486.0,1494.0,216368,631764,1491.0,0.004696419232607587,0.16753633884052654,0.21200283205298034,0.16429688600772574,-8472.0,FG
2019-11-06,1493.0,1503.0,1484.0,1486.0,447830,616822,1494.0,-0.005369140415058097,0.16745470379609678,0.2120068650109105,0.16483673929036963,-14942.0,FG
2019-11-07,1489.0,1494.0,1482.0,1491.0,265700,596292,1489.0,0.0033590894870339444,0.16757199483213261,0.21108517862387394,0.1576158366770088,-20530.0,FG
2019-11-08,1493.0,1500.0,1490.0,1499.0,317434,565442,1495.0,0.005351183337859395,0.16595101360803943,0.2112032180661024,0.15672795007084858,-30850.0,FG
2019-11-11,1500.0,1506.0,1475.0,1480.0,661878,505312,1489.0,-0.01275613134443691,0.17262770595259438,0.15735585626128462,0.16115309226963903,-60130.0,FG
2019-11-12,1479.0,1484.0,1471.0,1475.0,351652,469198,1476.0,-0.0033840979842405684,0.172986565386614,0.1526190534948705,0.160745730415811,-36114.0,FG
2019-11-13,1478.0,1495.0,1457.0,1480.0,640230,470804,1474.0,0.003384097984240494,0.17235670822441365,0.15148901036601845,0.16672862091737845,1606.0,FG
2019-11-14,1479.0,1494.0,1476.0,1494.0,242556,461054,1483.0,0.009414998934601883,0.16946703782330635,0.1509714141835277,0.1655901152566515,-9750.0,FG
2019-11-15,1495.0,1499.0,1490.0,1491.0,238160,459102,1494.0,-0.0020100509280242228,0.10886205184203408,0.1505402969870126,0.13674594125480807,-1952.0,FG
2019-11-18,1490.0,1493.0,1475.0,1484.0,317394,453106,1483.0,-0.004705891037412617,0.09518340228213197,0.15094462740882197,0.13207356089347275,-5996.0,FG
2019-11-19,1484.0,1492.0,1479.0,1482.0,375600,456566,1484.0,-0.0013486178712935292,0.09162922458960926,0.15093340082261011,0.1282375920532285,3460.0,FG
2019-11-20,1484.0,1488.0,1478.0,1482.0,187650,439442,1484.0,0.0,0.08830318940056343,0.15092888234354876,0.12374635788387733,-17124.0,FG
2019-11-21,1481.0,1483.0,1445.0,1445.0,484558,428330,1467.0,-0.02528320530949962,0.12264321917659841,0.15944665097455135,0.13403143436047285,-11112.0,FG
2019-11-22,1443.0,1455.0,1441.0,1450.0,349144,414552,1448.0,0.0034542348680876036,0.12372502861681343,0.15945071948264652,0.12880982632953755,-13778.0,FG
2019-11-25,1451.0,1461.0,1444.0,1455.0,280662,400694,1453.0,0.0034423441909726986,0.12286220989936973,0.15792844345336846,0.12967564257557315,-13858.0,FG
2019-11-26,1455.0,1456.0,1449.0,1453.0,150204,391024,1453.0,-0.0013755160353099796,0.1227539789421716,0.15575592956197393,0.1255019207110155,-9670.0,FG
2019-11-27,1454.0,1472.0,1443.0,1467.0,391656,395902,1457.0,0.009589114572698725,0.12771937986365633,0.1567189266718386,0.13090686535643595,4878.0,FG
2019-11-28,1468.0,1471.0,1463.0,1469.0,157400,378144,1466.0,0.0013623980308956293,0.1275685500447834,0.15662485633360848,0.128869617383084,-17758.0,FG
2019-11-29,1467.0,1476.0,1464.0,1473.0,173646,362580,1470.0,0.0027192402887529186,0.12479440449884378,0.15539533011046525,0.12504396434880938,-15564.0,FG
2019-12-02,1470.0,1471.0,1464.0,1470.0,147548,349184,1467.0,-0.002038736689848317,0.12337010669775429,0.1553831579755321,0.12336972887201765,-13396.0,FG
2019-12-03,1466.0,1472.0,1464.0,1469.0,126190,343456,1468.0,-0.0006805035989047262,0.1218018538953555,0.15344252713168854,0.12324610442774543,-5728.0,FG
2019-12-04,1468.0,1478.0,1465.0,1476.0,169894,299936,1473.0,0.004753828986540474,0.12211096986230782,0.15314622940812525,0.12170374989277312,-43520.0,FG
2019-12-05,1475.0,1478.0,1457.0,1459.0,191998,250126,1467.0,-0.011584456637632195,0.1274704932113725,0.1505033881009471,0.12426521279426088,-49810.0,FG
2019-12-06,1460.0,1470.0,1458.0,1465.0,137900,238570,1464.0,0.004103972928382017,0.12671595670961036,0.15034663284053065,0.12467169716253458,-11556.0,FG
2019-12-09,1462.0,1490.0,1462.0,1472.0,186836,202864,1474.0,0.004766777837653849,0.12058958214348349,0.15058005503408448,0.12334992627114193,-35706.0,FG
2019-12-10,1451.0,1469.0,1445.0,1461.0,228104,278556,1458.0,-0.007500887538122085,0.1228452634738104,0.15077933144961084,0.12684445651275245,75692.0,FG
2019-12-11,1461.0,1465.0,1454.0,1462.0,129030,288130,1459.0,0.0006842285590243227,0.1220973308656712,0.150648114097912,0.11557257143401488,9574.0,FG
2019-12-12,1460.0,1461.0,1446.0,1455.0,169870,275444,1453.0,-0.0047994607041309595,0.11697311055680042,0.1510100020531306,0.11478138888265192,-12686.0,FG
2019-12-13,1457.0,1465.0,1452.0,1462.0,161346,297772,1458.0,0.004799460704130908,0.11890807290284848,0.1460288722067686,0.11562633166722266,22328.0,FG
2019-12-16,1463.0,1464.0,1453.0,1460.0,141824,308628,1459.0,-0.0013689256073417322,0.11811568836729766,0.14490766675343705,0.1138533880857959,10856.0,FG
2019-12-17,1462.0,1463.0,1452.0,1455.0,113404,300284,1457.0,-0.0034305350967892482,0.11846821582334086,0.1440907535115509,0.11346415754873028,-8344.0,FG
2019-12-18,1455.0,1484.0,1452.0,1476.0,384188,375792,1473.0,0.014329825554824868,0.13018524252756217,0.14701852901077228,0.12170271058661805,75508.0,FG
2019-12-19,1476.0,1477.0,1469.0,1472.0,148968,351156,1473.0,-0.002713705871596273,0.09175723189354928,0.14570795331220343,0.10911800932925127,-24636.0,FG
2019-12-20,1471.0,1474.0,1464.0,1469.0,134024,335342,1468.0,-0.0020401231149442377,0.09182120173499146,0.14549096669164865,0.10813976114120658,-15814.0,FG
2019-12-23,1469.0,1473.0,1461.0,1465.0,111548,329242,1467.0,-0.002726654722709577,0.09194386250376743,0.14561499970397693,0.10666905800050125,-6100.0,FG
2019-12-24,1465.0,1479.0,1464.0,1475.0,141504,346930,1471.0,0.00680274732275262,0.09444566579258605,0.13543670695703183,0.1083607896372038,17688.0,FG
2019-12-25,1478.0,1478.0,1466.0,1467.0,82798,339964,1471.0,-0.005438490630938509,0.09081765100395954,0.13525985876704996,0.10127541506741924,-6966.0,FG
2019-12-26,1467.0,1476.0,1467.0,1473.0,70150,339590,1472.0,0.004081638319648456,0.09185731250187397,0.13256754496464151,0.10144598174930504,-374.0,FG
2019-12-27,1470.0,1490.0,1470.0,1483.0,187418,358280,1482.0,0.006765925675301859,0.09443283005006034,0.1316098234493511,0.10399124168965428,18690.0,FG
2019-12-30,1481.0,1489.0,1481.0,1484.0,99986,354848,1485.0,0.0006740815893937138,0.09402050522422821,0.13021652006340545,0.10412704512291963,-3432.0,FG
2019-12-31,1484.0,1495.0,1473.0,1479.0,173454,343528,1482.0,-0.003374961016525935,0.09493399989016174,0.1301184872709041,0.10816386929443816,-11320.0,FG
2020-01-02,1480.0,1495.0,1477.0,1488.0,73433,186543,1485.0,0.006066752682237362,0.09584643515722037,0.13007345458114825,0.1095858592363145,-156985.0,FG
2020-01-03,1489.0,1508.0,1487.0,1506.0,144300,209139,1500.0,0.012024192966801812,0.09330014654536033,0.13218813312565622,0.1094186365300077,22596.0,FG
2020-01-06,1508.0,1514.0,1501.0,1507.0,119220,221287,1508.0,0.0006637902666565718,0.09286998509956361,0.1310682087700858,0.1095664471868979,12148.0,FG
2020-01-07,1509.0,1511.0,1505.0,1507.0,62484,225812,1508.0,0.0,0.09213139465153605,0.13081442064247373,0.1022430603944008,4525.0,FG
2020-01-08,1506.0,1515.0,1506.0,1508.0,66752,223965,1510.0,0.0006633499414059723,0.08635618224046591,0.13068207737100798,0.0969038584956191,-1847.0,FG
2020-01-09,1508.0,1510.0,1502.0,1503.0,90963,236847,1506.0,-0.003321158814926869,0.0880493088261698,0.1305710928328698,0.09623658533756223,12882.0,FG
2020-01-10,1503.0,1512.0,1503.0,1507.0,63553,233997,1507.0,0.0026578088735210396,0.08505626557038479,0.1286396618735677,0.09456222797885512,-2850.0,FG
2020-01-13,1502.0,1505.0,1490.0,1490.0,136858,248295,1496.0,-0.01134479968699059,0.09591358449908241,0.10719217099563047,0.09505887109938584,14298.0,FG
2020-01-14,1493.0,1497.0,1491.0,1493.0,55815,245453,1494.0,0.002011398599685635,0.09558292751861006,0.10288716377396749,0.09408748790378908,-2842.0,FG
2020-01-15,1499.0,1527.0,1499.0,1504.0,110677,256753,1506.0,0.007340706970594669,0.09642182756362391,0.10275909755778655,0.10069656100105719,11300.0,FG
2020-01-16,1504.0,1512.0,1498.0,1507.0,89252,249174,1505.0,0.0019926941167102974,0.08417283030880346,0.1021012082307063,0.09158329918804246,-7579.0,FG
2020-01-17,1504.0,1508.0,1503.0,1506.0,41817,246301,1506.0,-0.0006637902666566221,0.08327747598937371,0.10206903262761345,0.09112762737385102,-2873.0,FG
2020-01-20,1506.0,1509.0,1494.0,1505.0,79841,243256,1502.0,-0.0006642311768627833,0.082726011875087,0.10150064611525404,0.09244063906149738,-3045.0,FG
2020-01-21,1505.0,1505.0,1493.0,1495.0,72622,233509,1498.0,-0.006666691358189345,0.0862894629359838,0.10108921124069825,0.09237169081521855,-9747.0,FG
2020-01-22,1495.0,1504.0,1485.0,1501.0,115756,224030,1495.0,0.004005345808675061,0.08436535373620671,0.10125258664551738,0.09376966888342873,-9479.0,FG
2020-01-23,1499.0,1499.0,1475.0,1476.0,94121,203161,1486.0,-0.016795826473044114,0.10303611056530533,0.1065679262127749,0.09832396732361248,-20869.0,FG
2020-02-03,1385.0,1425.0,1381.0,1381.0,161985,185349,1402.0,-0.06652785175112573,0.2567521356453687,0.1724015782391884,0.11804181565059708,-17812.0,FG
2020-02-04,1382.0,1402.0,1376.0,1384.0,151772,193774,1389.0,0.0021699827683227275,0.2549065954053175,0.17162785550372167,0.121203560901113,8425.0,FG
2020-02-05,1383.0,1398.0,1371.0,1389.0,166129,200294,1387.0,0.0036062065767288954,0.25574088942251,0.1716284769008253,0.1275702987128911,6520.0,FG
2020-02-06,1390.0,1440.0,1385.0,1422.0,189603,171491,1404.0,0.023480267608842448,0.2727105025934877,0.1784795507355799,0.14872988589479277,-28803.0,FG
2020-02-07,1421.0,1421.0,1409.0,1416.0,67781,167694,1415.0,-0.004228336109521064,0.27114546675098816,0.17837158799224154,0.14759169734386798,-3797.0,FG
2020-02-10,1412.0,1422.0,1409.0,1418.0,53675,171689,1416.0,0.0014114328384078085,0.2662273717329235,0.17822320742619222,0.14586621040014422,3995.0,FG
2020-02-11,1419.0,1436.0,1416.0,1424.0,110109,173689,1427.0,0.004222384879848261,0.2671692237136193,0.1780719722877148,0.14774486533324055,2000.0,FG
2020-02-12,1424.0,1429.0,1417.0,1426.0,62249,172721,1424.0,0.0014035090023200904,0.26741098693726223,0.17640006292216087,0.14858596015926667,-968.0,FG
2020-02-13,1424.0,1428.0,1397.0,1403.0,141943,187954,1409.0,-0.01626052087178029,0.2712252813431021,0.17919125623582455,0.15520780385494243,15233.0,FG
2020-02-14,1401.0,1407.0,1399.0,1405.0,48281,181723,1404.0,0.001424501665385221,0.2718097927061811,0.1790403754936841,0.15527017644605753,-6231.0,FG
2020-02-17,1405.0,1412.0,1391.0,1408.0,80842,177762,1404.0,0.0021329549501415855,0.27166290364495904,0.1778816944916708,0.1579885980101243,-3961.0,FG
2020-02-18,1408.0,1409.0,1398.0,1400.0,69195,177909,1402.0,-0.005698021114637779,0.27021907822305313,0.17813059308389573,0.15743247194352705,147.0,FG
2020-02-19,1402.0,1412.0,1399.0,1406.0,49706,172164,1406.0,0.004276556767260172,0.2709023444973464,0.17829292118976145,0.15842339836654318,-5745.0,FG
2020-02-20,1406.0,1429.0,1404.0,1428.0,147858,165276,1419.0,0.015526070528919382,0.27650213801962353,0.18141298785579268,0.15798177167178212,-6888.0,FG
2020-02-21,1428.0,1437.0,1421.0,1429.0,97593,166663,1430.0,0.0007000350303377084,0.2762577375900644,0.1814287299268373,0.15853490212397242,1387.0,FG
2020-02-24,1426.0,1437.0,1416.0,1436.0,121022,174134,1426.0,0.004886571678302089,0.2774790001632194,0.1743554499706542,0.1614332012833538,7471.0,FG
2020-02-25,1426.0,1446.0,1422.0,1429.0,139851,181039,1433.0,-0.004886571678302123,0.2775370701740735,0.17446538802496653,0.16393178240241035,6905.0,FG
2020-02-26,1423.0,1431.0,1419.0,1425.0,68319,174462,1425.0,-0.002803085227116476,0.27712635582013356,0.174372104610479,0.1640256585867351,-6577.0,FG
2020-02-27,1425.0,1426.0,1412.0,1412.0,86408,172825,1418.0,-0.00916467464956352,0.27703422882392287,0.17528919911145507,0.1631397215345431,-1637.0,FG
2020-02-28,1400.0,1409.0,1383.0,1389.0,160753,175669,1397.0,-0.01642307529884366,0.2767940129820419,0.1769932272928473,0.1643290991694859,2844.0,FG
2020-03-02,1391.0,1428.0,1382.0,1412.0,160807,159597,1409.0,0.016423075298843536,0.1550209895676155,0.1804489139366034,0.16553752274705463,-16072.0,FG
2020-03-03,1415.0,1425.0,1392.0,1394.0,112551,170602,1405.0,-0.012829826732718139,0.1625592578711589,0.1819999095532313,0.16821987510293326,11005.0,FG
2020-03-04,1395.0,1402.0,1388.0,1392.0,91881,168032,1394.0,-0.0014357504261042647,0.16221146276217463,0.18198834785327278,0.1644302038094353,-2570.0,FG
2020-03-05,1393.0,1402.0,1390.0,1394.0,75369,163036,1396.0,0.001435750426104194,0.13721625907783183,0.18205084869087793,0.14329395312090598,-4996.0,FG
2020-03-06,1391.0,1397.0,1380.0,1387.0,103659,162841,1389.0,-0.005034171005637589,0.1374954521246168,0.1818651260998755,0.1445155483275807,-195.0,FG
2020-03-09,1362.0,1380.0,1350.0,1372.0,130037,161374,1364.0,-0.01087361202900111,0.1414239551378496,0.18169614126307032,0.15060664929049702,-1467.0,FG
2020-03-10,1372.0,1390.0,1368.0,1384.0,92911,142898,1380.0,0.008708327891784414,0.1447252306064583,0.18248819651054032,0.1514695087447677,-18476.0,FG
2020-03-11,1386.0,1392.0,1379.0,1383.0,63529,136012,1386.0,-0.0007228045128566443,0.14437333210470066,0.18210339453943397,0.15172119033888637,-6886.0,FG
2020-03-12,1383.0,1391.0,1372.0,1384.0,83671,137023,1381.0,0.0007228045128565787,0.13366367499864995,0.18164008849503296,0.14731049636703938,1011.0,FG
2020-03-13,1378.0,1387.0,1352.0,1361.0,173953,134531,1371.0,-0.016758133526148758,0.14488188615444442,0.18446203790911828,0.15652088318745241,-2492.0,FG
2020-03-16,1355.0,1366.0,1341.0,1343.0,145682,151892,1352.0,-0.01331380612822855,0.14986519347008154,0.1859798945428502,0.15819204805510834,17361.0,FG
2020-03-17,1341.0,1355.0,1337.0,1348.0,102353,135554,1346.0,0.0037160949490148538,0.150801962706299,0.18584157400556586,0.15985641586476404,-16338.0,FG
2020-03-18,1340.0,1357.0,1335.0,1335.0,104263,136988,1345.0,-0.009690720637902467,0.15136806211774703,0.1866192941813553,0.16239718902224726,1434.0,FG
2020-03-19,1341.0,1342.0,1291.0,1324.0,211220,129085,1317.0,-0.00827383433739636,0.13654980736363775,0.187093767670755,0.17814598612809426,-7903.0,FG
2020-03-20,1331.0,1340.0,1319.0,1328.0,93767,119254,1329.0,0.0030165935394257273,0.1377900420221473,0.18442542059360353,0.17970993003852326,-9831.0,FG
2020-03-23,1319.0,1319.0,1284.0,1287.0,126339,121477,1300.0,-0.031360122440252554,0.1650812991682949,0.1940702245759332,0.1859552931101161,2223.0,FG
2020-03-24,1292.0,1304.0,1280.0,1300.0,115662,117499,1293.0,0.010050335853501506,0.17399125596882636,0.19568509088997602,0.18674112192159478,-3978.0,FG
2020-03-25,1315.0,1317.0,1289.0,1300.0,90862,109287,1302.0,0.0,0.17468071473888624,0.19572351814984604,0.19140155057542776,-8212.0,FG
2020-03-26,1300.0,1301.0,1275.0,1279.0,81759,113234,1285.0,-0.016285741870785447,0.1788978182950223,0.196997777288442,0.19502038346778483,3947.0,FG
2020-03-27,1282.0,1287.0,1273.0,1278.0,64528,108202,1280.0,-0.0007821666413626162,0.17417974912070147,0.19692036209821934,0.1923755148660053,-5032.0,FG
2020-03-30,1273.0,1293.0,1264.0,1285.0,97024,97674,1280.0,0.0054623623918400276,0.1609411601427657,0.19712998054040198,0.18572730348165314,-10528.0,FG
2020-03-31,1289.0,1298.0,1282.0,1291.0,66813,80994,1290.0,0.00465839351732231,0.16121187153925004,0.1967669909337866,0.18086788580037247,-16680.0,FG
2020-04-01,1281.0,1288.0,1264.0,1269.0,71088,64832,1279.0,-0.017187923132254885,0.16761591093526423,0.1989844054315485,0.1839949554829587,-16162.0,FG
2020-04-02,1273.0,1284.0,1237.0,1280.0,231594,120132,1260.0,0.00863088919927509,0.17288699601833082,0.20029328220941772,0.19947566547214413,55300.0,FG
2020-04-03,1280.0,1281.0,1219.0,1222.0,227897,138206,1243.0,-0.04637121718212219,0.2282215713513407,0.21865124433672173,0.22407742917657492,18074.0,FG
2020-04-07,1230.0,1249.0,1218.0,1241.0,168121,144952,1231.0,0.015428645473066662,0.2399784278446733,0.21976868425625098,0.2255673709174681,6746.0,FG
2020-04-08,1230.0,1249.0,1224.0,1244.0,158153,157273,1239.0,0.0024144880945175533,0.23624438964651265,0.21992896741301665,0.22710395724811971,12321.0,FG
2020-04-09,1246.0,1254.0,1237.0,1244.0,140278,168640,1246.0,0.0,0.2364436932808256,0.21992896741301665,0.22807723746811126,11367.0,FG
2020-04-10,1239.0,1260.0,1231.0,1256.0,167521,171558,1249.0,0.009600073729019137,0.24144729596381656,0.2213455349670579,0.23154013366919152,2918.0,FG
2020-04-13,1244.0,1253.0,1199.0,1199.0,282977,206429,1228.0,-0.04644419200062976,0.2803811006594049,0.23841593388310978,0.24375214610665674,34871.0,FG
2020-04-14,1192.0,1226.0,1177.0,1219.0,274275,184099,1206.0,0.01654297445375722,0.2903004881896151,0.24166383057575708,0.2556900426784169,-22330.0,FG
2020-04-15,1208.0,1255.0,1207.0,1249.0,507852,220338,1245.0,0.024312380644306127,0.3069470033789888,0.24766719496437997,0.26725939173479396,36239.0,FG
2020-04-16,1246.0,1250.0,1217.0,1230.0,308928,206385,1232.0,-0.015329061759114516,0.3090078163630404,0.24872518426398213,0.271017165856895,-13953.0,FG
2020-04-17,1230.0,1279.0,1228.0,1271.0,444414,249402,1258.0,0.03278982282299097,0.3347369300147346,0.2585391339299102,0.2723010398812749,43017.0,FG
2020-04-20,1260.0,1277.0,1247.0,1256.0,306599,261381,1260.0,-0.0118719241613101,0.3359128241115859,0.25899743488902854,0.2749016570494093,11979.0,FG
2020-04-21,1251.0,1254.0,1223.0,1236.0,273373,227675,1234.0,-0.0160517090105079,0.3228870417061146,0.2603015075263674,0.2741076533849549,-33706.0,FG
2020-04-22,1230.0,1247.0,1219.0,1240.0,244956,227409,1237.0,0.00323102058144654,0.3204230619055132,0.2605894684694003,0.2755075031980996,-266.0,FG
2020-04-23,1244.0,1260.0,1226.0,1228.0,277755,239253,1246.0,-0.009724549891994744,0.3213228937802029,0.26083508443318615,0.27784162448610866,11844.0,FG
2020-04-24,1233.0,1253.0,1231.0,1248.0,248580,240555,1243.0,0.016155440222285208,0.32393289258724917,0.2634389683235543,0.2770800722977143,1302.0,FG
2020-04-27,1254.0,1272.0,1253.0,1261.0,243162,232374,1262.0,0.010362787035546658,0.3265203718795666,0.2632788843565471,0.2779481216697614,-8181.0,FG
2020-04-28,1254.0,1257.0,1239.0,1244.0,179841,223642,1249.0,-0.013573062665794756,0.32874490985156957,0.2287396228070113,0.2754509485869497,-8732.0,FG
2020-04-29,1254.0,1273.0,1241.0,1261.0,184916,223058,1261.0,0.013573062665794835,0.332475277722544,0.23074136178037438,0.2794669651653349,-584.0,FG
2020-04-30,1262.0,1277.0,1258.0,1269.0,155116,214984,1266.0,0.006324131749468081,0.3279368592862904,0.23106524599511483,0.27842385872811504,-8074.0,FG
2020-05-06,1277.0,1302.0,1270.0,1297.0,196563,231204,1289.0,0.021824716602056253,0.3357309094757496,0.23033021869631795,0.2721068384913783,16220.0,FG
2020-05-07,1293.0,1312.0,1290.0,1310.0,228733,251412,1300.0,0.009973231878753342,0.28751337136958605,0.23144768971733148,0.2534470138813889,20208.0,FG
2020-05-08,1315.0,1325.0,1305.0,1318.0,252365,240604,1314.0,0.006088298867255355,0.28428286231185845,0.23187606775752206,0.24986089614856993,-10808.0,FG
2020-05-11,1312.0,1347.0,1310.0,1340.0,340678,253293,1334.0,0.016554177882504507,0.28826087387523947,0.23445425168466166,0.2531499689146206,12689.0,FG
2020-05-12,1342.0,1347.0,1332.0,1345.0,210935,248350,1339.0,0.003724399090982494,0.28792955282892374,0.2346034438904785,0.2526070739202198,-4943.0,FG
2020-05-13,1345.0,1382.0,1341.0,1368.0,435580,270714,1362.0,0.01695580614655619,0.291002639618591,0.23522983820574117,0.2558417194398611,22364.0,FG
2020-05-14,1366.0,1376.0,1352.0,1361.0,318589,249759,1362.0,-0.0051300955310297335,0.22556622368145984,0.23539238002744456,0.2410426855716937,-20955.0,FG
2020-05-15,1361.0,1368.0,1337.0,1343.0,334491,228076,1352.0,-0.01331380612822855,0.23238709130065616,0.23675961973974516,0.23015167766566894,-21683.0,FG
2020-05-18,1348.0,1374.0,1344.0,1369.0,260913,219776,1362.0,0.019174628765211314,0.22737959486362613,0.23999542883993444,0.2197964670816988,-8300.0,FG
2020-05-19,1370.0,1396.0,1370.0,1377.0,344766,226523,1384.0,0.005826673440205975,0.21496104879143335,0.24014349799847254,0.2160481149873665,6747.0,FG
2020-05-20,1381.0,1387.0,1370.0,1379.0,225492,223228,1378.0,0.0014513790646469855,0.18999465222133796,0.23790957881300065,0.19974322959076127,-3295.0,FG
2020-05-21,1379.0,1391.0,1372.0,1388.0,198451,218861,1380.0,0.006505263273448035,0.18057149572579342,0.23833685445604988,0.19545385761688802,-4367.0,FG
2020-05-22,1388.0,1393.0,1361.0,1364.0,305672,216881,1375.0,-0.01744230266334237,0.1827580104650293,0.24055224364831587,0.19445386090725117,-1980.0,FG
2020-05-25,1367.0,1430.0,1365.0,1429.0,515026,235469,1407.0,0.04655333952645996,0.23436551242467402,0.2591026402114432,0.21270608621488665,18588.0,FG
2020-05-26,1428.0,1441.0,1423.0,1431.0,395191,239059,1431.0,0.001398601626583598,0.2270483587588109,0.2590519760878444,0.20635558177031033,3590.0,FG
2020-05-27,1432.0,1432.0,1416.0,1422.0,285403,221280,1422.0,-0.006309169193264721,0.22984908556630532,0.25868596509671843,0.204296744988992,-17779.0,FG
2020-05-28,1420.0,1431.0,1414.0,1428.0,236458,216897,1424.0,0.004210532536343458,0.22952682946046515,0.2565151952205385,0.20337141950333942,-4383.0,FG
2020-05-29,1428.0,1436.0,1412.0,1429.0,285737,208056,1426.0,0.0007000350303377084,0.21862117819308383,0.25436840949271783,0.2042124806157469,-8841.0,FG
2020-06-01,1429.0,1447.0,1426.0,1437.0,315595,214951,1438.0,0.005582708149157461,0.21724845084391153,0.2531458220219767,0.19935930604881663,6895.0,FG
2020-06-02,1434.0,1454.0,1426.0,1447.0,256508,218874,1438.0,0.006934840552458953,0.21725146872928958,0.25345016437981316,0.20108633465387618,3923.0,FG
2020-06-03,1447.0,1450.0,1433.0,1438.0,189734,209837,1442.0,-0.006239188350491817,0.21394383458716004,0.2538327112499594,0.19562961309603435,-9037.0,FG
2020-06-04,1438.0,1444.0,1427.0,1428.0,218049,216196,1435.0,-0.006978395381462258,0.21729417829661218,0.25404384354813125,0.19394329882859382,6359.0,FG
2020-06-05,1430.0,1441.0,1420.0,1437.0,220004,211471,1430.0,0.006282743179495209,0.2173161747190753,0.25320575734842493,0.1937594404824526,-4725.0,FG
2020-06-08,1440.0,1445.0,1425.0,1437.0,191059,206985,1434.0,0.0,0.21289221903367794,0.25267251374634797,0.18687154311162532,-4486.0,FG
2020-06-09,1437.0,1441.0,1411.0,1420.0,327397,232041,1422.0,-0.011900735483718566,0.21972786431337712,0.25395237578384494,0.1906597611715526,25056.0,FG
2020-06-10,1420.0,1432.0,1416.0,1424.0,213428,235606,1425.0,0.0028129413766146577,0.2132598144842081,0.25399807234098193,0.181194033809518,3565.0,FG
2020-06-11,1421.0,1451.0,1418.0,1445.0,330093,242475,1435.0,0.014639508574611508,0.2159922243191664,0.25305569436112646,0.18390629974577027,6869.0,FG
2020-06-12,1440.0,1464.0,1436.0,1454.0,379841,240175,1451.0,0.006209057546932235,0.2074569365463995,0.25151022016439184,0.18202765438520405,-2300.0,FG
2020-06-15,1453.0,1465.0,1445.0,1452.0,255660,231056,1455.0,-0.0013764627087232365,0.20023765777947664,0.25151976798423464,0.1782940436455563,-9119.0,FG
2020-06-16,1454.0,1459.0,1448.0,1453.0,148842,230404,1453.0,0.0006884681855414845,0.20008804235106895,0.25049893852332833,0.17450925762767916,-652.0,FG
2020-06-17,1452.0,1452.0,1435.0,1447.0,222207,223242,1443.0,-0.0041379369387990516,0.20151265630013926,0.24996302859627376,0.1743362227703474,-7162.0,FG
2020-06-18,1451.0,1456.0,1443.0,1446.0,150243,216409,1449.0,-0.0006913239127738228,0.20119277638396793,0.24998107051437468,0.17292475126813484,-6833.0,FG
2020-06-19,1442.0,1457.0,1442.0,1451.0,163763,212904,1449.0,0.003451850165477838,0.18766875404340147,0.24056118295136994,0.16718492791021977,-3505.0,FG
2020-06-22,1455.0,1463.0,1449.0,1455.0,135973,214783,1454.0,0.00275292672140508,0.09541820545079281,0.23998677360491222,0.13642179444200497,1879.0,FG
2020-06-23,1451.0,1457.0,1448.0,1454.0,126128,220225,1453.0,-0.0006875215121282104,0.09556016784723902,0.24001366499394458,0.13443082494613268,5442.0,FG
2020-06-24,1458.0,1485.0,1452.0,1484.0,270880,224404,1472.0,0.020422765633861143,0.11430239495706189,0.23994671423350644,0.1406390641526284,4179.0,FG
2020-06-29,1476.0,1481.0,1469.0,1473.0,141750,213654,1475.0,-0.007440007264695478,0.11884875454400849,0.24071362831990634,0.13940530140222368,-10750.0,FG
2020-06-30,1478.0,1486.0,1470.0,1477.0,182071,227206,1478.0,0.0027118660687495,0.1188719924084107,0.24062920860973955,0.13668024865848136,13552.0,FG
2020-07-01,1474.0,1492.0,1473.0,1490.0,149990,236670,1485.0,0.0087631164081251,0.1207724157580405,0.24094383276594053,0.1358620824190108,9464.0,FG
2020-07-02,1488.0,1502.0,1484.0,1497.0,185144,245861,1492.0,0.004686985480123558,0.11977494139649905,0.23752576464588962,0.13194375896234262,9191.0,FG
2020-07-03,1502.0,1502.0,1487.0,1490.0,135891,234546,1492.0,-0.004686985480123573,0.11854078469002131,0.23768511977852447,0.131287007556844,-11315.0,FG
2020-07-06,1486.0,1507.0,1486.0,1503.0,149885,238650,1497.0,0.00868699081346962,0.11623441594577497,0.21519087016400118,0.13225653876942056,4104.0,FG
2020-07-07,1508.0,1531.0,1500.0,1527.0,285372,267926,1518.0,0.015841915465657923,0.12485708704941063,0.21528998213077094,0.1356712894813873,29276.0,FG
2020-07-08,1523.0,1537.0,1520.0,1530.0,171922,260051,1528.0,0.001962709167848689,0.12442091498101084,0.21530122193104573,0.13449393665139375,-7875.0,FG
2020-07-09,1534.0,1548.0,1527.0,1543.0,202942,267153,1537.0,0.008460837976679663,0.11227689998502559,0.21541957914509752,0.13013138886667494,7102.0,FG
2020-07-10,1539.0,1548.0,1534.0,1542.0,201457,264119,1541.0,-0.0006482982398860706,0.11348113229978479,0.21522368114356552,0.12937198928891924,-3034.0,FG
2020-07-13,1542.0,1603.0,1541.0,1591.0,477229,260388,1580.0,0.031282474214512176,0.14494366733710928,0.19659317030492743,0.14617047900235464,-3731.0,FG
2020-07-14,1593.0,1619.0,1586.0,1599.0,415114,257500,1601.0,0.005015684496167384,0.14485377301668975,0.19505648404656456,0.14695767399615872,-2888.0,FG
2020-07-15,1600.0,1612.0,1591.0,1605.0,237509,255681,1601.0,0.003745322730162113,0.1431236225117113,0.19068356576735823,0.14669664022258821,-1819.0,FG
2020-07-16,1602.0,1608.0,1593.0,1597.0,234874,257358,1600.0,-0.0049968873491038285,0.14674754053795427,0.18734147761290595,0.1471655327514817,1677.0,FG
2020-07-17,1602.0,1658.0,1599.0,1646.0,580432,278167,1631.0,0.03022123302200274,0.1681610516924498,0.18575599727496675,0.16416874080550842,20809.0,FG
2020-07-20,1640.0,1647.0,1627.0,1637.0,312894,260351,1637.0,-0.005482803865880194,0.17165275578991113,0.1838457401548974,0.1651111894584925,-17816.0,FG
2020-07-21,1643.0,1695.0,1640.0,1689.0,549212,267507,1677.0,0.03127133943666511,0.19267711657770653,0.18687465563853972,0.1780015381730006,7156.0,FG
2020-07-22,1689.0,1745.0,1683.0,1696.0,909010,248060,1721.0,0.004135899544048299,0.19228152831877088,0.18684329478390665,0.19279031722193976,-19447.0,FG
2020-07-23,1702.0,1735.0,1655.0,1679.0,1156031,239682,1688.0,-0.010074159274307538,0.20034058293332158,0.1869631026411717,0.21689117547642994,-8378.0,FG
2020-07-24,1685.0,1685.0,1647.0,1663.0,725377,221383,1665.0,-0.009575177884613149,0.20234070374652388,0.1879570527348729,0.21704984349711906,-18299.0,FG
2020-07-27,1659.0,1705.0,1659.0,1668.0,638112,221627,1683.0,0.0030021037257644124,0.19671191593311513,0.18763168036524003,0.22401931620106622,244.0,FG
2020-07-28,1663.0,1689.0,1662.0,1686.0,428172,224523,1676.0,0.010733555643108633,0.1968760147884692,0.1841498102866521,0.22544866202760439,2896.0,FG
2020-07-29,1686.0,1712.0,1656.0,1672.0,838149,206783,1679.0,-0.008338344917153807,0.20359325086954358,0.18528934513410528,0.2346764946409288,-17740.0,FG
2020-07-30,1678.0,1691.0,1673.0,1686.0,372756,199574,1680.0,0.008338344917153849,0.203748741285562,0.18540964444216818,0.23438015003645118,-7209.0,FG
2020-07-31,1680.0,1699.0,1666.0,1692.0,432969,189935,1685.0,0.0035524016043679218,0.20014219625706448,0.18199347315373426,0.2370956849649583,-9639.0,FG
2020-08-03,1700.0,1753.0,1692.0,1753.0,695932,207880,1730.0,0.035417344755065985,0.22500545255355497,0.19239076528208213,0.2469450498627053,17945.0,FG
2020-08-04,1759.0,1819.0,1756.0,1815.0,893274,173095,1793.0,0.03475686177771664,0.2432195000857016,0.2018374655440271,0.2543556666169142,-34785.0,FG
2020-08-05,1815.0,1825.0,1788.0,1818.0,519955,169973,1806.0,0.0016515280384729392,0.24333435395881955,0.2006154251358277,0.2569640077117621,-3122.0,FG
2020-08-06,1814.0,1875.0,1804.0,1858.0,730958,166682,1831.0,0.021763644636359655,0.24772310217996263,0.20345644090969708,0.26815583336576565,-3291.0,FG
2020-08-07,1856.0,1905.0,1847.0,1905.0,745491,172274,1877.0,0.02498136818701754,0.25075015747007673,0.2060336315956605,0.27540061715606484,5592.0,FG
2020-08-10,1900.0,1906.0,1839.0,1862.0,749126,131677,1869.0,-0.022830829723789,0.26454415826330624,0.21296185504649542,0.27313730018187027,-40597.0,FG
2020-08-11,1869.0,1968.0,1862.0,1950.0,769109,117680,1932.0,0.046178193720780136,0.2967780208927458,0.2252858238578023,0.29412988179219607,-13997.0,FG
2020-08-12,1860.0,1877.0,1780.0,1841.0,1919103,418830,1831.0,-0.057520470324714634,0.3807298104073208,0.2585336444958175,0.31373665229051423,301150.0,FG
2020-08-13,1849.0,1874.0,1813.0,1849.0,2046327,550313,1838.0,0.004336050154046901,0.3783279966378444,0.2585298175096184,0.3208922572604214,131483.0,FG
2020-08-14,1854.0,1858.0,1830.0,1834.0,1047918,536998,1841.0,-0.00814557857071468,0.3720428603197303,0.2598132022155236,0.3131970156440525,-13315.0,FG
2020-08-17,1826.0,1856.0,1810.0,1851.0,1284711,598336,1832.0,0.009226659757087448,0.3700066608586337,0.2599503516864228,0.3166370498606757,61338.0,FG
2020-08-18,1846.0,1884.0,1844.0,1858.0,1462759,647641,1862.0,0.0037746068002862164,0.3580125872501975,0.2558339139456063,0.31213722452657067,49305.0,FG
2020-08-19,1859.0,1863.0,1837.0,1843.0,1151495,648283,1847.0,-0.00810596170396059,0.36090164938813313,0.24232514308701353,0.30400619975677534,642.0,FG
2020-08-20,1844.0,1848.0,1813.0,1833.0,1127513,686512,1832.0,-0.005440709830118225,0.3588637956709704,0.24306600552453883,0.28986435430888763,38229.0,FG
2020-08-21,1840.0,1843.0,1740.0,1740.0,2122203,642001,1782.0,-0.05206885563113032,0.4086181278393502,0.26805353558303463,0.3107837453966229,-44511.0,FG
2020-08-24,1730.0,1773.0,1715.0,1769.0,1375146,649775,1741.0,0.016529301951210506,0.4117270446897253,0.2693945185367786,0.31337108283980963,7774.0,FG
2020-08-25,1770.0,1770.0,1702.0,1708.0,1600584,685182,1728.0,-0.03509131981127006,0.4317048825647928,0.28067988312701164,0.3224124807564949,35407.0,FG
2020-08-26,1713.0,1727.0,1689.0,1718.0,1337195,679314,1709.0,0.005837728195685404,0.4307303597646858,0.2806904148430198,0.3181117452585357,-5868.0,FG
2020-08-27,1725.0,1766.0,1709.0,1749.0,1742878,722144,1740.0,0.01788337247440134,0.4340749843126892,0.2822300828787236,0.3248563802222934,42830.0,FG
2020-08-28,1746.0,1827.0,1742.0,1827.0,2171721,809981,1781.0,0.043631081359404536,0.4585978298057282,0.29333337465724585,0.33768322859080524,87837.0,FG
2020-08-31,1825.0,1871.0,1819.0,1857.0,2008110,857662,1850.0,0.01628700497469906,0.44608150040153244,0.2934913076909177,0.3345988749475376,47681.0,FG
2020-09-01,1860.0,1864.0,1815.0,1820.0,1636146,809993,1841.0,-0.020125781281864732,0.4365814091101592,0.2976856857706613,0.3309899059948179,-47669.0,FG
2020-09-02,1819.0,1847.0,1810.0,1832.0,1532948,830069,1828.0,0.006571765163234519,0.43715210795955095,0.2976195561550697,0.3309215542904805,20076.0,FG
2020-09-03,1829.0,1863.0,1790.0,1794.0,2226125,793951,1831.0,-0.020960502615334112,0.43575317480266135,0.30023968276881124,0.3316541537103755,-36118.0,FG
2020-09-04,1792.0,1800.0,1739.0,1748.0,2283662,681265,1763.0,-0.025975486403260677,0.43184353407607157,0.3063681600017575,0.33323149553917186,-112686.0,FG
2020-09-07,1752.0,1782.0,1731.0,1758.0,2023769,694894,1757.0,0.005704522029641574,0.4274952284546385,0.30552299105164704,0.33025932229423555,13629.0,FG
2020-09-08,1760.0,1768.0,1740.0,1747.0,1295609,680271,1752.0,-0.006276768111065761,0.3865685647547868,0.30607620385387535,0.31048311986009935,-14623.0,FG
2020-09-09,1730.0,1778.0,1711.0,1753.0,2188139,694599,1748.0,0.0034285747871779003,0.3353022900103033,0.3059382306093759,0.3005961595900974,14328.0,FG
2020-09-10,1763.0,1772.0,1708.0,1717.0,1992240,692795,1741.0,-0.020750024023758997,0.3403157169542048,0.3097718474424571,0.30252545554337756,-1804.0,FG
2020-09-11,1717.0,1735.0,1698.0,1729.0,2093415,672183,1716.0,0.0069646247858150025,0.34190986915490273,0.3095497888673317,0.30426481346907913,-20612.0,FG
2020-09-14,1728.0,1734.0,1676.0,1680.0,2127146,737508,1706.0,-0.028749413285985938,0.3503752742347867,0.3161823941817087,0.3081486497277459,65325.0,FG
2020-09-15,1681.0,1697.0,1626.0,1646.0,2830992,680654,1663.0,-0.020445691160289527,0.35298818392670966,0.3196217506612041,0.3179850364934679,-56854.0,FG
2020-09-16,1648.0,1666.0,1632.0,1653.0,1913995,675358,1648.0,0.004243716584009161,0.35474131201050707,0.3196491086263231,0.3195946571100092,-5296.0,FG
2020-09-17,1654.0,1662.0,1628.0,1642.0,1178626,692886,1645.0,-0.0066768078086506455,0.35476825691315084,0.32010598921105404,0.32002892607659844,17528.0,FG
2020-09-18,1645.0,1687.0,1634.0,1668.0,2011937,665748,1661.0,0.015710292906318486,0.3165850022837277,0.31910139838875184,0.303482101034081,-27138.0,FG
2020-09-21,1663.0,1672.0,1610.0,1629.0,1650650,660017,1642.0,-0.023658974316646902,0.31733098102045204,0.3228190593100546,0.3058614360756579,-5731.0,FG
2020-09-22,1627.0,1664.0,1603.0,1653.0,1805626,650336,1639.0,0.014625489218979012,0.3017916247272518,0.3238949605943796,0.3048287149445714,-9681.0,FG
2020-09-23,1657.0,1682.0,1626.0,1670.0,2294035,616201,1652.0,0.01023180758977663,0.30361787452525396,0.3240411240227061,0.30960916510127195,-34135.0,FG
2020-09-24,1670.0,1685.0,1647.0,1672.0,1979115,629318,1665.0,0.0011968882338461726,0.29527820549809974,0.32399227735561104,0.3055334009936498,13117.0,FG
2020-09-25,1671.0,1675.0,1642.0,1670.0,1373730,627408,1660.0,-0.0011968882338461752,0.24120946708327506,0.3237724851871817,0.2913810729422345,-1910.0,FG
2020-09-28,1666.0,1704.0,1664.0,1675.0,2074028,588467,1679.0,0.002989538848365986,0.23047954257611486,0.3234752150905819,0.2895946830481853,-38941.0,FG
2020-09-29,1678.0,1702.0,1674.0,1699.0,1189798,549193,1685.0,0.014226677412765273,0.2331103073829359,0.32319491530146427,0.2861926531093951,-39274.0,FG
2020-09-30,1701.0,1745.0,1689.0,1742.0,1275628,460225,1717.0,0.024994035740515983,0.2518655489066796,0.3266511926266717,0.29130176882195286,-88968.0,FG
2020-10-09,1753.0,1763.0,1731.0,1750.0,681013,506101,1745.0,0.004581909505111544,0.24330115031434035,0.3264301790811138,0.28136436535481585,45876.0,FG
2020-10-12,1751.0,1794.0,1738.0,1785.0,1162285,587534,1766.0,0.01980262729617973,0.23578443127814122,0.32836464507081226,0.2798949734309999,81433.0,FG
2020-10-13,1790.0,1790.0,1743.0,1752.0,1142055,579839,1766.0,-0.018660422717402748,0.24500776243874334,0.3255892523887299,0.2788041985265579,-7695.0,FG
2020-10-14,1755.0,1760.0,1725.0,1736.0,1078623,565228,1740.0,-0.00917437627604127,0.24616933616184578,0.3262474399574731,0.28000336229642114,-14611.0,FG
2020-10-15,1740.0,1747.0,1713.0,1716.0,1333121,558810,1728.0,-0.011587615172387895,0.24887400507849974,0.3272740940087084,0.27109327594913113,-6418.0,FG
2020-10-16,1710.0,1732.0,1702.0,1726.0,846779,554331,1720.0,0.005810591595465744,0.23874384602453583,0.3271624487304275,0.2622350405871035,-4479.0,FG
2020-10-19,1731.0,1743.0,1699.0,1710.0,1162619,554848,1719.0,-0.009313222146667717,0.23966498531901032,0.32226722227100607,0.26385508268557983,517.0,FG
2020-10-20,1714.0,1719.0,1679.0,1716.0,1344718,556828,1700.0,0.0035026305512020745,0.21566162318425117,0.32206623009753454,0.2586514042008217,1980.0,FG
2020-10-21,1715.0,1718.0,1685.0,1691.0,968951,541328,1700.0,-0.01467593114932727,0.20895145844201415,0.3172576855417438,0.2456854406156274,-15500.0,FG
2020-10-22,1695.0,1724.0,1685.0,1714.0,1115459,534377,1706.0,0.01350975025914481,0.21316638693429873,0.31834815339382905,0.24658674551708745,-6951.0,FG
2020-10-23,1714.0,1728.0,1698.0,1707.0,1008935,511419,1712.0,-0.004092376363284478,0.21200488456042776,0.31776568017193424,0.2454827071049201,-22958.0,FG
2020-10-26,1710.0,1722.0,1691.0,1717.0,1122144,521465,1711.0,0.005841138103034877,0.2063674368085574,0.31729845635905235,0.23907280828269306,10046.0,FG
2020-10-27,1719.0,1755.0,1718.0,1754.0,1157740,556924,1739.0,0.021320312034652737,0.19534293372570385,0.32009346850101933,0.22970768288484092,35459.0,FG
2020-10-28,1754.0,1760.0,1726.0,1730.0,996398,506184,1741.0,-0.013777485440303733,0.20018549589606793,0.3207921307692502,0.21952840004611332,-50740.0,FG
2020-10-29,1722.0,1734.0,1706.0,1708.0,932046,481784,1722.0,-0.012798313143309509,0.2046526098538488,0.32143717801608274,0.21028187637229356,-24400.0,FG
2020-10-30,1701.0,1749.0,1694.0,1743.0,1125296,473924,1725.0,0.020284671171505717,0.21557622192771944,0.32361201143970364,0.21558153755144416,-7860.0,FG
2020-11-02,1745.0,1768.0,1732.0,1740.0,879303,449740,1747.0,-0.0017226533114461818,0.2156893432151426,0.32358405861736234,0.21586656868015838,-24184.0,FG
2020-11-03,1741.0,1760.0,1725.0,1725.0,788450,439721,1744.0,-0.008658062743114541,0.2189307752798877,0.31582594674714853,0.21418103814106712,-10019.0,FG
2020-11-04,1732.0,1750.0,1726.0,1729.0,739766,427991,1739.0,0.002316156217830327,0.2137890833980285,0.3074115304785218,0.21329015825487,-11730.0,FG
2020-11-05,1734.0,1736.0,1713.0,1730.0,660115,423473,1727.0,0.0005782018085341511,0.1940632173176535,0.30738293369004477,0.20371067356167227,-4518.0,FG
2020-11-06,1733.0,1790.0,1731.0,1754.0,1756636,430144,1763.0,0.013777485440303713,0.19977468063397222,0.30532130336197083,0.21224942325699614,6671.0,FG
2020-11-09,1750.0,1769.0,1747.0,1762.0,823490,406523,1759.0,0.004550633563996509,0.18685659410949626,0.3007802958933524,0.20303145384230542,-23621.0,FG
2020-11-10,1773.0,1784.0,1753.0,1772.0,882027,420342,1767.0,0.0056593246689013565,0.17544505345106004,0.29774571009141715,0.19853276822348848,13819.0,FG
2020-11-11,1774.0,1812.0,1765.0,1808.0,1315395,462309,1794.0,0.02011240978709547,0.18437535052359724,0.28478140769888455,0.20176725075751326,41967.0,FG
2020-11-12,1808.0,1825.0,1794.0,1824.0,1085773,479399,1811.0,0.008810629682154906,0.1785622697111267,0.26039874074696123,0.2007282383701603,17090.0,FG
2020-11-13,1824.0,1838.0,1815.0,1835.0,961857,445295,1827.0,0.006012589854393897,0.17860475711357562,0.26054369887097073,0.1990736670127449,-34104.0,FG
2020-11-16,1835.0,1862.0,1826.0,1852.0,1189053,437414,1842.0,0.009221654717454073,0.1736601398479705,0.26069052625462785,0.19596308001613608,-7881.0,FG
2020-11-17,1856.0,1860.0,1833.0,1857.0,825313,436216,1847.0,0.0026961461465811443,0.1737132380128786,0.2600684976520242,0.19200606403864648,-1198.0,FG
2020-11-18,1853.0,1856.0,1813.0,1830.0,934427,398244,1830.0,-0.014646315517239189,0.17367148601950055,0.2616651833573072,0.1940298818383885,-37972.0,FG
2020-11-19,1835.0,1884.0,1828.0,1870.0,1294210,447160,1860.0,0.02162246401316571,0.18172909805340748,0.26490122547868056,0.1984744443571417,48916.0,FG
2020-11-20,1873.0,1894.0,1863.0,1880.0,1076001,443477,1876.0,0.005333345975362603,0.17899882428213126,0.2648347181771182,0.19808358487906447,-3683.0,FG
2020-11-23,1878.0,1898.0,1845.0,1847.0,1148142,404775,1867.0,-0.017709075624754968,0.19581766040046777,0.24448324013607725,0.20338504122231948,-38702.0,FG
2020-11-24,1847.0,1853.0,1827.0,1846.0,855943,381196,1843.0,-0.0005415651364424666,0.18480372783711593,0.2423611059932783,0.20054607640559233,-23579.0,FG
2020-11-25,1848.0,1860.0,1823.0,1835.0,889638,372496,1837.0,-0.005976654574126804,0.17765144779966174,0.23116528995920807,0.2008066480321265,-8700.0,FG
2020-11-26,1835.0,1848.0,1818.0,1842.0,826066,374445,1836.0,0.0038074563265814536,0.16771015228033778,0.2310296324521642,0.20083873024182253,1949.0,FG
2020-11-27,1842.0,1868.0,1835.0,1847.0,734474,353333,1849.0,0.0027107633839878083,0.15605332955867313,0.22843767511455235,0.1927843522264147,-21112.0,FG
2020-11-30,1845.0,1862.0,1828.0,1837.0,707517,332171,1844.0,-0.005428894984114364,0.1580347572112082,0.2108318159661208,0.1918043767812347,-21162.0,FG
2020-12-01,1843.0,1843.0,1822.0,1827.0,515794,331927,1832.0,-0.005458528837118989,0.15538845226837117,0.20841225219986245,0.1885787801070375,-244.0,FG
2020-12-02,1827.0,1875.0,1827.0,1870.0,930541,343397,1857.0,0.023263153470625603,0.17124150049675524,0.20971251323263698,0.19425324540423472,11470.0,FG
2020-12-03,1870.0,1885.0,1858.0,1869.0,525731,325355,1869.0,-0.0005349023930694312,0.17157220253752328,0.20933510805246247,0.19460405030309713,-18042.0,FG
2020-12-04,1865.0,1888.0,1839.0,1882.0,698203,304787,1861.0,0.006931512689762095,0.1680383765948047,0.20501082125567766,0.18953557087906162,-20568.0,FG
2020-12-07,1888.0,1955.0,1881.0,1945.0,1162538,312897,1929.0,0.03292693590722179,0.19766220758645878,0.20765597394258362,0.2047691136691469,8110.0,FG
2020-12-08,1940.0,1977.0,1936.0,1975.0,788477,324341,1955.0,0.015306421282675507,0.20103765030244888,0.20934305757103286,0.20621598957020873,11444.0,FG
2020-12-09,1975.0,2037.0,1967.0,1998.0,1159344,293609,2000.0,0.011578281873276515,0.1950065174536178,0.20954610488212727,0.21195314018522265,-30732.0,FG
2020-12-10,1992.0,2021.0,1978.0,1991.0,915564,245678,1997.0,-0.0035096551443025135,0.19669322744445597,0.2098573625521974,0.21374300927692202,-47931.0,FG
2020-12-11,1987.0,2023.0,1976.0,1988.0,739803,196544,2001.0,-0.0015079168476769215,0.19766676269439853,0.20458049098606837,0.2178587001141464,-49134.0,FG
2020-12-14,1916.0,1976.0,1882.0,1886.0,1480269,381605,1929.0,-0.05267092402311649,0.2801033759534546,0.233208256667571,0.23760035081090447,185061.0,FG
2020-12-15,1893.0,1918.0,1870.0,1911.0,1089027,397402,1889.0,0.013168481046870302,0.2834098150897592,0.22578741070342329,0.24163176833580427,15797.0,FG
2020-12-16,1916.0,1944.0,1884.0,1907.0,1554650,449433,1920.0,-0.002095338639853948,0.2774514728563914,0.22106461354071366,0.24564163493021945,52031.0,FG
2020-12-17,1913.0,1920.0,1884.0,1914.0,1098158,464647,1905.0,0.0036639664124805725,0.26789170082197844,0.22104788179796522,0.24052041003114907,15214.0,FG
2020-12-18,1916.0,1968.0,1915.0,1951.0,1238684,472735,1940.0,0.01914676861021172,0.2750765722609248,0.2228112152874571,0.24491292931894076,8088.0,FG
2020-12-21,1950.0,1998.0,1925.0,1982.0,1237103,478550,1955.0,0.015764374266822156,0.2691481366275996,0.2228244444169792,0.2502239164542966,5815.0,FG
2020-12-22,1977.0,1985.0,1932.0,1932.0,1165986,441292,1960.0,-0.025550700117469988,0.28798735805983905,0.22381023283208507,0.2549780856428943,-37258.0,FG
2020-12-23,1937.0,1953.0,1896.0,1940.0,1303466,437322,1932.0,0.004132237284910591,0.2863887141376638,0.22249056376193582,0.25913153325549115,-3970.0,FG
2020-12-24,1945.0,1958.0,1902.0,1905.0,920193,452525,1930.0,-0.018205964496572524,0.295773448793342,0.225939958471397,0.26407882523744697,15203.0,FG
2020-12-25,1905.0,1920.0,1884.0,1914.0,1057732,433815,1903.0,0.004713284452098137,0.2959498251392454,0.22598819176107174,0.26442499135186276,-18710.0,FG
2020-12-28,1919.0,1924.0,1839.0,1851.0,1216646,427406,1875.0,-0.03346925943940207,0.3205234028491634,0.23738949673281903,0.27855694342164244,-6409.0,FG
2020-12-29,1853.0,1869.0,1831.0,1857.0,973142,437206,1850.0,0.0032362487792083248,0.3199131393868905,0.23739564326286877,0.280898885940704,9800.0,FG
2020-12-30,1863.0,1863.0,1842.0,1852.0,744102,435983,1852.0,-0.002696146146581133,0.3089212178183465,0.23612750444067132,0.2764985689680658,-1223.0,FG
2020-12-31,1849.0,1864.0,1824.0,1859.0,1000259,433791,1844.0,0.0037725725153194283,0.30928697738025235,0.2310759870960993,0.27862991015041,-2192.0,FG
2021-01-04,1850.0,1878.0,1826.0,1868.0,699581,437861,1848.0,0.004829631067343879,0.30873195587189434,0.23109243176561242,0.27941339225450557,4070.0,FG
2021-01-05,1862.0,1881.0,1832.0,1835.0,947935,438890,1854.0,-0.017823858300117307,0.28816119671589846,0.2309437788962514,0.2729472305797168,1029.0,FG
2021-01-06,1838.0,1840.0,1795.0,1803.0,1266031,466467,1813.0,-0.017592537285353413,0.28424338132158844,0.2305791386804813,0.2743797360813663,27577.0,FG
2021-01-07,1800.0,1807.0,1779.0,1788.0,961810,463028,1791.0,-0.008354267469857813,0.27802452354370144,0.23043969982037585,0.2662157670045501,-3439.0,FG
2021-01-08,1788.0,1816.0,1768.0,1782.0,1178325,434432,1792.0,-0.003361347702704883,0.2780393556798255,0.2292210870840619,0.26836668576634565,-28596.0,FG
2021-01-11,1770.0,1797.0,1737.0,1793.0,1222955,445836,1766.0,0.006153865574378286,0.2808089333201147,0.22925503595704516,0.27336539292726325,11404.0,FG
2021-01-12,1789.0,1793.0,1752.0,1777.0,1052019,442673,1773.0,-0.008963645450481493,0.21929046834223642,0.2291918623184306,0.25774237507904285,-3163.0,FG
2021-01-13,1780.0,1781.0,1735.0,1738.0,947600,465568,1755.0,-0.022191522329314022,0.2206672274070177,0.23378727581227074,0.2581129107175131,22895.0,FG
2021-01-14,1734.0,1739.0,1691.0,1693.0,1084016,459747,1712.0,-0.02623292369220203,0.2330107607248503,0.23805707614715504,0.2563654942657997,-5821.0,FG
2021-01-15,1695.0,1714.0,1683.0,1699.0,1023439,436009,1698.0,0.003537739538796741,0.2329426402308723,0.23652797772455958,0.2561443657139169,-23738.0,FG
2021-01-18,1699.0,1744.0,1685.0,1734.0,1003301,432535,1716.0,0.02039103566855519,0.23474165794362506,0.24005087799735944,0.25998035937329816,-3474.0,FG
2021-01-19,1738.0,1742.0,1715.0,1730.0,838734,447119,1728.0,-0.002309469848662529,0.2210992639161171,0.2398245767905571,0.24988797511893,14584.0,FG
2021-01-20,1730.0,1743.0,1720.0,1733.0,755995,444852,1731.0,0.0017326022237815313,0.211486219179079,0.23578854158503357,0.24482131390493198,-2267.0,FG
2021-01-21,1739.0,1765.0,1722.0,1756.0,948765,442887,1747.0,0.01318448447945597,0.21915704427532454,0.2356332311583421,0.24233151916684761,-1965.0,FG
2021-01-22,1756.0,1787.0,1752.0,1777.0,1089326,447101,1770.0,0.011888053959589435,0.2210839645558878,0.2352291502504544,0.2381015335397208,4214.0,FG
2021-01-25,1772.0,1805.0,1746.0,1805.0,1603420,497000,1775.0,0.01563404261233003,0.22961472302856453,0.23377216231969059,0.24506406715639364,49899.0,FG
2021-01-26,1802.0,1808.0,1754.0,1759.0,1105944,478191,1782.0,-0.02581512602942308,0.21749536890266163,0.23987208023729736,0.2345146376501938,-18809.0,FG
2021-01-27,1759.0,1779.0,1755.0,1774.0,736545,466296,1768.0,0.0084914181319666,0.2201125036742392,0.23974867829810687,0.2322209195216862,-11895.0,FG
2021-01-28,1775.0,1794.0,1767.0,1790.0,953219,490200,1782.0,0.008978735965275963,0.223667995862506,0.24035141891394096,0.23320369008272776,23904.0,FG
2021-01-29,1790.0,1795.0,1773.0,1785.0,789223,472819,1784.0,-0.002797204621061254,0.22275617487138705,0.24045013527373307,0.2301043811266698,-17381.0,FG
2021-02-01,1782.0,1833.0,1778.0,1804.0,1112475,470391,1810.0,0.010588006408829478,0.22599653905364597,0.23979231605917906,0.23146833866222438,-2428.0,FG
2021-02-02,1804.0,1819.0,1765.0,1768.0,964906,458138,1796.0,-0.02015745742498017,0.22832002635965132,0.24328849776537737,0.2335188070656931,-12253.0,FG
2021-02-03,1768.0,1780.0,1755.0,1770.0,763181,449135,1770.0,0.0011305823702860774,0.2208171819797752,0.24302206419939115,0.22949722226226535,-9003.0,FG
2021-02-04,1775.0,1820.0,1763.0,1817.0,834076,439851,1790.0,0.026207242828296347,0.23860674553924172,0.24546752049633896,0.23692654249806097,-9284.0,FG
2021-02-05,1817.0,1841.0,1808.0,1835.0,736962,466368,1824.0,0.009857692092499532,0.24014227218298875,0.2456345205376438,0.23318256702740303,26517.0,FG
2021-02-08,1838.0,1850.0,1822.0,1841.0,704592,460070,1834.0,0.003264420744407258,0.23961671678726779,0.24541819282927826,0.22410601097991273,-6298.0,FG
2021-02-09,1839.0,1868.0,1834.0,1866.0,534480,436671,1849.0,0.01348820017421122,0.24008481106493185,0.24624662150099574,0.2221087119209509,-23399.0,FG
2021-02-10,1861.0,1872.0,1840.0,1870.0,443630,391650,1858.0,0.002141328441343078,0.22196181835132153,0.24622468294480143,0.21814085709828313,-45021.0,FG
2021-02-18,1885.0,1931.0,1885.0,1921.0,365222,428002,1919.0,0.026907452919924402,0.20679063335218603,0.2502450606350766,0.2160418083878863,36352.0,FG
2021-02-19,1923.0,1924.0,1889.0,1911.0,537467,437302,1907.0,-0.005219218528283639,0.2106215414641967,0.2467591077146624,0.21608262467706177,9300.0,FG
2021-02-22,1909.0,1977.0,1905.0,1959.0,848556,470141,1949.0,0.024807473704267658,0.21515534906330097,0.25157655722751443,0.21807492203337311,32839.0,FG
2021-02-23,1955.0,1993.0,1952.0,1969.0,919450,465406,1968.0,0.005091660694584887,0.2129286684567965,0.24880208783148278,0.2200104024339179,-4735.0,FG
2021-02-24,1969.0,1992.0,1953.0,1988.0,764366,483398,1971.0,0.00960330857739389,0.21244221457481482,0.24938543138359828,0.222197298891674,17992.0,FG
2021-02-25,1995.0,2070.0,1977.0,2059.0,1187990,451300,2025.0,0.03509131981127019,0.23403938918161515,0.25828387281188664,0.23697177906970504,-32098.0,FG
2021-02-26,2062.0,2078.0,2024.0,2044.0,1044480,443361,2051.0,-0.0073117557041943474,0.23957714128317667,0.25893593545018,0.23982754224603994,-7939.0,FG
2021-03-01,2042.0,2118.0,2032.0,2071.0,1251336,440425,2076.0,0.013122910071989175,0.23854855130364142,0.2599725028108878,0.2455290938957589,-2936.0,FG
2021-03-02,2071.0,2098.0,2046.0,2090.0,1072025,464460,2070.0,0.009132483563272474,0.2052052170272204,0.25993040430363423,0.2428562291253489,24035.0,FG
2021-03-03,2100.0,2150.0,2080.0,2088.0,1438608,446530,2120.0,-0.0009573959563273326,0.20798409965356068,0.2595341683175345,0.25117098840750757,-17930.0,FG
2021-03-04,2094.0,2107.0,2060.0,2077.0,1638087,484694,2083.0,-0.005282125126417021,0.21327906109266118,0.2562497349769296,0.25366216688508836,38164.0,FG
2021-03-05,2079.0,2130.0,2047.0,2107.0,2283564,525105,2089.0,0.014340589928076705,0.2110554138271738,0.257483813479188,0.2660474747379111,40411.0,FG
2021-03-08,2120.0,2159.0,2065.0,2071.0,2326988,487352,2106.0,-0.017233552408604875,0.22921411456979857,0.2602319165338944,0.2748285971127188,-37753.0,FG
2021-03-09,2071.0,2078.0,2004.0,2013.0,1904279,446158,2048.0,-0.028405435755792702,0.24343915999352544,0.2590539177801316,0.27814402446901604,-41194.0,FG
2021-03-10,2028.0,2044.0,1999.0,2041.0,1340045,443406,2023.0,0.013813737170053264,0.24389544402639352,0.2587118802037765,0.28052877460182934,-2752.0,FG
2021-03-11,2041.0,2045.0,1921.0,1986.0,1997554,403819,1969.0,-0.027317318204726895,0.26156271578565254,0.2638172908911344,0.30293887639312894,-39587.0,FG
2021-03-12,1982.0,1995.0,1953.0,1972.0,855827,397248,1969.0,-0.007074309442537154,0.2637948595625789,0.2641126610293662,0.3038717864998352,-6571.0,FG
2021-03-15,1970.0,2025.0,1938.0,2021.0,943418,382039,1968.0,0.024544182241040356,0.2739708982391649,0.26886024017102317,0.3162014451537874,-15209.0,FG
2021-03-16,2016.0,2043.0,1979.0,2001.0,980751,448949,2015.0,-0.009945382819887655,0.27655501113110376,0.2464172827788864,0.32098154963074604,66910.0,FG
2021-03-17,1991.0,2074.0,1977.0,2067.0,932878,428197,2014.0,0.032451225098034935,0.29476866448401606,0.253498408294838,0.33471247516024927,-20752.0,FG
2021-03-18,2067.0,2095.0,2059.0,2078.0,893207,432790,2074.0,0.005307611977404389,0.28332394354757007,0.25352768215743965,0.33281554814016806,4593.0,FG
2021-03-19,2084.0,2094.0,2040.0,2055.0,829997,374543,2069.0,-0.011130044728837735,0.2865868323274879,0.254771055269032,0.3351477694345358,-58247.0,FG
2021-03-22,2051.0,2118.0,2051.0,2090.0,771953,422349,2092.0,0.016888218028521796,0.28018394142650205,0.2541372579366866,0.3328326455618325,47806.0,FG
2021-03-23,2091.0,2103.0,2068.0,2082.0,680365,379083,2085.0,-0.0038350957839425374,0.28118201049659275,0.2525043099368913,0.3318123587748302,-43266.0,FG
2021-03-24,2070.0,2082.0,2008.0,2049.0,921645,401911,2041.0,-0.01597710093601438,0.2875002447741137,0.2489995463488521,0.33799636379011516,22828.0,FG
2021-03-25,2049.0,2064.0,2028.0,2051.0,635235,373805,2046.0,0.0009756098334808009,0.2589541159492401,0.2489135683516571,0.3257465568710476,-28106.0,FG
2021-03-26,2044.0,2135.0,2032.0,2133.0,880322,457542,2081.0,0.03920196039896995,0.29221506561061206,0.2576459330596088,0.33765064978266063,83737.0,FG
2021-03-29,2132.0,2144.0,2104.0,2125.0,782908,420983,2123.0,-0.003757637112833405,0.28994601581579094,0.25783194915490076,0.32842112467264906,-36559.0,FG
2021-03-30,2125.0,2152.0,2109.0,2135.0,749197,443347,2130.0,0.0046948443042076635,0.28878825457710144,0.24730055939250356,0.3268902395604379,22364.0,FG
2021-03-31,2135.0,2146.0,2110.0,2112.0,642133,383473,2128.0,-0.010831280836572782,0.29179248968935767,0.2487567766797552,0.3212602067030574,-59874.0,FG
2021-04-01,2100.0,2144.0,2094.0,2116.0,677060,374525,2115.0,0.0018921481520379623,0.2910001751037544,0.24855467709590098,0.321596199423547,-8948.0,FG
2021-04-02,2117.0,2123.0,2082.0,2117.0,693350,326253,2104.0,0.0004724781566752158,0.2866897516339797,0.24855867127880082,0.3130754861209968,-48272.0,FG
2021-04-06,2130.0,2182.0,2096.0,2159.0,472701,309842,2149.0,0.01964515937994226,0.28676944907168483,0.2510586112357933,0.3104388660890627,-16411.0,FG
2021-04-07,2160.0,2164.0,2109.0,2123.0,444019,279798,2134.0,-0.016814968811551315,0.27316169940631685,0.2507222456608157,0.30566733479498703,-30044.0,FG
2021-04-08,2141.0,2174.0,2134.0,2157.0,707915,460726,2153.0,0.0158881846859002,0.27437198335601576,0.24869917624467636,0.30455385478078045,180928.0,FG
2021-04-09,2159.0,2162.0,2084.0,2088.0,1097409,478829,2121.0,-0.032511697386627056,0.2823635705450563,0.25807916877542014,0.2849559231591024,18103.0,FG
2021-04-12,2096.0,2144.0,2086.0,2139.0,1237304,571265,2112.0,0.02413176007987622,0.28988950665285557,0.2614743405723962,0.28731460963967975,92436.0,FG
2021-04-13,2148.0,2179.0,2133.0,2164.0,1008806,630924,2155.0,0.01161993088396652,0.2813512026901529,0.2619874198927071,0.2755145236248594,59659.0,FG
2021-04-14,2158.0,2174.0,2147.0,2166.0,796861,650983,2161.0,0.0009237875945636812,0.2771512426246657,0.2608275755684747,0.26841266335561675,20059.0,FG
2021-04-15,2176.0,2213.0,2162.0,2211.0,1206148,732459,2189.0,0.020562753296510288,0.26394402565132846,0.2577042094291268,0.25328365585195134,81476.0,FG
2021-04-16,2208.0,2233.0,2197.0,2229.0,965416,751750,2218.0,0.008108152528422525,0.264400231065498,0.25004646977801376,0.2529606364306576,19291.0,FG
2021-04-19,2229.0,2247.0,2200.0,2230.0,955722,755324,2227.0,0.00044853106829548294,0.2590815848167307,0.2501807267093837,0.25085106974780935,3574.0,FG
2021-04-20,2234.0,2264.0,2224.0,2263.0,826212,817220,2244.0,0.014689781179372996,0.2577654822270094,0.24891690091664648,0.24433656926423,61896.0,FG
2021-04-21,2265.0,2265.0,2222.0,2248.0,1056702,792673,2242.0,-0.0066504346199557154,0.25907692860378084,0.24957234018033136,0.24512603545472764,-24547.0,FG
2021-04-22,2249.0,2285.0,2227.0,2236.0,1309868,784346,2259.0,-0.005352376738591954,0.2509827152662313,0.25030697417759934,0.23908644639245585,-8327.0,FG
2021-04-23,2238.0,2273.0,2236.0,2264.0,901010,789632,2253.0,0.012444605048083746,0.252216220413537,0.2501995688758617,0.23870658001949818,5286.0,FG
2021-04-26,2261.0,2292.0,2236.0,2277.0,1199272,798517,2265.0,0.005725626740666105,0.21780334900872853,0.249716595625417,0.2207186629756597,8885.0,FG
2021-04-27,2278.0,2322.0,2265.0,2316.0,982587,844017,2294.0,0.01698277262914622,0.22131786701483788,0.2499948452324602,0.22338902740557726,45500.0,FG
2021-04-28,2314.0,2335.0,2298.0,2331.0,986897,841612,2317.0,0.006455800342871293,0.22144637311456233,0.24215785374093413,0.22184729845804654,-2405.0,FG
2021-04-29,2335.0,2386.0,2329.0,2379.0,1639090,783832,2363.0,0.020382871267200647,0.22071052176886866,0.2441566165997069,0.22485924429562051,-57780.0,FG
2021-04-30,2379.0,2424.0,2360.0,2423.0,1242937,757563,2387.0,0.01832621051356806,0.22435067089760438,0.2455613013280168,0.22644896614922347,-26269.0,FG
2021-05-06,2450.0,2539.0,2439.0,2526.0,968044,739161,2498.0,0.04163058209391069,0.2543283741182465,0.25606917965484854,0.238419645261257,-18402.0,FG
2021-05-07,2519.0,2563.0,2505.0,2549.0,1185623,746064,2531.0,0.00906410146567909,0.2511403056768102,0.2559669867612279,0.22785136210628174,6903.0,FG
2021-05-10,2543.0,2683.0,2527.0,2683.0,1872532,695286,2610.0,0.0512344460495087,0.27563606811454155,0.26659772387788205,0.25515859525228646,-50778.0,FG
2021-05-11,2708.0,2837.0,2630.0,2781.0,2292069,625079,2732.0,0.03587500380834065,0.28838990483860344,0.27274589344590505,0.29904814793848145,-70207.0,FG
2021-05-12,2768.0,2896.0,2756.0,2892.0,2084995,662053,2822.0,0.03913772904469047,0.2491653774767668,0.27772933127030675,0.3072650697747347,36974.0,FG
2021-05-13,2860.0,2945.0,2762.0,2846.0,2498316,670473,2858.0,-0.016033804628857683,0.27195138814850617,0.28189261664366,0.33102305770448487,8420.0,FG
2021-05-14,2844.0,2877.0,2686.0,2750.0,2464054,605277,2777.0,-0.034313587989180695,0.321784311311394,0.29434164575993016,0.35888584380160427,-65196.0,FG
2021-05-17,2764.0,2857.0,2693.0,2746.0,2305039,622389,2776.0,-0.0014556043327006501,0.3229680110580997,0.2944593770838465,0.37927650797570844,17112.0,FG
2021-05-18,2746.0,2811.0,2728.0,2803.0,1299283,643107,2770.0,0.020544964836871998,0.3229617124220585,0.29571481175404757,0.3813787567667149,20718.0,FG
2021-05-19,2807.0,2819.0,2631.0,2665.0,1635017,578440,2708.0,-0.05048621456484338,0.39116390606973317,0.31493032901769324,0.4071052852605874,-64667.0,FG
2021-05-20,2615.0,2647.0,2502.0,2636.0,1940842,565336,2585.0,-0.010941440977547096,0.3964515248447989,0.3159671201856819,0.42193483251479175,-13104.0,FG
2021-05-21,2646.0,2646.0,2553.0,2558.0,1580509,538704,2591.0,-0.030036913483609803,0.41801088541435977,0.3214492036211205,0.42704579315564567,-26632.0,FG
2021-05-24,2563.0,2618.0,2458.0,2587.0,1834881,554348,2534.0,0.011273200047241097,0.4155985455563185,0.3217492824706205,0.4456919995788282,15644.0,FG
2021-05-25,2597.0,2656.0,2588.0,2618.0,1173550,559885,2623.0,0.01191176428381615,0.4133103606750706,0.32193737337809203,0.44575082658248605,5537.0,FG
2021-05-26,2600.0,2635.0,2559.0,2576.0,1107409,556361,2591.0,-0.016172859245600957,0.42146112438556854,0.31834230214533715,0.4487104448469168,-3524.0,FG
2021-05-27,2555.0,2575.0,2470.0,2548.0,1533627,576363,2529.0,-0.010929070532190317,0.4259301454462144,0.31895915167543465,0.4543086102817374,20002.0,FG
2021-05-28,2550.0,2646.0,2532.0,2630.0,1121783,554299,2595.0,0.03167510847975631,0.4341740888878236,0.3235038208229543,0.4608202955933091,-22064.0,FG
2021-05-31,2618.0,2726.0,2600.0,2688.0,1107675,555499,2676.0,0.02181357647122996,0.4376017478357868,0.32538932511709323,0.47042742331355014,1200.0,FG
2021-06-01,2688.0,2716.0,2651.0,2690.0,684551,528380,2683.0,0.0007437709528446807,0.4352752662244001,0.32529372378051685,0.47043761676224033,-27119.0,FG
2021-06-02,2690.0,2750.0,2639.0,2654.0,876231,508875,2688.0,-0.013473257703731971,0.43807467610778345,0.32673433631598586,0.47511765881029655,-19505.0,FG
2021-06-03,2652.0,2722.0,2646.0,2674.0,750707,501721,2685.0,0.007507542769735634,0.4161364322237784,0.3261227376463445,0.4712459650520266,-7154.0,FG
2021-06-04,2650.0,2706.0,2609.0,2683.0,868828,498436,2653.0,0.0033600927637356037,0.41550330202301233,0.32314439460644323,0.4750983642953509,-3285.0,FG
2021-06-07,2700.0,2740.0,2626.0,2629.0,838291,483109,2682.0,-0.020332025695742915,0.3807863956054376,0.32008621917309615,0.46656464801900366,-15327.0,FG
2021-06-08,2629.0,2645.0,2564.0,2634.0,775284,472679,2612.0,0.0019000575733451196,0.3555882956066503,0.31953271204318623,0.4429053750206805,-10430.0,FG
2021-06-09,2643.0,2665.0,2604.0,2636.0,542559,479722,2631.0,0.0007590133191715234,0.3202880185236929,0.3128488976305505,0.433028066305733,7043.0,FG
2021-06-10,2636.0,2686.0,2602.0,2644.0,609712,482198,2641.0,0.0030303053491790633,0.3184468968579826,0.31191340832308,0.4165444125893269,2476.0,FG
2021-06-11,2645.0,2721.0,2645.0,2719.0,541046,503010,2686.0,0.027971243660893864,0.3157403430351476,0.3129054174325799,0.3947809497895291,20812.0,FG
2021-06-15,2709.0,2709.0,2622.0,2646.0,437098,471449,2652.0,-0.027215099957569735,0.32952820532043925,0.3183263595236054,0.3806573539941466,-31561.0,FG
2021-06-16,2636.0,2660.0,2588.0,2594.0,576500,495431,2619.0,-0.01984797979851185,0.3243044434535158,0.3168745095886931,0.37979593236965353,23982.0,FG
2021-06-17,2590.0,2659.0,2583.0,2651.0,593784,498644,2620.0,0.021735841412636264,0.2859795443237928,0.31897642208168525,0.3557530580597598,3213.0,FG
2021-06-18,2645.0,2666.0,2597.0,2624.0,567514,482422,2635.0,-0.010237056225045853,0.2856441283556532,0.31880140443860394,0.33963425381050594,-16222.0,FG
2021-06-21,2622.0,2675.0,2619.0,2622.0,655496,511284,2646.0,-0.0007624857403344817,0.26332659220369026,0.3178295615511555,0.33406249189974124,28862.0,FG
2021-06-22,2620.0,2693.0,2605.0,2685.0,604433,544319,2644.0,0.023743342619319888,0.2730909380283387,0.3200078286044217,0.31407722533235893,33035.0,FG
2021-06-23,2694.0,2719.0,2672.0,2686.0,462097,528162,2691.0,0.0003723701402177658,0.27053734094624077,0.3173605461910946,0.31142028929340376,-16157.0,FG
2021-06-24,2690.0,2792.0,2682.0,2779.0,703821,599908,2755.0,0.03403805265932085,0.28572834685204523,0.3229266636799882,0.3168676330471785,71746.0,FG
2021-06-25,2779.0,2844.0,2770.0,2842.0,500458,575538,2801.0,0.022416878914542273,0.2874393847005308,0.3171740180172433,0.3093944041215421,-24370.0,FG
2021-06-28,2842.0,2848.0,2787.0,2807.0,447073,578996,2815.0,-0.012391732295163497,0.2765763761723921,0.3186454015803712,0.29848673588671143,3458.0,FG
2021-06-29,2816.0,2832.0,2786.0,2809.0,432914,606142,2810.0,0.0007122507423611964,0.2678724994527232,0.3187461331557832,0.28320765583445,27146.0,FG
2021-06-30,2817.0,2836.0,2789.0,2815.0,420475,588519,2809.0,0.002133713469547071,0.2678180411552998,0.31718606220271145,0.28074947430032826,-17623.0,FG
2021-07-01,2808.0,2865.0,2765.0,2782.0,668968,574915,2815.0,-0.011792168090402592,0.26658078177844774,0.31894069862040875,0.2772323718951556,-13604.0,FG
2021-07-02,2791.0,2837.0,2771.0,2835.0,442703,576727,2802.0,0.018871843678464183,0.27243447820749134,0.3201503922444505,0.27520993441874114,1812.0,FG
2021-07-05,2836.0,2839.0,2784.0,2813.0,422509,545063,2807.0,-0.007790407671995618,0.27503918347747963,0.31968212133532337,0.2673165170463568,-31664.0,FG
2021-07-06,2813.0,2878.0,2812.0,2862.0,492179,560506,2848.0,0.017269151626539466,0.26619552359213106,0.31765761179167845,0.25640358238775945,15443.0,FG
2021-07-07,2857.0,2885.0,2826.0,2862.0,476537,577768,2854.0,0.0,0.2665004278217118,0.31700028898841975,0.2516075119714825,17262.0,FG
2021-07-08,2864.0,2917.0,2857.0,2902.0,623555,636019,2892.0,0.013879473327737032,0.26833410194743357,0.3079311078853793,0.25067210636970516,58251.0,FG
2021-07-09,2893.0,2901.0,2851.0,2893.0,445926,604034,2881.0,-0.0031061284679981043,0.2697420579956865,0.3059558204600957,0.2442293062963284,-31985.0,FG
2021-07-12,2911.0,2968.0,2886.0,2943.0,550289,640750,2932.0,0.017135443257337644,0.2598761023573804,0.3066653234815369,0.24406723820300097,36716.0,FG
2021-07-13,2938.0,3006.0,2936.0,3004.0,490149,672601,2973.0,0.020515264650552506,0.23844758013783734,0.30813219631815786,0.23930735331049482,31851.0,FG
2021-07-14,2993.0,3074.0,2993.0,3071.0,561983,644169,3037.0,0.022058507556796995,0.22343618781421262,0.3084579820497889,0.23893100181393634,-28432.0,FG
2021-07-15,3060.0,3065.0,2973.0,3013.0,629421,568095,3015.0,-0.01906698131052116,0.23760934829114153,0.31243747284862694,0.23975857876271292,-76074.0,FG
2021-07-16,3011.0,3079.0,3009.0,3072.0,445678,542958,3039.0,0.019392555137261548,0.23336622772667243,0.3136528107616922,0.23826140046564737,-25137.0,FG
2021-07-19,3080.0,3163.0,3038.0,3039.0,584944,450397,3095.0,-0.010800301350769714,0.2408372670668862,0.31474652326464625,0.24915936452064133,-92561.0,FG
2021-07-20,3028.0,3047.0,2981.0,3024.0,397667,397637,3011.0,-0.004948055617369414,0.23651063967134603,0.31450057324814346,0.24344634184849417,-52760.0,FG
2021-07-21,3024.0,3072.0,3004.0,3006.0,259882,387647,3038.0,-0.005970166986503796,0.23952087384007145,0.31458877739914504,0.24526370750499957,-9990.0,FG
2021-07-22,3013.0,3077.0,2994.0,3057.0,270571,376056,3037.0,0.0168237515779146,0.2195549099863463,0.31515838084799375,0.2371524501336635,-11591.0,FG
2021-07-23,3003.0,3079.0,3003.0,3017.0,439792,369758,3036.0,-0.013171082731773436,0.21795922404099224,0.317328318682702,0.23648217063935448,-6298.0,FG
2021-07-26,3000.0,3009.0,2867.0,2911.0,729886,381195,2935.0,-0.03576629541343792,0.25257885329266505,0.3267961209912753,0.2536654442290794,11437.0,FG
2021-07-27,2915.0,2941.0,2783.0,2797.0,627460,350535,2863.0,-0.03994925054366354,0.2926556565358178,0.33871549993803113,0.27728047389135224,-30660.0,FG
2021-07-28,2813.0,2860.0,2803.0,2848.0,385895,347910,2830.0,0.01806957932990658,0.29967699851797885,0.3382461315254273,0.278302909468119,-2625.0,FG
2021-07-29,2845.0,2907.0,2841.0,2885.0,394089,365016,2875.0,0.01290790641033348,0.29897953464418503,0.3373855003208746,0.27228607228968915,17106.0,FG
2021-07-30,2884.0,2905.0,2839.0,2894.0,438655,371397,2875.0,0.003114728249229164,0.29226815652995086,0.3276752185302088,0.2720713223517094,6381.0,FG
2021-08-02,2876.0,2885.0,2793.0,2814.0,527728,370042,2834.0,-0.028032669517094783,0.3086114564566544,0.3331187960977693,0.27754753780656416,-1355.0,FG
2021-08-03,2803.0,2809.0,2723.0,2725.0,480873,366468,2760.0,-0.032138530576989954,0.321441654896739,0.3238762459090133,0.2810072977131499,-3574.0,FG
2021-08-04,2721.0,2797.0,2713.0,2781.0,420647,366792,2769.0,0.02034214713662031,0.3313762305196726,0.31813960240015215,0.2850124969680306,324.0,FG
2021-08-05,2764.0,2787.0,2674.0,2681.0,474509,356346,2732.0,-0.03662071599800558,0.3483327336578226,0.3162269732135842,0.2949716995971623,-10446.0,FG
2021-08-06,2682.0,2729.0,2665.0,2714.0,363298,350348,2703.0,0.012233702158855107,0.3530183732202395,0.3158961433870733,0.2969588878549211,-5998.0,FG
2021-08-09,2707.0,2786.0,2705.0,2764.0,402637,341593,2750.0,0.018255344492746132,0.35388806954735563,0.3104365669740353,0.2976079527474467,-8755.0,FG
2021-08-10,2751.0,2872.0,2747.0,2868.0,354054,337529,2817.0,0.036936016831950504,0.37259662370946983,0.31939170417275436,0.3082126272698892,-4064.0,FG
2021-08-11,2859.0,2890.0,2838.0,2862.0,243655,329465,2859.0,-0.002094241603114737,0.3614242229829046,0.3167710655691173,0.30539564674247577,-8064.0,FG
2021-08-12,2857.0,2875.0,2721.0,2722.0,475680,328661,2808.0,-0.05015377690498484,0.39423663854161783,0.31654566363669046,0.3205362881453051,-804.0,FG
2021-08-13,2714.0,2758.0,2694.0,2724.0,412319,334050,2726.0,0.0007344840579916562,0.3843940092407222,0.315676491639221,0.3206936686691218,5389.0,FG
2021-08-16,2732.0,2798.0,2718.0,2747.0,369220,328672,2755.0,0.008408018825870889,0.38723381883457203,0.30958933317120624,0.315132255439856,-5378.0,FG
2021-08-17,2750.0,2780.0,2719.0,2761.0,299527,337042,2748.0,0.005083525834880538,0.38888957645236333,0.3089921912351849,0.31522308821324196,8370.0,FG
2021-08-18,2755.0,2791.0,2703.0,2735.0,372264,346596,2746.0,-0.009461497074072841,0.38925314146090784,0.3088988716012272,0.31895794135633854,9554.0,FG
2021-08-19,2721.0,2740.0,2621.0,2674.0,553254,351572,2664.0,-0.02255595719419309,0.38545100295776136,0.31064859886735935,0.32749285319757454,4976.0,FG
2021-08-20,2662.0,2685.0,2627.0,2672.0,349961,346541,2656.0,-0.0007482230053521195,0.38520611047470743,0.3097382646890658,0.32647429634169345,-5031.0,FG
2021-08-23,2660.0,2777.0,2660.0,2772.0,411071,335768,2732.0,0.03674182565325755,0.3967886679605798,0.312042988004527,0.323114911321062,-10773.0,FG
2021-08-24,2780.0,2798.0,2731.0,2741.0,301911,328475,2761.0,-0.01124626400700806,0.3733792046234543,0.3099336596768835,0.30545745806462615,-7293.0,FG
2021-08-25,2736.0,2758.0,2680.0,2715.0,350741,331845,2706.0,-0.009530863934749946,0.367526081721716,0.31058382718991534,0.3085252283054921,3370.0,FG
2021-08-26,2732.0,2746.0,2610.0,2611.0,378380,350395,2686.0,-0.03905866366890694,0.38459035941138836,0.3196007562098714,0.32317544812903337,18550.0,FG
2021-08-27,2624.0,2657.0,2603.0,2640.0,345444,356577,2631.0,0.01104562744123304,0.3877981654477824,0.3200469796933502,0.32243142558012705,6182.0,FG
2021-08-30,2640.0,2719.0,2640.0,2676.0,359876,342437,2677.0,0.013544225107757253,0.38255642131191864,0.3212018452828186,0.321163942416869,-14140.0,FG
2021-08-31,2677.0,2678.0,2581.0,2601.0,381892,352699,2622.0,-0.02842715579946755,0.3789831809535837,0.3237831351940551,0.3239193849665542,10262.0,FG
2021-09-01,2600.0,2624.0,2566.0,2615.0,320122,345359,2597.0,0.005368111050371765,0.3708065878660814,0.3239548131804924,0.32091164711122316,-7340.0,FG
2021-09-02,2607.0,2653.0,2575.0,2619.0,341619,342668,2614.0,0.001528468008688696,0.3493056665241498,0.323967473779913,0.3150801344309858,-2691.0,FG
2021-09-03,2615.0,2769.0,2614.0,2749.0,415310,336839,2684.0,0.04844464365753372,0.3888153451330657,0.3387569681320648,0.33421064254957183,-5829.0,FG
2021-09-06,2756.0,2774.0,2681.0,2691.0,379285,338389,2719.0,-0.021324337438339856,0.3904002421990853,0.3368492571057758,0.33617638155540264,1550.0,FG
2021-09-07,2690.0,2735.0,2667.0,2715.0,375408,348946,2701.0,0.008879081641129924,0.3660502268973281,0.33260164053566205,0.32702432321586233,10557.0,FG
2021-09-08,2710.0,2720.0,2585.0,2600.0,464028,363298,2654.0,-0.0432805083584624,0.3930591256897964,0.3419624631282608,0.34226011845899945,14352.0,FG
2021-09-09,2600.0,2612.0,2499.0,2540.0,627633,368562,2553.0,-0.023347363996991177,0.36260735977557546,0.34222412251435097,0.3351054043746011,5264.0,FG
2021-09-10,2545.0,2576.0,2526.0,2564.0,323081,369249,2555.0,0.00940445802797842,0.3652132759868275,0.34225644201337235,0.3339797314873317,687.0,FG
2021-09-13,2564.0,2578.0,2410.0,2428.0,477384,378143,2482.0,-0.054500665861171825,0.40486977250784295,0.35964372802088246,0.35808031791657974,8894.0,FG
2021-09-14,2428.0,2450.0,2354.0,2377.0,398308,378414,2407.0,-0.021228684819194987,0.40593104033975325,0.35809679541548345,0.364973448377423,271.0,FG
2021-09-15,2389.0,2390.0,2308.0,2351.0,508732,350160,2341.0,-0.01099841882012446,0.4060657181618573,0.358525421695848,0.3661600724736731,-28254.0,FG
2021-09-16,2351.0,2375.0,2287.0,2310.0,519726,340884,2332.0,-0.017593245024230274,0.40402893282380153,0.35182810723845964,0.36278324135663137,-9276.0,FG
2021-09-17,2320.0,2368.0,2213.0,2361.0,681596,308651,2288.0,0.021837733569673754,0.41655714447094094,0.3516522032362873,0.38745702094916357,-32233.0,FG
2021-09-22,2322.0,2397.0,2260.0,2390.0,438676,291849,2341.0,0.012208107840043362,0.39157080432117036,0.3524792990983228,0.3967179951174728,-16802.0,FG
2021-09-23,2409.0,2485.0,2326.0,2347.0,749631,292632,2415.0,-0.018155449074532846,0.39321905980867483,0.3538113632091869,0.4176703079137087,783.0,FG
2021-09-24,2347.0,2359.0,2245.0,2245.0,635661,293423,2285.0,-0.04443239567466881,0.4140952233333351,0.36358440381328566,0.4263789007514531,791.0,FG
2021-09-27,2235.0,2331.0,2179.0,2252.0,701842,267764,2259.0,0.0031131890832263665,0.40113175559490055,0.36346404530831283,0.4366535374601949,-25659.0,FG
2021-09-28,2270.0,2295.0,2188.0,2290.0,607478,259108,2229.0,0.016733107288704436,0.4050569782520229,0.36293150325755463,0.4461421843880072,-8656.0,FG
2021-09-29,2302.0,2302.0,2213.0,2231.0,496787,253530,2253.0,-0.026101902115752848,0.40270148519461196,0.36575015035650615,0.4495913770778164,-5578.0,FG
2021-09-30,2236.0,2296.0,2205.0,2242.0,477652,229607,2254.0,0.004918409199572699,0.3988760974866943,0.3635888834525466,0.45096486792186025,-23923.0,FG
2021-10-08,2265.0,2397.0,2260.0,2320.0,407821,245490,2332.0,0.034198861028250475,0.4233196500894607,0.3718190316788567,0.4655456123744234,15883.0,FG
2021-10-11,2335.0,2448.0,2335.0,2428.0,511356,247205,2386.0,0.04550068751903317,0.4605031061894135,0.3835006233500167,0.47200345194451204,1715.0,FG
2021-10-12,2411.0,2458.0,2340.0,2361.0,507442,258973,2394.0,-0.027982615093875993,0.4242972566258446,0.38688429780681216,0.46769537551225665,11768.0,FG
2021-10-13,2360.0,2484.0,2231.0,2449.0,824507,230093,2399.0,0.036594519866654844,0.44839023242116827,0.39324478928231116,0.5152859016243213,-28880.0,FG
2021-10-14,2440.0,2457.0,2362.0,2406.0,575324,233283,2405.0,-0.017714160417543597,0.4476412722525358,0.39127013938374283,0.5192994446690904,3190.0,FG
2021-10-15,2419.0,2419.0,2336.0,2367.0,438091,227837,2371.0,-0.0163422870206403,0.4278488891210624,0.3883993904247729,0.5133072039925245,-5446.0,FG
2021-10-18,2380.0,2380.0,2253.0,2299.0,482465,239051,2304.0,-0.029149084750802436,0.4316518233523241,0.39055850774824563,0.517903399696181,11214.0,FG
2021-10-19,2281.0,2415.0,2223.0,2391.0,673549,230791,2310.0,0.03923744269514319,0.45688602466000267,0.39773903049739,0.5453732321850776,-8260.0,FG
2021-10-20,2367.0,2388.0,2295.0,2306.0,609558,216288,2340.0,-0.03619726662932044,0.4340088283987283,0.4028764008798253,0.5329851106954561,-14503.0,FG
2021-10-21,2297.0,2362.0,2176.0,2176.0,551781,217911,2291.0,-0.05802609285317104,0.47259923755968936,0.4173781348747785,0.5542557615277549,1623.0,FG
2021-10-22,2176.0,2208.0,2061.0,2062.0,593491,221117,2103.0,-0.05381194339892799,0.5036635777049063,0.4288800310635176,0.5684225514719622,3206.0,FG
2021-10-25,2055.0,2092.0,1973.0,2005.0,643059,218718,2026.0,-0.028032324836235648,0.5080065356643093,0.4284136720061608,0.576316419069168,-2399.0,FG
2021-10-26,2006.0,2045.0,1944.0,2026.0,489153,206442,1997.0,0.010419345067959121,0.5010099994961578,0.4296851255496431,0.5683707382147382,-12276.0,FG
2021-10-27,2036.0,2042.0,1921.0,1956.0,462222,212795,1985.0,-0.035161834213866094,0.5042855156638709,0.4295132261244111,0.5694308485919363,6353.0,FG
2021-10-28,1957.0,1958.0,1846.0,1873.0,541482,196648,1875.0,-0.04336014815067415,0.5173405140191762,0.43068934208010556,0.5658460170225769,-16147.0,FG
2021-10-29,1886.0,1902.0,1780.0,1808.0,467898,216361,1852.0,-0.03532016149196671,0.5106165642938812,0.4314749234310731,0.5735274568557149,19713.0,FG
2021-11-01,1808.0,1827.0,1738.0,1745.0,441093,234195,1791.0,-0.03546670631559431,0.514960471683087,0.43304121663617423,0.5654008924125868,17834.0,FG
2021-11-02,1763.0,1782.0,1615.0,1627.0,543592,230364,1707.0,-0.07001672741748977,0.5403142003116627,0.4502057954254146,0.594184432422292,-3831.0,FG
2021-11-03,1630.0,1766.0,1630.0,1729.0,564344,216994,1687.0,0.060805378464252796,0.6047656187725656,0.4708406092162531,0.612371557047597,-13370.0,FG
2021-11-04,1735.0,1745.0,1654.0,1685.0,471690,224524,1696.0,-0.02577764289682845,0.602703026065311,0.4696430614358724,0.6168936143150285,7530.0,FG
2021-11-05,1700.0,1713.0,1629.0,1706.0,460879,224695,1668.0,0.012385885265162336,0.5842690486537309,0.46788521874655675,0.6134651896394652,171.0,FG
2021-11-08,1714.0,1751.0,1662.0,1688.0,490846,228356,1701.0,-0.010607052895722004,0.5392989754877213,0.4641750187644529,0.6152549038060904,3661.0,FG
2021-11-09,1688.0,1736.0,1672.0,1694.0,412049,225979,1710.0,0.003548200056097177,0.5432621952725102,0.4629306016092247,0.6115455401063812,-2377.0,FG
2021-11-10,1688.0,1695.0,1572.0,1611.0,525383,232059,1619.0,-0.05023749203502534,0.5175227874995835,0.46764912478867,0.589534605857864,6080.0,FG
2021-11-11,1610.0,1739.0,1602.0,1710.0,576857,219715,1661.0,0.059638266319731244,0.5909241137916624,0.4792497530110379,0.609013896332986,-12344.0,FG
2021-11-12,1706.0,1729.0,1645.0,1714.0,614257,224788,1692.0,0.0023364496610195056,0.5949050160607134,0.47959055796598077,0.6136648093269873,5073.0,FG
2021-11-15,1700.0,1777.0,1660.0,1691.0,743486,238601,1727.0,-0.013509750259144786,0.5929714721693341,0.4718905535015294,0.6196294266854958,13813.0,FG
2021-11-16,1710.0,1763.0,1694.0,1706.0,569528,242033,1734.0,0.008831379153044173,0.5652317602440726,0.4728093481252969,0.6001555648824076,3432.0,FG
2021-11-17,1713.0,1730.0,1631.0,1670.0,610152,230202,1675.0,-0.02132782264082364,0.5609733065247622,0.4723862213017861,0.6072299756932976,-11831.0,FG
2021-11-18,1687.0,1695.0,1651.0,1670.0,369502,223689,1673.0,0.0,0.541119570762391,0.4718898935551936,0.5843948502651105,-6513.0,FG
2021-11-19,1665.0,1734.0,1660.0,1721.0,455068,204711,1702.0,0.030081890800738656,0.5396301051354921,0.4783647220890918,0.5733175888477764,-18978.0,FG
2021-11-22,1704.0,1765.0,1704.0,1731.0,376752,206037,1734.0,0.005793758964669887,0.5372110323867308,0.4781394377400604,0.5646299240746453,1326.0,FG
2021-11-23,1731.0,1770.0,1704.0,1707.0,401720,210891,1738.0,-0.013961832381768634,0.5335044508090269,0.4781390838154746,0.5601352071693777,4854.0,FG
2021-11-24,1711.0,1790.0,1681.0,1774.0,453451,211484,1744.0,0.03849944007508423,0.5485412944310583,0.47884064637349494,0.5610036743762912,593.0,FG
2021-11-25,1780.0,1819.0,1770.0,1794.0,404890,213010,1797.0,0.011210879749216675,0.5318520482285529,0.4802760751636903,0.5499500642204469,1526.0,FG
2021-11-26,1794.0,1820.0,1765.0,1795.0,455560,219446,1794.0,0.0005572583036378565,0.5173427537657684,0.48049797330314586,0.5356090804391807,6436.0,FG
2021-11-29,1780.0,1875.0,1770.0,1850.0,496099,217838,1838.0,0.030180617149991238,0.5107500214536388,0.48164477563789543,0.5390787881789698,-1608.0,FG
2021-11-30,1855.0,1890.0,1817.0,1822.0,426015,207043,1854.0,-0.015250840252466829,0.43958805916204213,0.4807511914927659,0.5039313559797459,-10795.0,FG
2021-12-01,1822.0,1920.0,1822.0,1913.0,391389,194127,1876.0,0.04873789162034916,0.4213616618589656,0.4921031542371074,0.48720472257635133,-12916.0,FG
2021-12-02,1913.0,1957.0,1881.0,1932.0,433243,193318,1918.0,0.009883045332210514,0.4055931034786451,0.490782838356757,0.48115426476448114,-809.0,FG
2021-12-03,1940.0,1992.0,1925.0,1939.0,477653,201674,1956.0,0.003616640470188515,0.40520004460015707,0.4906397259718018,0.4747516525815534,8356.0,FG
2021-12-06,1951.0,1980.0,1905.0,1923.0,340932,186089,1933.0,-0.008285909653872032,0.40399940786673666,0.49049663731022464,0.46887443582169247,-15585.0,FG
2021-12-07,1935.0,1938.0,1856.0,1873.0,380939,167082,1894.0,-0.026345043144691195,0.4203821199466862,0.4795052784722327,0.47107167523324056,-19007.0,FG
2021-12-08,1866.0,1866.0,1776.0,1811.0,414657,135683,1823.0,-0.03366224456067519,0.3950335325381915,0.48178893256710265,0.45534527967057276,-31399.0,FG
2021-12-09,1811.0,1842.0,1789.0,1825.0,247103,123331,1821.0,0.007700808133178596,0.3409624793348197,0.4816344986619042,0.42523526234311504,-12352.0,FG
2021-12-10,1830.0,1859.0,1756.0,1779.0,436882,164219,1814.0,-0.025528578350756698,0.3558570399940793,0.47725219353166143,0.4292908883574987,40888.0,FG
2021-12-13,1777.0,1850.0,1752.0,1829.0,364786,167336,1802.0,0.027717960725030504,0.36222142470412483,0.48090342251196816,0.4203956208422655,3117.0,FG
2021-12-14,1829.0,1848.0,1808.0,1837.0,303483,173059,1831.0,0.0043644368242598645,0.36176889288191316,0.48035245971909213,0.4143732001883126,5723.0,FG
2021-12-15,1831.0,1843.0,1775.0,1783.0,386333,184438,1807.0,-0.029836467351985262,0.37065552694976234,0.47227436590771044,0.4030154419861623,11379.0,FG
2021-12-16,1783.0,1821.0,1766.0,1808.0,348422,187511,1798.0,0.0139239230889813,0.372302866467323,0.47265295507247346,0.404404654570359,3073.0,FG
2021-12-17,1807.0,1848.0,1802.0,1825.0,366836,189862,1823.0,0.00935872506446999,0.36019085565266795,0.4733041784864123,0.3972809478667847,2351.0,FG
2021-12-20,1832.0,1885.0,1768.0,1781.0,589984,202048,1833.0,-0.02440498272693017,0.3726447660130784,0.4743227921071253,0.4132394798900674,12186.0,FG
2021-12-21,1781.0,1832.0,1756.0,1827.0,369127,194325,1804.0,0.025500273088344967,0.3772959591744031,0.4752371523752341,0.4151503717067122,-7723.0,FG
2021-12-22,1834.0,1843.0,1793.0,1796.0,336314,206633,1820.0,-0.01711330751586182,0.36005501743176427,0.47469691947347503,0.39744783663883393,12308.0,FG
2021-12-23,1804.0,1827.0,1788.0,1803.0,304876,207376,1808.0,0.0038899743411722897,0.3581458493628861,0.4741940154365227,0.39585600894388767,743.0,FG
2021-12-24,1798.0,1806.0,1722.0,1751.0,522715,252945,1768.0,-0.029264890917465394,0.3730207587705187,0.46975754961379673,0.40334080943529393,45569.0,FG
2021-12-27,1747.0,1778.0,1722.0,1777.0,410463,230968,1751.0,0.014739495868799385,0.3596621389953096,0.4711159144881012,0.39029249851872466,-21977.0,FG
2021-12-28,1778.0,1778.0,1731.0,1747.0,323778,239041,1754.0,-0.017026518020594815,0.3605757227585592,0.46987457259565796,0.3854461802566188,8073.0,FG
2021-12-29,1746.0,1767.0,1739.0,1759.0,258971,236685,1753.0,0.006845434603501538,0.3096849793227152,0.4682698017792244,0.37060020578544695,-2356.0,FG
2021-12-30,1759.0,1777.0,1726.0,1737.0,267107,250868,1756.0,-0.012585978496453234,0.3064155439725722,0.4682264273584376,0.36618893650051704,14183.0,FG
2021-12-31,1735.0,1742.0,1684.0,1705.0,366898,249186,1713.0,-0.018594376523487735,0.30795087404019605,0.4622179378804122,0.3660417203624069,-1682.0,FG
2022-01-04,1700.0,1725.0,1692.0,1703.0,210419,270912,1707.0,-0.0011737090549289277,0.30841326712742717,0.4502159680536748,0.35909065548873376,21726.0,FG
2022-01-05,1703.0,1743.0,1702.0,1733.0,256735,258394,1725.0,0.017462609052917778,0.3094177840324752,0.45033253175598054,0.3508191010200222,-12518.0,FG
2022-01-06,1733.0,1811.0,1730.0,1806.0,366736,242124,1769.0,0.04126044426132461,0.32740715472663756,0.4522619860843799,0.3485635887747935,-16270.0,FG
2022-01-07,1806.0,1857.0,1805.0,1854.0,356892,231007,1827.0,0.026231012148869685,0.3395734948090845,0.45593952525370307,0.3482679162985275,-11117.0,FG
2022-01-10,1858.0,1914.0,1856.0,1894.0,479204,231187,1891.0,0.02134552762022313,0.332132996988976,0.4582213952530217,0.33303388842689335,180.0,FG
2022-01-11,1886.0,1952.0,1878.0,1923.0,419733,243590,1915.0,0.015195471842756157,0.3227544617850119,0.45673010142079945,0.32293921515200563,12403.0,FG
2022-01-12,1922.0,1966.0,1908.0,1964.0,318244,262069,1933.0,0.021096743325631436,0.3293758439666898,0.4510918189259164,0.3258430632231078,18479.0,FG
2022-01-13,1972.0,2016.0,1937.0,1942.0,543494,258441,1983.0,-0.011264840063140989,0.3107801789203532,0.4462270030386645,0.3271181305662379,-3628.0,FG
2022-01-14,1950.0,2073.0,1950.0,2068.0,598066,272981,2027.0,0.06286358677704955,0.37276634793637065,0.45110732494617245,0.3458812828641816,14540.0,FG
2022-01-17,2062.0,2095.0,2032.0,2068.0,529448,266309,2060.0,0.0,0.37336204508934917,0.437504528864435,0.3478107695963658,-6672.0,FG
2022-01-18,2065.0,2095.0,2035.0,2085.0,457981,271823,2062.0,0.008186898604582118,0.35550642389368475,0.4338859321594269,0.32598618876095503,5514.0,FG
2022-01-19,2102.0,2159.0,2092.0,2131.0,516512,275992,2133.0,0.021822497865715225,0.3533390868904667,0.4355946278290253,0.32039656754105894,4169.0,FG
2022-01-20,2135.0,2166.0,2113.0,2126.0,452780,279446,2140.0,-0.002349073196723851,0.34341541523362307,0.42920514823210826,0.3193904685915763,3454.0,FG
2022-01-21,2126.0,2205.0,2108.0,2190.0,505994,285230,2153.0,0.02965926390865321,0.3509321281196217,0.4227787512688078,0.33020572237435836,5784.0,FG
2022-01-24,2190.0,2190.0,2114.0,2135.0,440262,267800,2148.0,-0.025434897147821604,0.345553482111134,0.4194899618129248,0.32316084611812246,-17430.0,FG
2022-01-25,2125.0,2145.0,2061.0,2119.0,516663,257137,2103.0,-0.007522367394425845,0.3503928049243841,0.4125169821696076,0.32712435380982663,-10663.0,FG
2022-01-26,2119.0,2142.0,2090.0,2135.0,396808,261169,2119.0,0.0075223673944259505,0.33708027207041585,0.3835180058750489,0.32633975913644153,4032.0,FG
2022-01-27,2148.0,2235.0,2144.0,2218.0,407135,258961,2183.0,0.0381392422475875,0.35106011897231637,0.37204403874433034,0.3363591397654905,-2208.0,FG
2022-01-28,2228.0,2270.0,2193.0,2240.0,370375,225977,2231.0,0.009869976938773221,0.33949682392193925,0.3669743305324954,0.3386495503070552,-32984.0,FG
2022-02-07,2266.0,2377.0,2265.0,2343.0,274283,253125,2333.0,0.04495629365871002,0.3367179162567593,0.37576493107192427,0.34643351675053163,27148.0,FG
2022-02-08,2345.0,2355.0,2309.0,2324.0,296731,258297,2332.0,-0.008142320535993805,0.34222187131692544,0.3753566122690588,0.3465377621346739,5172.0,FG
2022-02-09,2328.0,2337.0,2240.0,2274.0,415526,267883,2284.0,-0.021749443661320447,0.36654708934536806,0.3793954806663992,0.3544516090435321,9586.0,FG
2022-02-10,2276.0,2430.0,2258.0,2359.0,555441,274882,2345.0,0.0366974050971936,0.36234470715427286,0.3671565770113862,0.37482466194826697,6999.0,FG
2022-02-11,2374.0,2404.0,2160.0,2169.0,735324,275061,2296.0,-0.08397156858080065,0.49574526953922604,0.39482983529325044,0.43416424885246424,179.0,FG
2022-02-14,2207.0,2290.0,2137.0,2243.0,737897,256194,2219.0,0.03354802369333404,0.5019557420451076,0.39939881026007445,0.4536374028428711,-18867.0,FG
2022-02-15,2217.0,2217.0,2118.0,2178.0,618161,231830,2167.0,-0.029407231027302586,0.5185718668378444,0.4037282793497484,0.4565761482281592,-24364.0,FG
2022-02-16,2182.0,2237.0,2173.0,2182.0,567541,244509,2205.0,0.00183486290011044,0.515768059260797,0.40364211262644184,0.4563086497068274,12679.0,FG
2022-02-17,2176.0,2176.0,2073.0,2075.0,657314,240072,2108.0,-0.050280733728217425,0.5495582940911925,0.41552278453400887,0.4600155995070427,-4437.0,FG
2022-02-18,2060.0,2103.0,2034.0,2053.0,503534,227601,2065.0,-0.010659015645865072,0.5043446479606535,0.41648467146032647,0.4469494772021891,-12471.0,FG
2022-02-21,2056.0,2075.0,1993.0,2053.0,626789,234118,2034.0,0.0,0.5043446479606535,0.4128419364825661,0.4504333270084747,6517.0,FG
2022-02-22,2040.0,2084.0,2003.0,2005.0,638668,254124,2049.0,-0.02365807727826404,0.5097783243841738,0.41634167051513427,0.45405814664674965,20006.0,FG
2022-02-23,2002.0,2041.0,2000.0,2023.0,453225,260790,2024.0,0.008937497427075836,0.5038713733477755,0.41513921042450286,0.4511594703244213,6666.0,FG
2022-02-24,2014.0,2029.0,1962.0,1970.0,613901,266037,1990.0,-0.02654801543571128,0.510926722046759,0.41268400145610007,0.45371943698624734,5247.0,FG
2022-02-25,1965.0,1990.0,1823.0,1891.0,883502,255790,1907.0,-0.04092775307357667,0.5110342030493247,0.4212518156371768,0.48101314706192855,-10247.0,FG
2022-02-28,1898.0,1934.0,1875.0,1897.0,565123,245489,1907.0,0.003167901276556657,0.5077028405423786,0.42127710820486175,0.4796634029364906,-10301.0,FG
2022-03-01,1900.0,1959.0,1862.0,1933.0,581781,243129,1910.0,0.01879950927331672,0.5150782358165815,0.418559470733942,0.48426125984057317,-2360.0,FG
2022-03-02,1941.0,1988.0,1908.0,1925.0,620450,257680,1944.0,-0.004147232486446257,0.5131150922447744,0.4173749285206899,0.4892768745113443,14551.0,FG
2022-03-03,1926.0,1953.0,1893.0,1910.0,632421,280135,1920.0,-0.007822725681209045,0.4871357507785478,0.4057207673414697,0.4857895749479307,22455.0,FG
2022-03-04,1910.0,1949.0,1879.0,1936.0,609119,274109,1923.0,0.013520746795846684,0.48901353354123056,0.4061649402763073,0.48647103095376226,-6026.0,FG
2022-03-07,1943.0,2015.0,1928.0,1972.0,698386,278404,1967.0,0.018424267326058504,0.45984000674039033,0.4078395356782169,0.48470015676941025,4295.0,FG
2022-03-08,1963.0,1979.0,1826.0,1937.0,885495,251958,1927.0,-0.017907871755584902,0.46100147020746246,0.409166751840158,0.5122200745976588,-26446.0,FG
2022-03-09,1927.0,1950.0,1877.0,1878.0,598708,258303,1917.0,-0.030933003638787666,0.4654372096029006,0.41052912126815666,0.5107157489571066,6345.0,FG
2022-03-10,1883.0,2019.0,1873.0,2005.0,764814,241325,1974.0,0.06543667997246135,0.5118060894235802,0.4256121759229117,0.5117953332107451,-16978.0,FG
2022-03-11,2005.0,2048.0,1973.0,2004.0,657041,226909,2014.0,-0.0004988775359140897,0.4271341109200031,0.4254510639947103,0.4653686972881951,-14416.0,FG
2022-03-14,1986.0,2022.0,1896.0,1903.0,651803,216606,1959.0,-0.051713594908605984,0.4349298137461427,0.43574822815457254,0.46224924450132876,-10303.0,FG
2022-03-15,1897.0,1930.0,1875.0,1885.0,486692,205879,1906.0,-0.009503767414038338,0.4278060164808873,0.43273569971193165,0.4561075966613459,-10727.0,FG
2022-03-16,1875.0,1942.0,1862.0,1928.0,436884,196366,1905.0,0.022555375288379864,0.439686590409233,0.4350107066044707,0.4606667133279952,-9513.0,FG
2022-03-17,1934.0,1940.0,1892.0,1918.0,353248,201744,1916.0,-0.005200219727107375,0.4079446982126672,0.43054117081612275,0.4521531169503774,5378.0,FG
2022-03-18,1920.0,1929.0,1885.0,1916.0,368174,211127,1908.0,-0.0010432969125776746,0.4072749638663669,0.4297525767335433,0.4492495893137996,9383.0,FG
2022-03-21,1912.0,1922.0,1840.0,1857.0,467680,239994,1880.0,-0.03127739717810003,0.41863959678501794,0.4343705449905738,0.45062891666652066,28867.0,FG
2022-03-22,1841.0,1887.0,1835.0,1861.0,291796,218430,1866.0,0.002151695289544901,0.41343053497945614,0.43134515127210205,0.44665594322786634,-21564.0,FG
2022-03-23,1864.0,1901.0,1855.0,1899.0,275996,195831,1878.0,0.020213454170035144,0.4198476017332253,0.43019229113783575,0.44760490209535736,-22599.0,FG
2022-03-24,1985.0,2019.0,1971.0,1975.0,523304,329654,1997.0,0.03924096652293645,0.4357610091650512,0.4356802935306825,0.4448335728255325,133823.0,FG
2022-03-25,1979.0,2108.0,1979.0,2085.0,793444,381675,2046.0,0.054200456897679654,0.44747078781882854,0.4487172473430367,0.4256971093707646,52021.0,FG
2022-03-28,2060.0,2090.0,2035.0,2056.0,715762,417272,2068.0,-0.014006507657846076,0.4524293669363253,0.4452189032027805,0.4243782600723954,35597.0,FG
2022-03-29,2056.0,2076.0,2022.0,2069.0,682681,457972,2053.0,0.006303051170487282,0.44920541517153423,0.4445829095593356,0.41424845809157446,40700.0,FG
2022-03-30,2050.0,2138.0,2032.0,2125.0,904793,497305,2082.0,0.026706403612974095,0.4555845412325379,0.44539073671369567,0.41911045788410967,39333.0,FG
2022-03-31,2145.0,2162.0,2085.0,2111.0,1000316,504917,2125.0,-0.00661003351019662,0.455157431667908,0.4457790409506861,0.42094303883193585,7612.0,FG
2022-04-01,2130.0,2136.0,2065.0,2120.0,1026867,503947,2107.0,0.00425431981773751,0.4540534351633886,0.44460151942498016,0.41989696307170266,-970.0,FG
2022-04-06,2088.0,2132.0,2034.0,2039.0,885167,568926,2095.0,-0.03895659709160298,0.4757682324713873,0.45075473178207875,0.4213241672971589,64979.0,FG
2022-04-07,2042.0,2047.0,1988.0,2014.0,1015687,552455,2019.0,-0.012336697295947545,0.4731521896334601,0.45176558354977586,0.39010356997271833,-16471.0,FG
2022-04-08,2013.0,2043.0,2001.0,2040.0,708167,531600,2024.0,0.012827013559754399,0.45819576230290004,0.45122664675498686,0.3841391329097228,-20855.0,FG
2022-04-11,2040.0,2046.0,1993.0,2027.0,666066,531015,2019.0,-0.006392940386262016,0.3982026510052406,0.4444123990017424,0.3539312605192249,-585.0,FG
2022-04-12,2027.0,2084.0,2003.0,2075.0,963692,544919,2049.0,0.023404286212798615,0.4062638711516049,0.4437943135272365,0.355073619943807,13904.0,FG
2022-04-13,2074.0,2077.0,2013.0,2019.0,757898,563047,2049.0,-0.027358814351961167,0.3717593808990203,0.44587168356582746,0.334409987037366,18128.0,FG
2022-04-14,2022.0,2045.0,2004.0,2020.0,846597,586778,2025.0,0.0004951720824129466,0.36901973664606147,0.4449063228289908,0.33152799950330814,23731.0,FG
2022-04-15,2020.0,2036.0,1980.0,1992.0,832257,633196,2012.0,-0.013958352250706914,0.36673049351060044,0.44388983308300184,0.32471439965680043,46418.0,FG
2022-04-18,1992.0,2050.0,1983.0,2031.0,807573,605623,2019.0,0.019389123435841163,0.37098199230506784,0.44493347087319113,0.32800554185825237,-27573.0,FG
2022-04-19,2031.0,2091.0,2026.0,2081.0,1011797,614275,2064.0,0.024320264813249833,0.37823564341398763,0.42879602324282345,0.3311846606321269,8652.0,FG
2022-04-20,2081.0,2115.0,2052.0,2066.0,1272060,619640,2088.0,-0.007234176714050563,0.35761017702050624,0.42905767452983057,0.32440004393759286,5365.0,FG
2022-04-21,2065.0,2092.0,2053.0,2069.0,867535,626560,2072.0,0.0014510280659591694,0.35770075054030626,0.4287321766250412,0.3214211300206301,6920.0,FG
2022-04-22,2062.0,2068.0,2013.0,2016.0,864891,632393,2039.0,-0.025950048554283747,0.3694156758740198,0.42945739047192494,0.3223077349111073,5833.0,FG
2022-04-25,2005.0,2029.0,1875.0,1875.0,1390904,627356,1938.0,-0.07250669078674801,0.4312263624505743,0.4536400480320083,0.3596699781833796,-5037.0,FG
2022-04-26,1875.0,1889.0,1804.0,1834.0,1451827,629788,1844.0,-0.022109285588101067,0.38037616531710894,0.4505832364855001,0.34776618369182744,2432.0,FG
2022-04-27,1834.0,1862.0,1818.0,1838.0,1130169,642024,1841.0,0.0021786500992221724,0.3804293027700018,0.44826574420053233,0.3468620224996147,12236.0,FG
2022-04-28,1836.0,1872.0,1800.0,1868.0,1108127,620774,1840.0,0.01619031587315564,0.38606553245215586,0.4497500200455965,0.3523020292223447,-21250.0,FG
2022-04-29,1862.0,1885.0,1824.0,1882.0,935674,585222,1851.0,0.00746670135653707,0.3708973555676318,0.4497449872217503,0.34254607778447116,-35552.0,FG
2022-05-05,1861.0,1922.0,1858.0,1885.0,758731,623691,1887.0,0.0015927797367861123,0.3718732961973797,0.4420094215526929,0.3414370264070851,38469.0,FG
2022-05-06,1895.0,1899.0,1841.0,1855.0,839975,638375,1878.0,-0.016043124840575577,0.37167593775401314,0.44204899964054245,0.34024253848426167,14684.0,FG
2022-05-09,1860.0,1862.0,1809.0,1825.0,953086,664607,1834.0,-0.016304709024943582,0.3539980987775598,0.4313618770872987,0.3309705827276571,26232.0,FG
2022-05-10,1815.0,1830.0,1724.0,1791.0,1567171,610684,1778.0,-0.01880586395588007,0.3563624303285251,0.4323266867310509,0.3489081835237514,-53923.0,FG
2022-05-11,1798.0,1828.0,1778.0,1815.0,801740,624687,1804.0,0.013311344638239287,0.3567006939373381,0.4322685073897038,0.3510828880773743,14003.0,FG
2022-05-12,1802.0,1817.0,1759.0,1772.0,1003312,656895,1788.0,-0.023976615533924845,0.3624287212856232,0.4259032199543349,0.3534097992564296,32208.0,FG
2022-05-13,1768.0,1793.0,1754.0,1778.0,824175,651127,1776.0,0.003380284908823691,0.34711872091526286,0.39313514846197456,0.3464008138284404,-5768.0,FG
2022-05-16,1779.0,1815.0,1757.0,1807.0,865733,667442,1790.0,0.01617887451837867,0.34883937427197825,0.38779695824159655,0.3468898900140117,16315.0,FG
2022-05-17,1815.0,1822.0,1786.0,1791.0,708798,677628,1803.0,-0.008893888531516729,0.34827863371484413,0.384257528998573,0.34681246332988974,10186.0,FG
2022-05-18,1788.0,1804.0,1761.0,1766.0,760280,690530,1787.0,-0.014057020896806492,0.3483084130735594,0.38473356217372245,0.34553700040945823,12902.0,FG
2022-05-19,1771.0,1810.0,1744.0,1809.0,873013,678749,1785.0,0.024057104231389747,0.353146653710446,0.376284990616206,0.3473304784265951,-11781.0,FG
2022-05-20,1804.0,1841.0,1793.0,1816.0,1079625,700024,1814.0,0.0038620737659435626,0.33724612361070566,0.3760833116245345,0.34538261887899147,21275.0,FG
2022-05-23,1814.0,1829.0,1768.0,1771.0,1003760,759986,1795.0,-0.02509192137840512,0.34339515952241323,0.37898189229608725,0.3469204329057567,59962.0,FG
2022-05-24,1770.0,1782.0,1745.0,1751.0,830186,802247,1763.0,-0.01135730549698164,0.3418848707642446,0.37689286831667584,0.34747945608550906,42261.0,FG
2022-05-25,1760.0,1781.0,1751.0,1776.0,831502,777304,1766.0,0.014176591266263605,0.3441230313606567,0.3777031298366892,0.344626130602698,-24943.0,FG
2022-05-26,1770.0,1778.0,1737.0,1761.0,962894,788952,1758.0,-0.00848181505590923,0.24119380110570787,0.3745494512575794,0.3051731099641988,11648.0,FG
2022-05-27,1761.0,1778.0,1747.0,1748.0,833851,823321,1762.0,-0.007409552280725376,0.23137864249697349,0.36588759560414696,0.29149360875978236,34369.0,FG
2022-05-30,1755.0,1802.0,1731.0,1762.0,1267465,873866,1769.0,0.007977250280643968,0.2337846400500373,0.3662685304543348,0.29945823375032116,50545.0,FG
2022-05-31,1752.0,1776.0,1743.0,1775.0,990914,928244,1759.0,0.007350895413391311,0.2266598026446128,0.364356171090253,0.29038952288891307,54378.0,FG
2022-06-01,1774.0,1803.0,1756.0,1780.0,1149951,960469,1779.0,0.0028129413766146577,0.22454008490491104,0.3644125087459779,0.2873894805902279,32225.0,FG
2022-06-02,1780.0,1787.0,1755.0,1780.0,943971,963106,1774.0,0.0,0.2242017403618492,0.3641694410719057,0.2808809162868762,2637.0,FG
2022-06-06,1785.0,1816.0,1764.0,1799.0,1099060,1008058,1795.0,0.01061759066440233,0.22339674644372706,0.36372097027630024,0.27993140519741444,44952.0,FG
2022-06-07,1798.0,1840.0,1795.0,1830.0,1290948,1021472,1825.0,0.01708501188493346,0.22552647434830841,0.3634245809559078,0.2781477230824969,13414.0,FG
2022-06-08,1827.0,1858.0,1818.0,1842.0,1131477,1021088,1835.0,0.006535970979785449,0.2150746804435742,0.3620985954790296,0.2518927745770614,-384.0,FG
2022-06-09,1840.0,1856.0,1780.0,1784.0,1490366,1063249,1821.0,-0.03199390367529748,0.2402448837777461,0.3624784899797372,0.260506311084583,42161.0,FG
2022-06-10,1779.0,1793.0,1756.0,1764.0,1120781,1076598,1773.0,-0.011274076573218108,0.2280518211451023,0.3358770660002399,0.25510572081328464,13349.0,FG
2022-06-13,1760.0,1775.0,1751.0,1763.0,774993,1094962,1763.0,-0.0005670541688663666,0.22765712152172296,0.3358756881893589,0.25245612675413365,18364.0,FG
2022-06-14,1759.0,1769.0,1676.0,1687.0,1576114,1127307,1715.0,-0.04406509985190196,0.2662206311324638,0.3314252300029319,0.2685653132811671,32345.0,FG
2022-06-15,1696.0,1704.0,1671.0,1689.0,1068309,1100115,1690.0,0.0011848342618317686,0.26588632724178785,0.331118908750923,0.2684325751221001,-27192.0,FG
2022-06-16,1690.0,1709.0,1681.0,1687.0,798810,1095639,1693.0,-0.0011848342618317861,0.26267499346972284,0.3272339136703465,0.26582417542376247,-4476.0,FG
2022-06-17,1681.0,1707.0,1660.0,1702.0,1207513,1049646,1689.0,0.008852226587351113,0.24768220901969917,0.3279490492295729,0.2606841236480918,-45993.0,FG
2022-06-20,1705.0,1732.0,1696.0,1713.0,1348837,1006887,1715.0,0.006442189190800379,0.24879490004107,0.3283963862167856,0.2584542337522959,-42759.0,FG
2022-06-21,1706.0,1713.0,1623.0,1653.0,1905088,979352,1662.0,-0.035654400503095755,0.2635460524126432,0.3301741293893032,0.2733919344111038,-27535.0,FG
2022-06-22,1658.0,1668.0,1615.0,1622.0,1025114,996431,1642.0,-0.018931863145665973,0.26786253130234705,0.3318676166964884,0.27831486878080536,17079.0,FG
2022-06-23,1622.0,1664.0,1608.0,1657.0,1188423,931820,1637.0,0.02134878275120472,0.2753021062977617,0.3322017606302343,0.2853796480663677,-64611.0,FG
2022-06-24,1662.0,1668.0,1633.0,1643.0,837227,912142,1647.0,-0.008484899389294842,0.2753028456558938,0.32102724074389277,0.28463176055033657,-19678.0,FG
2022-06-27,1649.0,1666.0,1635.0,1645.0,867548,926880,1651.0,0.0012165451622042649,0.2753670477859911,0.29839797528963513,0.2849753861016053,14738.0,FG
2022-06-28,1646.0,1666.0,1620.0,1656.0,1059748,956501,1644.0,0.006664671745732697,0.2747146002980657,0.29842946879205196,0.27831708125353594,29621.0,FG
2022-06-29,1653.0,1703.0,1649.0,1664.0,1351019,949888,1670.0,0.004819286435948922,0.2735906146181123,0.2982360179627031,0.28382286325253214,-6613.0,FG
2022-06-30,1672.0,1679.0,1641.0,1644.0,796443,973672,1666.0,-0.012092045765028633,0.27433376448220215,0.2919623957422369,0.2824407060598671,23784.0,FG
2022-07-01,1644.0,1644.0,1604.0,1616.0,1078585,981864,1627.0,-0.017178336535084517,0.2777610275513466,0.2931148806449527,0.28466842748020244,8192.0,FG
2022-07-04,1626.0,1634.0,1582.0,1596.0,930731,970296,1604.0,-0.012453461071286625,0.27280773783730355,0.2929957527081262,0.2862628404807592,-11568.0,FG
2022-07-05,1596.0,1613.0,1588.0,1591.0,687125,959544,1598.0,-0.003137749671967249,0.25934128322652783,0.2842594212262188,0.28334151625980813,-10752.0,FG
2022-07-06,1584.0,1586.0,1543.0,1585.0,1168732,882845,1565.0,-0.003778342026405895,0.2547828296116849,0.28374944529755897,0.2855750907997072,-76699.0,FG
2022-07-07,1585.0,1596.0,1558.0,1561.0,855686,895688,1581.0,-0.015257765795948897,0.2400701788899004,0.2824838347979786,0.2762063910848822,12843.0,FG
2022-07-08,1569.0,1580.0,1533.0,1541.0,830729,889843,1563.0,-0.01289508519531632,0.24054658107004062,0.28298368181429995,0.2800734232101388,-5845.0,FG
2022-07-11,1542.0,1554.0,1507.0,1530.0,928201,830817,1529.0,-0.007163820933634585,0.23944090604276208,0.2769957946492266,0.28610816932017313,-59026.0,FG
2022-07-12,1530.0,1567.0,1522.0,1543.0,923108,804354,1546.0,0.008460837976679663,0.2017581555996156,0.27442537439003956,0.2693266668958389,-26463.0,FG
2022-07-13,1537.0,1572.0,1525.0,1559.0,969309,798523,1550.0,0.010316016694615722,0.20761812292427498,0.27590819186264076,0.27380032022340184,-5831.0,FG
2022-07-14,1551.0,1568.0,1521.0,1528.0,834064,824412,1544.0,-0.02008489933131074,0.2148673364267802,0.2770961455560375,0.27912688153404136,25889.0,FG
2022-07-15,1520.0,1558.0,1514.0,1528.0,823888,783867,1536.0,0.0,0.20960036596502782,0.2728306290888714,0.27945923833861347,-40545.0,FG
2022-07-18,1532.0,1568.0,1529.0,1547.0,848688,784392,1545.0,0.012357880846600396,0.21496997502402312,0.2684892814812905,0.28101337451256325,525.0,FG
2022-07-19,1547.0,1563.0,1491.0,1493.0,1130167,846674,1531.0,-0.03553005303387572,0.21473772036082675,0.2756305016578484,0.2754335272615838,62282.0,FG
2022-07-20,1491.0,1498.0,1461.0,1473.0,1038750,838005,1478.0,-0.01348638107656008,0.21094884785554105,0.2757405701274485,0.27199781210834467,-8669.0,FG
2022-07-21,1475.0,1479.0,1413.0,1422.0,956789,840682,1445.0,-0.03523680609944408,0.2134450852641847,0.2792648382914989,0.279454811006388,2677.0,FG
2022-07-22,1415.0,1432.0,1397.0,1406.0,898359,814066,1416.0,-0.011315537992575984,0.2138255363169004,0.24291437562468887,0.2807633475595792,-26616.0,FG
2022-07-25,1409.0,1452.0,1407.0,1442.0,876326,723916,1434.0,0.025282245474284166,0.24220644121444207,0.24781606329615943,0.2858425006367341,-90150.0,FG
2022-07-26,1443.0,1461.0,1431.0,1448.0,645482,695780,1444.0,0.004152255100767288,0.24055522012176356,0.24805745752831723,0.2830409858102845,-28136.0,FG
2022-07-27,1454.0,1458.0,1432.0,1454.0,483543,658194,1447.0,0.004135085147803017,0.24013549873284493,0.24510793211463966,0.27729204482449366,-37586.0,FG
2022-07-28,1454.0,1481.0,1447.0,1477.0,558935,629220,1465.0,0.015694624437915108,0.251806678498525,0.24732931260569402,0.2774166817395246,-28974.0,FG
2022-07-29,1470.0,1534.0,1460.0,1494.0,1210317,611427,1500.0,0.01144408316138276,0.25444503174931,0.24909095513385077,0.2919685791126541,-17793.0,FG
2022-08-01,1498.0,1523.0,1467.0,1474.0,805593,609988,1496.0,-0.013477292943480759,0.25492187654120335,0.24861443386270496,0.29471578519987657,-1439.0,FG
2022-08-02,1472.0,1525.0,1472.0,1523.0,827967,553844,1504.0,0.0327022801458798,0.28606318565506744,0.25813943706245723,0.30232153813637713,-56144.0,FG
2022-08-03,1531.0,1558.0,1516.0,1538.0,882822,499257,1539.0,0.009800797170427514,0.28908016127991537,0.2573277022806066,0.3022565908860952,-54587.0,FG
2022-08-04,1545.0,1555.0,1531.0,1550.0,647043,477748,1543.0,0.0077720598477031095,0.2861157287922265,0.25612764195394316,0.2997195538702733,-21509.0,FG
2022-08-05,1557.0,1573.0,1525.0,1550.0,687575,441515,1548.0,0.0,0.2822850749196135,0.2523080331434146,0.3000837977109767,-36233.0,FG
2022-08-08,1545.0,1595.0,1541.0,1570.0,744263,399442,1572.0,0.012820688429061469,0.2841768488939585,0.25392832822609784,0.3019042614155893,-42073.0,FG
2022-08-09,1562.0,1592.0,1551.0,1577.0,479185,352735,1573.0,0.004448688620684752,0.283197143592204,0.2514726097256718,0.3006453374767239,-46707.0,FG
2022-08-10,1583.0,1591.0,1555.0,1569.0,410478,317960,1571.0,-0.0050858342300057376,0.2818267806657932,0.25116747672124695,0.29764955508049984,-34775.0,FG
2022-08-11,1562.0,1594.0,1521.0,1591.0,1099859,661036,1555.0,0.013924275604754371,0.27499539247257915,0.2520656281264109,0.30712772139764466,343076.0,FG
2022-08-12,1599.0,1602.0,1553.0,1570.0,872609,705705,1577.0,-0.013287129995433127,0.2802421863436107,0.2473538803176095,0.308184976938473,44669.0,FG
2022-08-15,1562.0,1585.0,1526.0,1529.0,987571,770145,1554.0,-0.026461692413291434,0.29348475189476225,0.25182522312520955,0.3140153420676555,64440.0,FG
2022-08-16,1511.0,1533.0,1509.0,1517.0,724721,829339,1521.0,-0.007879226580530106,0.2650710293743389,0.24780734414760597,0.29950151009536347,59194.0,FG
2022-08-17,1515.0,1522.0,1467.0,1483.0,1045276,857654,1492.0,-0.022667637210600177,0.2734364039327556,0.2505649346764921,0.30494030387308024,28315.0,FG
2022-08-18,1480.0,1502.0,1458.0,1461.0,861513,883730,1484.0,-0.014945930387232626,0.2468155390795997,0.2492679642806276,0.2959363596916981,26076.0,FG
2022-08-19,1463.0,1471.0,1432.0,1440.0,1019579,924616,1451.0,-0.014478019180653225,0.24919315649865764,0.2500999382037013,0.2967708108564489,40886.0,FG
2022-08-22,1445.0,1492.0,1442.0,1486.0,940027,870062,1472.0,0.03144483270765828,0.2578338671850433,0.25981694665644356,0.29806506167761976,-54554.0,FG
2022-08-23,1486.0,1491.0,1459.0,1468.0,926584,918732,1472.0,-0.012187016103243565,0.26206154809540044,0.2595637511117061,0.29836924950736937,48670.0,FG
2022-08-24,1464.0,1483.0,1462.0,1473.0,708024,905620,1473.0,0.0034002072881694576,0.2619471354892206,0.2590181453605524,0.29745843436985464,-13112.0,FG
2022-08-25,1470.0,1490.0,1452.0,1458.0,1030241,979193,1470.0,-0.010235503894026863,0.25836859433991655,0.2591236206992478,0.29842688284552693,73573.0,FG
2022-08-26,1458.0,1472.0,1443.0,1469.0,748102,960878,1459.0,0.0075162636052738315,0.2563149640037897,0.25998516702813174,0.28252888567819284,-18315.0,FG
2022-08-29,1466.0,1480.0,1448.0,1457.0,799827,967619,1466.0,-0.008202369978672441,0.2535576120232091,0.2585811573167443,0.2750443712189376,6741.0,FG
2022-08-30,1460.0,1462.0,1415.0,1423.0,870810,1050074,1436.0,-0.02361220810535249,0.23368771381790082,0.2581875673258957,0.2735363383451661,82455.0,FG
2022-08-31,1418.0,1473.0,1418.0,1460.0,1091293,931661,1449.0,0.02566911661252969,0.2515317041752037,0.2644346977198801,0.2792558175474739,-118413.0,FG
2022-09-01,1460.0,1470.0,1434.0,1440.0,802397,954006,1451.0,-0.013793322132335873,0.2513840758743588,0.25878296887638075,0.2822493727368978,22345.0,FG
2022-09-02,1436.0,1440.0,1402.0,1429.0,1025472,956262,1423.0,-0.0076682146401788704,0.25136874759370487,0.2584325564590777,0.2802843158894986,2256.0,FG
2022-09-05,1432.0,1467.0,1428.0,1460.0,868179,913356,1447.0,0.021461536772514764,0.26068941823075215,0.2633604451098046,0.2765579410513949,-42906.0,FG
2022-09-06,1461.0,1479.0,1448.0,1473.0,1006898,913482,1461.0,0.008864701760248249,0.26294827734048853,0.25035173235029373,0.27466011404709306,126.0,FG
2022-09-07,1466.0,1477.0,1456.0,1465.0,789861,877383,1465.0,-0.005445895011462639,0.26298153001847446,0.25033090544000514,0.27203138229899104,-36099.0,FG
2022-09-08,1473.0,1499.0,1469.0,1487.0,1022668,893656,1488.0,0.014905425008987307,0.26385484497487,0.25279653748485814,0.25677997414279724,16273.0,FG
2022-09-09,1486.0,1517.0,1482.0,1515.0,1009602,846157,1497.0,0.018654771483314403,0.2721127172228536,0.2553753246343985,0.2530648414516888,-47499.0,FG
2022-09-13,1525.0,1536.0,1506.0,1513.0,596798,875942,1518.0,-0.0013210041551136365,0.2561614024146759,0.25478661625084875,0.24353257288317223,29785.0,FG
2022-09-14,1515.0,1524.0,1487.0,1501.0,758824,835943,1503.0,-0.007962882154893925,0.25619316828048344,0.245417468080404,0.24679739454444954,-39999.0,FG
2022-09-15,1509.0,1520.0,1486.0,1497.0,834460,854164,1506.0,-0.002668447213833641,0.24286560314080688,0.2427840503375812,0.23897456612537035,18221.0,FG
2022-09-16,1494.0,1501.0,1474.0,1484.0,696546,837906,1486.0,-0.008721960692302645,0.23862732713316426,0.23860160865522945,0.23368551536296236,-16258.0,FG
2022-09-19,1486.0,1517.0,1484.0,1496.0,772225,826400,1503.0,0.008053734807096823,0.23289762480720705,0.23903718648147557,0.23137536828804464,-11506.0,FG
2022-09-20,1493.0,1507.0,1480.0,1485.0,690380,838963,1496.0,-0.007380107297622534,0.207135309213983,0.23925774205672232,0.22309154119115604,12563.0,FG
2022-09-21,1485.0,1487.0,1467.0,1479.0,677107,831709,1478.0,-0.0040485885260002205,0.20280554031152007,0.23866832173135719,0.22016896261003277,-7254.0,FG
2022-09-22,1485.0,1515.0,1475.0,1509.0,982575,818126,1496.0,0.020080996057049126,0.21432901881797414,0.2424872042144166,0.2253557879926652,-13583.0,FG
2022-09-23,1518.0,1524.0,1500.0,1509.0,735484,812974,1513.0,0.0,0.21015307839891964,0.24153084133782265,0.22116111649983491,-5152.0,FG
2022-09-26,1499.0,1518.0,1485.0,1514.0,989105,794602,1502.0,0.0033079752295451193,0.20914990174843465,0.2394815357282084,0.2220476494614155,-18372.0,FG
2022-09-27,1513.0,1540.0,1510.0,1536.0,781900,800279,1522.0,0.014426479710223344,0.21062196043610087,0.24035939054626204,0.22112404388016166,5677.0,FG
2022-09-28,1540.0,1548.0,1528.0,1534.0,687912,791950,1540.0,-0.0013029317804160172,0.1875380931468329,0.2403077290626065,0.21176533763982494,-8329.0,FG
2022-09-29,1540.0,1542.0,1493.0,1512.0,914234,735704,1515.0,-0.014445425187723201,0.17931061617760718,0.241885314616849,0.20740651651193304,-56246.0,FG
2022-09-30,1513.0,1521.0,1495.0,1506.0,550271,697316,1507.0,-0.003976148379639406,0.17129355939216742,0.24011497721096192,0.20392660620014305,-38388.0,FG
2022-10-10,1522.0,1563.0,1515.0,1554.0,696010,759663,1545.0,0.031375122567753835,0.19548729813115137,0.24740184096862752,0.20675572984390714,62347.0,FG
2022-10-11,1559.0,1564.0,1530.0,1532.0,710007,778762,1547.0,-0.014258180627056187,0.19476034200710024,0.2487096656096776,0.20408981147512004,19099.0,FG
2022-10-12,1537.0,1544.0,1518.0,1537.0,688363,776352,1533.0,0.0032583932380592963,0.1933176755718251,0.2481878412109669,0.20231151712630663,-2410.0,FG
2022-10-13,1534.0,1548.0,1503.0,1510.0,840786,806984,1523.0,-0.017722813729625874,0.20421127418206486,0.24981241987536948,0.20959261952592806,30632.0,FG
2022-10-14,1505.0,1532.0,1500.0,1526.0,573258,799280,1519.0,0.010540282035432268,0.20100242833921622,0.24746628739308818,0.2099889896775156,-7704.0,FG
2022-10-17,1525.0,1533.0,1483.0,1493.0,767793,809736,1506.0,-0.021862414305211877,0.20594227447352717,0.25144987666812424,0.2158615009932037,10456.0,FG
2022-10-18,1493.0,1496.0,1473.0,1487.0,653130,776546,1485.0,-0.0040268510790352685,0.20626614952653552,0.25015207135913325,0.2142998656715183,-33190.0,FG
2022-10-19,1487.0,1490.0,1454.0,1460.0,573734,806393,1474.0,-0.018324231757773,0.21406212312071887,0.24233237821692064,0.2142379351646448,29847.0,FG
2022-10-20,1460.0,1472.0,1454.0,1460.0,490713,794166,1464.0,0.0,0.2140594693831622,0.24079872065570868,0.21041171470365247,-12227.0,FG
2022-10-21,1458.0,1472.0,1448.0,1458.0,622765,780950,1461.0,-0.0013708021337787146,0.21225396636831673,0.22954789935632006,0.2097759395671515,-13216.0,FG
2022-10-24,1458.0,1475.0,1429.0,1432.0,744056,822605,1453.0,-0.017993565048012528,0.2177297766170148,0.23139149101933465,0.21529231993799072,41655.0,FG
2022-10-25,1435.0,1438.0,1405.0,1407.0,724670,867893,1416.0,-0.01761229040620191,0.2238605462815168,0.22831782891258032,0.21750214660136152,45288.0,FG
2022-10-26,1405.0,1415.0,1395.0,1403.0,557759,874135,1408.0,-0.0028469770119281513,0.22380544498429122,0.2281722347782272,0.21770182563886345,6242.0,FG
2022-10-27,1405.0,1411.0,1382.0,1385.0,603412,904839,1399.0,-0.01291266148102203,0.20969160675070755,0.2293470850833631,0.21473369505075535,30704.0,FG
2022-10-28,1385.0,1403.0,1385.0,1399.0,672991,832301,1396.0,0.010057556044042223,0.2153363523731726,0.22791230354452818,0.21383714193790168,-72538.0,FG
2022-10-31,1396.0,1407.0,1339.0,1346.0,934925,825812,1371.0,-0.03862046446080802,0.24600610467994985,0.23905751511152135,0.23369121066004084,-6489.0,FG
2022-11-01,1349.0,1364.0,1338.0,1358.0,606736,816600,1352.0,0.008875797913968291,0.24070276140736602,0.23876082521672293,0.23353079216607622,-9212.0,FG
2022-11-02,1362.0,1367.0,1332.0,1354.0,957077,821250,1349.0,-0.0029498546464211237,0.24033577784957016,0.22805605296210235,0.2383425411865562,4650.0,FG
2022-11-03,1354.0,1363.0,1342.0,1355.0,654941,818519,1354.0,0.0007382798415809127,0.23950940715427055,0.226822625126368,0.23063526599156436,-2731.0,FG
2022-11-04,1349.0,1400.0,1349.0,1393.0,920333,761595,1379.0,0.02765824046600449,0.26669682224925567,0.23401255553643396,0.24095787386252365,-56924.0,FG
2022-11-07,1405.0,1410.0,1361.0,1370.0,1013333,807941,1381.0,-0.016648954957635125,0.23532075308482076,0.2359357769676351,0.2435458357403945,46346.0,FG
2022-11-08,1369.0,1391.0,1364.0,1382.0,740173,808966,1377.0,0.00872098550544464,0.23909120191010055,0.23498682768711687,0.24262908883734813,1025.0,FG
2022-11-09,1385.0,1399.0,1372.0,1392.0,733186,789723,1386.0,0.00720983656674975,0.24131793659766088,0.2353814226460696,0.24347654421864934,-19243.0,FG
2022-11-10,1389.0,1400.0,1366.0,1381.0,741859,774464,1380.0,-0.00793368748507282,0.2369450744803115,0.23560721063946416,0.24100268145564416,-15259.0,FG
2022-11-11,1376.0,1408.0,1375.0,1393.0,879029,749599,1392.0,0.008651820370513685,0.2354608982564191,0.23432750117657852,0.24209349590312282,-24865.0,FG
2022-11-14,1396.0,1426.0,1382.0,1394.0,1093125,778231,1403.0,0.0007176175406634169,0.22700985956775188,0.23326490623065818,0.24099918427064038,28632.0,FG
2022-11-15,1394.0,1421.0,1391.0,1415.0,747543,726044,1409.0,0.014952218756868871,0.2360893857539245,0.2301459666356505,0.24300422077216427,-52187.0,FG
2022-11-16,1419.0,1423.0,1404.0,1415.0,555265,712429,1414.0,0.0,0.22868278289248767,0.22975193717106143,0.23910001058496846,-13615.0,FG
2022-11-17,1412.0,1422.0,1366.0,1379.0,1099373,781675,1384.0,-0.025770932284036215,0.24399997427436995,0.23106645999923245,0.2525153347546043,69246.0,FG
2022-11-18,1375.0,1380.0,1350.0,1366.0,772138,785443,1365.0,-0.009471837662566403,0.24503091531052146,0.22995528167218615,0.2544082734620643,3768.0,FG
2022-11-21,1366.0,1383.0,1355.0,1372.0,726534,733107,1371.0,0.004382768155095134,0.24004667952658046,0.2285314429535664,0.24916667166461945,-52336.0,FG
2022-11-22,1372.0,1379.0,1356.0,1364.0,615612,751011,1368.0,-0.0058479698824231,0.23358598468497513,0.21869791451022624,0.24683896979268866,17904.0,FG
2022-11-23,1367.0,1393.0,1363.0,1379.0,690009,704772,1378.0,0.010937039389894394,0.23762919087408446,0.21897108014328887,0.24930481195878904,-46239.0,FG
2022-11-24,1379.0,1396.0,1372.0,1386.0,630241,677574,1385.0,0.0050633019565466345,0.2341080381245939,0.21914030270785687,0.2481216692958987,-27198.0,FG
2022-11-25,1388.0,1434.0,1384.0,1429.0,811411,646779,1406.0,0.030552998180018796,0.25585636422129177,0.22752414360457937,0.2578587681084749,-30795.0,FG
2022-11-28,1431.0,1444.0,1397.0,1408.0,1043216,650452,1417.0,-0.014804641211879707,0.21836399328051975,0.228818807702112,0.24569181484825592,3673.0,FG
2022-11-29,1410.0,1422.0,1403.0,1406.0,595732,662698,1412.0,-0.0014214643473775366,0.21728607540363332,0.22829564433716462,0.2439474332670351,12246.0,FG
2022-11-30,1404.0,1408.0,1376.0,1386.0,656251,681641,1388.0,-0.01432689262076162,0.22413023416444855,0.22509296859601932,0.2426111991005325,18943.0,FG
2022-12-01,1390.0,1406.0,1381.0,1384.0,602000,671287,1392.0,-0.0014440435722336913,0.22431800762268278,0.2184740483141723,0.24336065447807997,-10354.0,FG
2022-12-02,1386.0,1404.0,1384.0,1393.0,502804,656391,1393.0,0.006481837602190746,0.2027335938026971,0.2173173419504029,0.23225875505978005,-14896.0,FG
2022-12-05,1395.0,1411.0,1382.0,1402.0,639608,594137,1398.0,0.00644009381472968,0.19403272454491216,0.21726821354775905,0.22416124281754737,-62254.0,FG
2022-12-06,1406.0,1419.0,1394.0,1413.0,453863,563300,1406.0,0.007815315089992031,0.19359394290466483,0.21321980425147957,0.223473758361766,-30837.0,FG
2022-12-07,1418.0,1422.0,1387.0,1395.0,493739,536461,1407.0,-0.012820688429061434,0.19818705952480972,0.21375864200259984,0.22589444347580426,-26839.0,FG
2022-12-08,1392.0,1406.0,1380.0,1405.0,412924,504522,1392.0,0.007142887512380204,0.1973042976597378,0.21417008643376795,0.2233246680006866,-31939.0,FG
2022-12-09,1416.0,1450.0,1409.0,1440.0,564252,420751,1428.0,0.024605810802200194,0.21302892538826254,0.2180447641857912,0.2259364215928968,-83771.0,FG
2022-12-12,1552.0,1592.0,1534.0,1537.0,1107627,620310,1568.0,0.06518935096854965,0.3094210974825907,0.2532471294184767,0.22984395550043926,199559.0,FG
2022-12-13,1537.0,1567.0,1535.0,1564.0,643931,634932,1554.0,0.017414177566660555,0.31059550102215616,0.2556340116819283,0.229553427889838,14622.0,FG
2022-12-14,1565.0,1579.0,1557.0,1574.0,552613,649351,1569.0,0.006373507872092201,0.310060854857444,0.2552852369564738,0.22971222899794852,14419.0,FG
2022-12-15,1580.0,1639.0,1578.0,1629.0,1130992,713622,1612.0,0.03434617962469665,0.303512174900638,0.2641853694970879,0.2279815496368329,64271.0,FG
2022-12-16,1631.0,1638.0,1558.0,1580.0,1467945,708418,1598.0,-0.03054148258103268,0.3279321012310711,0.271386880621087,0.24718758194480114,-5204.0,FG
2022-12-19,1576.0,1579.0,1539.0,1548.0,1183090,692820,1555.0,-0.02046107187134006,0.3422671638035152,0.2744904346806864,0.24936689887070357,-15598.0,FG
2022-12-20,1550.0,1561.0,1530.0,1549.0,821324,689242,1545.0,0.0006457862671962811,0.3400636862249445,0.2739939685763964,0.25044452228573855,-3578.0,FG
2022-12-21,1551.0,1567.0,1541.0,1563.0,630692,684861,1553.0,0.008997490004607912,0.33978918109237294,0.2743291806402119,0.24869168479015946,-4381.0,FG
2022-12-22,1570.0,1570.0,1538.0,1544.0,723028,674083,1552.0,-0.012230599836755134,0.3460359787784784,0.27269039154928093,0.2498071219374106,-10778.0,FG
2022-12-23,1541.0,1563.0,1527.0,1555.0,721838,654230,1548.0,0.007099094028613054,0.33330306700979356,0.2730330503810581,0.2432552145309143,-19853.0,FG
2022-12-26,1555.0,1586.0,1553.0,1577.0,904318,672014,1573.0,0.014048762349703866,0.3271821935629121,0.27437798943581043,0.2371283898995428,17784.0,FG
2022-12-27,1581.0,1637.0,1573.0,1629.0,996642,729908,1613.0,0.032442021639006835,0.3392121942130001,0.2805965485798726,0.25016915206229623,57894.0,FG
2022-12-28,1633.0,1661.0,1617.0,1656.0,1158971,751544,1639.0,0.01643872634315994,0.330662317992817,0.28231674146258695,0.2518955732440669,21636.0,FG
2022-12-29,1657.0,1664.0,1634.0,1647.0,1001375,756372,1648.0,-0.005449604767564703,0.33260847370515795,0.28078717379893625,0.2519771861253763,4828.0,FG
2022-12-30,1647.0,1663.0,1631.0,1660.0,915865,737429,1647.0,0.007862151172948579,0.332523203207071,0.28086201397388416,0.2535083171512146,-18943.0,FG
2023-01-03,1654.0,1684.0,1631.0,1672.0,794206,771385,1663.0,0.007202912294058016,0.3324638711739878,0.2742686095117628,0.258713328713264,33956.0,FG
2023-01-04,1669.0,1671.0,1638.0,1662.0,894755,775297,1659.0,-0.00599881822925338,0.3365676170344148,0.27280786760478454,0.2594259532430938,3912.0,FG
2023-01-05,1657.0,1687.0,1652.0,1669.0,947310,781722,1670.0,0.004202948246441561,0.327904219988743,0.27284256717859234,0.25784378103625255,6425.0,FG
2023-01-06,1675.0,1694.0,1663.0,1692.0,723710,812376,1677.0,0.013686616504333407,0.3282413717289966,0.27105477778554704,0.2577801745029529,30654.0,FG
2023-01-09,1691.0,1698.0,1666.0,1677.0,789633,776538,1680.0,-0.008904778342959722,0.3290536273449167,0.2713333506721927,0.253718958888845,-35838.0,FG
2023-01-10,1680.0,1686.0,1643.0,1654.0,821678,752972,1666.0,-0.013809886239572243,0.2580716575838623,0.26887305535779976,0.2473314939494464,-23566.0,FG
2023-01-11,1654.0,1684.0,1649.0,1679.0,619716,779469,1664.0,0.015001781493904224,0.2565172030084201,0.2699570601129485,0.24747196829492363,26497.0,FG
2023-01-12,1676.0,1688.0,1663.0,1669.0,591816,796299,1675.0,-0.005973733415705704,0.25843478062842506,0.26717527475342856,0.24770666354567628,16830.0,FG
2023-01-13,1668.0,1689.0,1641.0,1680.0,1153729,792081,1670.0,0.006569148735469491,0.23123325252809118,0.2672794413140948,0.24211675874947425,-4218.0,FG
2023-01-16,1679.0,1680.0,1639.0,1662.0,982814,763201,1662.0,-0.01077209698191107,0.20411556906338915,0.26851845042880795,0.22376042901971688,-28880.0,FG
2023-01-17,1665.0,1677.0,1655.0,1671.0,483187,761252,1665.0,0.005400553180000289,0.18540915763375337,0.265296967158486,0.21883025887208976,-1949.0,FG
2023-01-18,1669.0,1720.0,1669.0,1718.0,906722,811586,1697.0,0.027738573948806876,0.20319103669717464,0.2668228984558717,0.22395815275680023,50334.0,FG
2023-01-19,1723.0,1758.0,1718.0,1731.0,855077,765605,1735.0,0.007538452632008487,0.2028953878847021,0.2666465080697387,0.22645846454488255,-45981.0,FG
2023-01-20,1728.0,1749.0,1723.0,1746.0,441026,720266,1736.0,0.008628181223338189,0.19258656581869626,0.2646456877607774,0.22446137236342267,-45339.0,FG
2023-01-30,1760.0,1762.0,1631.0,1636.0,1215257,794177,1677.0,-0.06507321923685515,0.31684835576521736,0.29935086872855493,0.273575431155571,73911.0,FG
2023-01-31,1640.0,1645.0,1603.0,1608.0,999144,874831,1623.0,-0.01726306742378071,0.32119187040613145,0.28991262133903223,0.27543791563364317,80654.0,FG
2023-02-01,1605.0,1633.0,1588.0,1598.0,1191626,893860,1611.0,-0.0062383234126917025,0.2997236115414299,0.2902481007502876,0.26873013211162217,19029.0,FG
2023-02-02,1596.0,1602.0,1556.0,1563.0,1098975,923765,1583.0,-0.022145795904743422,0.301291834246485,0.29444935145413553,0.2698020407405823,29905.0,FG
2023-02-03,1558.0,1594.0,1557.0,1579.0,941259,901999,1574.0,0.010184683834165542,0.3045964885835031,0.29485557815751634,0.27163874442770447,-21766.0,FG
2023-02-06,1576.0,1587.0,1554.0,1568.0,835064,907626,1571.0,-0.006990813345288928,0.3027202871229551,0.29080818491559224,0.2721696160850618,5627.0,FG
2023-02-07,1568.0,1568.0,1522.0,1540.0,1135923,979415,1544.0,-0.018018505502678365,0.30482484049935604,0.29119296235201264,0.27104053741576195,71789.0,FG
2023-02-08,1535.0,1539.0,1516.0,1531.0,972915,1019076,1529.0,-0.005861299749991118,0.3048140272570118,0.29127743846397275,0.2696135710987796,39661.0,FG
2023-02-09,1533.0,1538.0,1522.0,1529.0,702690,1040868,1529.0,-0.0013071897286214885,0.30345745106083744,0.2911143649207342,0.26683873335771546,21792.0,FG
2023-02-10,1528.0,1545.0,1504.0,1539.0,1247958,1008969,1529.0,0.006518927909817005,0.2988657460754992,0.29061066393898766,0.270048691416806,-31899.0,FG
2023-02-13,1542.0,1543.0,1516.0,1525.0,878761,1040364,1530.0,-0.009138444797367227,0.2989097406019856,0.2911032174904047,0.2696282146828636,31395.0,FG
2023-02-14,1522.0,1534.0,1496.0,1528.0,1044932,1053462,1517.0,0.001965280684953823,0.2978202437464821,0.29109998736757053,0.2693082371706169,13098.0,FG
2023-02-15,1530.0,1546.0,1522.0,1536.0,867005,1029313,1534.0,0.005221943981151625,0.2915680113832176,0.28987389596122537,0.2676598112756822,-24149.0,FG
2023-02-16,1540.0,1553.0,1528.0,1538.0,953705,1037381,1543.0,0.001301236357971734,0.29220184258404874,0.2898600528426232,0.26800264701217846,8068.0,FG
2023-02-17,1540.0,1545.0,1519.0,1526.0,793668,1062344,1532.0,-0.007832938221186947,0.2897169822480892,0.28501011014740274,0.26339427011958905,24963.0,FG
2023-02-20,1520.0,1541.0,1514.0,1536.0,662822,1043087,1527.0,0.006531701863215059,0.2914832768169994,0.2842258658973947,0.2608313801618066,-19257.0,FG
2023-02-21,1535.0,1561.0,1535.0,1556.0,866857,1016030,1552.0,0.012936791030719362,0.2958467028283979,0.28507055718497465,0.26176076936803777,-27057.0,FG
2023-02-22,1552.0,1554.0,1528.0,1544.0,1043089,1077131,1543.0,-0.007741974153615397,0.27208979213602996,0.2853203479867456,0.2563544295497963,61101.0,FG
2023-02-23,1547.0,1560.0,1541.0,1545.0,774094,1049269,1550.0,0.000647458747124359,0.26887016477147985,0.28473722651459454,0.25299474351661627,-27862.0,FG
2023-02-24,1546.0,1548.0,1518.0,1524.0,912851,1137974,1532.0,-0.013685453085254203,0.2647846375411047,0.2864200432087288,0.25440459123147663,88705.0,FG
2023-02-27,1518.0,1530.0,1511.0,1521.0,625658,1138797,1521.0,-0.001970443987298725,0.15203954782723172,0.2801049132284673,0.19625768905013988,823.0,FG
2023-02-28,1520.0,1526.0,1517.0,1520.0,509855,1145469,1521.0,-0.000657678418970823,0.1435673480531331,0.2781961037430935,0.1888360429590695,6672.0,FG
2023-03-01,1521.0,1531.0,1504.0,1528.0,957305,1103120,1518.0,0.005249355886143745,0.14569139515258323,0.2782553015746917,0.18321031225378223,-42349.0,FG
2023-03-02,1530.0,1544.0,1527.0,1539.0,654835,1047013,1536.0,0.007173164112413329,0.1288890532834034,0.2765663758848281,0.1740454840488293,-56107.0,FG
2023-03-03,1545.0,1554.0,1539.0,1548.0,626673,1018502,1546.0,0.005830920310793144,0.12487512062281442,0.2766095779151021,0.16801556771364365,-28511.0,FG
2023-03-06,1548.0,1579.0,1536.0,1578.0,1060087,1006324,1554.0,0.01919444725614716,0.1415292627311902,0.2787175478226793,0.17226540071516608,-12178.0,FG
2023-03-07,1582.0,1596.0,1577.0,1588.0,884729,968548,1587.0,0.006317140401261497,0.12526173050155953,0.2787095074977939,0.1622494536793203,-37776.0,FG
2023-03-08,1595.0,1603.0,1571.0,1584.0,970745,928092,1589.0,-0.002522069432709835,0.12320700811732181,0.2786063104193005,0.16472962082857404,-40456.0,FG
2023-03-09,1584.0,1584.0,1554.0,1572.0,909213,895595,1567.0,-0.007604599385219304,0.1271782449315383,0.2776399651025983,0.16819971096740072,-32497.0,FG
2023-03-10,1575.0,1609.0,1572.0,1587.0,1322635,845778,1593.0,0.009496747537257207,0.12917943271650298,0.277866528883464,0.1657404788686581,-49817.0,FG
2023-03-13,1592.0,1632.0,1584.0,1628.0,1250564,856237,1608.0,0.025506826036076485,0.1481866016385684,0.27818262361081303,0.173443972029935,10459.0,FG
2023-03-14,1616.0,1638.0,1611.0,1620.0,964700,840441,1626.0,-0.004926118336055889,0.1509607342200124,0.24566122738873156,0.1687945161156535,-15796.0,FG
2023-03-15,1627.0,1636.0,1614.0,1621.0,745051,828016,1625.0,0.0006170935092463907,0.15091604898609123,0.24325075755300699,0.16797129618725787,-12425.0,FG
2023-03-16,1611.0,1625.0,1543.0,1549.0,1584197,755779,1582.0,-0.04543368131880751,0.22757271912625757,0.2604186803187988,0.19777369013569485,-72237.0,FG
2023-03-17,1554.0,1570.0,1532.0,1565.0,1065334,697844,1554.0,0.010276262557384853,0.22800431828675652,0.25133930688280276,0.201301657404545,-57935.0,FG
2023-03-20,1565.0,1589.0,1551.0,1555.0,1177916,702220,1572.0,-0.006410278360919054,0.22865878086841854,0.24390281382092702,0.20434060214436406,4376.0,FG
2023-03-21,1565.0,1574.0,1555.0,1568.0,654368,687680,1564.0,0.008325376297018653,0.2259542628496995,0.24086228439918747,0.20285005449450233,-14540.0,FG
2023-03-22,1574.0,1590.0,1564.0,1584.0,855534,659351,1579.0,0.010152371464017908,0.22634335162010916,0.2417146946358196,0.20270720809358309,-28329.0,FG
2023-03-23,1589.0,1625.0,1588.0,1621.0,959472,677274,1609.0,0.023089949361304936,0.23906953020675067,0.24552710101669623,0.20689341770316563,17923.0,FG
2023-03-24,1621.0,1632.0,1596.0,1630.0,889672,653477,1614.0,0.005536772065131893,0.23159367607466866,0.24426599924597336,0.2081378456397669,-23797.0,FG
2023-03-27,1620.0,1651.0,1620.0,1638.0,1012847,645988,1637.0,0.004895970612206687,0.2307843489755924,0.24407053342101434,0.21032643557338346,-7489.0,FG
2023-03-28,1646.0,1677.0,1638.0,1670.0,829234,682803,1658.0,0.01934764099778599,0.2365736855623051,0.24551857162045873,0.21581404598432985,36815.0,FG
2023-03-29,1673.0,1684.0,1652.0,1669.0,836537,633689,1669.0,-0.0005989817489657307,0.2372993274384285,0.2366675198770656,0.21635116188979384,-49114.0,FG
2023-03-30,1675.0,1689.0,1662.0,1677.0,710577,635883,1677.0,0.004781838161373805,0.23708388975342187,0.23450735369316345,0.2177751064215818,2194.0,FG
2023-03-31,1680.0,1681.0,1636.0,1643.0,880297,568743,1658.0,-0.020482643785940755,0.2525853056202866,0.23802596983874477,0.22432419974423892,-67140.0,FG
2023-04-03,1643.0,1673.0,1641.0,1647.0,872855,538120,1657.0,0.002431612140372178,0.24527174606851476,0.237519572301898,0.22037702734492476,-30623.0,FG
2023-04-04,1642.0,1645.0,1610.0,1630.0,750475,480261,1625.0,-0.010375436376832267,0.2486086638882798,0.23792963031537825,0.22361711973495862,-57859.0,FG
2023-04-06,1645.0,1678.0,1638.0,1658.0,639726,431325,1659.0,0.01703204189443217,0.254197459406959,0.24027592685238566,0.22537919700551587,-48936.0,FG
2023-04-07,1658.0,1682.0,1657.0,1680.0,441738,406748,1672.0,0.013181736702064281,0.25418236559254426,0.241642910609674,0.22396078180865872,-24577.0,FG
2023-04-10,1691.0,1714.0,1684.0,1705.0,661820,386107,1700.0,0.014771317320312503,0.25654139181413554,0.24191115060947416,0.22163959187048798,-20641.0,FG
2023-04-11,1666.0,1669.0,1615.0,1645.0,982405,818138,1642.0,-0.03582472651814487,0.2783037830228207,0.2521926142411723,0.22356902313181728,432031.0,FG
2023-04-12,1648.0,1653.0,1624.0,1645.0,797223,852835,1640.0,0.0,0.27757953781582767,0.2506334374382052,0.22394199229235953,34697.0,FG
2023-04-13,1650.0,1661.0,1632.0,1657.0,659781,879986,1643.0,0.007268354227090624,0.2785271576627426,0.24915290863422143,0.22521617627387938,27151.0,FG
2023-04-14,1660.0,1708.0,1659.0,1704.0,1158454,1000091,1689.0,0.02796968996269809,0.23461412785931118,0.2553873048574091,0.20604547919494884,120105.0,FG
2023-04-17,1707.0,1764.0,1700.0,1761.0,1171883,1119806,1733.0,0.032903401106945,0.2544076807277657,0.26363057938296686,0.21425563803689307,119715.0,FG
2023-04-18,1761.0,1774.0,1741.0,1770.0,943156,1156552,1760.0,0.00509771707166858,0.25030118627057685,0.26267122981192126,0.21178685566461908,36746.0,FG
2023-04-19,1775.0,1803.0,1766.0,1778.0,1541234,1147206,1786.0,0.004509590505975064,0.2502936283579284,0.26261498098889,0.2147720678495748,-9346.0,FG
2023-04-20,1772.0,1867.0,1771.0,1850.0,2069181,1227857,1806.0,0.03969650199852052,0.2767035362203203,0.26882816275729204,0.23971814382568427,80651.0,FG
2023-04-21,1860.0,1906.0,1797.0,1807.0,3619531,1151479,1851.0,-0.023517627480141995,0.2914064905219976,0.2731811320163188,0.2659088062279397,-76378.0,FG
2023-04-24,1811.0,1866.0,1770.0,1837.0,3281080,1161557,1825.0,0.016465794622897073,0.29400873963551,0.2746077250239058,0.2846778195447595,10078.0,FG
2023-04-25,1850.0,1888.0,1833.0,1846.0,2292315,1158854,1852.0,0.004887329847671764,0.2940091595271163,0.2381596564183,0.2887250267270264,-2703.0,FG
2023-04-26,1839.0,1840.0,1792.0,1813.0,2358677,1137707,1813.0,-0.01803820430794636,0.30126128520602785,0.23843059294126018,0.2898551534711628,-21147.0,FG
2023-04-27,1805.0,1812.0,1748.0,1753.0,2068389,1068905,1779.0,-0.0336543258336165,0.3294101187131266,0.2487871001858843,0.2969615641168831,-68802.0,FG
2023-04-28,1753.0,1795.0,1731.0,1793.0,1969849,1044477,1763.0,0.022561588683898463,0.3369734823400135,0.24748344272043019,0.30489007169034926,-24428.0,FG
2023-05-04,1773.0,1797.0,1733.0,1738.0,1652424,1144799,1764.0,-0.031155167779795576,0.3488077090380356,0.256129518800551,0.3091400685144864,100322.0,FG
2023-05-05,1740.0,1761.0,1707.0,1755.0,1961134,1136201,1738.0,0.009733830074628929,0.3496577295584356,0.2560279779112381,0.31346306198762336,-8598.0,FG
2023-05-08,1755.0,1780.0,1705.0,1730.0,2218829,1138415,1737.0,-0.01434744840814154,0.3519576542419288,0.254926442713408,0.3233089264002787,2214.0,FG
2023-05-09,1722.0,1733.0,1674.0,1676.0,1891998,1203404,1708.0,-0.03171140644979632,0.3681638367722002,0.26359167750240986,0.327587413184639,64989.0,FG
2023-05-10,1677.0,1707.0,1677.0,1696.0,1446439,1146894,1691.0,0.011862535309819948,0.3675969157395036,0.2643653385960171,0.3282071142963964,-56510.0,FG
2023-05-11,1692.0,1717.0,1663.0,1691.0,2127641,1179783,1690.0,-0.002952467453268089,0.36384836290212924,0.2643449172205232,0.3330434442086858,32889.0,FG
2023-05-12,1680.0,1689.0,1654.0,1683.0,1798236,1138808,1674.0,-0.004742154707774256,0.3398472250641202,0.26374194324011546,0.3286607828460323,-40975.0,FG
2023-05-15,1687.0,1696.0,1601.0,1609.0,2365738,1176101,1638.0,-0.044965047198422814,0.37698872884062495,0.28037217900047845,0.34869228707756,37293.0,FG
2023-05-16,1609.0,1625.0,1585.0,1594.0,1521267,1108982,1602.0,-0.009366287642222807,0.3767138485763969,0.28099135329189506,0.3506966668300206,-67119.0,FG
2023-05-17,1600.0,1642.0,1598.0,1631.0,1710690,1069395,1624.0,0.02294674327085346,0.37185400620953174,0.28466421799864045,0.3499921306479195,-39587.0,FG
2023-05-18,1638.0,1668.0,1619.0,1623.0,1935185,1075509,1648.0,-0.004917035106422614,0.34817867333296115,0.28434381307899154,0.3469082860254351,6114.0,FG
2023-05-19,1617.0,1628.0,1557.0,1582.0,2673654,1083754,1595.0,-0.025586419186991977,0.3543816017399553,0.2892254237848792,0.3573797215123983,8245.0,FG
2023-05-22,1581.0,1583.0,1475.0,1484.0,2823354,1144557,1528.0,-0.06394872460027341,0.4073440936642015,0.3165016572144369,0.3850898184576978,60803.0,FG
2023-05-23,1499.0,1531.0,1463.0,1474.0,2445246,1098361,1495.0,-0.006761350978043795,0.3651403953928668,0.31641670180540643,0.38083666047263726,-46196.0,FG
2023-05-24,1490.0,1497.0,1446.0,1479.0,2336456,1145988,1473.0,0.0033863899615179257,0.36574299223267703,0.3165181883571129,0.3671768292212017,47627.0,FG
2023-05-25,1481.0,1508.0,1465.0,1488.0,2154727,1094760,1485.0,0.006066752682237362,0.35759328089072323,0.3156586073908103,0.3549855661933453,-51228.0,FG
2023-05-26,1484.0,1502.0,1436.0,1475.0,2886937,1027348,1468.0,-0.008774946619117024,0.3530740938451574,0.31610746465366873,0.36218485247309795,-67412.0,FG
2023-05-29,1474.0,1492.0,1452.0,1462.0,2465241,1047391,1470.0,-0.008852628464196358,0.3522320546053918,0.3165657587786872,0.3624324511466467,20043.0,FG
2023-05-30,1459.0,1479.0,1408.0,1416.0,2191435,1102426,1447.0,-0.0319693660560587,0.35083856801875846,0.32268475560720394,0.3693767046628722,55035.0,FG
2023-05-31,1410.0,1425.0,1394.0,1409.0,1508901,1044553,1408.0,-0.004955762354984877,0.32937069614668474,0.3222897644814436,0.3642492994958538,-57873.0,FG
2023-06-01,1409.0,1449.0,1398.0,1448.0,1294022,988050,1427.0,0.027303061046981353,0.34901572508039946,0.32729258171435677,0.36405579687565504,-56503.0,FG
2023-06-02,1448.0,1556.0,1444.0,1556.0,2338667,1067035,1500.0,0.07193513179267531,0.4483841073319061,0.3574728907675912,0.3915634179986706,78985.0,FG
2023-06-05,1564.0,1600.0,1509.0,1531.0,2624190,1008443,1550.0,-0.01619730908065318,0.4488837130982031,0.35867672504978565,0.4005319666185915,-58592.0,FG
2023-06-06,1520.0,1535.0,1491.0,1507.0,1616050,1049625,1514.0,-0.015800197031188276,0.44038784820924315,0.3599984123029965,0.3985349268399518,41182.0,FG
2023-06-07,1510.0,1548.0,1510.0,1527.0,1466263,1060747,1530.0,0.013184106592137078,0.4410903233621881,0.3608408835282532,0.4002470174592622,11122.0,FG
2023-06-08,1540.0,1571.0,1533.0,1555.0,1499709,1076784,1551.0,0.018170519394702073,0.44879188110826035,0.36228893755475206,0.3978654939629309,16037.0,FG
2023-06-09,1560.0,1573.0,1541.0,1573.0,1121303,1078502,1559.0,0.01150907844494329,0.45219492494947294,0.3591707929226864,0.3977745099398981,1718.0,FG
2023-06-12,1578.0,1593.0,1553.0,1559.0,1509234,1086708,1571.0,-0.008940034000501326,0.42576838575588,0.3594702679178877,0.38230802225727806,8206.0,FG
2023-06-13,1555.0,1614.0,1554.0,1613.0,1528530,1152885,1587.0,0.03405120906743227,0.44265567727730065,0.3663777262252245,0.38707769481635307,66177.0,FG
2023-06-14,1619.0,1683.0,1608.0,1648.0,1742335,1174508,1645.0,0.02146663234420814,0.44170207946715173,0.3566079494619226,0.3948063918045486,21623.0,FG
2023-06-15,1652.0,1661.0,1602.0,1629.0,1568948,1147483,1633.0,-0.011596101867371901,0.44341145642595775,0.3570002218512232,0.3971916444493346,-27025.0,FG
2023-06-16,1635.0,1663.0,1596.0,1615.0,1595385,1153208,1633.0,-0.008631372945288193,0.434405950804206,0.3572155470919219,0.3955006760748947,5725.0,FG
2023-06-19,1605.0,1611.0,1507.0,1510.0,2306512,1111661,1550.0,-0.06722530584778687,0.44096005289363815,0.38270024716120393,0.3924112608361726,-41547.0,FG
2023-06-20,1508.0,1523.0,1495.0,1511.0,1107119,1079094,1511.0,0.000662032463769582,0.4400501192694448,0.38205721123086556,0.3824045727013981,-32567.0,FG
2023-06-21,1508.0,1523.0,1481.0,1510.0,1057071,972718,1509.0,-0.0006620324637695366,0.44002302774077595,0.3788302405698643,0.3799240130896128,-106376.0,FG
2023-06-26,1491.0,1513.0,1476.0,1492.0,824687,1004862,1492.0,-0.01199214904526387,0.4419350469216647,0.37920245982889894,0.378593241846282,32144.0,FG
2023-06-27,1492.0,1525.0,1471.0,1496.0,1248633,1026005,1496.0,0.0026773777707163942,0.4407505103220754,0.3790715520898054,0.37428465253648663,21143.0,FG
2023-06-28,1500.0,1513.0,1482.0,1504.0,1070212,1040785,1499.0,0.005333345975362603,0.4395541377033904,0.37687697485496985,0.3724132721330478,14780.0,FG
2023-06-29,1505.0,1515.0,1488.0,1506.0,909909,1046962,1499.0,0.0013289038500537342,0.421678545575512,0.37692235674458446,0.35949697650064927,6177.0,FG
2023-06-30,1500.0,1551.0,1500.0,1517.0,1731660,1052514,1531.0,0.007277570988693355,0.4208279750742559,0.37713893870832954,0.36345148844015523,5552.0,FG
2023-07-03,1520.0,1528.0,1506.0,1520.0,781083,1040495,1518.0,0.0019756344917899334,0.41155572066810536,0.3751733748886949,0.35673102413223373,-12019.0,FG
2023-07-04,1527.0,1564.0,1525.0,1562.0,1340076,1026241,1546.0,0.02725671655930923,0.33556717408942277,0.3796147122612634,0.3239962946967093,-14254.0,FG
2023-07-05,1565.0,1573.0,1535.0,1566.0,981380,1036585,1555.0,0.002557546151117193,0.3300196944325364,0.3791620821670016,0.30366254724705494,10344.0,FG
2023-07-06,1576.0,1576.0,1550.0,1567.0,790863,1039334,1564.0,0.0006383658052724966,0.3239858873507499,0.37739195381736934,0.299407963665515,2749.0,FG
2023-07-07,1563.0,1614.0,1559.0,1595.0,1310541,1066624,1589.0,0.01771077286292414,0.32643678840284424,0.37822242306622667,0.3037756114887738,27290.0,FG
2023-07-10,1595.0,1612.0,1577.0,1586.0,867337,1046089,1591.0,-0.005658613024151704,0.3219168624941464,0.376940368599192,0.30290100740650167,-20535.0,FG
2023-07-11,1599.0,1659.0,1593.0,1623.0,1534857,982460,1629.0,0.02306116531979802,0.3293893479927209,0.3731704565306851,0.3118887060049063,-63629.0,FG
2023-07-12,1625.0,1640.0,1603.0,1624.0,919212,956798,1621.0,0.0006159532070319814,0.3271042226216249,0.3731741440898581,0.31097679409653817,-25662.0,FG
2023-07-13,1620.0,1625.0,1573.0,1617.0,1247127,916671,1604.0,-0.004319661144516396,0.3050901409113251,0.3729391957377606,0.30822904326343425,-40127.0,FG
2023-07-14,1620.0,1685.0,1619.0,1678.0,1239398,950564,1654.0,0.03703002745004474,0.3238038819769529,0.37630378508707063,0.3046865517510031,33893.0,FG
2023-07-17,1690.0,1719.0,1666.0,1670.0,1602062,876944,1692.0,-0.004778981616350692,0.32122847517044284,0.3700429241181916,0.3022554506901051,-73620.0,FG
2023-07-18,1686.0,1712.0,1681.0,1708.0,1140340,907372,1696.0,0.022499468937714318,0.327433277812904,0.37292854955901417,0.29195841139943385,30428.0,FG
2023-07-19,1712.0,1750.0,1712.0,1747.0,1150254,853119,1734.0,0.022576935785541364,0.2062389398930743,0.37578889324749803,0.2594889969751173,-54253.0,FG
2023-07-20,1739.0,1773.0,1693.0,1698.0,2168822,813662,1726.0,-0.028448943262763923,0.24125667941728518,0.370772558495708,0.2745779422899187,-39457.0,FG
2023-07-21,1705.0,1722.0,1668.0,1691.0,1319589,797012,1697.0,-0.004131017972712357,0.24279255097504562,0.3679799781368735,0.2764851252819357,-16650.0,FG
2023-07-24,1703.0,1719.0,1637.0,1642.0,1341075,791231,1671.0,-0.029405058886206772,0.2661341814680052,0.37060191913503354,0.2906045835496906,-5781.0,FG
2023-07-25,1652.0,1698.0,1644.0,1675.0,969802,763512,1670.0,0.019898154246793334,0.27125081318518685,0.3730204797677995,0.288617902469355,-27719.0,FG
2023-07-26,1670.0,1748.0,1663.0,1713.0,1682255,691857,1709.0,0.022433054064953155,0.2776492401621327,0.3746170570294855,0.30425522017510787,-71655.0,FG
2023-07-27,1703.0,1756.0,1686.0,1720.0,1387544,626999,1720.0,0.00407807148337888,0.277144433428118,0.3685254759223616,0.31396501905662805,-64858.0,FG
2023-07-28,1720.0,1734.0,1661.0,1684.0,1255749,619036,1700.0,-0.02115237500522668,0.2940030941103808,0.36782837057596096,0.31917784312017017,-7963.0,FG
2023-07-31,1683.0,1725.0,1656.0,1718.0,1055317,574778,1697.0,0.019988907741928602,0.29825320532089045,0.36489201192132276,0.32930116639058354,-44258.0,FG
2023-08-01,1727.0,1826.0,1727.0,1819.0,1568346,551253,1777.0,0.05712607597392165,0.3416422667758967,0.3827420590804349,0.3457929680770826,-23525.0,FG
2023-08-02,1810.0,1834.0,1793.0,1813.0,1103977,493314,1810.0,-0.003303967763271252,0.3434081717896734,0.38157700904876446,0.3452264298489154,-57939.0,FG
2023-08-03,1825.0,1846.0,1791.0,1810.0,1406559,502605,1819.0,-0.0016560864949796046,0.3440909679013244,0.37561793878762645,0.34936852596011514,9291.0,FG
2023-08-04,1825.0,1867.0,1825.0,1850.0,1217647,489498,1850.0,0.021858793812499017,0.3460637446215077,0.3773612531527087,0.344924452221849,-13107.0,FG
2023-08-07,1867.0,1867.0,1795.0,1832.0,1229230,487685,1824.0,-0.009777372838294938,0.3484096157360076,0.3779552127969704,0.35181462001845604,-1813.0,FG
2023-08-08,1835.0,1839.0,1776.0,1809.0,1147693,421060,1801.0,-0.012634059838780487,0.3498943284744683,0.37883516496204267,0.3490296328655589,-66625.0,FG
2023-08-09,1799.0,1844.0,1791.0,1798.0,797554,344549,1815.0,-0.0060992703637295234,0.3519084227892809,0.366883537243732,0.3511529138271051,-76511.0,FG
2023-08-10,1791.0,1826.0,1765.0,1794.0,804845,283100,1797.0,-0.0022271724128241415,0.35124944044324957,0.3662475028151229,0.3517730299823184,-61449.0,FG
2023-08-11,1785.0,1823.0,1781.0,1818.0,441384,241528,1802.0,0.013289232118682706,0.33246282559411405,0.36442975098349983,0.34495752134083213,-41572.0,FG
2023-08-14,1592.0,1602.0,1541.0,1578.0,1040976,723826,1565.0,-0.14157877333160465,0.6132595645560351,0.467351404457424,0.34837995764220187,482298.0,FG
2023-08-15,1578.0,1588.0,1545.0,1562.0,878536,758104,1566.0,-0.010191171006188326,0.6063435651349173,0.4648954935295532,0.3510849162224117,34278.0,FG
2023-08-16,1556.0,1576.0,1523.0,1555.0,1103771,787500,1548.0,-0.0044915057862968105,0.5979519775357232,0.4458052885063873,0.3554763384232804,29396.0,FG
2023-08-17,1559.0,1592.0,1546.0,1586.0,1119345,793792,1569.0,0.019739577581458764,0.598229552110061,0.4471858447033585,0.3473159033591236,6292.0,FG
2023-08-18,1589.0,1621.0,1555.0,1574.0,1300633,822654,1585.0,-0.0075949732174447485,0.5984096807808156,0.44752216122812133,0.35191147429491926,28862.0,FG
2023-08-21,1568.0,1682.0,1549.0,1663.0,2165548,818539,1617.0,0.05500305021557919,0.6243396739872915,0.4608035726291835,0.37902881290867024,-4115.0,FG
2023-08-22,1647.0,1665.0,1592.0,1613.0,1660620,848298,1625.0,-0.030527401067718802,0.6293034240001821,0.4650491248553149,0.3847286219047767,29759.0,FG
2023-08-23,1620.0,1654.0,1605.0,1618.0,1372761,840502,1628.0,0.003095019493228137,0.623154475629069,0.4645623713127471,0.37535357277750114,-7796.0,FG
2023-08-24,1620.0,1666.0,1612.0,1615.0,1421304,836542,1638.0,-0.001855861961680045,0.6226390218994102,0.4593548144271612,0.3719198776889849,-3960.0,FG
2023-08-25,1614.0,1632.0,1592.0,1618.0,1240132,848178,1616.0,0.0018558619616801941,0.6191899459913704,0.4591160884088705,0.3643628577458311,11636.0,FG
2023-08-28,1627.0,1653.0,1553.0,1572.0,1808378,866116,1607.0,-0.028842124629285138,0.6204409169641125,0.46046490691760783,0.3778939727245299,17938.0,FG
2023-08-29,1573.0,1596.0,1549.0,1578.0,1528108,856912,1574.0,0.0038095284166676487,0.5780120470333054,0.4366070784779398,0.36444966523762096,-9204.0,FG
2023-08-30,1585.0,1716.0,1585.0,1716.0,2412774,951352,1659.0,0.08383777864208801,0.6616183234999099,0.46732422503312987,0.39868531735833834,94440.0,FG
2023-08-31,1748.0,1797.0,1726.0,1768.0,2680861,863870,1764.0,0.02985296314968113,0.6716067108073382,0.46928414720858985,0.4026807157648046,-87482.0,FG
2023-09-01,1770.0,1849.0,1743.0,1812.0,2707912,855244,1796.0,0.024582243405335807,0.6729034367231412,0.470940863848294,0.41896465751808515,-8626.0,FG
2023-09-04,1821.0,1839.0,1736.0,1748.0,2268791,820550,1788.0,-0.03595893038744383,0.6836585240907075,0.47641021391854677,0.4284111082098946,-34694.0,FG
2023-09-05,1744.0,1785.0,1738.0,1757.0,1351260,823561,1763.0,0.005135531971616433,0.6830266613841235,0.47604582993325534,0.42575568091546684,3011.0,FG
2023-09-06,1745.0,1783.0,1712.0,1779.0,1466999,859243,1757.0,0.012443599478737879,0.684513513100587,0.475994410963346,0.429974321723018,35682.0,FG
2023-09-07,1780.0,1788.0,1722.0,1745.0,1410943,841585,1755.0,-0.019296853029307604,0.6877228872103253,0.4733171528200203,0.431336122524353,-17658.0,FG
2023-09-08,1741.0,1767.0,1684.0,1689.0,1609437,849293,1734.0,-0.03261791782872749,0.6939588037246415,0.4764231197287699,0.44049643704446867,7708.0,FG
2023-09-11,1695.0,1766.0,1675.0,1748.0,1329919,860589,1722.0,0.03433563940768059,0.47960811628278177,0.4807247412857126,0.44705792930055016,11296.0,FG
2023-09-12,1753.0,1776.0,1732.0,1767.0,1149136,908886,1757.0,0.010810916104215676,0.4765266398327264,0.4806823512237291,0.44643106684476375,48297.0,FG
2023-09-13,1774.0,1774.0,1680.0,1695.0,1547761,968169,1722.0,-0.04160045250514582,0.5046766039260407,0.4678325656911502,0.4553989608734825,59283.0,FG
2023-09-14,1702.0,1727.0,1690.0,1714.0,1086234,935554,1710.0,0.011147079343174424,0.5021280043161003,0.4682019288228152,0.4534612163396862,-32615.0,FG
2023-09-15,1726.0,1734.0,1660.0,1707.0,1397400,969587,1702.0,-0.004092376363284478,0.5012266230820085,0.46834004613734503,0.45432658078126953,34033.0,FG
2023-09-18,1702.0,1713.0,1670.0,1708.0,1222273,989478,1695.0,0.0005856515540746671,0.46398873776345223,0.46744567278906524,0.42277024898426757,19891.0,FG
2023-09-19,1708.0,1749.0,1703.0,1717.0,1039481,970753,1723.0,0.00525548654896042,0.44865059289606135,0.46748520191530546,0.4157823952086046,-18725.0,FG
2023-09-20,1717.0,1749.0,1689.0,1715.0,1082816,977701,1720.0,-0.0011655012974352095,0.44890702805611943,0.4674945274973791,0.4174821848273475,6948.0,FG
2023-09-21,1722.0,1723.0,1675.0,1683.0,1121398,983426,1698.0,-0.01883516540923427,0.4552485331655689,0.4694593430652192,0.4159273590525623,5725.0,FG
2023-09-22,1688.0,1756.0,1687.0,1742.0,1259126,1003251,1726.0,0.034455963221642114,0.4694239419576132,0.4740458724701274,0.4212648709643389,19825.0,FG
2023-09-25,1749.0,1753.0,1678.0,1691.0,1101137,1006718,1704.0,-0.02971380851386785,0.4702282856238804,0.4785312857849259,0.4105209754383735,3467.0,FG
2023-09-26,1700.0,1704.0,1668.0,1680.0,807167,972132,1690.0,-0.006526276501275641,0.4715996407986388,0.47587053396694173,0.4081114817434413,-34586.0,FG
2023-09-27,1690.0,1705.0,1666.0,1693.0,705476,936930,1688.0,0.007708309735830679,0.364918415472542,0.4760482795330485,0.37488391895821216,-35202.0,FG
2023-09-28,1698.0,1716.0,1661.0,1668.0,836099,884316,1687.0,-0.014876799214443199,0.34962947446582715,0.47719169229947755,0.3714779554063269,-52614.0,FG
2023-10-09,1711.0,1744.0,1704.0,1724.0,745372,936344,1726.0,0.03302186830494635,0.3594958603258911,0.4804702732390487,0.3531423008014777,52028.0,FG
2023-10-10,1730.0,1731.0,1620.0,1637.0,1337678,1006796,1663.0,-0.05178187385250354,0.38249629002838115,0.49237601074423787,0.3599073106744993,70452.0,FG
2023-10-11,1639.0,1657.0,1608.0,1624.0,834906,990198,1636.0,-0.007973056649511628,0.3815077774364934,0.49042915143679566,0.36108945520366365,-16598.0,FG
2023-10-12,1629.0,1655.0,1623.0,1654.0,662512,957852,1637.0,0.018304354862013313,0.38536182736770985,0.49184876837095026,0.3530721286824303,-32346.0,FG
2023-10-13,1659.0,1668.0,1614.0,1635.0,749797,959142,1634.0,-0.011553792252282816,0.3821824419707512,0.4923583943630956,0.35094889766985704,1290.0,FG
2023-10-16,1636.0,1649.0,1598.0,1643.0,826668,946327,1625.0,0.004881034705914388,0.3669678290015099,0.4865025689685486,0.3423145006575345,-12815.0,FG
2023-10-17,1640.0,1658.0,1620.0,1632.0,763507,942374,1639.0,-0.006717582513215749,0.34226665977450776,0.48659341348589397,0.32708499221451587,-3953.0,FG
2023-10-18,1638.0,1674.0,1632.0,1645.0,733113,942417,1650.0,0.00793412767542003,0.3408394892313241,0.48459522107630126,0.3271973397870215,43.0,FG
2023-10-19,1651.0,1706.0,1645.0,1689.0,912574,990529,1677.0,0.026396253608327876,0.325465109584404,0.48543210878714277,0.31570876052655794,48112.0,FG
2023-10-20,1686.0,1688.0,1637.0,1643.0,936800,937959,1656.0,-0.027612798770531966,0.33638639031495005,0.4852315368859248,0.319062316295018,-52570.0,FG
2023-10-23,1643.0,1652.0,1591.0,1606.0,866285,933178,1617.0,-0.022777223530561108,0.3442266539383814,0.4873031648980075,0.31560600856471466,-4781.0,FG
2023-10-24,1609.0,1625.0,1604.0,1620.0,478691,903280,1614.0,0.00867953371972281,0.34653305862197986,0.4840400558940798,0.31217959958327307,-29898.0,FG
2023-10-25,1626.0,1651.0,1615.0,1632.0,628469,899339,1631.0,0.00738010729762246,0.3472510648250083,0.48250694358611734,0.3105554706803107,-3941.0,FG
2023-10-26,1632.0,1632.0,1597.0,1623.0,628200,887223,1615.0,-0.005529968009461086,0.3473668102519112,0.480262647684998,0.3050736929183074,-12116.0,FG
2023-10-27,1620.0,1632.0,1607.0,1629.0,633526,889020,1620.0,0.003690041087453963,0.3427466789214042,0.4802462596606032,0.30090758462970146,1797.0,FG
2023-10-30,1629.0,1648.0,1601.0,1629.0,830084,888331,1626.0,0.0,0.3155859483045466,0.4784050724463747,0.29508463470949176,-689.0,FG
2023-10-31,1634.0,1651.0,1621.0,1643.0,740415,884014,1639.0,0.008557509435222928,0.302249102328328,0.4768918492146566,0.2827916113903458,-4317.0,FG
2023-11-01,1646.0,1654.0,1614.0,1625.0,744491,871320,1632.0,-0.01101602327343026,0.30365682073637745,0.4619032282878826,0.28393211204303376,-12694.0,FG
2023-11-02,1634.0,1668.0,1633.0,1663.0,801069,901112,1647.0,0.02311538442908977,0.31460261773289566,0.4646977051205701,0.28325070649136047,29792.0,FG
2023-11-03,1660.0,1684.0,1649.0,1677.0,731261,903107,1670.0,0.008383282630281189,0.31173496915191684,0.4651295189729594,0.2782720832027442,1995.0,FG
2023-11-06,1677.0,1691.0,1652.0,1670.0,756284,901003,1670.0,-0.00418285641240805,0.2870779274301248,0.46267308780719135,0.2783212737099637,-2104.0,FG
2023-11-07,1678.0,1724.0,1674.0,1690.0,914622,900782,1698.0,0.011904902506318458,0.2213499801489621,0.46318692848529214,0.24812565937038955,-221.0,FG
2023-11-08,1683.0,1706.0,1673.0,1688.0,737093,905965,1691.0,-0.0011841327612166937,0.21877584662607097,0.46259370607607914,0.2433601219864837,5183.0,FG
2023-11-09,1682.0,1714.0,1661.0,1703.0,867523,896593,1683.0,0.008847005506785934,0.21191113208605436,0.46292259327581087,0.24890444904928258,-9372.0,FG
2023-11-10,1710.0,1779.0,1703.0,1749.0,1551801,889848,1748.0,0.0266527943559138,0.22376067173117234,0.4663141464143465,0.25625087815051456,-6745.0,FG
2023-11-13,1755.0,1767.0,1697.0,1707.0,1064187,859251,1731.0,-0.02430675222416143,0.24404375170623546,0.4679415686951313,0.26187973461489483,-30597.0,FG
2023-11-14,1700.0,1701.0,1656.0,1672.0,842258,844899,1671.0,-0.02071692914979364,0.2553151177813872,0.3686424245320878,0.26343534205756286,-14352.0,FG
2023-11-15,1678.0,1694.0,1671.0,1685.0,582020,827506,1683.0,0.007745049141815166,0.25525046956741815,0.36816032357857276,0.25947991625429817,-17393.0,FG
2023-11-16,1685.0,1711.0,1679.0,1705.0,686860,839232,1695.0,0.01179954693115503,0.24111843915271658,0.3685828837360629,0.25091771075154395,11726.0,FG
2023-11-17,1700.0,1728.0,1696.0,1718.0,784447,807840,1712.0,0.007595712826583465,0.21820275796464228,0.36687094342993626,0.2455434033193388,-31392.0,FG
2023-11-20,1725.0,1765.0,1710.0,1762.0,881372,808280,1733.0,0.02528870395192422,0.21179663386542935,0.3696106208560683,0.24171863599324617,440.0,FG
2023-11-21,1760.0,1804.0,1740.0,1752.0,1065495,781659,1769.0,-0.005691534999788097,0.21426590553857144,0.3530398649269515,0.25208625058083706,-26621.0,FG
2023-11-22,1755.0,1778.0,1704.0,1729.0,1126139,775248,1738.0,-0.013214785813046283,0.22211398929185702,0.3482522530480902,0.2636354812882994,-6411.0,FG
2023-11-23,1735.0,1750.0,1710.0,1746.0,760275,755160,1729.0,0.009784250716256932,0.22107502194656947,0.34867737233148915,0.26418769477280374,-20088.0,FG
2023-11-24,1753.0,1756.0,1701.0,1732.0,875827,690534,1731.0,-0.00805064727716702,0.22491249748878506,0.34914159585670945,0.27071426320193803,-64626.0,FG
2023-11-27,1731.0,1766.0,1712.0,1746.0,717057,673122,1737.0,0.00805064727716699,0.2252694692275539,0.34942235716611203,0.2717715960228137,-17412.0,FG
2023-11-28,1745.0,1794.0,1725.0,1745.0,976826,637897,1759.0,-0.0005729017630199745,0.2248677961392875,0.3438198246117155,0.2815650116781515,-35225.0,FG
2023-11-29,1755.0,1818.0,1748.0,1806.0,831403,681561,1786.0,0.03435989934040321,0.24403350500688178,0.3501952387682076,0.28901138593291065,43664.0,FG
2023-11-30,1814.0,1816.0,1763.0,1789.0,721527,617936,1780.0,-0.009457650468211539,0.2398477482644603,0.30724005480461203,0.29232746632802736,-63625.0,FG
2023-12-01,1790.0,1924.0,1790.0,1918.0,1151082,612025,1849.0,0.06962617193466439,0.33471823460876116,0.3328903276707145,0.32705082041874295,-5911.0,FG
2023-12-04,1924.0,1998.0,1852.0,1887.0,1623924,537303,1915.0,-0.016294710074833352,0.3425538509884287,0.331259219603585,0.361201453328733,-74722.0,FG
2023-12-05,1882.0,1905.0,1822.0,1855.0,1031105,487253,1864.0,-0.01710357032701474,0.35133561901304255,0.3245921932324071,0.3681142084268915,-50050.0,FG
2023-12-06,1849.0,1875.0,1820.0,1859.0,761582,443816,1846.0,0.0021540126799084068,0.35080310233604123,0.3244878902506192,0.3711928237770885,-43437.0,FG
2023-12-07,1864.0,1933.0,1848.0,1898.0,974637,380534,1889.0,0.020761991448429225,0.35510364799839356,0.32617727433077015,0.3774297713807125,-63282.0,FG
2023-12-08,1995.0,2025.0,1925.0,1951.0,1364391,784858,1976.0,0.027541361453238027,0.3558158977512013,0.3277874208679162,0.3813429435088365,404324.0,FG
2023-12-11,1958.0,1958.0,1881.0,1901.0,1108628,792633,1915.0,-0.025961998134682092,0.357681460591091,0.3250914160469212,0.38119950928994445,7775.0,FG
2023-12-12,1896.0,1911.0,1864.0,1880.0,909541,806180,1890.0,-0.01110828666443422,0.34998674232150323,0.31910015675129605,0.3806151865645458,13547.0,FG
2023-12-13,1880.0,1884.0,1802.0,1832.0,1104247,801165,1843.0,-0.025863510589919352,0.3673485713651172,0.32318137287375764,0.3910923204794366,-5015.0,FG
2023-12-14,1839.0,1849.0,1823.0,1834.0,639400,804976,1834.0,0.001091107582334557,0.36637653004058296,0.3110814379247762,0.39019273618142714,3811.0,FG
2023-12-15,1840.0,1875.0,1813.0,1815.0,1054090,825426,1849.0,-0.010413906117458982,0.3693433538638676,0.31130671564689183,0.3946805964093889,20450.0,FG
2023-12-18,1808.0,1819.0,1760.0,1777.0,1016536,835484,1784.0,-0.021158918544299854,0.3685484883770698,0.31441276518399053,0.3951659954444797,10058.0,FG
2023-12-19,1777.0,1806.0,1771.0,1788.0,843899,851814,1786.0,0.006171127578808083,0.36834487936380134,0.314613084073935,0.38987238903770643,16330.0,FG
2023-12-20,1793.0,1830.0,1793.0,1810.0,850069,860983,1813.0,0.012229168526411944,0.3663892858930557,0.31535620146769683,0.38175123676164985,9169.0,FG
2023-12-21,1815.0,1897.0,1789.0,1894.0,1270500,905788,1837.0,0.04536414948615205,0.39633692113597463,0.3281221753859349,0.3985150697395391,44805.0,FG
2023-12-22,1891.0,1933.0,1865.0,1911.0,1141027,890157,1897.0,0.008935670494249578,0.39404622408205686,0.3256614540148757,0.400038619865573,-15631.0,FG
2023-12-25,1895.0,1901.0,1850.0,1872.0,889993,866756,1875.0,-0.020619287202735703,0.40395929716892437,0.3218701876377731,0.3987694938848007,-23401.0,FG
2023-12-26,1870.0,1896.0,1846.0,1875.0,840312,868401,1870.0,0.0016012813669738276,0.4037450747236987,0.3154085311050951,0.39408382293631555,1645.0,FG
2023-12-27,1877.0,1902.0,1862.0,1888.0,714284,882424,1880.0,0.006909408300934711,0.38756103591073277,0.3151120353122397,0.3877990393390917,14023.0,FG
2023-12-28,1890.0,1910.0,1860.0,1891.0,850359,897021,1886.0,0.001587721953011576,0.385141780974242,0.31488532263839,0.3867883891694122,14597.0,FG
2023-12-29,1887.0,1920.0,1880.0,1913.0,934648,885033,1902.0,0.011566900781795479,0.29719692089122673,0.31355925606869883,0.35792170737941587,-11988.0,FG
2024-01-02,1880.0,1899.0,1859.0,1880.0,644589,860259,1881.0,-0.017400913616257962,0.2980131802765862,0.3094808219222806,0.322788414192722,-24774.0,FG
2024-01-03,1881.0,1985.0,1872.0,1965.0,1286555,923203,1952.0,0.04422046847936674,0.3294209007714088,0.3014581221135797,0.3327663469586303,62944.0,FG
2024-01-04,1973.0,1979.0,1902.0,1910.0,985793,877670,1937.0,-0.028389003262686025,0.3475095728286794,0.307440736204225,0.33739860981568814,-45533.0,FG
2024-01-05,1917.0,1942.0,1863.0,1879.0,1113928,872583,1897.0,-0.01636352162721024,0.3450066451957539,0.30813001500824855,0.3354052973451616,-5087.0,FG
2024-01-08,1898.0,1914.0,1823.0,1853.0,1383177,840598,1871.0,-0.013933773128105516,0.33154610959667075,0.3086156412111445,0.33411274857797185,-31985.0,FG
2024-01-09,1870.0,1891.0,1843.0,1861.0,1083735,769833,1866.0,0.004308030356890925,0.32054342312050715,0.30859586794179283,0.3276505043774618,-70765.0,FG
2024-01-10,1867.0,1874.0,1754.0,1767.0,1327961,667314,1824.0,-0.051830784322554405,0.366390175457068,0.32722091420548094,0.35256614586302093,-102519.0,FG
2024-01-11,1767.0,1795.0,1745.0,1787.0,1055459,618656,1773.0,0.01125504283973175,0.3594830338718172,0.327575170742331,0.34492491797479474,-48658.0,FG
2024-01-12,1790.0,1793.0,1717.0,1739.0,1396489,578710,1751.0,-0.027228000805145054,0.3708272603626892,0.3285095459605459,0.35570546672757963,-39946.0,FG
2024-01-15,1744.0,1748.0,1708.0,1731.0,969880,565363,1732.0,-0.004610959178073755,0.36979671341548026,0.32348983650238067,0.35191582429065504,-13347.0,FG
2024-01-16,1726.0,1770.0,1726.0,1750.0,927647,519748,1747.0,0.010916511741350467,0.3657183321672526,0.32034956287368144,0.3489985182207222,-45615.0,FG
2024-01-17,1759.0,1779.0,1723.0,1734.0,868947,504430,1749.0,-0.009184909577072553,0.3659157649932858,0.32071206262755264,0.35310824114361394,-15318.0,FG
2024-01-18,1734.0,1765.0,1714.0,1755.0,892822,478222,1740.0,0.012037978559479098,0.365821760529077,0.32123699189724403,0.355921918929247,-26208.0,FG
2024-01-19,1754.0,1761.0,1730.0,1758.0,614167,462311,1747.0,0.0017079423451561158,0.32211770712282867,0.32093302091415427,0.33557689248054434,-15911.0,FG
2024-01-22,1762.0,1843.0,1755.0,1825.0,1265172,451618,1799.0,0.037403187771469656,0.3512478094419196,0.3292529945090754,0.34296024144001996,-10693.0,FG
2024-01-23,1818.0,1825.0,1797.0,1809.0,730983,442185,1812.0,-0.008805780621296775,0.34557937413337747,0.3299574708793743,0.3396547379647933,-9433.0,FG
2024-01-24,1810.0,1860.0,1793.0,1854.0,912626,472456,1825.0,0.024571260730505327,0.35780292961821974,0.33296353186058936,0.343821260939484,30271.0,FG
2024-01-25,1859.0,1872.0,1836.0,1849.0,769627,465073,1853.0,-0.0027005147386755654,0.3567738236493092,0.33201599264192344,0.3433311274048165,-7383.0,FG
2024-01-26,1854.0,1863.0,1823.0,1849.0,919775,495774,1846.0,0.0,0.35666388570721624,0.3291723419261041,0.34180066970604384,30701.0,FG
2024-01-29,1849.0,1920.0,1840.0,1864.0,1095358,519683,1878.0,0.008079763858411748,0.35524162760178035,0.32914707390011,0.35070722272798943,23909.0,FG
2024-01-30,1863.0,1879.0,1835.0,1839.0,681898,503871,1861.0,-0.013502770641215368,0.35317788119699656,0.3304077064957825,0.35140235282387344,-15812.0,FG
2024-01-31,1837.0,1853.0,1821.0,1841.0,702706,513208,1837.0,0.001086956628756703,0.31071709891891947,0.32971616554499994,0.33070214568885514,9337.0,FG
2024-02-01,1835.0,1842.0,1768.0,1778.0,1041707,461816,1794.0,-0.034819765159227925,0.31829983653452354,0.33789175988350545,0.33142586533171364,-51392.0,FG
2024-02-02,1778.0,1793.0,1758.0,1765.0,725178,436289,1770.0,-0.007338446706452748,0.31511425160075296,0.33788700778066477,0.32220986008833996,-25527.0,FG
2024-02-05,1769.0,1803.0,1763.0,1778.0,625108,420977,1785.0,0.007338446706452853,0.3144918524378739,0.33385173104219434,0.30885378788225226,-15312.0,FG
2024-02-06,1774.0,1814.0,1754.0,1798.0,755487,428683,1785.0,0.011185798957715801,0.3172539256258581,0.33062408669081544,0.3122673462981039,7706.0,FG
2024-02-07,1794.0,1827.0,1784.0,1822.0,532750,401642,1799.0,0.013259862788337969,0.2603419852036181,0.32849341365050394,0.2834159652487107,-27041.0,FG
2024-02-08,1820.0,1846.0,1804.0,1811.0,553138,347274,1825.0,-0.006055619936490249,0.2590264083158733,0.3285774597762533,0.2812729916869352,-54368.0,FG
2024-02-19,1795.0,1796.0,1734.0,1740.0,538497,391954,1758.0,-0.03999406567483865,0.2801841375339954,0.3383621434834021,0.2760822912059335,44680.0,FG
2024-02-20,1732.0,1741.0,1681.0,1687.0,836654,480072,1705.0,-0.03093330966260638,0.3006291227833458,0.3439545707784208,0.2816924258899698,88118.0,FG
2024-02-21,1686.0,1717.0,1662.0,1669.0,921082,513544,1687.0,-0.010727158884133186,0.2988017821868573,0.34043836479883727,0.2850832197819525,33472.0,FG
2024-02-22,1666.0,1698.0,1664.0,1693.0,664811,488467,1678.0,0.01427745847130033,0.3032417037559994,0.3416863355534722,0.28018707072753013,-25077.0,FG
2024-02-23,1695.0,1709.0,1687.0,1695.0,552454,473678,1698.0,0.001180637681415404,0.2994122959677367,0.34069123023112835,0.2745645429278079,-14789.0,FG
2024-02-26,1693.0,1702.0,1660.0,1680.0,824771,479806,1682.0,-0.00888894741724604,0.3001500961796464,0.3404741820081772,0.27708895734625044,6128.0,FG
2024-02-27,1687.0,1723.0,1685.0,1716.0,791418,494930,1700.0,0.021202207650602906,0.2765086071368194,0.3430038191673135,0.2612060326720804,15124.0,FG
2024-02-28,1712.0,1719.0,1641.0,1643.0,1125240,604052,1675.0,-0.04347216201063954,0.3109713675571406,0.3537368061653086,0.27725933115358536,109122.0,FG
2024-02-29,1639.0,1653.0,1622.0,1645.0,983950,596687,1638.0,0.0012165451622042649,0.2923388792734588,0.35376510593486943,0.26911115042042527,-7365.0,FG
2024-03-01,1645.0,1666.0,1634.0,1651.0,725195,573339,1649.0,0.0036407807206558424,0.29412919121253506,0.34623787458507865,0.2691034975939493,-23348.0,FG
2024-03-04,1655.0,1658.0,1608.0,1650.0,988159,591420,1630.0,-0.0006058770255017225,0.29398346053841135,0.3458465895674259,0.2729836862750277,18081.0,FG
2024-03-05,1647.0,1673.0,1632.0,1638.0,915048,606596,1648.0,-0.007299302481611608,0.2894970102911665,0.31304534343731255,0.2629248475611147,15176.0,FG
2024-03-06,1635.0,1649.0,1620.0,1644.0,746625,618512,1635.0,0.003656311203110479,0.29036158240365534,0.3120024672972325,0.2608015623538743,11916.0,FG
2024-03-07,1650.0,1667.0,1608.0,1616.0,998729,652962,1647.0,-0.017178336535084517,0.29199959858196506,0.31201753817848715,0.2692645907496357,34450.0,FG
2024-03-08,1614.0,1632.0,1606.0,1618.0,916951,675104,1620.0,0.0012368585373962004,0.27324010698056517,0.3119676893598403,0.2570728292447816,22142.0,FG
2024-03-11,1619.0,1626.0,1555.0,1572.0,1055214,729779,1585.0,-0.028842124629285138,0.2862252227555985,0.312850776343326,0.27077935106942724,54675.0,FG
2024-03-12,1575.0,1607.0,1571.0,1598.0,803821,678128,1590.0,0.01640415333706813,0.2934012773579457,0.3090251549001303,0.27086255601889075,-51651.0,FG
2024-03-13,1600.0,1602.0,1569.0,1575.0,687948,698376,1586.0,-0.01449757506648653,0.288379057028224,0.30634132144727666,0.264988997196363,20248.0,FG
2024-03-14,1583.0,1601.0,1556.0,1571.0,1066071,667970,1582.0,-0.0025429130041122487,0.27931412127234667,0.3058953433656675,0.26706975580797576,-30406.0,FG
2024-03-15,1587.0,1625.0,1583.0,1603.0,1177805,638326,1602.0,0.020164514353931778,0.2958806728544763,0.3057420246061044,0.26838351216731904,-29644.0,FG
2024-03-18,1605.0,1614.0,1528.0,1534.0,1647812,687487,1559.0,-0.043998170682351415,0.3021874070495058,0.3173040686704366,0.2828119928418069,49161.0,FG
2024-03-19,1534.0,1568.0,1529.0,1553.0,853912,663693,1549.0,0.012309841221485575,0.2943808145685523,0.3184356365798813,0.2780243011048137,-23794.0,FG
2024-03-20,1553.0,1573.0,1533.0,1536.0,835735,670650,1554.0,-0.01100690944106956,0.29446485271564,0.31659728310655066,0.2747908940832182,6957.0,FG
2024-03-21,1529.0,1572.0,1527.0,1555.0,789987,660720,1549.0,0.012293910905717105,0.29291078861767006,0.317547302418343,0.2783317344859189,-9930.0,FG
2024-03-22,1547.0,1573.0,1522.0,1531.0,1069959,698116,1550.0,-0.015554428955650755,0.29479703562407417,0.317214970538199,0.28567341066983376,37396.0,FG
2024-03-25,1523.0,1530.0,1477.0,1489.0,1166093,724605,1501.0,-0.02781636297367474,0.30541210431824145,0.305082692027734,0.2905134982268831,26489.0,FG
2024-03-26,1492.0,1498.0,1467.0,1491.0,796106,706890,1486.0,0.001342282080729449,0.2897793581792172,0.30410959907646107,0.290047046735688,-17715.0,FG
2024-03-27,1497.0,1517.0,1468.0,1474.0,950144,670135,1496.0,-0.011467242015456543,0.2570622664619437,0.3025776502737471,0.28154168459376583,-36755.0,FG
2024-03-28,1470.0,1487.0,1454.0,1455.0,774435,672257,1471.0,-0.012973893143689021,0.25713250240118596,0.3029001875701545,0.28270218830991983,2122.0,FG
2024-03-29,1460.0,1480.0,1435.0,1471.0,1037770,640834,1457.0,0.01093654099584459,0.2620299496718269,0.3036381959356311,0.2872682338935918,-31423.0,FG
2024-04-01,1465.0,1489.0,1446.0,1487.0,871656,608373,1471.0,0.01081822585871749,0.26803761977044976,0.3049602346778221,0.28664814970885266,-32461.0,FG
2024-04-02,1495.0,1498.0,1456.0,1465.0,634206,583786,1473.0,-0.014905425008987441,0.27016176963624206,0.3040182266128265,0.28816247940374273,-24587.0,FG
2024-04-03,1468.0,1482.0,1461.0,1466.0,518845,519406,1471.0,0.0006823609954290869,0.2690260295442432,0.3029924638699744,0.28729176683576985,-64380.0,FG
2024-04-08,1500.0,1559.0,1496.0,1555.0,798165,438009,1527.0,0.05893794216673767,0.3490900557609217,0.31422821766314496,0.2904371119542836,-81397.0,FG
2024-04-09,1498.0,1518.0,1466.0,1514.0,1094100,724209,1490.0,-0.026720390615940448,0.359594945718431,0.31369520891370345,0.2977724447107754,286200.0,FG
2024-04-10,1520.0,1541.0,1503.0,1518.0,1337450,738303,1522.0,0.002638523958181242,0.3472094349528212,0.31288606040815975,0.28721422816216885,14094.0,FG
2024-04-11,1525.0,1526.0,1489.0,1493.0,1043942,824594,1503.0,-0.016606160416384904,0.3441031524839084,0.3133089178695754,0.28791298498482837,86291.0,FG
2024-04-12,1490.0,1510.0,1477.0,1500.0,1017915,827882,1492.0,0.004677589551110997,0.3426401153432354,0.3133493495472228,0.288343469868445,3288.0,FG
2024-04-15,1499.0,1504.0,1451.0,1473.0,1155520,946518,1475.0,-0.01816397062767118,0.34712386024264646,0.298576708747819,0.2920272408993253,118636.0,FG
2024-04-16,1468.0,1474.0,1448.0,1458.0,869589,989950,1460.0,-0.010235503894026863,0.3366584569465174,0.2974394188830745,0.2891648892720962,43432.0,FG
2024-04-17,1450.0,1476.0,1443.0,1468.0,880670,1030430,1458.0,0.006835296605857438,0.30516165382900423,0.2939792699915386,0.2690803016154052,40480.0,FG
2024-04-18,1471.0,1520.0,1465.0,1512.0,1956143,950121,1501.0,0.029532347565017523,0.32156962146485146,0.3012705797661587,0.2750780153891803,-80309.0,FG
2024-04-19,1510.0,1525.0,1492.0,1503.0,1193452,971665,1506.0,-0.005970166986503796,0.3200664398219663,0.3001120927938151,0.2735587914773365,21544.0,FG
2024-04-22,1500.0,1548.0,1498.0,1527.0,1500817,950481,1527.0,0.015841915465657923,0.32225632030206247,0.30210399167453184,0.2754840743120162,-21184.0,FG
2024-04-23,1526.0,1541.0,1506.0,1515.0,1020244,928153,1526.0,-0.007889587275162932,0.31879356434701134,0.3008831669061183,0.27087551042056396,-22328.0,FG
2024-04-24,1509.0,1566.0,1509.0,1552.0,1575849,880573,1550.0,0.024128982799694637,0.3131323813602792,0.30563947890088083,0.2719704525366569,-47580.0,FG
2024-04-25,1557.0,1596.0,1547.0,1574.0,1541515,833348,1571.0,0.014075728234184428,0.31596539410964697,0.296442195490706,0.276369921719897,-47225.0,FG
2024-04-26,1578.0,1590.0,1551.0,1581.0,1022572,816496,1572.0,0.004437408232123505,0.31154915373895525,0.29647464867087897,0.27258117653161423,-16852.0,FG
2024-04-29,1580.0,1587.0,1541.0,1569.0,944904,807921,1566.0,-0.007619084476439405,0.30838177080582835,0.29137476638849674,0.27555468429281027,-8575.0,FG
2024-04-30,1564.0,1578.0,1521.0,1533.0,1095303,774051,1551.0,-0.023211873861218486,0.3213052284369037,0.29434352499826044,0.2788086694046612,-33870.0,FG
2024-05-06,1528.0,1606.0,1528.0,1597.0,970541,781691,1572.0,0.040900269343198306,0.34853785108504526,0.3077189243805999,0.29161288766173704,7640.0,FG
2024-05-07,1596.0,1626.0,1590.0,1604.0,1199521,807537,1607.0,0.004373640211447473,0.3416901048071626,0.30727463663027615,0.2892264961672331,25846.0,FG
2024-05-08,1600.0,1610.0,1581.0,1588.0,905171,817615,1594.0,-0.010025146619378818,0.34535499676043085,0.3068288392894556,0.29021243793604684,10078.0,FG
2024-05-09,1592.0,1614.0,1584.0,1612.0,904418,816980,1599.0,0.015000281259492598,0.2826229339644438,0.30881558470054254,0.2795336711499102,-635.0,FG
2024-05-10,1624.0,1646.0,1601.0,1614.0,1416803,789290,1626.0,0.0012399257633205734,0.2620357221375683,0.3013651236737298,0.27590898020924876,-27690.0,FG
2024-05-13,1614.0,1618.0,1588.0,1613.0,917276,773273,1605.0,-0.000619770704685266,0.2623802575526812,0.3011362190592985,0.2736681702406864,-16017.0,FG
2024-05-14,1610.0,1612.0,1564.0,1574.0,1073315,783125,1585.0,-0.02447564914786032,0.27144991361968274,0.3041661876502034,0.2762206721546698,9852.0,FG
2024-05-15,1575.0,1579.0,1552.0,1574.0,788525,789710,1565.0,0.0,0.2714920597409781,0.30296123905009137,0.2746592231949222,6585.0,FG
2024-05-16,1570.0,1595.0,1559.0,1591.0,793250,798353,1577.0,0.010742599360438327,0.26173253070834485,0.3024594826714699,0.26829992888165305,8643.0,FG
2024-05-17,1597.0,1640.0,1586.0,1636.0,1214375,776262,1617.0,0.027891488824905556,0.2693308281327705,0.30853094694829536,0.27497425324346625,-22091.0,FG
2024-05-20,1641.0,1655.0,1625.0,1638.0,1027510,766147,1639.0,0.0012217472503222913,0.26976668038343965,0.2981470384867507,0.2735223713550481,-10115.0,FG
2024-05-21,1633.0,1682.0,1632.0,1657.0,1162020,741083,1659.0,0.011532753013548138,0.2557935260621192,0.2926357489241957,0.2698080637568764,-25064.0,FG
2024-05-22,1663.0,1685.0,1649.0,1674.0,1018161,719969,1670.0,0.010207233622857642,0.25339845221952534,0.29259471366043904,0.2697062034405851,-21114.0,FG
2024-05-23,1670.0,1690.0,1640.0,1659.0,1090332,695640,1664.0,-0.009000960858976169,0.2551289826237564,0.291655229913169,0.2682306499704686,-24329.0,FG
2024-05-24,1669.0,1735.0,1662.0,1716.0,1388013,687005,1702.0,0.033780989857463,0.27129072037154567,0.299851010502183,0.2791031390824547,-8635.0,FG
2024-05-27,1720.0,1731.0,1694.0,1709.0,903295,672563,1713.0,-0.0040875969323166455,0.26506487245802757,0.2993937978158418,0.2716715438137511,-14442.0,FG
2024-05-28,1705.0,1719.0,1681.0,1688.0,743308,684185,1703.0,-0.012364007959688431,0.2693629618071325,0.2972896955702388,0.2677207306885346,11622.0,FG
2024-05-29,1687.0,1757.0,1670.0,1756.0,1068579,724467,1708.0,0.03949409903915957,0.29797121495263534,0.2944305315211255,0.2837626862481649,40282.0,FG
2024-05-30,1760.0,1767.0,1698.0,1713.0,1135123,686552,1736.0,-0.024792275870942064,0.31351039933430713,0.2991389619778682,0.28943691510365416,-37915.0,FG
2024-05-31,1706.0,1724.0,1685.0,1694.0,798928,691835,1705.0,-0.011153623112120184,0.3022374442499894,0.3000404451824036,0.282899198110095,5283.0,FG
2024-06-03,1701.0,1701.0,1635.0,1663.0,1383521,681770,1662.0,-0.018469396019071996,0.28161558585182295,0.3025069714311778,0.2755308169161639,-10065.0,FG
2024-06-04,1668.0,1689.0,1634.0,1676.0,1039742,657850,1664.0,0.00778680184910064,0.28224799475252327,0.3025042736930971,0.2803541752333643,-23920.0,FG
2024-06-05,1669.0,1696.0,1655.0,1682.0,1109272,658015,1679.0,0.003573559490864922,0.2785717335314502,0.3025005257375478,0.28250455278277053,165.0,FG
2024-06-06,1692.0,1741.0,1692.0,1739.0,1368490,721247,1722.0,0.033326673821389714,0.2960539191045765,0.30760239643605325,0.286175065456914,63232.0,FG
2024-06-07,1745.0,1748.0,1710.0,1717.0,942502,660932,1727.0,-0.012731653456807492,0.30170551130278983,0.3089183454369445,0.28391879248599944,-60315.0,FG
2024-06-11,1710.0,1716.0,1659.0,1667.0,808767,639345,1687.0,-0.029552978146681515,0.32298198978055087,0.30921248769617066,0.2901302001377748,-21587.0,FG
2024-06-12,1665.0,1684.0,1660.0,1666.0,595044,641806,1671.0,-0.0006000600240060485,0.30826975604560475,0.30756162963574313,0.28457813389130554,2461.0,FG
2024-06-13,1679.0,1679.0,1620.0,1641.0,930073,643581,1644.0,-0.015119731636697113,0.31467114477389774,0.3076944417882979,0.29225469651348224,1775.0,FG
2024-06-14,1648.0,1661.0,1629.0,1641.0,800698,626907,1648.0,0.0,0.3130699067405609,0.3076252082511917,0.29115170460376255,-16674.0,FG
2024-06-17,1641.0,1641.0,1582.0,1592.0,1028327,657373,1611.0,-0.030314724685762615,0.31624289726914795,0.311344196398969,0.29284809130599304,30466.0,FG
2024-06-18,1591.0,1604.0,1563.0,1573.0,681907,661398,1588.0,-0.01200646334605051,0.31827198467795353,0.29883467517563045,0.29542184938670285,4025.0,FG
2024-06-19,1572.0,1594.0,1564.0,1587.0,584685,630842,1581.0,0.00886081746813127,0.3169117006137762,0.29833564084421277,0.2911973821584766,-30556.0,FG
2024-06-20,1586.0,1595.0,1557.0,1587.0,787726,624253,1580.0,0.0,0.31370987246530735,0.2974030491396835,0.2920864117973347,-6589.0,FG
2024-06-21,1589.0,1615.0,1573.0,1579.0,736366,623312,1591.0,-0.005053706270766956,0.3129710241157892,0.29660605179119165,0.2904798297337713,-941.0,FG
2024-06-24,1571.0,1589.0,1525.0,1534.0,893237,640262,1548.0,-0.028913032328440624,0.29541879846846647,0.30084629543575026,0.2892534374279149,16950.0,FG
2024-06-25,1537.0,1560.0,1534.0,1551.0,527822,622973,1547.0,0.011021181249337247,0.3012131615483358,0.29601911970801464,0.28781302270039427,-17289.0,FG
2024-06-26,1546.0,1558.0,1528.0,1557.0,676975,622705,1542.0,0.0038610086574595933,0.30135013387236337,0.2960876402924743,0.28685861034622423,-268.0,FG
2024-06-27,1554.0,1557.0,1519.0,1529.0,672790,672312,1537.0,-0.018146965904936044,0.2575048241796006,0.29756310720548984,0.2709482727581854,49607.0,FG
2024-06-28,1529.0,1562.0,1516.0,1560.0,927387,621601,1543.0,0.020071894314520326,0.2652724138355517,0.29881363325786564,0.26511935734227926,-50711.0,FG
2024-07-01,1560.0,1574.0,1535.0,1551.0,723664,639287,1553.0,-0.0057859370670438875,0.26422508123458543,0.2984450647881978,0.26601850316265374,17686.0,FG
2024-07-02,1550.0,1585.0,1546.0,1578.0,675091,617879,1564.0,0.017258338229280783,0.2693543104714424,0.2996406630522752,0.25788303897233983,-21408.0,FG
2024-07-03,1581.0,1585.0,1551.0,1583.0,731590,621210,1569.0,0.003163558475192494,0.26749279014922084,0.2978437209991996,0.2523538177419909,3331.0,FG
2024-07-04,1580.0,1593.0,1566.0,1574.0,647995,614154,1582.0,-0.005701630903663602,0.26656855169095794,0.2981838868270672,0.24959968866495594,-7056.0,FG
2024-07-05,1574.0,1578.0,1522.0,1524.0,838129,674688,1546.0,-0.03228169273075692,0.24818515889912773,0.2809600459613225,0.25399162539478537,60534.0,FG
2024-07-08,1525.0,1535.0,1483.0,1494.0,853910,691893,1512.0,-0.019881370553828933,0.2517713101896775,0.2785753547667912,0.2601703212185862,17205.0,FG
2024-07-09,1492.0,1514.0,1484.0,1503.0,584364,678959,1498.0,0.006006024060211949,0.24093354815200835,0.27880656755579875,0.2536723925531851,-12934.0,FG
2024-07-10,1499.0,1505.0,1454.0,1464.0,759507,704122,1477.0,-0.02629069523171764,0.25140404666104915,0.2819099451696387,0.26225743953395186,25163.0,FG
2024-07-11,1470.0,1481.0,1452.0,1465.0,637103,703604,1469.0,0.0006828269299107297,0.25045039779208694,0.2817273277006626,0.2545051735119325,-518.0,FG
2024-07-12,1470.0,1477.0,1460.0,1473.0,471854,697293,1468.0,0.005445895011462538,0.2528024349872531,0.2795305245883258,0.2523309866393922,-6311.0,FG
2024-07-15,1470.0,1471.0,1436.0,1456.0,1040463,748169,1454.0,-0.011608187705999027,0.23668209616550942,0.27975745565858223,0.24543994299964367,50876.0,FG
2024-07-16,1453.0,1462.0,1433.0,1454.0,646304,742516,1449.0,-0.0013745706631665985,0.23520491513825978,0.27940636504201566,0.24295621654185945,-5653.0,FG
2024-07-17,1445.0,1460.0,1428.0,1439.0,606301,786597,1445.0,-0.01036995120609689,0.23123445047804816,0.27324263307938645,0.2441606815751522,44081.0,FG
2024-07-18,1444.0,1469.0,1439.0,1459.0,711961,743645,1454.0,0.0138028416354179,0.2400600367784961,0.27464227461913276,0.24271902683308627,-42952.0,FG
2024-07-19,1450.0,1459.0,1432.0,1443.0,595048,789001,1445.0,-0.011026989748914764,0.24126391786598092,0.27334310205845436,0.23948944265824335,45356.0,FG
2024-07-22,1439.0,1450.0,1410.0,1428.0,846454,779189,1432.0,-0.01044941587434112,0.224965138387851,0.27366850333071585,0.23078917339146796,-9812.0,FG
2024-07-23,1425.0,1434.0,1402.0,1406.0,599228,816034,1417.0,-0.015526070528919427,0.2218514768708576,0.2701973413978838,0.2329942119548748,36845.0,FG
2024-07-24,1411.0,1438.0,1410.0,1427.0,686599,780392,1423.0,0.014825545106226237,0.2307616217109023,0.27038648545567295,0.23307754843207434,-35642.0,FG
2024-07-25,1430.0,1430.0,1395.0,1412.0,697319,778610,1413.0,-0.010567199423649037,0.22631593082677798,0.270693348622098,0.23311170087065733,-1782.0,FG
2024-07-26,1412.0,1428.0,1389.0,1390.0,710415,839866,1412.0,-0.015703391928449942,0.21112365111525536,0.27191930917489227,0.23188290257904756,61256.0,FG
2024-07-29,1388.0,1393.0,1335.0,1341.0,951269,836729,1366.0,-0.03588814284305897,0.23645996646060924,0.2772838229467753,0.24307585225192252,-3137.0,FG
2024-07-30,1354.0,1357.0,1339.0,1346.0,605691,788491,1347.0,0.0037216269229945727,0.22240646370246234,0.2627859357688706,0.23893823938523784,-48238.0,FG
2024-07-31,1346.0,1380.0,1324.0,1375.0,1049415,707424,1357.0,0.02131649989599848,0.24267941660754366,0.26700131944889816,0.2504166885935836,-81067.0,FG
2024-08-01,1381.0,1389.0,1341.0,1347.0,886728,728649,1365.0,-0.020573833690307682,0.24725077402192597,0.269109709177257,0.2587801718865188,21225.0,FG
2024-08-02,1350.0,1374.0,1333.0,1371.0,823332,672314,1354.0,0.017660503151950314,0.24519002831658646,0.2699065338176034,0.2553792510144844,-56335.0,FG
2024-08-05,1368.0,1368.0,1334.0,1353.0,712765,656663,1351.0,-0.013216051391526375,0.24106864538011766,0.27062469584225307,0.2504387155281094,-15651.0,FG
2024-08-06,1345.0,1360.0,1322.0,1335.0,877708,633382,1343.0,-0.013393057336438136,0.23921054404673356,0.2714155511888469,0.2540361237618679,-23281.0,FG
2024-08-07,1330.0,1341.0,1309.0,1312.0,715424,628474,1320.0,-0.017378601330315574,0.23116776036128803,0.2694323912092138,0.24860812704707794,-4908.0,FG
2024-08-08,1315.0,1319.0,1293.0,1297.0,507756,614118,1306.0,-0.011498785187590507,0.2309058325988528,0.2699056110622409,0.24865603579509465,-14356.0,FG
2024-08-09,1305.0,1340.0,1304.0,1308.0,795638,553953,1322.0,0.008445347700700143,0.23311055352306684,0.2694421680280166,0.2541048319172359,-60165.0,FG
2024-08-12,1311.0,1312.0,1272.0,1304.0,828655,531093,1298.0,-0.003062789530545767,0.2323331517766843,0.261569299510476,0.25744301058831454,-22860.0,FG
2024-08-13,1304.0,1305.0,1255.0,1267.0,885075,532549,1276.0,-0.028784562165459212,0.24573370153076948,0.2662669760513669,0.26711090439150503,1456.0,FG
2024-08-14,1263.0,1265.0,1218.0,1241.0,777197,461991,1241.0,-0.02073439511653184,0.25035733610602967,0.26629343316356174,0.2749489716814802,-70558.0,FG
2024-08-15,1242.0,1254.0,1224.0,1244.0,587829,408675,1242.0,0.0024144880945175533,0.24071801080082394,0.26490175383082254,0.2762624578314329,-53316.0,FG
2024-08-16,1247.0,1258.0,1235.0,1239.0,419040,362966,1246.0,-0.004027391669982321,0.24082082666848695,0.2647738326636059,0.2761936689389965,-45709.0,FG
2024-08-19,1239.0,1252.0,1223.0,1233.0,361132,322003,1239.0,-0.004854378464798199,0.2407686107441748,0.25233166097465465,0.27428278877220164,-40963.0,FG
2024-08-20,1273.0,1303.0,1269.0,1295.0,691413,637703,1287.0,0.049060470969293835,0.3101628024361237,0.2758281631124022,0.2758379910246477,315700.0,FG
2024-08-21,1305.0,1325.0,1294.0,1323.0,775194,650243,1309.0,0.02139118998131756,0.3162464627730981,0.28038262304604217,0.2772548110650969,12540.0,FG
2024-08-22,1321.0,1327.0,1255.0,1264.0,1018672,729587,1296.0,-0.045620589408152994,0.3487529773763445,0.2781785688395331,0.2968703141023257,79344.0,FG
2024-08-23,1261.0,1268.0,1245.0,1251.0,693034,748001,1258.0,-0.010338064239891647,0.34720736148016973,0.275477987607108,0.2935740419961077,18414.0,FG
2024-08-26,1251.0,1265.0,1226.0,1249.0,875121,806757,1245.0,-0.0016000003413334915,0.32805453950982444,0.27529893829781615,0.28714571831851055,58756.0,FG
2024-08-27,1249.0,1275.0,1237.0,1265.0,1029797,798853,1256.0,0.012728891036042892,0.3322023347298542,0.27623320624740655,0.29287571256459183,-7904.0,FG
2024-08-28,1260.0,1276.0,1245.0,1252.0,837918,845518,1262.0,-0.010329849501576826,0.3202191348777175,0.2752759482399094,0.28419418517642603,46665.0,FG
2024-08-29,1245.0,1278.0,1242.0,1261.0,757821,831897,1258.0,0.007162784304875678,0.3171116171962934,0.27583887355999687,0.280839938830032,-13621.0,FG
2024-08-30,1261.0,1285.0,1248.0,1264.0,927906,857231,1264.0,0.0023762387418831653,0.30830133331260356,0.2647221162711232,0.2803246767348557,25334.0,FG
2024-09-02,1264.0,1269.0,1178.0,1178.0,1350166,1052588,1218.0,-0.07046321049527075,0.38704567574384574,0.29596041665643624,0.31731589930534343,195357.0,FG
2024-09-03,1180.0,1186.0,1141.0,1143.0,1271696,1118979,1160.0,-0.030161700416721362,0.3951876568848483,0.2961657863605642,0.32220234630119704,66391.0,FG
2024-09-04,1145.0,1158.0,1114.0,1124.0,1223719,1107622,1138.0,-0.01676263334117427,0.39499642161010917,0.29668727638831144,0.3285569915021697,-11357.0,FG
2024-09-05,1134.0,1160.0,1118.0,1126.0,1549357,1095370,1140.0,0.0017777782459993572,0.3961184059058679,0.29662623139264005,0.33510348577237664,-12252.0,FG
2024-09-06,1135.0,1141.0,1111.0,1123.0,1234549,1095876,1124.0,-0.0026678539611924576,0.3923217237275419,0.29643693346616445,0.334890094768648,506.0,FG
2024-09-09,1130.0,1130.0,1091.0,1118.0,1468925,1104409,1111.0,-0.00446230102339868,0.39213875499494294,0.29223799667768396,0.33673582164108123,8533.0,FG
2024-09-10,1121.0,1123.0,1086.0,1086.0,1192462,1141165,1101.0,-0.029040153221163687,0.39232062333823636,0.2957952043562154,0.3340213698123884,36756.0,FG
2024-09-11,1084.0,1094.0,1057.0,1089.0,1527616,1090332,1074.0,0.0027586224390796607,0.39084626570687714,0.29474126872145473,0.3323315743011914,-50833.0,FG
2024-09-12,1093.0,1093.0,1029.0,1048.0,1955576,1216715,1055.0,-0.038376258051973006,0.4049134392075091,0.30160833060766246,0.3524414221625842,126383.0,FG
2024-09-13,1048.0,1064.0,1018.0,1021.0,1704906,1236548,1044.0,-0.026101046716321862,0.40915196360030986,0.30410721991139256,0.36260990505352403,19833.0,FG
2024-09-18,1016.0,1041.0,1004.0,1030.0,1245280,1249944,1022.0,0.008776263059015995,0.41407404783943935,0.30246663051862543,0.36730710688524515,13396.0,FG
2024-09-19,1030.0,1074.0,1017.0,1069.0,1961305,1234134,1048.0,0.037164829801363715,0.3937669489617095,0.31344312090536325,0.38101190080406,-15810.0,FG
2024-09-20,1066.0,1068.0,1030.0,1038.0,1493876,1257097,1048.0,-0.029427847299211284,0.38197248172668496,0.31626688699119015,0.38543572221561007,22963.0,FG
2024-09-23,1034.0,1075.0,1022.0,1062.0,1758311,1224239,1050.0,0.022858138076050184,0.37969432706573564,0.321049672956576,0.38217157014614717,-32858.0,FG
2024-09-24,1064.0,1122.0,1056.0,1115.0,2377112,1153756,1083.0,0.048700482092334955,0.4303511114850952,0.3359037763623287,0.401390595101612,-70483.0,FG
2024-09-25,1117.0,1186.0,1111.0,1134.0,3194421,1128578,1123.0,0.01689680039347821,0.43760819422557734,0.3390263149569664,0.41944337443836227,-25178.0,FG
2024-09-26,1123.0,1162.0,1105.0,1143.0,2803209,1117168,1135.0,0.007905179507113247,0.4353882324579771,0.33692980326079663,0.42803133435427526,-11410.0,FG
2024-09-27,1160.0,1208.0,1144.0,1206.0,3014304,970711,1172.0,0.05365271349232,0.48153926332843505,0.35748652071201026,0.4402760619355561,-146457.0,FG
2024-09-30,1205.0,1290.0,1194.0,1290.0,2916437,857430,1255.0,0.06733312006858695,0.5398530684921841,0.3863922240010342,0.46596613839964596,-113281.0,FG
2024-10-08,1338.0,1351.0,1184.0,1212.0,2895773,913660,1276.0,-0.06237033072645808,0.5845776990589475,0.40057082283927764,0.540154752794124,56230.0,FG
2024-10-09,1213.0,1226.0,1180.0,1187.0,2543573,979671,1205.0,-0.020842772019591782,0.5322032505901282,0.40073895865543685,0.5228742206980856,66011.0,FG
2024-10-10,1175.0,1204.0,1136.0,1149.0,2838221,996275,1169.0,-0.032537116760912366,0.5340599758957479,0.40443485886426267,0.5309325138598453,16604.0,FG
2024-10-11,1154.0,1185.0,1150.0,1184.0,1723332,1039503,1164.0,0.03000653759519528,0.5400082421208123,0.40787951727615385,0.5283715660376193,43228.0,FG
2024-10-14,1184.0,1248.0,1164.0,1226.0,3356176,1004883,1211.0,0.03485830105220577,0.5518803571969393,0.41527657149200214,0.5430788245677384,-34620.0,FG
2024-10-15,1218.0,1317.0,1208.0,1294.0,4179594,1015106,1271.0,0.05398135856468909,0.5782445982803204,0.4309651021286139,0.5704222870807257,10223.0,FG
2024-10-16,1304.0,1336.0,1283.0,1310.0,3841197,1062579,1316.0,0.012288941134351314,0.576873729505968,0.4315053134842319,0.5720202574319412,47473.0,FG
2024-10-17,1319.0,1336.0,1184.0,1184.0,5797492,1101891,1270.0,-0.10112860075124627,0.6840076967390376,0.4767934778461993,0.6228294541872026,39312.0,FG
2024-10-18,1190.0,1251.0,1181.0,1230.0,3451255,1095346,1215.0,0.03811563292251215,0.6942912583482591,0.48401760659517507,0.6304981670414429,-6545.0,FG
2024-10-21,1230.0,1248.0,1215.0,1246.0,2377380,1093887,1230.0,0.012924250980935212,0.6744702871869798,0.48389463060648386,0.6199609067211723,-1459.0,FG
2024-10-22,1248.0,1278.0,1231.0,1265.0,2871197,1040192,1259.0,0.015133701814222208,0.6621569081729497,0.4849165212975929,0.6179604834292829,-53695.0,FG
2024-10-23,1268.0,1293.0,1238.0,1255.0,1751988,1039290,1263.0,-0.007936549595736303,0.6654289562838829,0.48476235861288464,0.6200717436718814,-902.0,FG
2024-10-24,1260.0,1356.0,1257.0,1349.0,2719831,1093745,1303.0,0.07222800464187164,0.6952271000603661,0.5070851478161154,0.6300739090655698,54455.0,FG
2024-10-25,1354.0,1370.0,1328.0,1349.0,2496337,1108425,1351.0,0.0,0.6799766577387046,0.5060650369799615,0.6288454103852863,14680.0,FG
2024-10-28,1341.0,1419.0,1320.0,1412.0,2576937,1141857,1382.0,0.0456435618454316,0.6889898813260663,0.5144701065773043,0.638359059612156,33432.0,FG
2024-10-29,1405.0,1426.0,1351.0,1367.0,2621983,1167190,1386.0,-0.03238858132923786,0.6952479279980788,0.5177450436351122,0.635682788387357,25333.0,FG
2024-10-30,1386.0,1416.0,1327.0,1369.0,3503416,1136431,1375.0,0.0014619885644994101,0.6954298727099905,0.5124461308538223,0.6354931471534606,-30759.0,FG
2024-10-31,1378.0,1383.0,1340.0,1357.0,2224446,1153599,1364.0,-0.008804165453579775,0.6984105370270246,0.5127341168249947,0.6300347787316642,17168.0,FG
2024-11-01,1348.0,1372.0,1337.0,1365.0,1900248,1154835,1354.0,0.005878047784190969,0.6779690916914742,0.5109972601514718,0.6217677132022669,1236.0,FG
2024-11-04,1375.0,1380.0,1293.0,1337.0,2444073,1061936,1328.0,-0.02072613051711697,0.644117851784762,0.5110231825971084,0.6154269671472054,-92899.0,FG
2024-11-05,1342.0,1395.0,1327.0,1387.0,1811451,1108795,1360.0,0.03671484321288837,0.6085348486100548,0.5152953556410849,0.5581383583771741,46859.0,FG
2024-11-06,1400.0,1408.0,1364.0,1383.0,1894724,1068175,1384.0,-0.0028880886500733793,0.6010906602762874,0.5145872975124633,0.5562996887505867,-40620.0,FG
2024-11-07,1375.0,1396.0,1351.0,1385.0,1836730,1083919,1379.0,0.0014450869566807129,0.5829361616478937,0.5137970079402705,0.5468748157560959,15744.0,FG
2024-11-08,1389.0,1410.0,1342.0,1353.0,2431040,1152908,1374.0,-0.02337579045065083,0.5885607354621927,0.5148316365753081,0.5532039522154555,68989.0,FG
2024-11-11,1340.0,1381.0,1298.0,1326.0,2319710,1098367,1342.0,-0.02015745742498017,0.5860283547031869,0.51598972605186,0.549059127348537,-54541.0,FG
2024-11-12,1320.0,1325.0,1284.0,1315.0,1554262,1078278,1308.0,-0.008330226133942862,0.5566638887210122,0.5160133090622986,0.5217974072850622,-20089.0,FG
2024-11-13,1315.0,1346.0,1301.0,1336.0,1281215,1088267,1323.0,0.01584340948472618,0.5577694976190477,0.516966253677225,0.5197097628980781,9989.0,FG
2024-11-14,1340.0,1340.0,1280.0,1282.0,1346040,1106731,1312.0,-0.0412587166159757,0.44162563766554647,0.520565155903075,0.46237382111251046,18464.0,FG
2024-11-15,1290.0,1301.0,1254.0,1258.0,1435408,1082399,1276.0,-0.018898200220229543,0.4294691524791582,0.5202657303166028,0.45270844935579657,-24332.0,FG
2024-11-18,1264.0,1270.0,1223.0,1239.0,1344969,1102288,1246.0,-0.015218555631243363,0.4308198904536696,0.5211957694192902,0.4561999972617174,19889.0,FG
2024-11-19,1235.0,1263.0,1233.0,1257.0,971573,1066441,1247.0,0.014423326961104906,0.430492635717913,0.5219619226673345,0.4520997753098027,-35847.0,FG
2024-11-20,1253.0,1262.0,1242.0,1251.0,702612,1050824,1251.0,-0.0047846981233362704,0.42990244484695284,0.5219590601064674,0.44387638124898093,-15617.0,FG
2024-11-21,1252.0,1288.0,1246.0,1276.0,1065056,978579,1270.0,0.019786953437824002,0.3453910679334015,0.5137127688892268,0.41960677039560756,-72245.0,FG
2024-11-22,1283.0,1283.0,1230.0,1240.0,879939,953512,1255.0,-0.028618805305652677,0.3569845809622953,0.5149285020223452,0.42393720872301166,-25067.0,FG
2024-11-25,1240.0,1267.0,1235.0,1243.0,862532,944468,1249.0,0.002416432911628584,0.3067264432423928,0.506590497356655,0.39886425702853817,-9044.0,FG
2024-11-26,1242.0,1249.0,1216.0,1242.0,930112,931764,1234.0,-0.0008048290172870395,0.29142442508976163,0.5061619844086247,0.3862186063493903,-12704.0,FG
2024-11-27,1242.0,1255.0,1233.0,1243.0,649438,914423,1244.0,0.0008048290172870418,0.291247989331053,0.506155999420011,0.3627347241644021,-17341.0,FG
2024-11-28,1243.0,1250.0,1227.0,1246.0,660258,878819,1240.0,0.002410607836687344,0.2919314218269092,0.50548732604091,0.3586553172781527,-35604.0,FG
2024-11-29,1250.0,1275.0,1244.0,1263.0,965308,816885,1260.0,0.013551423003092611,0.2966623365884176,0.5058203279029159,0.35826598355539174,-61934.0,FG
2024-12-02,1263.0,1304.0,1249.0,1294.0,974444,744904,1282.0,0.024248352710354772,0.3055455983464326,0.5080221790406187,0.34294202930711737,-71981.0,FG
2024-12-03,1294.0,1294.0,1273.0,1282.0,542531,723273,1282.0,-0.00931683758023055,0.27090531694980524,0.5083929867202852,0.32795884913136814,-21631.0,FG
2024-12-04,1280.0,1280.0,1243.0,1249.0,800762,685820,1260.0,-0.026078127355037655,0.28190842003024963,0.48997846604174927,0.32694276628008045,-37453.0,FG
2024-12-05,1248.0,1250.0,1189.0,1201.0,967543,706025,1217.0,-0.03918868804559412,0.3051510144219056,0.4927478165045588,0.3366545762445863,20205.0,FG
2024-12-06,1200.0,1212.0,1189.0,1204.0,571518,673905,1202.0,0.0024948037887828718,0.3007011275230792,0.49140140606259003,0.3224535616751402,-32120.0,FG
2024-12-09,1198.0,1211.0,1186.0,1204.0,515706,637346,1198.0,0.0,0.2964828181302783,0.49140511921091234,0.2976862582393274,-36559.0,FG
2024-12-10,1235.0,1268.0,1221.0,1226.0,1133413,555319,1245.0,0.018107490627390425,0.306921641108342,0.4925557234329453,0.30098947745238325,-82027.0,FG
2024-12-11,1225.0,1237.0,1218.0,1230.0,365234,532564,1229.0,0.003257331870306505,0.2996212747845697,0.49241429319857233,0.29404404163862446,-22755.0,FG
2024-12-12,1234.0,1252.0,1227.0,1247.0,351343,472574,1241.0,0.013726497313573357,0.2717450340017773,0.4888669654215498,0.2807758703834047,-59990.0,FG
2024-12-13,1402.0,1409.0,1372.0,1375.0,671345,525616,1390.0,0.09771306442063521,0.43597783787381833,0.5262365057077325,0.2755429010291115,53042.0,FG
2024-12-16,1373.0,1377.0,1329.0,1363.0,1042750,624159,1350.0,-0.00876557840413902,0.4327328928217645,0.5195890825603771,0.27420463154274544,98543.0,FG
2024-12-17,1363.0,1382.0,1349.0,1372.0,841266,673974,1367.0,0.006581376589297994,0.4313167743996117,0.5157335108779137,0.27425556432127846,49815.0,FG
2024-12-18,1372.0,1391.0,1362.0,1373.0,991039,678860,1376.0,0.0007285974821405398,0.43021490308872856,0.5157404725363525,0.2758021737100608,4886.0,FG
2024-12-19,1376.0,1416.0,1367.0,1398.0,1429593,717485,1395.0,0.018044517025784544,0.42945180882315986,0.5121188456024446,0.2769538300057121,38625.0,FG
2024-12-20,1400.0,1400.0,1368.0,1373.0,1037651,693070,1381.0,-0.01804451702578451,0.42022886052015007,0.5094461209427982,0.2666271443181564,-24415.0,FG
2024-12-23,1370.0,1386.0,1356.0,1372.0,879826,688666,1373.0,-0.0007285974821404986,0.4206394767336141,0.508149749449221,0.2651389565844996,-4404.0,FG
2024-12-24,1379.0,1398.0,1366.0,1396.0,740508,698836,1378.0,0.017341475036487173,0.4222697152077705,0.5005053942867708,0.26359745663243345,10170.0,FG
2024-12-25,1395.0,1399.0,1362.0,1368.0,735731,709640,1377.0,-0.02026118513982197,0.43203322297113816,0.5021129868776291,0.26704397569971733,10804.0,FG
2024-12-26,1364.0,1375.0,1341.0,1346.0,831499,761808,1358.0,-0.01621258797782267,0.4383544685000472,0.5035517730492607,0.2694140150451719,52168.0,FG
2024-12-27,1344.0,1348.0,1331.0,1336.0,676350,773705,1341.0,-0.0074571561080820515,0.43853578844259006,0.4926964918947212,0.2656663977957459,11897.0,FG
2024-12-30,1336.0,1351.0,1323.0,1344.0,775970,759811,1339.0,0.005970166986503754,0.4314830255062583,0.47361524484205075,0.25334530469864547,-13894.0,FG
2024-12-31,1344.0,1345.0,1317.0,1327.0,795956,758572,1331.0,-0.012729486750887354,0.4328165074280857,0.4561284485212438,0.2548965036509827,-1239.0,FG
2025-01-02,1326.0,1347.0,1323.0,1338.0,491619,747308,1337.0,0.008255206355966344,0.42064772573668363,0.45394802295353187,0.25010083086232116,-11264.0,FG
2025-01-03,1335.0,1346.0,1323.0,1342.0,807114,784969,1335.0,0.0029850768434532774,0.3896981836181983,0.4482530395310549,0.22935709955254693,37661.0,FG
2025-01-06,1344.0,1362.0,1327.0,1336.0,1159630,770757,1345.0,-0.004480963435036092,0.3911954134809496,0.4448291623583401,0.2323903593125634,-14212.0,FG
2025-01-07,1344.0,1354.0,1329.0,1335.0,756743,796285,1341.0,-0.0007487832622411232,0.3913353489475603,0.4395958686589187,0.23153681962308714,25528.0,FG
2025-01-08,1332.0,1338.0,1292.0,1294.0,1075813,872244,1310.0,-0.031193095773504063,0.408329099514947,0.4307347002887583,0.22955484156426528,75959.0,FG
2025-01-09,1296.0,1326.0,1292.0,1319.0,798902,850826,1308.0,0.019135677656468814,0.41245296469154596,0.4317878527479272,0.23378872844960769,-21418.0,FG
2025-01-10,1320.0,1324.0,1306.0,1309.0,590610,820282,1315.0,-0.00761038680741472,0.4123859176152722,0.377681581395188,0.23166301042940998,-30544.0,FG
2025-01-13,1315.0,1375.0,1310.0,1362.0,1172659,779128,1345.0,0.03969072079955784,0.2581677478847423,0.37833868557483885,0.2470790598026984,-41154.0,FG
2025-01-14,1360.0,1394.0,1354.0,1391.0,883894,778444,1375.0,0.021068705213985288,0.266959893445288,0.3797253226217887,0.24329831425614942,-684.0,FG
2025-01-15,1391.0,1403.0,1380.0,1391.0,713471,780159,1390.0,0.0,0.2661677168535464,0.37873472702036537,0.24040067481612068,1715.0,FG
2025-01-16,1394.0,1439.0,1384.0,1436.0,1040336,798685,1405.0,0.03183855768472658,0.2880566456496586,0.38317521811133726,0.25027625583850616,18526.0,FG
2025-01-17,1436.0,1466.0,1418.0,1454.0,1086570,756716,1439.0,0.012456908485295216,0.284681279540907,0.3553314109767831,0.24908421803068356,-41969.0,FG
2025-01-20,1450.0,1454.0,1404.0,1417.0,910476,735737,1426.0,-0.02577641840278427,0.29302187805019214,0.35958550391477084,0.25525118663433405,-20979.0,FG
2025-01-21,1416.0,1429.0,1403.0,1409.0,740043,738693,1417.0,-0.00566172779200022,0.29404991744396586,0.3475346767023749,0.25399682306542243,2956.0,FG
2025-01-22,1407.0,1409.0,1387.0,1397.0,657514,737059,1397.0,-0.008553152641718444,0.28971804357816694,0.3414855398028346,0.25142301252191485,-1634.0,FG
2025-01-23,1396.0,1411.0,1382.0,1387.0,670095,721054,1397.0,-0.0071839389421302765,0.2812281245247261,0.3418233900918498,0.24883506364484534,-16005.0,FG
2025-01-24,1384.0,1401.0,1372.0,1397.0,573545,683446,1389.0,0.007183938942130338,0.2748181964291681,0.3415932018522769,0.24711334120649428,-37608.0,FG
2025-01-27,1397.0,1397.0,1361.0,1362.0,662494,643507,1376.0,-0.025372872547504085,0.2897062087395701,0.3454369151967869,0.2518168577325054,-39939.0,FG
2025-02-05,1336.0,1358.0,1322.0,1328.0,567228,732833,1338.0,-0.025280156673078487,0.30334761240677277,0.3467153775134815,0.2543396764606319,89326.0,FG
2025-02-06,1334.0,1344.0,1328.0,1337.0,526355,780456,1337.0,0.0067542470655639905,0.300907315214701,0.3385278488697446,0.25167433685438056,47623.0,FG
2025-02-07,1333.0,1362.0,1326.0,1342.0,771396,804097,1345.0,0.0037327404296839204,0.2997717044389207,0.33860897599156514,0.25518204134778194,23641.0,FG
2025-02-10,1340.0,1350.0,1316.0,1348.0,858852,857373,1335.0,0.004460973940625266,0.300000741401477,0.3387383800763368,0.25828666446651105,53276.0,FG
2025-02-11,1350.0,1352.0,1319.0,1323.0,766254,939623,1333.0,-0.01872012735729666,0.3070790295025109,0.3375344767655802,0.25770036275616487,82250.0,FG
2025-02-12,1319.0,1328.0,1308.0,1322.0,666043,988590,1319.0,-0.0007561437033240652,0.3070791125652577,0.3350299975089998,0.2566745176898942,48967.0,FG
2025-02-13,1323.0,1337.0,1267.0,1271.0,1338576,1124734,1304.0,-0.03934174922217759,0.3189226572377428,0.34413409137059014,0.2709276163179002,136144.0,FG
2025-02-14,1270.0,1281.0,1253.0,1261.0,1125198,1138949,1266.0,-0.00789893522453444,0.3107985753306971,0.3427464047063863,0.26937307169868274,14215.0,FG
2025-02-17,1261.0,1278.0,1243.0,1271.0,1351925,1175056,1264.0,0.007898935224534463,0.31211226808056874,0.3328015994822173,0.274214338150765,36107.0,FG
2025-02-18,1267.0,1287.0,1265.0,1280.0,902464,1172654,1275.0,0.007056085724208799,0.27454539532675504,0.3308150184266621,0.2568285580291428,-2402.0,FG
2025-02-19,1284.0,1289.0,1271.0,1273.0,671631,1185654,1278.0,-0.005483758356256353,0.2594165421908141,0.3294754823141807,0.25105977036909227,13000.0,FG
2025-02-20,1277.0,1300.0,1275.0,1293.0,857496,1123301,1288.0,0.015588780214451026,0.2686128208218484,0.3296934209514197,0.2519904401625936,-62353.0,FG
2025-02-21,1295.0,1305.0,1263.0,1267.0,1004810,1214491,1280.0,-0.020313198450718436,0.2396694290738693,0.3322560226922744,0.24794539679187622,91190.0,FG
2025-02-24,1264.0,1277.0,1252.0,1268.0,786096,1236621,1265.0,0.0007889546760320998,0.23107574384052532,0.3297670643579904,0.24133563263769997,22130.0,FG
2025-02-25,1269.0,1272.0,1236.0,1237.0,1001751,1343758,1250.0,-0.024751762604683293,0.22999698793523599,0.32844204629156837,0.23756770435859284,107137.0,FG
2025-02-26,1237.0,1244.0,1214.0,1224.0,1236286,1394453,1228.0,-0.010564909320216469,0.23033281583552745,0.32909884260965516,0.2400103036626967,50695.0,FG
2025-02-27,1222.0,1236.0,1209.0,1234.0,1019369,1391831,1224.0,0.008136741393061704,0.23636742489913534,0.32954157132880924,0.2422555141702667,-2622.0,FG
2025-02-28,1235.0,1254.0,1223.0,1248.0,1059195,1360222,1235.0,0.011281344464039758,0.24424398976133718,0.3303573636567844,0.24406616483587468,-31609.0,FG
2025-03-03,1245.0,1252.0,1220.0,1227.0,1106862,1434086,1235.0,-0.01697010421846159,0.24295129966051426,0.3321386767772506,0.24620743928179153,73864.0,FG
2025-03-04,1223.0,1244.0,1223.0,1231.0,1069702,1391111,1234.0,0.003254681473542088,0.23461097180110765,0.3309879312143262,0.2425942693486273,-42975.0,FG
2025-03-05,1235.0,1239.0,1195.0,1202.0,1290488,1452888,1213.0,-0.023840011089300586,0.23302742478431554,0.330351611140479,0.2479758480846974,61777.0,FG
2025-03-06,1202.0,1211.0,1188.0,1206.0,934602,1444191,1199.0,0.00332226219197786,0.23106024159201155,0.33004775808397613,0.2500061671877324,-8697.0,FG
2025-03-07,1206.0,1207.0,1177.0,1182.0,911630,1499884,1193.0,-0.020101179321087265,0.23433835405355619,0.32834593242450794,0.24924693282009394,55693.0,FG
2025-03-10,1180.0,1184.0,1140.0,1143.0,1306895,1600478,1161.0,-0.0335515341712329,0.24932741755744733,0.32575330476601116,0.2562351178681323,100594.0,FG
2025-03-11,1146.0,1163.0,1141.0,1153.0,853575,1543446,1152.0,0.00871085647424838,0.253003175094157,0.32626843713699694,0.2540625078640738,-57032.0,FG
2025-03-12,1159.0,1169.0,1139.0,1147.0,1015939,1557541,1153.0,-0.00521740313968829,0.2520730556660073,0.32639335107951606,0.2579860601962891,14095.0,FG
2025-03-13,1150.0,1165.0,1133.0,1151.0,1392048,1551669,1149.0,0.003481291592511897,0.2238957665172597,0.32415944450852147,0.23878077810786186,-5872.0,FG
2025-03-14,1150.0,1168.0,1143.0,1163.0,1027019,1534991,1154.0,0.010371743796781706,0.22997461084059168,0.3248846919522493,0.23858917961993792,-16678.0,FG
2025-03-17,1163.0,1198.0,1152.0,1172.0,1579496,1551525,1173.0,0.007708817618293449,0.2298456357046267,0.3239650091930175,0.2456825967256285,16534.0,FG
2025-03-18,1177.0,1192.0,1156.0,1158.0,1602444,1575761,1177.0,-0.012017312004017327,0.2275953351758593,0.2515881478703486,0.251514675498347,24236.0,FG
2025-03-19,1167.0,1182.0,1152.0,1176.0,1591782,1557222,1169.0,0.01542447032563173,0.2387518556702289,0.2540170364968284,0.25563205790956206,-18539.0,FG
2025-03-20,1181.0,1185.0,1160.0,1173.0,1169517,1542707,1172.0,-0.0025542798050967423,0.22755694874952873,0.25332282681583174,0.256315421976421,-14515.0,FG
2025-03-21,1176.0,1179.0,1155.0,1173.0,1169709,1536709,1169.0,0.0,0.22064614535989496,0.25328648073667903,0.2505590313260194,-5998.0,FG
2025-03-24,1175.0,1244.0,1171.0,1240.0,2883838,1590781,1215.0,0.055546809945607144,0.30472284724573506,0.27673612887476595,0.2783975355227385,54072.0,FG
2025-03-25,1245.0,1262.0,1223.0,1260.0,2239932,1598285,1239.0,0.01600034134644112,0.2970995496556844,0.27709717353204305,0.27969908781953423,7504.0,FG
2025-03-26,1261.0,1269.0,1226.0,1229.0,2409953,1530312,1248.0,-0.024910890379488883,0.30850771297504503,0.2812034917810914,0.284433665826006,-67973.0,FG
2025-03-27,1227.0,1244.0,1214.0,1236.0,2256780,1585098,1228.0,0.005679528451601163,0.3077978443796622,0.2788313362518105,0.2852889853727196,54786.0,FG
2025-03-28,1233.0,1235.0,1191.0,1197.0,2101478,1472799,1213.0,-0.03206193245966292,0.32472638161068124,0.28310864311420203,0.2906859405504072,-112299.0,FG
2025-03-31,1195.0,1204.0,1170.0,1181.0,2101877,1430724,1187.0,-0.013456889360610843,0.3228396563933563,0.28258715423575387,0.29184842545790446,-42075.0,FG
2025-04-01,1188.0,1243.0,1187.0,1235.0,2823646,1366608,1218.0,0.044709432864715314,0.36241061601724167,0.298096150506397,0.305695134482713,-64116.0,FG
2025-04-02,1239.0,1243.0,1207.0,1225.0,2019210,1337172,1228.0,-0.008130126083250176,0.35285055109595853,0.29802645840531783,0.3024058179535294,-29436.0,FG
2025-04-03,1226.0,1232.0,1193.0,1198.0,1809200,1253692,1216.0,-0.022287344303432745,0.36207921182258784,0.3001771529474263,0.30733812403104066,-83480.0,FG
2025-04-07,1163.0,1185.0,1154.0,1180.0,1392822,1156024,1172.0,-0.015139061215684266,0.3589258142161564,0.30068611201993944,0.30784542248172625,-97668.0,FG
2025-04-08,1190.0,1218.0,1183.0,1190.0,1893070,1050481,1199.0,0.008438868645864604,0.3374706342705899,0.3012819857223268,0.30353855544068026,-105543.0,FG
2025-04-09,1200.0,1205.0,1141.0,1180.0,2216569,925525,1174.0,-0.008438868645864595,0.3384388801934944,0.30152811658520023,0.3223648395787845,-124956.0,FG
2025-04-10,1174.0,1214.0,1159.0,1169.0,1877251,889134,1183.0,-0.009365755987642051,0.33978213743462604,0.3018810180410581,0.3325099964814817,-36391.0,FG
2025-04-11,1165.0,1168.0,1138.0,1146.0,1324414,907907,1154.0,-0.01987106419738352,0.34743769646512046,0.2981369621005176,0.3318403956266283,18773.0,FG
2025-04-14,1146.0,1161.0,1134.0,1152.0,1145836,834460,1149.0,0.005221943981151625,0.3458458749117407,0.295291787876638,0.3324210079276693,-73447.0,FG
2025-04-15,1207.0,1210.0,1169.0,1181.0,875513,976888,1188.0,0.024861974941525804,0.35634462965969105,0.3001955929960784,0.3300750200244382,142428.0,FG
2025-04-16,1179.0,1192.0,1175.0,1185.0,903007,1027314,1184.0,0.0033812373718693574,0.3534412626259958,0.28787111332268556,0.3250227906243705,50426.0,FG
2025-04-17,1186.0,1189.0,1162.0,1166.0,1360732,1142184,1174.0,-0.016163686658793922,0.3543014015274475,0.2850718415019344,0.3240969595319425,114870.0,FG
2025-04-18,1162.0,1166.0,1120.0,1122.0,2040334,1256982,1140.0,-0.03846628082779605,0.37902609876515725,0.29406214940949604,0.33210406400677894,114798.0,FG
2025-04-21,1124.0,1141.0,1112.0,1130.0,1589434,1169117,1126.0,0.007104825623744582,0.3804041543887074,0.28565213669620115,0.3337279578224179,-87865.0,FG
2025-04-22,1134.0,1138.0,1119.0,1124.0,986179,1166616,1129.0,-0.005323881252749855,0.31472746248667427,0.28361162301758425,0.3101043078343437,-2501.0,FG
2025-04-23,1130.0,1159.0,1127.0,1154.0,1572772,1070617,1146.0,0.026340416614408564,0.32569914843319026,0.2868156561272352,0.308636214723931,-95999.0,FG
2025-04-24,1156.0,1156.0,1128.0,1135.0,1132067,1073998,1141.0,-0.01660151715254179,0.32008842217213096,0.288044349479322,0.30431772383883354,3381.0,FG
2025-04-25,1137.0,1141.0,1117.0,1121.0,1239717,1149632,1128.0,-0.012411506843343146,0.31929565895320383,0.28843265913427507,0.3032492850597993,75634.0,FG
2025-04-28,1118.0,1135.0,1116.0,1122.0,1036414,1161839,1124.0,0.000891663010481642,0.303239773079682,0.2884866334270728,0.2954853740196603,12207.0,FG
2025-04-29,1120.0,1127.0,1100.0,1108.0,1088108,1150500,1115.0,-0.012556218775412482,0.302856779626519,0.28819300340552745,0.29370590129262386,-11339.0,FG
2025-04-30,1106.0,1111.0,1077.0,1082.0,1456896,1106406,1089.0,-0.023745407900802287,0.2530009722220624,0.28769701995823144,0.28467112697471114,-44094.0,FG
2025-05-06,1078.0,1088.0,1064.0,1071.0,733056,1193997,1073.0,-0.010218388958678081,0.2532733219808388,0.28456563192332585,0.28175625415611927,87591.0,FG
2025-05-07,1082.0,1092.0,1069.0,1074.0,1249889,1258220,1080.0,0.002797204621061219,0.24846485204111038,0.2840706475587839,0.2770639249667735,64223.0,FG
2025-05-08,1071.0,1074.0,1046.0,1057.0,1461865,1288570,1055.0,-0.01595528919857232,0.2488994687086551,0.2847442889634757,0.2770243169382525,30350.0,FG
2025-05-09,1055.0,1058.0,1033.0,1034.0,1029819,1338074,1048.0,-0.021999930801863243,0.24972771483064568,0.28653822450144445,0.27475065544653166,49504.0,FG
2025-05-12,1034.0,1053.0,1022.0,1045.0,1657586,1335775,1036.0,0.010582109330537008,0.25725308653103585,0.2865844093691334,0.2570715887706876,-2299.0,FG
2025-05-13,1054.0,1055.0,1016.0,1016.0,1639503,1463489,1032.0,-0.02814353626048412,0.26872459491135353,0.29072141722476996,0.25058226970538433,127714.0,FG
2025-05-14,1015.0,1049.0,1013.0,1046.0,2122179,1409655,1037.0,0.029100016486440956,0.2926100309881496,0.2894183564118658,0.25541516718524704,-53834.0,FG
2025-05-15,1044.0,1048.0,1028.0,1036.0,1541569,1419005,1037.0,-0.009606221805439867,0.290774770672282,0.28955558058178626,0.25380014934688055,9350.0,FG
2025-05-16,1033.0,1037.0,1002.0,1005.0,1631605,1547751,1016.0,-0.03037960232625224,0.2807819471187578,0.29380718319476923,0.253715953274026,128746.0,FG
2025-05-19,1003.0,1029.0,1003.0,1018.0,1659895,1493734,1018.0,0.012852376617292022,0.2877734715819483,0.29496015298232364,0.2576709404802551,-54017.0,FG
2025-05-20,1018.0,1034.0,1014.0,1025.0,1377999,1482583,1024.0,0.006852694462040528,0.2902508842334795,0.2957386613324417,0.2563893917219611,-11151.0,FG
2025-05-21,1024.0,1036.0,1016.0,1034.0,1270009,1484264,1026.0,0.008742163495865894,0.26892709737200926,0.29418129987789293,0.2452441338990723,1681.0,FG
2025-05-22,1035.0,1036.0,1005.0,1018.0,1570701,1548635,1020.0,-0.0155948579579064,0.2684753806501752,0.29321003421238545,0.24762355171610473,64371.0,FG
2025-05-23,1015.0,1017.0,998.0,1000.0,1493522,1603648,1007.0,-0.017839918128331005,0.27216126113968614,0.2944788818406588,0.24827980933033297,55013.0,FG
2025-05-26,1000.0,1030.0,1000.0,1019.0,2115548,1510121,1019.0,0.018821754240587667,0.26155353338869675,0.2948731355508535,0.24909394555722744,-93527.0,FG
2025-05-27,1022.0,1044.0,1011.0,1031.0,2190050,1482091,1026.0,0.011707450794235068,0.26588387640224637,0.29602842921749684,0.25295940628048974,-28030.0,FG
2025-05-28,1030.0,1035.0,1004.0,1009.0,1749704,1524157,1017.0,-0.02156946366335098,0.2712484209679771,0.297559003770008,0.25713823132569513,42066.0,FG
2025-05-29,1006.0,1010.0,978.0,985.0,2327941,1641669,990.0,-0.02407337918152013,0.2780698976498526,0.2989384876930455,0.26364469838609456,117512.0,FG
2025-05-30,984.0,993.0,971.0,982.0,1606166,1510335,984.0,-0.00305033281762298,0.2773810211218803,0.29771625868093937,0.26290776518859915,-131334.0,FG
2025-06-03,977.0,977.0,952.0,954.0,1182829,1561412,960.0,-0.02892763690617937,0.2822959998012285,0.3017454012345931,0.2603738507137487,51077.0,FG
2025-06-04,956.0,996.0,953.0,988.0,2306267,1444272,972.0,0.035019026299581354,0.31717639139195125,0.30937509392365636,0.2726394786805566,-117140.0,FG
2025-06-05,983.0,985.0,957.0,963.0,1668932,1552198,968.0,-0.025629285949742304,0.32494928628894015,0.31239168597872297,0.27575118005857807,107926.0,FG
2025-06-06,974.0,1008.0,971.0,997.0,3063710,1422086,993.0,0.034697358163712846,0.35166193735606344,0.32016753936289494,0.28142094014283636,-130112.0,FG
2025-06-09,1000.0,1018.0,987.0,1006.0,2686817,1450682,1002.0,0.008986580697846186,0.3465708177089367,0.31460196332479096,0.2844843674705714,28596.0,FG
2025-06-10,1001.0,1006.0,985.0,995.0,1746022,1434554,996.0,-0.010994613501091719,0.3451706292124979,0.31429653289345605,0.28091294099778474,-16128.0,FG
2025-06-11,995.0,1002.0,989.0,998.0,1241616,1426034,996.0,0.0030105391528712842,0.3319811453897668,0.3144389684425328,0.27071059346216086,-8520.0,FG
2025-06-12,995.0,998.0,977.0,981.0,1276271,1490736,987.0,-0.017180816746100853,0.31694714939220703,0.31565016834434984,0.2642447728915129,64702.0,FG
2025-06-13,982.0,991.0,967.0,976.0,1737830,1426154,979.0,-0.005109873152270591,0.3161504672770383,0.31452100546572576,0.26619762200280156,-64582.0,FG
2025-06-16,979.0,987.0,969.0,980.0,1248122,1448684,976.0,0.004089985251525066,0.299919508477669,0.3140891834311216,0.2589861668123999,22530.0,FG
2025-06-17,980.0,985.0,968.0,974.0,1064709,1471664,976.0,-0.006141268022082465,0.29564777845672763,0.3136015711734015,0.25590530034320613,22980.0,FG
2025-06-18,975.0,985.0,973.0,980.0,874314,1458550,980.0,0.006141268022082429,0.2953714290389958,0.3118728467089703,0.2538601330572086,-13114.0,FG
2025-06-19,978.0,1005.0,978.0,998.0,1659540,1428655,994.0,0.01820070464684637,0.3018233365540376,0.31487259034766735,0.2570513117973444,-29895.0,FG
2025-06-20,999.0,1021.0,989.0,1007.0,1792175,1453484,1006.0,0.008977616407098384,0.29951015762797756,0.31573001426812647,0.25784886527665796,24829.0,FG
2025-06-23,1007.0,1013.0,997.0,1007.0,1217660,1441874,1004.0,0.0,0.2925137747772696,0.2918843252625062,0.25695387105013906,-11610.0,FG
2025-06-24,1004.0,1025.0,1002.0,1015.0,1956014,1472003,1014.0,0.007912998757325504,0.2859173610091297,0.2900596819235828,0.25378775078630494,30129.0,FG
2025-06-25,1015.0,1019.0,1006.0,1017.0,1063603,1445375,1012.0,0.0019685045726721534,0.2826365953809989,0.2868648658675362,0.24596805922580933,-26628.0,FG
2025-06-26,1015.0,1023.0,1003.0,1016.0,1111332,1435796,1014.0,-0.000983767910132727,0.2717832016493788,0.2863171922040453,0.241015971340146,-9579.0,FG
2025-06-27,1013.0,1028.0,1011.0,1019.0,1502620,1439672,1019.0,0.002948405084297607,0.2561814510464539,0.28025213670886023,0.23381400978830275,3876.0,FG
2025-06-30,1017.0,1032.0,1004.0,1006.0,1612053,1470350,1018.0,-0.012839682563040305,0.26086347046957864,0.2801544133343052,0.23625651329190586,30678.0,FG
2025-07-01,1005.0,1006.0,976.0,980.0,1606828,1622758,988.0,-0.02618477899506691,0.2568436041483558,0.2663847452921143,0.23857921189489695,152408.0,FG
2025-07-02,984.0,1056.0,983.0,1052.0,3661136,1502043,1023.0,0.07089582163303756,0.33741813342935456,0.3067876947796904,0.26697194630975335,-120715.0,FG
2025-07-03,1049.0,1061.0,1026.0,1039.0,3119847,1524401,1042.0,-0.0124344021984278,0.32563512759341523,0.3047524998254916,0.2694392795860314,22358.0,FG
2025-07-04,1029.0,1044.0,1022.0,1026.0,2235855,1542058,1031.0,-0.012590965368512503,0.30909305517887276,0.30434433464695465,0.26141420147946626,17657.0,FG
2025-07-07,1024.0,1035.0,1013.0,1019.0,1382217,1587598,1025.0,-0.006845992507990002,0.3090711529101924,0.3036509478286839,0.2571124971774579,45540.0,FG
2025-07-08,1017.0,1034.0,1016.0,1025.0,1130531,1572421,1024.0,0.005870858349783827,0.30645697750892825,0.30388693791010235,0.2559118441051357,-15177.0,FG
2025-07-09,1026.0,1037.0,1020.0,1035.0,1216515,1526303,1029.0,0.009708814126960903,0.307807695027851,0.30451387249675266,0.2568147272866688,-46118.0,FG
2025-07-10,1035.0,1100.0,1032.0,1083.0,3067990,1372224,1063.0,0.04533354130152119,0.3351676213375073,0.3171509760102046,0.2868321252889403,-154079.0,FG
2025-07-11,1084.0,1108.0,1077.0,1086.0,2826727,1398701,1090.0,0.00276625349289011,0.3332094370217977,0.31698830106896964,0.2884326915016454,26477.0,FG
2025-07-14,1087.0,1103.0,1077.0,1102.0,1636003,1395902,1087.0,0.014625489218979012,0.3347678406224956,0.3141275455623159,0.2902267584023786,-2799.0,FG
2025-07-15,1098.0,1105.0,1057.0,1071.0,2249038,1502263,1082.0,-0.028533919265111007,0.35413742591308167,0.3188943021956616,0.30291431186732926,106361.0,FG
2025-07-16,1070.0,1077.0,1060.0,1070.0,1313140,1526303,1068.0,-0.0009341429917969075,0.35465398429063694,0.31747664449315216,0.3036790718176067,24040.0,FG
2025-07-17,1069.0,1097.0,1069.0,1092.0,1832571,1522202,1083.0,0.020352228848898517,0.3558357586998263,0.3110406965546224,0.30313570386954786,-4101.0,FG
2025-07-18,1091.0,1118.0,1075.0,1081.0,2532127,1502548,1095.0,-0.010124338665642038,0.35906774808860914,0.3112552621391167,0.30700948751607465,-19654.0,FG
2025-07-21,1095.0,1186.0,1090.0,1173.0,4148124,1227629,1145.0,0.0816780310142671,0.4524378769057342,0.3536073561546042,0.353883791754891,-274919.0,FG
2025-07-22,1173.0,1249.0,1165.0,1249.0,3690129,1044193,1203.0,0.06277866147210229,0.4926839195388959,0.37213533896200685,0.3804801088038223,-183436.0,FG
2025-07-23,1242.0,1258.0,1185.0,1211.0,3630146,1039384,1223.0,-0.03089676657248546,0.51332994274127,0.3761743291525704,0.4001669503411361,-4809.0,FG
2025-07-24,1206.0,1334.0,1200.0,1307.0,4645905,967533,1261.0,0.07628797007112972,0.5642628885382095,0.4051507998113356,0.45705511155182277,-71851.0,FG
2025-07-25,1310.0,1370.0,1310.0,1362.0,4308526,1028427,1344.0,0.04121977308523567,0.5718284736891062,0.41273959444072306,0.4654972711863046,60894.0,FG
2025-07-28,1355.0,1355.0,1223.0,1223.0,4878476,950442,1280.0,-0.10764735102228534,0.7124404059310938,0.4698428590939663,0.5105273577521294,-77985.0,FG
2025-07-29,1220.0,1227.0,1139.0,1188.0,3485527,882981,1182.0,-0.02903563576458214,0.7144018905684397,0.471176478817718,0.53054320213095,-67461.0,FG
2025-07-30,1187.0,1255.0,1163.0,1191.0,4846742,959096,1217.0,0.002522069432709939,0.6771703502939117,0.4705445184955923,0.5333599874717994,76115.0,FG
2025-07-31,1175.0,1178.0,1107.0,1117.0,2837038,1101418,1146.0,-0.06414677028609941,0.7192720430000645,0.48938971390436675,0.5448140843620941,142322.0,FG
2025-08-01,1116.0,1134.0,1077.0,1102.0,2615978,1169245,1104.0,-0.013519809356340865,0.7195549250874544,0.48906460836639587,0.5538665683043494,67827.0,FG
2025-08-04,1102.0,1114.0,1061.0,1086.0,1835835,1186824,1084.0,-0.014625489218979014,0.7215599769640803,0.48784471606912033,0.5616043964567838,17579.0,FG
2025-08-05,1082.0,1096.0,1053.0,1077.0,2095527,1155739,1073.0,-0.008321823337492217,0.7226085897563077,0.4877675547050414,0.5667726192115548,-31085.0,FG
2025-08-06,1079.0,1093.0,1068.0,1083.0,1293763,1115178,1079.0,0.005555569844601964,0.7222105603702205,0.4842189812045378,0.5678143877901543,-40561.0,FG
2025-08-07,1085.0,1097.0,1062.0,1076.0,1382972,1053516,1078.0,-0.006484506279260936,0.7045740409599484,0.4809257324909276,0.5556936541388275,-61662.0,FG
2025-08-08,1074.0,1076.0,1045.0,1063.0,1096823,1024783,1060.0,-0.012155362379781808,0.7056870488806034,0.4811801522234101,0.5558937574339127,-28733.0,FG
2025-08-11,1058.0,1080.0,1043.0,1068.0,1035259,1017414,1068.0,0.004692641178192225,0.703651009956462,0.47697237990281727,0.5585079446207675,-7369.0,FG
2025-08-12,1067.0,1092.0,1037.0,1073.0,1407979,873796,1067.0,0.0046707231105582794,0.6966654047706082,0.4764039182821886,0.5613197397720332,-143618.0,FG
2025-08-13,1239.0,1253.0,1209.0,1214.0,2217657,1023728,1237.0,0.12346222898874501,0.8218333353423642,0.5380738127545422,0.5654199177177771,149932.0,FG
2025-08-14,1205.0,1230.0,1193.0,1220.0,1796782,1035952,1215.0,0.004930166107858586,0.8201739690017986,0.5379522975247668,0.5664729132726174,12224.0,FG
2025-08-15,1224.0,1242.0,1201.0,1211.0,1884910,1096010,1219.0,-0.007404394174210009,0.8195464956754646,0.5370273539186002,0.5648333274410862,60058.0,FG
2025-08-18,1213.0,1238.0,1191.0,1212.0,2313057,1115020,1218.0,0.0008254230761674215,0.7691979403618557,0.5353227099384894,0.5419119857686571,19010.0,FG
2025-08-19,1218.0,1237.0,1193.0,1196.0,2127201,1196463,1215.0,-0.013289232118682765,0.7359338914941292,0.5353660897917997,0.5270000575638578,81443.0,FG
2025-08-20,1198.0,1200.0,1143.0,1162.0,2644752,1198103,1166.0,-0.02883999709872049,0.7349126572270498,0.5388520699896431,0.5218185795210196,1640.0,FG
2025-08-21,1165.0,1177.0,1151.0,1156.0,1463344,1208724,1164.0,-0.005176888179533792,0.6745952140192224,0.5368499115626344,0.47330849223291527,10621.0,FG
2025-08-22,1156.0,1175.0,1152.0,1173.0,1257879,1148710,1165.0,0.014598799421152631,0.6563232987871574,0.5346089866395625,0.4655543424178835,-60014.0,FG
2025-08-25,1176.0,1215.0,1175.0,1191.0,2567913,1201421,1194.0,0.015228720701824683,0.5436530579329364,0.535047147926931,0.4176500188406097,52711.0,FG
2025-08-26,1189.0,1194.0,1172.0,1173.0,1586215,1196769,1183.0,-0.01522872070182467,0.5365383503118316,0.5322835130332219,0.3886137818479268,-4652.0,FG
2025-08-27,1171.0,1188.0,1165.0,1175.0,1293257,1193728,1178.0,0.001703577924783829,0.5364827745492805,0.5282383591521582,0.35582603096358983,-3041.0,FG
2025-08-28,1177.0,1178.0,1149.0,1174.0,1668046,1216437,1163.0,-0.000851426190217624,0.4818420785369032,0.5249814585232624,0.33465037042400764,22709.0,FG
2025-08-29,1178.0,1188.0,1162.0,1182.0,1510202,1269165,1173.0,0.0067911975780017555,0.4783012142258245,0.5209851771933748,0.3196993803717668,52728.0,FG
2025-09-01,1181.0,1181.0,1125.0,1137.0,2067435,1322189,1147.0,-0.038814704215507416,0.49762088295964735,0.5276883681990974,0.3195849096818309,53024.0,FG
2025-09-02,1139.0,1152.0,1131.0,1134.0,1284386,1299979,1142.0,-0.0026420094628386965,0.4964302296081424,0.5270892146309972,0.31054521549197833,-22210.0,FG
2025-09-03,1135.0,1152.0,1129.0,1135.0,1157303,1324536,1140.0,0.0008814456278056417,0.4963364661450454,0.5270929058396735,0.30960980881133143,24557.0,FG
2025-09-04,1133.0,1148.0,1118.0,1139.0,1361905,1295626,1133.0,0.003518033531679029,0.49525388310598334,0.5255685308052854,0.3070494007167217,-28910.0,FG
2025-09-05,1141.0,1200.0,1134.0,1189.0,2412049,1251681,1166.0,0.04296193324359966,0.5113638559811942,0.5317474753532381,0.32381213878706333,-43945.0,FG
2025-09-08,1192.0,1218.0,1163.0,1204.0,2813295,1293878,1188.0,0.01253672917798452,0.5119322550754383,0.5320807433021181,0.3301539286311583,42197.0,FG
2025-09-09,1204.0,1212.0,1185.0,1192.0,1926794,1287683,1199.0,-0.010016778243471232,0.5150556047592759,0.5324348594538204,0.31503842811180965,-6195.0,FG
2025-09-10,1186.0,1194.0,1163.0,1181.0,2176748,1280165,1179.0,-0.009271031427932792,0.2694923902377421,0.5330236167682192,0.31081825312848,-7518.0,FG
2025-09-11,1182.0,1202.0,1175.0,1185.0,1662007,1296988,1186.0,0.0033812373718693574,0.2690706430089996,0.5321033248683307,0.3077810216802185,16823.0,FG
2025-09-12,1182.0,1186.0,1164.0,1180.0,1800341,1311415,1175.0,-0.004228336109521064,0.2683801097887123,0.5321430457800137,0.3020421781987707,14427.0,FG
2025-09-15,1178.0,1214.0,1171.0,1207.0,2070446,1341471,1193.0,0.022623503637821084,0.28139758701396783,0.5336686425996752,0.30056473355074426,30056.0,FG
2025-09-16,1222.0,1249.0,1217.0,1237.0,2541110,1280067,1236.0,0.02455115129495639,0.289923614427957,0.5353930129098273,0.295740254632745,-61404.0,FG
2025-09-17,1240.0,1247.0,1224.0,1234.0,1652257,1304305,1235.0,-0.002428167927154733,0.26750503758937655,0.5355144353899116,0.2799062455633344,24238.0,FG
2025-09-18,1232.0,1238.0,1202.0,1208.0,1736649,1291147,1219.0,-0.021294825970572882,0.2797804149573523,0.5377906586701418,0.28288536743480935,-13158.0,FG
2025-09-19,1207.0,1223.0,1201.0,1216.0,1273744,1292331,1212.0,0.006600684031352093,0.2765267591705071,0.537844158220993,0.28239654349258986,1184.0,FG
2025-09-22,1220.0,1230.0,1188.0,1199.0,1735865,1274079,1212.0,-0.014078907498598024,0.2772127362670476,0.538004195457973,0.28308566118547634,-18252.0,FG
2025-09-23,1195.0,1195.0,1169.0,1183.0,1845547,1315901,1181.0,-0.013434291049127509,0.27595691010611095,0.5357055560752177,0.28418266593371494,41822.0,FG
2025-09-24,1188.0,1277.0,1183.0,1237.0,4072071,1316149,1232.0,0.04463550841410116,0.31723294515065914,0.5241894112076138,0.3246435841153609,248.0,FG
2025-09-25,1252.0,1282.0,1236.0,1270.0,3627110,1371942,1260.0,0.026327807060149137,0.3277540623051524,0.5254174195280343,0.3295636150129362,55793.0,FG
2025-09-26,1269.0,1269.0,1243.0,1252.0,2368599,1291061,1257.0,-0.014274627792593163,0.33374196375000403,0.5256450032616139,0.3291452463202456,-80881.0,FG
2025-09-29,1251.0,1253.0,1214.0,1228.0,2274586,1157497,1229.0,-0.01935544295295609,0.30784313845774564,0.5272875822383465,0.31969505036962353,-133564.0,FG
2025-09-30,1224.0,1244.0,1210.0,1210.0,1707194,990735,1230.0,-0.014766470116301007,0.3141276798733152,0.5285109453682056,0.3227091022668243,-166762.0,FG
2025-10-09,1217.0,1233.0,1196.0,1218.0,1452047,1151489,1215.0,0.006589809679055583,0.31421122721313127,0.5283756477623867,0.32633196096065403,160754.0,FG
2025-10-10,1224.0,1245.0,1202.0,1207.0,2134358,1280201,1224.0,-0.009072227172310876,0.31735425149552976,0.5214052669683555,0.3300017389433997,128712.0,FG
2025-10-13,1195.0,1199.0,1153.0,1179.0,2071269,1286755,1178.0,-0.02347132056016058,0.29298772500700754,0.5239451052371645,0.3183913819381946,6554.0,FG
2025-10-14,1180.0,1180.0,1132.0,1138.0,1999045,1409688,1149.0,-0.035394285851094734,0.3133900293531996,0.5285112890169756,0.31547164532534394,122933.0,FG
2025-10-15,1137.0,1145.0,1124.0,1129.0,1530734,1464845,1134.0,-0.007940050536614212,0.3128479638361832,0.5253740868008786,0.31429108150604707,55157.0,FG
2025-10-16,1137.0,1148.0,1126.0,1147.0,1500093,1420922,1137.0,0.01581755297970868,0.3184546425997374,0.5262411797522315,0.3120048254780693,-43923.0,FG
2025-10-17,1145.0,1145.0,1091.0,1095.0,2244180,1558621,1118.0,-0.04639547487876953,0.35502465349799656,0.53351295430575,0.3248723092715137,137699.0,FG
2025-10-20,1099.0,1125.0,1086.0,1091.0,2240463,1624204,1108.0,-0.0036596564175303986,0.3550244681800477,0.5331538565957211,0.33101894011919775,65583.0,FG
2025-10-21,1088.0,1101.0,1079.0,1087.0,1453431,1661180,1089.0,-0.0036730987118613503,0.3410528642295989,0.5056070822952449,0.32488000522763427,36976.0,FG
2025-10-22,1088.0,1100.0,1072.0,1094.0,1383748,1659794,1090.0,0.006419095860717024,0.3259042324609903,0.4881422297988619,0.32481886301167273,-1386.0,FG
2025-10-23,1095.0,1115.0,1082.0,1108.0,1913171,1658907,1098.0,0.012715884325302495,0.33250651092818256,0.4853914989278507,0.32865494853191424,-887.0,FG
2025-10-24,1105.0,1108.0,1085.0,1092.0,1870576,1721621,1096.0,-0.014545711002378751,0.3290961611336842,0.45838621209858127,0.32568643891917953,62714.0,FG
2025-10-27,1090.0,1107.0,1083.0,1095.0,1947481,1807146,1093.0,0.002743485945750834,0.3275788150716655,0.44929846018447017,0.32672936489729604,85525.0,FG
2025-10-28,1098.0,1122.0,1096.0,1113.0,2341299,1695797,1109.0,0.01630470902494357,0.33433607849624,0.39576398923327455,0.32216199652570976,-111349.0,FG
2025-10-29,1113.0,1134.0,1109.0,1127.0,2203315,1673338,1123.0,0.012500162764231468,0.33698543137612413,0.3926193906875436,0.3222534031301768,-22459.0,FG
2025-10-30,1122.0,1122.0,1083.0,1091.0,2577297,1875547,1104.0,-0.03246452820670548,0.303943431701839,0.3977964017965013,0.2883281734741842,202209.0,FG
2025-10-31,1091.0,1104.0,1078.0,1083.0,1820236,1841133,1092.0,-0.007359738832080157,0.27867580350372,0.37618019303522926,0.28226585669162263,-34414.0,FG
2025-11-03,1084.0,1126.0,1075.0,1093.0,3165253,1750634,1103.0,0.009191241175547862,0.2839830870575634,0.37570961755987775,0.2956820090700586,-90499.0,FG
2025-11-04,1094.0,1115.0,1088.0,1105.0,1881852,1645135,1103.0,0.010919125775314564,0.28651880297629945,0.3751533623477212,0.2926249041955556,-105499.0,FG
2025-11-05,1110.0,1122.0,1092.0,1097.0,2266272,1688961,1106.0,-0.007266153676622919,0.28447007362540855,0.3750568659486599,0.29236734194999003,43826.0,FG
2025-11-06,1099.0,1106.0,1083.0,1101.0,1741879,1707110,1095.0,0.0036396764474497336,0.28308981201880756,0.37496362995602645,0.2885908184903096,18149.0,FG
2025-11-07,1100.0,1108.0,1091.0,1091.0,1342142,1708867,1099.0,-0.009124150889609169,0.2830995796346461,0.3752038902240049,0.2807002763170021,1757.0,FG
2025-11-10,1089.0,1093.0,1055.0,1069.0,2327949,1905187,1073.0,-0.020371074808025566,0.2806470761118296,0.3767248052250119,0.2784564165165288,196320.0,FG
2025-11-11,1066.0,1071.0,1051.0,1053.0,1356589,1988664,1062.0,-0.015080398891069735,0.26003445931742997,0.37786242966799793,0.26714182735136904,83477.0,FG
2025-11-12,1051.0,1064.0,1043.0,1049.0,1265486,2009725,1053.0,-0.0038059037376783006,0.2595958619029281,0.37779219706897316,0.2676031706742467,21061.0,FG
2025-11-13,1050.0,1061.0,1041.0,1056.0,1196330,1913042,1052.0,0.0066508558699095895,0.25246437372934416,0.27746870017615727,0.2674997921068749,-96683.0,FG
2025-11-14,1056.0,1058.0,1030.0,1032.0,1296425,2020226,1041.0,-0.02298951822469872,0.21108027860500037,0.2802150464908025,0.253530067570572,107184.0,FG
2025-11-17,1029.0,1036.0,1019.0,1029.0,1373827,1999419,1028.0,-0.0029112102074584415,0.21106435182719452,0.2800515227839207,0.24474387164120384,-20807.0,FG
2025-11-18,1031.0,1035.0,1013.0,1017.0,1093979,1987977,1025.0,-0.011730339785489605,0.21334993386823461,0.2805513740137155,0.24524269256259992,-11442.0,FG
2025-11-19,1019.0,1024.0,1005.0,1009.0,1294110,1990501,1015.0,-0.007897375694951032,0.21073185707015932,0.27992242188013455,0.24233886852068237,2524.0,FG
2025-11-20,1008.0,1013.0,984.0,989.0,1922931,1943650,996.0,-0.020020688730896814,0.20824375685720228,0.2770143308485788,0.24178991822315615,-46851.0,FG
2025-11-21,993.0,997.0,967.0,987.0,1881332,1829888,984.0,-0.0020242921892305683,0.20592286372796656,0.27696899102062855,0.2463471670299981,-113762.0,FG
2025-11-24,988.0,1021.0,984.0,1013.0,2047101,1752523,1003.0,0.02600146481520171,0.23224740309565242,0.28092498267267,0.2542904452428661,-77365.0,FG
2025-11-25,1015.0,1029.0,1012.0,1014.0,1498835,1647667,1018.0,0.0009866799024451063,0.22074986702480776,0.27862333772518877,0.25186610487950994,-104856.0,FG
2025-11-26,1011.0,1042.0,1007.0,1037.0,1710850,1608000,1026.0,0.02242902407839886,0.23333648879306068,0.2820203941470981,0.25779624262977446,-39667.0,FG
2025-11-27,1041.0,1053.0,1030.0,1041.0,1332871,1505001,1041.0,0.003849860385441494,0.20948130355595798,0.28217554875440926,0.25102800055211094,-102999.0,FG
2025-11-28,1043.0,1065.0,1041.0,1053.0,1859121,1413684,1052.0,0.011461443519006598,0.21407224556974913,0.2835074495149,0.25059240548981776,-91317.0,FG
2025-12-01,1056.0,1056.0,1026.0,1036.0,1626953,1359194,1040.0,-0.016276089314547163,0.21640930925023658,0.28444961174187655,0.2384437490244065,-54490.0,FG
2025-12-02,1038.0,1050.0,1025.0,1034.0,1027706,1319893,1039.0,-0.001932367751053924,0.2104732908688441,0.27410641253501383,0.2382526314215169,-39301.0,FG
2025-12-03,1034.0,1039.0,1015.0,1020.0,1223472,1288377,1023.0,-0.013632148790057644,0.21322892739148389,0.27520220704741505,0.23646382679746292,-31516.0,FG
2025-12-04,1025.0,1025.0,1000.0,1010.0,1160631,1253245,1008.0,-0.009852296443011594,0.21250351826164837,0.27563654535900456,0.23806090899731278,-35132.0,FG
2025-12-05,1010.0,1016.0,993.0,994.0,787050,1212109,1003.0,-0.015968403178731112,0.21589293964959963,0.2768674123634857,0.2407467760064922,-41136.0,FG
2025-12-08,996.0,1015.0,995.0,1002.0,1115852,1148466,1005.0,0.008016074988236125,0.2119970134605145,0.26143566720400774,0.23259292591977979,-63643.0,FG
2025-12-09,1000.0,1003.0,978.0,984.0,1222542,1125061,985.0,-0.018127384592556715,0.21449590203007302,0.26128050009889003,0.2353078524708506,-23405.0,FG
2025-12-10,982.0,984.0,958.0,964.0,1310890,1069993,970.0,-0.020534602441707864,0.22291322218281126,0.26328979493943067,0.23835080076355414,-55068.0,FG
2025-12-11,968.0,970.0,952.0,956.0,786620,1040081,961.0,-0.0083333815591443,0.21956384314244132,0.2632102313010767,0.2382439839711472,-29912.0,FG
2025-12-12,957.0,959.0,934.0,935.0,930136,942298,949.0,-0.022211383762714275,0.2187394518284528,0.265539748722842,0.23803893943651433,-97783.0,FG
2025-12-15,938.0,954.0,937.0,950.0,840475,822455,947.0,0.015915455305899582,0.23082533809325842,0.2686157543750512,0.23850766048146962,-119843.0,FG
2025-12-16,1039.0,1045.0,1019.0,1038.0,1279255,1011777,1032.0,0.0885890791312474,0.39831700915743123,0.3239641243560731,0.24013886821660435,189322.0,FG
2025-12-17,1033.0,1050.0,1030.0,1038.0,929732,1067201,1038.0,0.0,0.3969664785968358,0.31911291201647335,0.2403178175510649,55424.0,FG
2025-12-18,1039.0,1079.0,1035.0,1062.0,1833522,1075267,1063.0,0.022858138076050184,0.3954427307305401,0.32342432093192064,0.24852305898388832,8066.0,FG
2025-12-19,1058.0,1062.0,1034.0,1041.0,1078254,1137490,1047.0,-0.019972133186915243,0.40378136772184897,0.32310977221988185,0.24652379790993958,62223.0,FG
2025-12-22,1037.0,1041.0,1021.0,1031.0,1080095,1194419,1031.0,-0.009652584598008941,0.3962728998169528,0.3228775225158578,0.2373351259133292,56929.0,FG
2025-12-23,1033.0,1040.0,1017.0,1028.0,1001703,1241064,1027.0,-0.0029140380018495347,0.3964990819764459,0.3220208586889548,0.2394401607814122,46645.0,FG
2025-12-24,1029.0,1058.0,1026.0,1048.0,1343220,1168028,1043.0,0.019268418865876987,0.39437026668222636,0.3242546654105048,0.23732122850204193,-73036.0,FG
2025-12-25,1050.0,1059.0,1042.0,1047.0,931030,1148356,1050.0,-0.000954654010450661,0.39420349875046656,0.30947673043933893,0.23516639816693888,-19672.0,FG
2025-12-26,1045.0,1066.0,1026.0,1057.0,1545813,1157782,1045.0,0.009505774999700687,0.39353415671017106,0.3046398376795895,0.2440401444787162,9426.0,FG
2025-12-29,1052.0,1063.0,1045.0,1051.0,1192450,1159659,1053.0,-0.005692614993286458,0.3894654849070471,0.3038036541240921,0.2390099742124184,1877.0,FG
2025-12-30,1050.0,1090.0,1046.0,1087.0,1581223,1152380,1073.0,0.03367951624425826,0.40626522993226827,0.31085026185931286,0.24932338024962347,-7279.0,FG
2025-12-31,1091.0,1098.0,1080.0,1087.0,1292468,1031600,1088.0,0.0,0.4019792998086086,0.3097465567308661,0.2468432749861133,-120780.0,FG
2026-01-05,1094.0,1097.0,1076.0,1081.0,850298,1042753,1084.0,-0.00553506948200114,0.40042429366394267,0.3093457201565912,0.2446774366959577,11153.0,FG
2026-01-06,1080.0,1094.0,1069.0,1092.0,1104019,1040896,1082.0,0.010124338665641969,0.39440190091679317,0.30996429120668356,0.24477030680617876,-1857.0,FG
2026-01-07,1097.0,1166.0,1097.0,1148.0,2796244,1052317,1133.0,0.050010420574661416,0.4257463624727219,0.32403554592032613,0.2736835813209994,11421.0,FG
2026-01-08,1147.0,1171.0,1136.0,1163.0,2548725,1119812,1151.0,0.012981575639152646,0.4158715307613949,0.3168936938556823,0.276010325931724,67495.0,FG
2026-01-09,1165.0,1168.0,1129.0,1144.0,1933522,1081653,1144.0,-0.016471980578921217,0.41239137922138225,0.31831620925747567,0.2795505679383884,-38159.0,FG
2026-01-12,1145.0,1149.0,1119.0,1143.0,1782395,1081388,1131.0,-0.000874508144932509,0.40920190388061395,0.3166697680284529,0.2823515586142693,-265.0,FG
2026-01-13,1143.0,1144.0,1096.0,1096.0,1644156,1172762,1119.0,-0.041989196286849786,0.4342179606737384,0.31405468283788224,0.2913074640997945,91374.0,FG
2026-01-14,1099.0,1102.0,1081.0,1096.0,1476678,1192621,1092.0,0.0,0.43401930478171674,0.3139620610400969,0.2916700837595051,19859.0,FG
2026-01-15,1098.0,1102.0,1081.0,1086.0,1121291,1172191,1089.0,-0.009165967014080057,0.3135540737428528,0.31443985116907486,0.2896177866596107,-20430.0,FG
2026-01-16,1091.0,1125.0,1084.0,1103.0,1991299,1184446,1102.0,0.015532518759621737,0.31687222845916685,0.315777496370984,0.29736323110775487,12255.0,FG
2026-01-19,1103.0,1115.0,1065.0,1070.0,1734645,1215439,1090.0,-0.030375091797550668,0.328729598905759,0.32071566096272214,0.30016706275882765,30993.0,FG
2026-01-20,1070.0,1072.0,1055.0,1056.0,1034025,1208942,1064.0,-0.013170463189745121,0.32403615646778505,0.3204741320079042,0.29670470338083915,-6497.0,FG
2026-01-21,1056.0,1061.0,1035.0,1039.0,928219,1240656,1050.0,-0.016229473166979404,0.32761953476987965,0.32198230462848104,0.29851669260044605,31714.0,FG
2026-01-22,1042.0,1060.0,1037.0,1057.0,1152107,1239735,1050.0,0.01717599477101018,0.332618016843013,0.322184137080557,0.29837394213594404,-921.0,FG
2026-01-23,1060.0,1073.0,1051.0,1064.0,1329018,1264843,1061.0,0.006600684031352093,0.32662055834153003,0.32137153701442234,0.29446434841264063,25108.0,FG
2026-01-26,1067.0,1092.0,1059.0,1087.0,1651420,1180782,1076.0,0.021386217219619825,0.3345343959542799,0.31778064205221906,0.2996226658355272,-84061.0,FG
2026-01-27,1090.0,1092.0,1063.0,1066.0,1176078,1205049,1073.0,-0.01950828239541956,0.3414811378628694,0.319923260924436,0.2940158682261947,24267.0,FG
2026-01-28,1067.0,1076.0,1054.0,1067.0,1000267,1205108,1068.0,0.0009376465759634323,0.3407222530380574,0.3193327443136763,0.2950497665099427,59.0,FG
2026-01-29,1067.0,1088.0,1060.0,1087.0,1217348,1215033,1077.0,0.018570635819456033,0.3253528104438327,0.32086039402834055,0.28716655910632605,9925.0,FG
2026-01-30,1090.0,1092.0,1051.0,1056.0,1578394,1258178,1071.0,-0.02893342285500262,0.3410553301739036,0.3258703350904912,0.29637043571912747,43145.0,FG
2026-02-02,1054.0,1087.0,1046.0,1056.0,1656076,1185370,1069.0,0.0,0.3407435776308819,0.32575270619578744,0.3046567650103306,-72808.0,FG
2026-02-03,1063.0,1084.0,1062.0,1072.0,1240890,1150384,1073.0,0.015037877364540502,0.3433196179163735,0.3268355358526226,0.303812192520532,-34986.0,FG
2026-02-04,1085.0,1120.0,1085.0,1109.0,2005184,1148932,1103.0,0.03393264571961969,0.3155140632432064,0.3314641586333736,0.28296724177018545,-1452.0,FG
2026-02-05,1108.0,1109.0,1078.0,1088.0,1243498,1070449,1092.0,-0.019117559934479056,0.31623260455090135,0.3323752334592183,0.28203354372129363,-78483.0,FG
2026-02-06,1083.0,1083.0,1064.0,1072.0,949161,1077276,1072.0,-0.014815085785140587,0.31537991037329444,0.33374276406149234,0.27523741058112866,6827.0,FG
2026-02-09,1070.0,1095.0,1054.0,1078.0,1251512,1101259,1073.0,0.005581409838195266,0.31684237926417264,0.3336644973276566,0.28136403355239403,23983.0,FG
2026-02-10,1087.0,1091.0,1068.0,1070.0,921280,1081288,1079.0,-0.007448824012990625,0.28248292267777664,0.33055302776473455,0.2700540179012611,-19971.0,FG
2026-02-11,1070.0,1082.0,1062.0,1071.0,743773,1085802,1070.0,0.000934142991796922,0.2825544534119867,0.33047300388070516,0.26986955592291384,4514.0,FG
2026-02-12,1069.0,1080.0,1058.0,1065.0,827304,1073680,1067.0,-0.005617992304223261,0.2815071671655943,0.32973612516274126,0.27031508037399604,-12122.0,FG
2026-02-13,1064.0,1067.0,1040.0,1041.0,679703,1052544,1056.0,-0.022793009528556573,0.2845287300680023,0.33278274860548396,0.2642310041209688,-21136.0,FG
2026-02-24,1050.0,1060.0,1037.0,1050.0,679113,1132388,1048.0,0.008608374536600101,0.2678791165138438,0.33041761527520036,0.24999533266672858,79844.0,FG
2026-02-25,1049.0,1073.0,1049.0,1064.0,1065284,1165175,1062.0,0.013245226750020723,0.26829453329417996,0.3312948272250473,0.2522947900990796,32787.0,FG
2026-02-26,1066.0,1066.0,1047.0,1058.0,795682,1208090,1055.0,-0.005655057483344988,0.2622182933220419,0.3275548071869348,0.24967111300063974,42915.0,FG
2026-02-27,1054.0,1064.0,1044.0,1062.0,682051,1213982,1052.0,0.0037735893836394877,0.25547098463530943,0.3276136567641691,0.24857491113559693,5892.0,FG
2026-03-02,1067.0,1076.0,1028.0,1043.0,1624477,1365461,1047.0,-0.01805274680111166,0.26217084035406746,0.32669366729356086,0.26314210186990467,151479.0,FG
2026-03-03,1039.0,1055.0,1027.0,1054.0,1263503,1328925,1039.0,0.010491274100535127,0.25258643926103985,0.3272977354452315,0.26126730941843695,-36536.0,FG
2026-03-04,1055.0,1055.0,1037.0,1038.0,985426,1321021,1047.0,-0.015296665375473648,0.24905889102378334,0.32795577767339534,0.25754530118004454,-7904.0,FG
2026-03-05,1039.0,1065.0,1038.0,1055.0,1177512,1263360,1051.0,0.01624498218433296,0.25665751481558824,0.32793584431991524,0.25957369690933385,-57661.0,FG
2026-03-06,1056.0,1093.0,1052.0,1087.0,1384174,1256461,1070.0,0.02988084121104266,0.27049531242413066,0.33340108705990557,0.2662782856916815,-6899.0,FG
2026-03-09,1098.0,1163.0,1090.0,1104.0,3221862,1165149,1126.0,0.015518339715831123,0.2530244479800787,0.3333518318951273,0.28852608157795173,-91312.0,FG
2026-03-10,1103.0,1109.0,1055.0,1076.0,1655299,1116685,1081.0,-0.025689486115310897,0.2716124057973333,0.337146622975797,0.29633888810358205,-48464.0,FG
2026-03-11,1079.0,1112.0,1072.0,1112.0,1224676,1100204,1093.0,0.03290973408879796,0.29051183801569513,0.3414247395401922,0.30326870594642724,-16481.0,FG
2026-03-12,1120.0,1155.0,1109.0,1113.0,1862815,1042788,1126.0,0.0008988764650172506,0.26482417499038563,0.34119084015242296,0.30801665852315263,-57416.0,FG
2026-03-13,1120.0,1146.0,1115.0,1135.0,1273578,982347,1133.0,0.019573578639958122,0.2630510149859839,0.340561874423401,0.30763762165550534,-60441.0,FG
2026-03-16,1130.0,1134.0,1096.0,1102.0,1326122,980173,1116.0,-0.029505940202643303,0.280068978433718,0.3435983904310202,0.3137930131981658,-2174.0,FG
2026-03-17,1095.0,1106.0,1084.0,1094.0,860219,985969,1096.0,-0.007286006730933319,0.28122163541734024,0.34346857921181256,0.3061377069277107,5796.0,FG
2026-03-18,1091.0,1100.0,1064.0,1066.0,918899,1014467,1079.0,-0.02592737825613667,0.29552367041006633,0.34467149716619866,0.3109104509213899,28498.0,FG
2026-03-19,1079.0,1084.0,1053.0,1065.0,896639,992629,1068.0,-0.0009385265822643885,0.29550433499309553,0.34354175482792754,0.31446999387724495,-21838.0,FG
2026-03-20,1061.0,1068.0,1051.0,1054.0,659638,1009134,1059.0,-0.010382349042217801,0.2971122745293658,0.29347732269820526,0.3132770595353373,16505.0,FG
2026-03-23,1052.0,1094.0,1045.0,1082.0,1341595,976056,1076.0,0.026218730305119235,0.29928933768961835,0.29822231597372817,0.3234930802691861,-33078.0,FG
2026-03-24,1061.0,1079.0,1056.0,1064.0,944467,970231,1067.0,-0.016775789504837126,0.30523491542468,0.29670953129049715,0.32337474076442013,-5825.0,FG
2026-03-25,1068.0,1072.0,1049.0,1057.0,741455,1016136,1059.0,-0.006600684031352024,0.302522752978334,0.2941339574751514,0.3230866129565979,45905.0,FG
2026-03-26,1058.0,1059.0,1023.0,1036.0,1019913,1144057,1038.0,-0.020067563050809256,0.31005834293037354,0.29638007674071304,0.3291193812175477,127921.0,FG
2026-03-27,1038.0,1045.0,1024.0,1041.0,862722,1086249,1036.0,0.0048146457955404506,0.31029323178435436,0.29646904163242993,0.32947548314520164,-57808.0,FG
2026-03-30,1046.0,1049.0,1033.0,1040.0,603808,1036864,1042.0,-0.0009610764795505893,0.30374797095596867,0.2938224393675999,0.31659124890776186,-49385.0,FG
2026-03-31,1039.0,1040.0,1017.0,1019.0,771905,1068991,1025.0,-0.020398958912693575,0.3091034918694818,0.2967207918038846,0.3149964460185133,32127.0,FG
2026-04-01,1017.0,1023.0,998.0,999.0,884051,1067173,1009.0,-0.019822254574171333,0.31212438789420255,0.2985837214398632,0.31724975934198874,-1818.0,FG
2026-04-02,1003.0,1006.0,986.0,1002.0,737312,1060720,997.0,0.002998502996256633,0.3054253541024192,0.29852464953735874,0.3154243303429908,-6453.0,FG
2026-04-03,1003.0,1005.0,977.0,977.0,658414,1084208,987.0,-0.02526662960202736,0.29016473499163986,0.2938924556819847,0.3106474016742261,23488.0,FG
2026-04-07,977.0,985.0,966.0,969.0,696116,1080393,976.0,-0.008222040152016531,0.2796656769323719,0.2941607559817641,0.28154302978766776,-3815.0,FG
2026-04-08,974.0,991.0,962.0,978.0,683005,1022254,978.0,0.009245058144051209,0.27540241843471647,0.294936197192077,0.26834538208913195,-58139.0,FG
2026-04-09,972.0,984.0,969.0,970.0,459886,1005667,976.0,-0.008213598537388856,0.23707310411905938,0.29420365168634177,0.2588870810722128,-16587.0,FG
2026-04-10,973.0,975.0,956.0,963.0,666466,952141,965.0,-0.007242659699302924,0.2353212428543658,0.2738446886209699,0.24763241414318607,-53526.0,FG
2026-04-13,965.0,977.0,954.0,957.0,567740,901888,964.0,-0.0062500203451712946,0.21328732329219738,0.27191711797782164,0.24594718267368815,-50253.0,FG
2026-04-14,957.0,971.0,957.0,963.0,494260,828506,966.0,0.006250020345171326,0.2042905524754503,0.27118990333022974,0.23707257759120812,-73382.0,FG
2026-04-15,964.0,977.0,963.0,971.0,450106,744205,969.0,0.008273056493199283,0.21103959004958095,0.2721164421032085,0.23520756034523843,-84301.0,FG
2026-04-16,1072.0,1074.0,1052.0,1062.0,733603,1063157,1062.0,0.08958273351055919,0.38811720375061404,0.3199833039377,0.2286089481847458,318952.0,FG
2026-04-17,1062.0,1085.0,1047.0,1078.0,1305167,1182437,1067.0,0.014953549667058258,0.3917627443146281,0.321539385051354,0.23280211649877208,119280.0,FG
2026-04-20,1078.0,1094.0,1074.0,1091.0,931590,1216666,1084.0,0.011987234364128399,0.39148959879795087,0.3219601350470453,0.2336040885855177,34229.0,FG
2026-04-21,1086.0,1094.0,1070.0,1077.0,831726,1272773,1082.0,-0.012915308676682278,0.38364428165826525,0.3214096298670366,0.21753695101498616,56107.0,FG
2026-04-22,1077.0,1089.0,1072.0,1088.0,729175,1274996,1082.0,0.010161750259499292,0.3801649993715099,0.31599479589850277,0.2152797035745281,2223.0,FG
2026-04-23,1094.0,1104.0,1082.0,1084.0,1004538,1264620,1094.0,-0.003683245416296405,0.37952526716493756,0.31487533984111565,0.21459554737136613,-10376.0,FG
2026-04-24,1085.0,1092.0,1078.0,1079.0,596713,1254984,1085.0,-0.004623216741456853,0.37195751095514545,0.3131589867186853,0.20349222842546522,-9636.0,FG
2026-04-27,1078.0,1090.0,1071.0,1073.0,856462,1309710,1078.0,-0.00557622262743618,0.3727485691707803,0.31150454562400254,0.2023494007868279,54726.0,FG
2026-04-28,1073.0,1076.0,1037.0,1042.0,1453084,1503699,1051.0,-0.02931652031738622,0.38837952258740477,0.3169816264656804,0.2145345782146223,193989.0,FG
2026-04-29,1045.0,1045.0,1032.0,1036.0,861038,1523194,1039.0,-0.005774799493883908,0.381607843553087,0.3139241878576659,0.2108951920991683,19495.0,FG
2026-04-30,1036.0,1059.0,1027.0,1057.0,1407333,1371672,1045.0,0.020067563050809173,0.3792598694442588,0.31432497265946713,0.21438625492966795,-151522.0,FG
2026-05-06,1060.0,1073.0,1055.0,1067.0,831099,1372449,1065.0,0.009416265431515686,0.37997729445354056,0.31492418687550505,0.21315208156968837,777.0,FG
2026-05-07,1065.0,1084.0,1060.0,1078.0,1071167,1358078,1071.0,0.010256500167189061,0.3655117849253999,0.313299855428853,0.20998609357765177,-14371.0,FG
2026-05-08,1075.0,1079.0,1050.0,1055.0,1085682,1348855,1065.0,-0.021566705558775576,0.3747527287673866,0.31078169358918517,0.2138461392169563,-9223.0,FG
2026-05-11,1053.0,1075.0,1050.0,1070.0,906920,1318661,1065.0,0.014117881545785022,0.3760009821045967,0.3121179707813455,0.2103557876709654,-30194.0,FG
2026-05-12,1068.0,1074.0,1052.0,1056.0,895790,1337649,1061.0,-0.013170463189745121,0.3786048806095784,0.31175423239574906,0.21240748805254284,18988.0,FG
2026-05-13,1056.0,1074.0,1051.0,1066.0,989481,1334782,1064.0,0.009425140459583113,0.37652957501812684,0.30429217232961403,0.2132690471694917,-2867.0,FG
2026-05-14,1064.0,1068.0,1041.0,1051.0,1101511,1373621,1053.0,-0.014171233848838677,0.38068461498863937,0.3031862891313588,0.2141985414106403,38839.0,FG
2026-05-15,1051.0,1055.0,1034.0,1037.0,801443,1408706,1046.0,-0.013410162647423774,0.38593063579441694,0.3029201635574614,0.21622357262452113,35085.0,FG
2026-05-18,1039.0,1045.0,1021.0,1038.0,1103847,1414167,1036.0,0.000963855496306659,0.38565654462947246,0.3026704586495754,0.21965256494088037,5461.0,FG
2026-05-19,1040.0,1042.0,1019.0,1021.0,838705,1575128,1027.0,-0.01651324556116843,0.22053398642005645,0.30409791677439196,0.2203680377457113,160961.0,FG
2026-05-20,1025.0,1027.0,1007.0,1013.0,940701,1625285,1017.0,-0.00786631391598215,0.21209066316563419,0.30441798160860967,0.21112928125398078,50157.0,FG
2026-05-21,1011.0,1040.0,1011.0,1028.0,1381693,1556379,1028.0,0.014698941766427026,0.2148294315632493,0.30591288710869113,0.21597829294269286,-68906.0,FG
2026-05-22,1028.0,1033.0,1013.0,1020.0,838381,1533015,1023.0,-0.007812539736793625,0.21246695519589956,0.3028183081627691,0.2148291952653607,-23364.0,FG
2026-05-25,1023.0,1057.0,1015.0,1044.0,1239590,1479309,1037.0,0.023256862164267183,0.22743018296497522,0.3061107792880435,0.22901374727968232,-53706.0,FG
2026-05-26,1043.0,1046.0,1017.0,1023.0,1083274,1522071,1026.0,-0.020320002490957494,0.23641730846347458,0.30757647973633184,0.23277595368610748,42762.0,FG
2026-05-27,1022.0,1043.0,1020.0,1037.0,1041025,1439323,1033.0,0.013592442277900836,0.2433367543802493,0.3087576844617551,0.23595699478119797,-82748.0,FG
2026-05-28,1037.0,1043.0,1031.0,1038.0,645654,1426883,1038.0,0.000963855496306659,0.24316533846820607,0.3086525417105377,0.23427610680269925,-12440.0,FG
2026-05-29,1036.0,1062.0,1036.0,1057.0,1153002,1371472,1049.0,0.01813892214440374,0.22964988115214635,0.30871337987070974,0.22695884699713548,-55411.0,FG
2026-06-01,1059.0,1065.0,1045.0,1056.0,1113153,1329631,1055.0,-0.0009465216040308245,0.22848615639739558,0.3079832198807206,0.22896322959076448,-41841.0,FG
2026-06-02,1058.0,1058.0,1036.0,1043.0,825555,1319257,1045.0,-0.012387009265434354,0.2214715340307592,0.3074263705464564,0.22398749360293732,-10374.0,FG
2026-06-03,1041.0,1054.0,1041.0,1049.0,630452,1302682,1048.0,0.005736153395524815,0.21964163457233465,0.3058292174627151,0.22265321955449405,-16575.0,FG
2026-06-04,1048.0,1052.0,1024.0,1031.0,996057,1336765,1036.0,-0.0173081243793373,0.22289699946340247,0.30136735213051163,0.2249343790172708,34083.0,FG
2026-06-05,1030.0,1034.0,1004.0,1010.0,1077885,1511130,1018.0,-0.020578874181654754,0.2217939882383905,0.3020506916764591,0.2261797461395437,174365.0,FG
2026-06-08,1008.0,1012.0,1000.0,1004.0,1112470,1580438,1006.0,-0.005958309583630635,0.21358952188397548,0.29800866282687516,0.22204175740573573,69308.0,FG
2026-06-09,1001.0,1004.0,993.0,995.0,1101126,1689911,998.0,-0.009004563093081727,0.21152432278277436,0.28987833475504654,0.21890290229747905,109473.0,FG
2026-06-10,994.0,999.0,983.0,989.0,1244674,1721553,991.0,-0.006048405535880704,0.20660611697954126,0.28994575638108633,0.21675090929385463,31642.0,FG
2026-06-11,990.0,998.0,982.0,991.0,1247626,1795475,990.0,0.002020202707275802,0.2037699293933267,0.2866143929070191,0.21260899502011818,73922.0,FG
2026-06-12,989.0,995.0,983.0,987.0,912083,1853448,989.0,-0.004044494896506414,0.2000947057109219,0.2810164956510881,0.20986615296723743,57973.0,FG
2026-06-15,988.0,1020.0,987.0,1014.0,2232118,1693791,1008.0,0.026988144717646975,0.22551263708910257,0.2868486977025538,0.2156069600944874,-159657.0,FG
2026-06-16,1015.0,1018.0,999.0,1004.0,1225853,1636823,1008.0,-0.009910883899454019,0.22075992461025973,0.28284912810230395,0.21410423240253015,-56968.0,FG
2026-06-17,1004.0,1015.0,994.0,996.0,1142632,1685163,1005.0,-0.008000042667076265,0.22081643138948867,0.2832098159584375,0.21463343318909112,48340.0,FG
2026-06-18,994.0,996.0,975.0,978.0,1442459,1744848,986.0,-0.0182375875497809,0.22101201122436492,0.2847485503396929,0.210971493669208,59685.0,FG
2026-06-22,976.0,985.0,973.0,977.0,738845,1801495,979.0,-0.0010230179920346257,0.2201637692683844,0.2789856687423099,0.20847793926900515,56647.0,FG
2026-06-23,975.0,979.0,962.0,967.0,1352175,1863497,970.0,-0.010288156589488444,0.2002661713589235,0.2778121360056322,0.19348045869926755,62002.0,FG
2026-06-24,967.0,983.0,965.0,973.0,1178969,1804930,974.0,0.006185586732710744,0.19335693094769263,0.2780614754633218,0.18817682489197707,-58567.0,FG
2026-06-25,975.0,982.0,970.0,975.0,1024277,1772200,977.0,0.0020533888118420066,0.18483228719178368,0.27541573619002535,0.18398469245029025,-32730.0,FG
2026-06-26,975.0,978.0,958.0,968.0,1371774,1806478,969.0,-0.007205383721270112,0.18473575089620886,0.27543123024130634,0.18754026087975834,34278.0,FG
2026-06-29,970.0,980.0,966.0,978.0,1083034,1798550,973.0,0.01027758275824023,0.17442785166216868,0.2764281434998875,0.18257833893576722,-7928.0,FG
2026-06-30,979.0,980.0,964.0,975.0,1244966,1774099,971.0,-0.0030721990369701403,0.17411845567893708,0.27352975273739766,0.18148326443414742,-24451.0,FG
2026-07-01,972.0,972.0,956.0,961.0,1373879,1874467,964.0,-0.0144630620275547,0.1755843065554676,0.27216050873967845,0.17940871789447935,100368.0,FG
2026-07-02,960.0,972.0,957.0,966.0,1040758,1855689,963.0,0.0051894252422254004,0.17519175632692674,0.27232153310804386,0.18050918732891402,-18778.0,FG
2026-07-03,965.0,979.0,962.0,973.0,1158914,1820813,972.0,0.007220247973487097,0.17233942328501822,0.26789583515264864,0.17517432115775847,-34876.0,FG
2026-07-06,977.0,982.0,964.0,967.0,1185054,1810350,975.0,-0.006185586732710746,0.15997604406780921,0.2676653538818744,0.16828787994179847,-10463.0,FG
2026-07-07,966.0,966.0,951.0,952.0,1260659,2009565,957.0,-0.015633460661929034,0.1665101094068645,0.2688256314586333,0.1696569636534482,199215.0,FG
2026-07-08,954.0,966.0,951.0,962.0,1196619,1897096,959.0,0.01044941587434114,0.1709028962036709,0.269240521425391,0.1712906789830448,-112469.0,FG
2026-07-09,963.0,964.0,949.0,957.0,1006255,1930961,955.0,-0.005211059212752199,0.17064713868551756,0.26904522993479446,0.17109656723107855,33865.0,FG
2026-07-10,956.0,974.0,952.0,965.0,1292681,1827282,964.0,0.008324709886031633,0.17385422824465954,0.269279274333447,0.17449806262413078,-103679.0,FG
2026-07-13,965.0,967.0,950.0,952.0,1177429,1940106,958.0,-0.01356306654762057,0.17899148876140064,0.27040868810207946,0.17664682153756364,112824.0,FG
2026-07-14,954.0,956.0,944.0,951.0,1066245,1956477,951.0,-0.0010509722459750043,0.14359501577759035,0.2698411660216928,0.16446004269915485,16371.0,FG
2026-07-15,950.0,958.0,944.0,949.0,1056844,1966511,949.0,-0.002105263935462427,0.14143590538812614,0.19484685863233545,0.16255424207278327,10034.0,FG
2026-07-16,949.0,952.0,927.0,929.0,1459182,2097295,938.0,-0.021300059796089312,0.15501399781782885,0.19563063363725036,0.1662709486598282,130784.0,FG
2026-07-17,931.0,931.0,899.0,900.0,2163016,2094046,917.0,-0.031713975489527715,0.1775738624728605,0.20216622304497417,0.17639173544692904,-3249.0,FG
2026-07-20,902.0,908.0,889.0,890.0,1624952,2059684,900.0,-0.011173300598125189,0.17883942053204727,0.20184279256946985,0.18014671206740537,-34362.0,FG
2026-07-21,891.0,910.0,891.0,904.0,1409848,2010713,901.0,0.015607897665990968,0.19113576657448483,0.20366591276288895,0.18186986227252883,-48971.0,FG
2026-07-22,908.0,918.0,900.0,913.0,1467493,1902564,908.0,0.009906520202792014,0.19401410607360847,0.20537948649808438,0.18249590374856262,-108149.0,FG
2026-07-23,914.0,917.0,892.0,899.0,1448162,1851559,905.0,-0.015452846123348223,0.19763664735192246,0.20695677672516524,0.1899153367384799,-51005.0,FG
2026-07-24,900.0,912.0,891.0,908.0,1310420,1806885,900.0,0.009961344129673125,0.20327807568867426,0.2085744152434708,0.1912845332985185,-44674.0,FG
2026-07-27,906.0,914.0,898.0,900.0,1134287,1787849,906.0,-0.0088496152769825,0.19776628020786488,0.20160965551112597,0.1925162720857582,-19036.0,FG
2026-07-28,898.0,898.0,883.0,888.0,1420823,1817509,889.0,-0.013423020332140661,0.20038861779706515,0.20274668757052755,0.19266580984056086,29660.0,FG
2026-07-29,886.0,891.0,881.0,884.0,908913,1806289,886.0,-0.004514680354526583,0.19705270444426856,0.19725187426896362,0.19092518299657074,-11220.0,FG
2026-07-30,886.0,886.0,865.0,870.0,1392481,1773173,872.0,-0.015963850989014088,0.19801439316939093,0.19729734451025038,0.19482318643867116,-33116.0,FG
2026-07-31,872.0,894.0,867.0,875.0,1897436,1595834,880.0,0.0057306747089850745,0.19684830677424553,0.19618289561170726,0.20202131686336328,-177339.0,FG
2026-08-03,874.0,878.0,866.0,868.0,1087648,1607418,872.0,-0.008032171697264267,0.19706477260933553,0.192811178447639,0.20030832640871696,11584.0,FG
2026-08-04,869.0,890.0,868.0,885.0,1612388,1536614,883.0,0.019395930347579454,0.21151736134833432,0.19511318354639068,0.20455736956782206,-70804.0,FG
2026-08-05,885.0,894.0,877.0,885.0,1183180,1492563,884.0,0.0,0.20549370073858328,0.19410054386928,0.20591578289528295,-44051.0,FG
2026-08-06,886.0,894.0,879.0,891.0,1169598,1415917,887.0,0.006756782462879687,0.20902290320431322,0.1934553605003444,0.2063573091774901,-76646.0,FG
2026-08-07,889.0,890.0,878.0,885.0,1058542,1374068,884.0,-0.0067567824628797625,0.20447923556258604,0.19222744452266102,0.20263503637986208,-41849.0,FG
2026-08-10,887.0,903.0,883.0,889.0,1668599,1275310,892.0,0.004509590505975064,0.20372013102204448,0.1915410975183955,0.20470537987169043,-98758.0,FG
2026-08-11,886.0,910.0,883.0,901.0,1586238,1213739,895.0,0.013408022094433375,0.21217416864137537,0.19417914039563947,0.2127789139106798,-61571.0,FG
2026-08-12,900.0,905.0,876.0,878.0,1451982,1223662,888.0,-0.025858663973221216,0.2273733483892818,0.19796572655305164,0.2215400501757687,9923.0,FG
2026-08-13,879.0,881.0,859.0,871.0,1842523,1142375,869.0,-0.008004616782613912,0.2186690543512783,0.19798176888565078,0.22084040116383863,-81287.0,FG
2026-08-14,876.0,882.0,866.0,867.0,1139468,986324,876.0,-0.004603000071960966,0.19151283466447644,0.19476395394979917,0.21158016417522157,-156051.0,FG
2026-08-17,927.0,934.0,922.0,923.0,829835,1134858,927.0,0.06259025772231026,0.2943248019341135,0.23583434548414953,0.20857582259138294,148534.0,FG
2026-08-18,924.0,925.0,910.0,917.0,1163529,1315745,918.0,-0.006521762246387351,0.2910658441551089,0.23026781490118783,0.20664394992799467,180887.0,FG
2026-08-19,916.0,926.0,900.0,902.0,1646204,1572568,912.0,-0.016492952193841205,0.2950333150805956,0.22911869031335333,0.21116454105566487,256823.0,FG
2026-08-20,903.0,926.0,897.0,917.0,1671294,1452863,916.0,0.016492952193841167,0.2954995080525302,0.23003501626983394,0.21379943502952706,-119705.0,FG
2026-08-21,915.0,918.0,899.0,907.0,1575371,1601238,906.0,-0.010965022141328216,0.29640188626412367,0.23066073454408276,0.21268658529019005,148375.0,FG
2026-08-24,908.0,932.0,906.0,922.0,2043327,1480236,923.0,0.016402773441457217,0.29996806197580966,0.23003689125023077,0.2178038807463423,-121002.0,FG
2026-08-25,922.0,926.0,907.0,913.0,1244642,1508419,916.0,-0.00980934296162541,0.2979140044532387,0.23053047500236296,0.219310324683212,28183.0,FG
2026-08-26,911.0,914.0,895.0,898.0,1236286,1645325,905.0,-0.016565812292768815,0.30403969930919666,0.2314516058887641,0.22251335714476486,136906.0,FG
2026-08-27,900.0,921.0,896.0,909.0,1570837,1605428,906.0,0.012175025875279235,0.2998910505984417,0.2327911653365666,0.22434888297751598,-39897.0,FG
2026-08-28,908.0,928.0,907.0,927.0,1513705,1504372,918.0,0.019608471388376337,0.30599703115964494,0.2349515658764967,0.22012385960592368,-101056.0,FG
2026-08-31,935.0,948.0,930.0,941.0,2081063,1394560,940.0,0.014989574019524377,0.3060135364821328,0.23410402395071575,0.22194024246360142,-109812.0,FG
2026-09-01,944.0,970.0,939.0,969.0,1810207,1352044,953.0,0.02932147230538663,0.314463541985811,0.24199582258584743,0.2262505971271883,-42516.0,FG
2026-09-02,970.0,975.0,956.0,961.0,1620073,1255495,965.0,-0.008290202920473687,0.3173886128465632,0.2418949603942382,0.2264367526527254,-96549.0,FG
2026-09-03,959.0,976.0,957.0,962.0,1419247,1265688,965.0,0.0010400416954139326,0.3174070999057981,0.24164851135730303,0.22743175217548128,10193.0,FG
2026-09-04,962.0,989.0,952.0,978.0,1799176,1209257,971.0,0.016495219369110845,0.31784480901005097,0.24407260673794248,0.2396850894711294,-56431.0,FG
2026-09-07,982.0,991.0,964.0,976.0,1611473,1181422,978.0,-0.0020470836217247996,0.3188207048595435,0.24397402369319207,0.24213106463414152,-27835.0,FG
2026-09-08,975.0,978.0,959.0,977.0,1195017,1216889,967.0,0.0010240656296903522,0.3173569623822783,0.23738742213003466,0.23721878851719386,35467.0,FG
2026-09-09,980.0,981.0,961.0,969.0,1051293,1211311,970.0,-0.008222040152016531,0.3012021667044302,0.2371322251785654,0.2310916836858627,-5578.0,FG
2026-09-10,970.0,973.0,951.0,964.0,1380559,1196197,962.0,-0.00517331728022064,0.2997651587775351,0.23682801496582903,0.22995265142230173,-15114.0,FG
2026-09-11,978.0,1010.0,963.0,973.0,2186235,1155006,984.0,0.009292787575459415,0.29788370345468695,0.23477120145003716,0.24820280990568613,-41191.0,FG
2026-09-14,974.0,974.0,925.0,927.0,1905785,1218162,944.0,-0.04843051662014987,0.27711154682149725,0.2546736432256153,0.26993123494343885,63156.0,FG
2026-09-15,925.0,932.0,908.0,909.0,1212226,1237260,922.0,-0.019608471388376313,0.28504746393513025,0.2568347271147791,0.27336103844941534,19098.0,FG
2026-09-16,911.0,914.0,905.0,910.0,1049600,1305702,910.0,0.0010995053334168679,0.2787256762368703,0.25643871385045447,0.26741549200021586,68442.0,FG
2026-09-17,907.0,913.0,902.0,905.0,1013199,1365612,907.0,-0.0055096558109695845,0.27284682834139284,0.2565073686939574,0.26001747967438915,59910.0,FG
2026-09-18,907.0,919.0,904.0,907.0,1086190,1295160,912.0,0.00220750641521052,0.27026222454884313,0.2562995969722696,0.2585692421769244,-70452.0,FG
2026-09-21,908.0,926.0,907.0,923.0,1233003,1272938,916.0,0.01748678438771559,0.27115359841743236,0.25807018714751034,0.25531688153026355,-22222.0,FG
2026-09-22,924.0,941.0,918.0,932.0,1251575,1213932,931.0,0.00970358018273898,0.2705897104705526,0.25894425414446,0.25692353103501386,-59006.0,FG
2026-09-23,931.0,933.0,923.0,925.0,888515,1182574,928.0,-0.007539077173165975,0.2646838553842007,0.25777380162059926,0.25405454790782556,-31358.0,FG
2026-09-24,923.0,929.0,910.0,914.0,1029803,1156940,919.0,-0.011963166058275174,0.26560836186355,0.25850797704972295,0.251106506836623,-25634.0,FG
2026-09-28,908.0,909.0,889.0,893.0,1065406,1246772,896.0,-0.023243990577650947,0.2677664397963908,0.26189917578704575,0.2508464664572968,89832.0,FG
