date,open,high,low,close,volume,open_interest,settle,log_ret,vol_20d,vol_60d,parkinson_vol,delta_oi,symbol
2019-12-06,1580.0,1585.0,1546.0,1561.0,318030,38922,1566.0,-0.012098205505580377,0.21377098294523889,0.21377098294523889,0.2365708746654201,0.0,SA
2019-12-09,1564.0,1591.0,1556.0,1572.0,167478,31568,1571.0,0.007022052473719716,0.21377098294523889,0.21377098294523889,0.22425657010241737,-7354.0,SA
2019-12-10,1572.0,1634.0,1570.0,1634.0,221672,68176,1613.0,0.038682302430796275,0.4055148825267272,0.4055148825267272,0.28549945461514864,36608.0,SA
2019-12-11,1649.0,1674.0,1637.0,1649.0,459154,66020,1656.0,0.00913804713965061,0.33150334837935286,0.33150334837935286,0.2690602607573567,-2156.0,SA
2019-12-12,1642.0,1654.0,1625.0,1630.0,245622,70048,1642.0,-0.011589028758790842,0.32745962689769426,0.32745962689769426,0.2521058374588632,4028.0,SA
2019-12-13,1633.0,1639.0,1623.0,1630.0,132320,69386,1632.0,0.0,0.2956375933425253,0.2956375933425253,0.2332610287796041,-662.0,SA
2019-12-16,1634.0,1659.0,1626.0,1632.0,277650,77498,1642.0,0.0012262417232442935,0.2709178697684475,0.2709178697684475,0.22767903619250282,8112.0,SA
2019-12-17,1629.0,1636.0,1578.0,1623.0,223740,70596,1622.0,-0.005529968009461086,0.2571662218161338,0.2571662218161338,0.2450374157096432,-6902.0,SA
2019-12-18,1623.0,1650.0,1622.0,1628.0,195192,71800,1636.0,0.0030759790478942857,0.24056151445926008,0.24056151445926008,0.2372902902047069,1204.0,SA
2019-12-19,1628.0,1641.0,1623.0,1626.0,130952,74830,1633.0,-0.0012292564547297443,0.22794396747727877,0.22794396747727877,0.22753662614063538,3030.0,SA
2019-12-20,1626.0,1630.0,1611.0,1611.0,134436,84124,1620.0,-0.009267906930781509,0.22385461187366304,0.22385461187366304,0.21952944222210594,9294.0,SA
2019-12-23,1610.0,1616.0,1596.0,1601.0,113058,83368,1606.0,-0.006226670180259687,0.21653261214179517,0.21653261214179517,0.21293759678849386,-756.0,SA
2019-12-24,1603.0,1614.0,1600.0,1604.0,62084,83068,1607.0,0.0018720754297451314,0.20734181691147288,0.20734181691147288,0.205866393860662,-300.0,SA
2019-12-25,1602.0,1610.0,1599.0,1603.0,57878,88032,1604.0,-0.00062363581690684,0.19935005960478552,0.19935005960478552,0.19913933854771076,4964.0,SA
2019-12-26,1602.0,1617.0,1602.0,1609.0,55730,85764,1611.0,0.003735994382830233,0.19241537567999675,0.19241537567999675,0.19373907931214113,-2268.0,SA
2019-12-27,1609.0,1629.0,1607.0,1608.0,102264,86076,1619.0,-0.0006216972534715043,0.18603225671151208,0.18603225671151208,0.1903439741706491,312.0,SA
2019-12-30,1609.0,1636.0,1608.0,1633.0,79116,80286,1623.0,0.015427643231553486,0.18832081950308166,0.18832081950308166,0.18889223011738415,-5790.0,SA
2019-12-31,1633.0,1643.0,1629.0,1633.0,79146,73396,1635.0,0.0,0.18284115213413377,0.18284115213413377,0.18456672841828886,-6890.0,SA
2020-01-02,1633.0,1641.0,1618.0,1625.0,26179,34862,1631.0,-0.004910998206627251,0.17936570474186142,0.17936570474186142,0.182256661533071,-38534.0,SA
2020-01-03,1626.0,1634.0,1620.0,1629.0,23178,33974,1627.0,0.0024585138382073233,0.1746161684176211,0.1746161684176211,0.17857893216084803,-888.0,SA
2020-01-06,1629.0,1646.0,1628.0,1638.0,40966,33327,1637.0,0.0055096558109697,0.1674896756229268,0.17074860723920093,0.1721547329476528,-647.0,SA
2020-01-07,1636.0,1640.0,1624.0,1627.0,19256,32570,1631.0,-0.006738157193976911,0.16955409900220494,0.16905347831653314,0.16685257708520315,-757.0,SA
2020-01-08,1626.0,1638.0,1624.0,1630.0,19972,32306,1631.0,0.0018421865817702093,0.09939265707322927,0.1651752227900998,0.14482602012468912,-264.0,SA
2020-01-09,1629.0,1635.0,1621.0,1632.0,27286,29476,1629.0,0.0012262417232442935,0.0934518720991009,0.16154508572055806,0.13804271442353072,-2830.0,SA
2020-01-10,1633.0,1675.0,1633.0,1658.0,173405,39616,1661.0,0.01580580017118791,0.10066291841905838,0.16461887189128938,0.14336142242598998,10140.0,SA
2020-01-13,1659.0,1661.0,1646.0,1653.0,30481,37522,1654.0,-0.003020237874216136,0.10156146607695776,0.1620209326977671,0.1431420614149068,-2094.0,SA
2020-01-14,1657.0,1660.0,1648.0,1653.0,23832,36145,1653.0,0.0,0.10157049143057029,0.15896251145394627,0.13750259583473348,-1377.0,SA
2020-01-15,1654.0,1691.0,1652.0,1665.0,129730,39110,1675.0,0.007233304593520061,0.10139393281704882,0.1568733487121281,0.12444853676633115,2965.0,SA
2020-01-16,1667.0,1679.0,1665.0,1668.0,34266,36492,1671.0,0.0018001805041478473,0.10119630394257045,0.1540467124337921,0.12034474342771745,-2618.0,SA
2020-01-17,1674.0,1684.0,1667.0,1677.0,40310,37576,1678.0,0.00538117890451675,0.10179366224796868,0.15170661296210827,0.11999390574893035,1084.0,SA
2020-01-20,1678.0,1680.0,1658.0,1667.0,31571,33031,1667.0,-0.005980879072414851,0.09778422001757295,0.15086286627291917,0.12067362572820102,-4545.0,SA
2020-01-21,1668.0,1674.0,1655.0,1655.0,17726,32381,1663.0,-0.007224594939630727,0.09890697361070909,0.1505049340465714,0.12020970138248994,-650.0,SA
2020-01-22,1657.0,1657.0,1631.0,1642.0,33941,26024,1641.0,-0.007885997798789767,0.1044893682091046,0.1503465083849405,0.12343367502893143,-6357.0,SA
2020-01-23,1644.0,1651.0,1591.0,1615.0,24597,22223,1623.0,-0.01658005435561658,0.12187732227833571,0.15567531306629367,0.1456095663638222,-3801.0,SA
2020-02-03,1517.0,1546.0,1509.0,1519.0,30443,18012,1523.0,-0.061282733060984036,0.24888291705350288,0.22564279187787212,0.1531537060418076,-4211.0,SA
2020-02-04,1528.0,1570.0,1528.0,1561.0,19994,18788,1551.0,0.027274417919659306,0.2707886927770093,0.23465041959241448,0.1610510528334036,776.0,SA
2020-02-05,1558.0,1569.0,1551.0,1560.0,18788,21591,1559.0,-0.0006408202718493671,0.2634447306657656,0.23136979008361896,0.15872655111867023,2803.0,SA
2020-02-06,1562.0,1577.0,1561.0,1574.0,13995,19533,1568.0,0.008934328733765774,0.2663428751358838,0.22945929976611146,0.15916282088633718,-2058.0,SA
2020-02-07,1574.0,1609.0,1571.0,1574.0,10599,19840,1577.0,0.0,0.26616368334072665,0.2264201114568897,0.16434701790892478,307.0,SA
2020-02-10,1573.0,1577.0,1562.0,1568.0,6875,20067,1571.0,-0.003819228066995384,0.2658311082848706,0.22369202062209784,0.16458410581644295,227.0,SA
2020-02-11,1569.0,1581.0,1564.0,1579.0,10022,19745,1574.0,0.006990813345288893,0.26642585393046014,0.22158888643677918,0.1645288661499872,-322.0,SA
2020-02-12,1578.0,1588.0,1572.0,1578.0,9233,20825,1581.0,-0.0006335128498225887,0.26582091272755726,0.21887509595392327,0.16461695378687466,1080.0,SA
2020-02-13,1579.0,1587.0,1573.0,1581.0,8057,21245,1580.0,0.0018993358036525374,0.26583052581907674,0.21630378241605727,0.1646831279100346,420.0,SA
2020-02-14,1580.0,1583.0,1572.0,1578.0,5604,20935,1577.0,-0.0018993358036525163,0.26563432815322063,0.21382250763158975,0.16433606106577137,-310.0,SA
2020-02-17,1578.0,1588.0,1577.0,1586.0,7310,21231,1582.0,0.0050569007889737115,0.2589575602707881,0.2117183565425685,0.1559384979995885,296.0,SA
2020-02-18,1590.0,1595.0,1581.0,1583.0,5105,20735,1585.0,-0.0018933423137811995,0.2589423796394081,0.20940346978146113,0.15587240289583723,-496.0,SA
2020-02-19,1583.0,1590.0,1583.0,1587.0,4483,20201,1586.0,0.002523660645396822,0.2593731858036779,0.20719395550623812,0.1553919658537642,-534.0,SA
2020-02-20,1588.0,1590.0,1565.0,1586.0,12495,21448,1581.0,-0.0006303183316157478,0.2571555316284449,0.2049845798806493,0.1510775413657451,1247.0,SA
2020-02-21,1580.0,1588.0,1570.0,1579.0,15823,22350,1578.0,-0.004423387939151217,0.2567493614619455,0.20309286846177688,0.15196782524381094,902.0,SA
2020-02-24,1575.0,1590.0,1567.0,1587.0,16435,23054,1579.0,0.005053706270766938,0.2566156167019006,0.20132882829879234,0.15358156369029094,704.0,SA
2020-02-25,1585.0,1637.0,1584.0,1605.0,55706,26495,1614.0,0.011278315037707274,0.2609814138959225,0.2008393013048341,0.16639544625557678,3441.0,SA
2020-02-26,1604.0,1607.0,1577.0,1581.0,25077,23636,1593.0,-0.015066198354644178,0.26453679916415157,0.20169745458496835,0.1694138346223807,-2859.0,SA
2020-02-27,1582.0,1585.0,1567.0,1575.0,14567,23227,1575.0,-0.0038022859497385706,0.26379251878968146,0.19992036414418068,0.16781385103087015,-409.0,SA
2020-02-28,1564.0,1574.0,1542.0,1565.0,16218,23638,1565.0,-0.006369448285479823,0.2588326381900435,0.1984901735075553,0.15454887794980843,411.0,SA
2020-03-02,1564.0,1592.0,1563.0,1587.0,15366,24188,1584.0,0.01395961755215553,0.13975670025791168,0.19893990645044077,0.15087603488178558,550.0,SA
2020-03-03,1589.0,1600.0,1568.0,1571.0,17940,26232,1582.0,-0.010133082270787864,0.11103970313076064,0.19830076552124667,0.14590669605218035,2044.0,SA
2020-03-04,1578.0,1580.0,1569.0,1574.0,6538,26030,1574.0,0.0019077907217274193,0.11111532439067064,0.1965673165131232,0.14459796112279816,-202.0,SA
2020-03-05,1574.0,1575.0,1550.0,1556.0,22192,30653,1560.0,-0.01150172423901164,0.11402832190418706,0.19627647010927993,0.14694874620527976,4623.0,SA
2020-03-06,1555.0,1558.0,1544.0,1553.0,15316,30629,1552.0,-0.001929881589649889,0.11410436976355007,0.1946072931141858,0.1392332725009029,-24.0,SA
2020-03-09,1506.0,1538.0,1501.0,1527.0,28000,28458,1521.0,-0.016883517930054593,0.12741822966807181,0.19590067485662213,0.14713100976754806,-2171.0,SA
2020-03-10,1530.0,1549.0,1529.0,1539.0,12592,27834,1538.0,0.007827828620246696,0.12816913917622075,0.19515251382111765,0.14792572395627043,-624.0,SA
2020-03-11,1538.0,1600.0,1534.0,1542.0,17821,29006,1547.0,0.0019474202843956288,0.12866507817277398,0.19462693503637044,0.1715223630752134,1172.0,SA
2020-03-12,1542.0,1542.0,1521.0,1522.0,11058,28249,1529.0,-0.013055015701643607,0.13471657047449848,0.17869425741685463,0.17295562298493458,-757.0,SA
2020-03-13,1518.0,1528.0,1512.0,1518.0,12744,27301,1518.0,-0.002631580466055932,0.13474128068433575,0.17742415448252793,0.17376417250788426,-948.0,SA
2020-03-16,1523.0,1527.0,1505.0,1505.0,12752,26933,1517.0,-0.00860078077259912,0.13406240488889665,0.17679929904767497,0.17585686095392694,-368.0,SA
2020-03-17,1498.0,1504.0,1485.0,1486.0,18207,26308,1492.0,-0.012704951905271622,0.13866074693933494,0.17829016020694444,0.1769291475595312,-625.0,SA
2020-03-18,1483.0,1498.0,1465.0,1466.0,20790,24613,1477.0,-0.013550342831107676,0.14160355932606128,0.1798626328281205,0.182902302565207,-1695.0,SA
2020-03-19,1470.0,1470.0,1417.0,1441.0,30540,18124,1441.0,-0.017200286447074727,0.1484228797937071,0.182450416557555,0.1959591997623806,-6489.0,SA
2020-03-20,1449.0,1461.0,1438.0,1450.0,10459,18107,1450.0,0.006226239415098098,0.15346291999091474,0.18293317635366685,0.1973557516938372,-17.0,SA
2020-03-23,1428.0,1437.0,1414.0,1427.0,16260,17809,1427.0,-0.015989217937783656,0.15468541306609038,0.18516115604552946,0.19790352405716233,-298.0,SA
2020-03-24,1436.0,1436.0,1409.0,1424.0,10593,17939,1425.0,-0.0021045255049153867,0.14255878505826575,0.1845749847757338,0.1894903938618657,130.0,SA
2020-03-25,1430.0,1436.0,1416.0,1419.0,8409,19100,1424.0,-0.0035174148118784394,0.1386707312914045,0.18439837463748407,0.18759643505483992,1161.0,SA
2020-03-26,1415.0,1415.0,1390.0,1396.0,17336,19349,1399.0,-0.016341393837724875,0.14375671777245042,0.18650890411753485,0.18983385189571184,249.0,SA
2020-03-27,1397.0,1398.0,1373.0,1383.0,17010,17179,1385.0,-0.009355951657559609,0.14423587613486058,0.18702443966596952,0.18868707441147606,-2170.0,SA
2020-03-30,1378.0,1378.0,1336.0,1339.0,16340,15509,1355.0,-0.03233198597358566,0.15183687521629488,0.19622581460843114,0.19595555951406393,-1670.0,SA
2020-03-31,1341.0,1385.0,1338.0,1365.0,17787,14244,1362.0,0.019231361927887592,0.18046566931390762,0.2013884901239929,0.20477339883086912,-1265.0,SA
2020-04-01,1358.0,1376.0,1358.0,1371.0,9293,13715,1369.0,0.004385971943254268,0.18228375835762126,0.1984091390475223,0.20614024450977253,-529.0,SA
2020-04-02,1375.0,1395.0,1366.0,1385.0,14396,13511,1382.0,0.010159739059124477,0.1909757025300332,0.20011801530475856,0.2081568130804441,-204.0,SA
2020-04-03,1390.0,1390.0,1358.0,1371.0,10470,12316,1373.0,-0.010159739059124517,0.19098599348142475,0.20064481136003948,0.2130904757066265,-1195.0,SA
2020-04-07,1385.0,1394.0,1365.0,1372.0,17635,14424,1380.0,0.0007291287235162065,0.18819278796019104,0.2004825517415375,0.2114867988484046,2108.0,SA
2020-04-08,1375.0,1385.0,1366.0,1371.0,13159,14944,1377.0,-0.0007291287235161682,0.18265807023044403,0.1997819624489767,0.21172034341340812,520.0,SA
2020-04-09,1381.0,1387.0,1372.0,1384.0,11607,15957,1380.0,0.009437456615300417,0.18864855394232233,0.2012110688222998,0.19328300953082977,1013.0,SA
2020-04-10,1380.0,1382.0,1354.0,1360.0,15982,14764,1373.0,-0.01749315744751723,0.19164536624900702,0.20322402328820963,0.1959578429953899,-1193.0,SA
2020-04-13,1360.0,1371.0,1333.0,1335.0,21407,14757,1353.0,-0.018553407895747834,0.19657485814954662,0.2054718164604435,0.20362203299004614,-7.0,SA
2020-04-14,1338.0,1350.0,1322.0,1347.0,17725,13995,1334.0,0.008948605576014014,0.20368047600336492,0.2032277820552899,0.2061380127089749,-762.0,SA
2020-04-15,1342.0,1388.0,1339.0,1388.0,27746,17123,1378.0,0.029983964656385805,0.2371124732139122,0.2143917051311078,0.2181464829310518,3128.0,SA
2020-04-16,1410.0,1429.0,1353.0,1355.0,94765,16569,1397.0,-0.024062407752948566,0.2457812890830209,0.2185920005000378,0.2425201338779898,-554.0,SA
2020-04-17,1352.0,1369.0,1345.0,1356.0,25382,14278,1359.0,0.0007377351865395941,0.2411836066207888,0.2176642148142217,0.23269550065619327,-2291.0,SA
2020-04-20,1465.0,1518.0,1465.0,1494.0,66396,22265,1495.0,0.09691789719242178,0.42789780870047833,0.2988045800050312,0.24229335948975403,7987.0,SA
2020-04-21,1488.0,1496.0,1466.0,1475.0,37925,17617,1478.0,-0.012799096918842463,0.4263284684161125,0.29924802588728694,0.24368507400234998,-4648.0,SA
2020-04-22,1470.0,1474.0,1448.0,1467.0,24142,16069,1464.0,-0.005438490630938509,0.42687782590834117,0.2992205677685712,0.2432816771140791,-1548.0,SA
2020-04-23,1470.0,1498.0,1464.0,1481.0,37329,18384,1485.0,0.009498036124817134,0.427349933251593,0.2999602708557098,0.2463238823235829,2315.0,SA
2020-04-24,1478.0,1487.0,1467.0,1479.0,19080,16657,1478.0,-0.001351351556998958,0.42207460962682136,0.29969968439816036,0.24509088951141458,-1727.0,SA
2020-04-27,1473.0,1491.0,1473.0,1477.0,22680,18012,1484.0,-0.0013531801794199703,0.41996311054074603,0.29811292263841666,0.243447481904068,1355.0,SA
2020-04-28,1473.0,1476.0,1450.0,1451.0,20400,16044,1460.0,-0.017760029647191995,0.4066497769328438,0.2733307546420505,0.23742613260972417,-1968.0,SA
2020-04-29,1460.0,1473.0,1438.0,1443.0,21238,16713,1451.0,-0.00552869411031694,0.40387323083751336,0.26720579780103126,0.2315269264552582,669.0,SA
2020-04-30,1445.0,1455.0,1435.0,1447.0,21061,17090,1444.0,0.0027681678576130632,0.4038290061651223,0.26733255245893,0.23170392383774496,377.0,SA
2020-05-06,1454.0,1468.0,1444.0,1455.0,16923,18331,1456.0,0.005513452974109133,0.40303264796135196,0.26687096438327046,0.2300479663548719,1241.0,SA
2020-05-07,1459.0,1462.0,1450.0,1455.0,21916,21216,1455.0,0.0,0.4004374135558077,0.26687096438327046,0.225350137433894,2885.0,SA
2020-05-08,1460.0,1460.0,1436.0,1439.0,31153,25143,1447.0,-0.011057472718225032,0.40346343954427316,0.2675674055948417,0.223671033531491,3927.0,SA
2020-05-11,1442.0,1442.0,1398.0,1415.0,69326,36782,1420.0,-0.016818896810029817,0.40906830351011714,0.2688030965793324,0.23129598384101185,11639.0,SA
2020-05-12,1413.0,1430.0,1408.0,1427.0,47911,37320,1416.0,0.00844480739949839,0.4088323916120612,0.26961153398816873,0.2324833552499311,538.0,SA
2020-05-13,1427.0,1447.0,1417.0,1432.0,114667,41542,1435.0,0.0034977300437545834,0.40267046434770604,0.2697210788846557,0.232676824292514,4222.0,SA
2020-05-14,1430.0,1436.0,1419.0,1426.0,45571,43160,1428.0,-0.004198746546349716,0.3958992430499217,0.26977092907012423,0.22630930735179597,1618.0,SA
2020-05-15,1430.0,1443.0,1426.0,1435.0,51114,43365,1435.0,0.006291527219480251,0.3955114292886771,0.269913463447608,0.22331291678442494,205.0,SA
2020-05-18,1433.0,1456.0,1430.0,1448.0,62285,45394,1444.0,0.009018444751940293,0.38357087526395844,0.27079236845206106,0.21332763547732383,2029.0,SA
2020-05-19,1452.0,1461.0,1438.0,1441.0,49213,46682,1451.0,-0.004845976946139532,0.37216154642162264,0.2707478638688765,0.18215001363724007,1288.0,SA
2020-05-20,1445.0,1453.0,1439.0,1450.0,34252,48352,1446.0,0.006226239415098098,0.372213544044177,0.27121417282947224,0.17941837462590765,1670.0,SA
2020-05-21,1455.0,1457.0,1445.0,1450.0,31711,47827,1451.0,0.0,0.1315952443900608,0.27116203503804465,0.1637231309483923,-525.0,SA
2020-05-22,1453.0,1453.0,1419.0,1422.0,55575,45729,1432.0,-0.019499225051433894,0.14096680720731503,0.27330128207187804,0.16577947241881488,-2098.0,SA
2020-05-25,1423.0,1443.0,1408.0,1441.0,89474,53466,1424.0,0.013272985636335997,0.14990373371653978,0.2737366366119382,0.16962627861059026,7737.0,SA
2020-05-26,1437.0,1474.0,1437.0,1464.0,168659,63692,1460.0,0.015835098521734817,0.15718191021959382,0.2746551148410351,0.171202983019566,10226.0,SA
2020-05-27,1462.0,1478.0,1442.0,1459.0,143875,62853,1462.0,-0.003421145998471254,0.15748608561821034,0.27464139344098737,0.17670640574338115,-839.0,SA
2020-05-28,1461.0,1469.0,1453.0,1462.0,67318,63681,1462.0,0.0020540917869382694,0.15775516495492362,0.2745175366428225,0.17635412956168894,828.0,SA
2020-05-29,1463.0,1487.0,1462.0,1476.0,113378,63420,1477.0,0.009530364850694062,0.1476757015591272,0.27363304042528386,0.17599115276820074,-261.0,SA
2020-06-01,1478.0,1485.0,1470.0,1476.0,73196,65972,1477.0,0.0,0.14581338390988097,0.27301370888562976,0.16979502163451551,2552.0,SA
2020-06-02,1472.0,1477.0,1456.0,1471.0,55997,65245,1467.0,-0.003393284558980278,0.14652836305218964,0.2729856484628256,0.16997401136618884,-727.0,SA
2020-06-03,1475.0,1486.0,1467.0,1485.0,66616,70443,1477.0,0.009472330635362444,0.14884615629687398,0.2729656196931957,0.16856074033895554,5198.0,SA
2020-06-04,1486.0,1490.0,1462.0,1466.0,62867,66454,1475.0,-0.0128771687902032,0.15676015862746218,0.27407371895860555,0.17242103293677882,-3989.0,SA
2020-06-05,1468.0,1472.0,1464.0,1470.0,38833,67928,1468.0,0.002724797326185257,0.1510003341853955,0.2721626796590374,0.16918719870019136,1474.0,SA
2020-06-08,1473.0,1478.0,1461.0,1465.0,46291,68469,1468.0,-0.003407158321614309,0.1368843936281962,0.2716482867700047,0.15779208050467503,541.0,SA
2020-06-09,1465.0,1466.0,1433.0,1436.0,92815,77795,1444.0,-0.019993771842998196,0.1543573740900953,0.27437906316756916,0.1617144988803649,9326.0,SA
2020-06-10,1436.0,1445.0,1431.0,1432.0,52148,76735,1438.0,-0.0027894020875785254,0.15425176656858655,0.27329560033395234,0.15684408089172255,-1060.0,SA
2020-06-11,1434.0,1437.0,1423.0,1431.0,56704,78165,1431.0,-0.0006985679641400224,0.15349267646420073,0.27327566053086033,0.15618189809970978,1430.0,SA
2020-06-12,1425.0,1444.0,1422.0,1436.0,82328,78201,1437.0,0.0034879700517186072,0.1523383979873499,0.27296179960757994,0.1575508163048107,36.0,SA
2020-06-15,1438.0,1455.0,1432.0,1445.0,69314,75135,1443.0,0.006247850938362949,0.15049232983169766,0.27219450628903213,0.1565348386222693,-3066.0,SA
2020-06-16,1443.0,1452.0,1436.0,1448.0,47576,72362,1446.0,0.002073972399129172,0.14960924120496955,0.2708773950452647,0.15466580122725265,-2773.0,SA
2020-06-17,1450.0,1453.0,1435.0,1439.0,37906,71122,1443.0,-0.006234866058293884,0.14953808118727055,0.2688797559785298,0.15556172752736966,-1240.0,SA
2020-06-18,1440.0,1442.0,1429.0,1432.0,39807,74366,1434.0,-0.004876359366776929,0.15036626307562453,0.26874139025853977,0.15575892884813378,3244.0,SA
2020-06-19,1432.0,1440.0,1428.0,1440.0,39607,74033,1434.0,0.0055710450494554295,0.13421645587776396,0.2669744797067986,0.1484888024300813,-333.0,SA
2020-06-22,1441.0,1445.0,1431.0,1436.0,33064,75951,1437.0,-0.0027816429618768026,0.12607124848077053,0.2670022974914079,0.1405636263829113,1918.0,SA
2020-06-23,1436.0,1438.0,1425.0,1427.0,43906,81595,1430.0,-0.006287132131333091,0.11265688592604027,0.2672228190016425,0.13121058442519168,5644.0,SA
2020-06-24,1427.0,1429.0,1396.0,1401.0,85340,88835,1413.0,-0.018388071139829366,0.1278086381820689,0.26778825744659024,0.13013787138533314,7240.0,SA
2020-06-29,1396.0,1407.0,1381.0,1394.0,49057,88970,1396.0,-0.005008955016537773,0.12727862114376334,0.26728716227064403,0.13402833993772587,135.0,SA
2020-06-30,1399.0,1405.0,1387.0,1393.0,63634,104267,1396.0,-0.0007176175406635067,0.11958345056214738,0.258668068807239,0.1319737528227005,15297.0,SA
2020-07-01,1391.0,1394.0,1358.0,1368.0,136548,131469,1372.0,-0.01810987559730991,0.1304633325619146,0.25853775973433274,0.14155816695596182,27202.0,SA
2020-07-02,1361.0,1372.0,1358.0,1370.0,94822,132989,1365.0,0.0014609206396748698,0.1317842449731844,0.25839815775701896,0.13995880426824708,1520.0,SA
2020-07-03,1371.0,1380.0,1368.0,1375.0,81952,136119,1374.0,0.0036429912785010087,0.12567087465678312,0.25765247467936325,0.13851272755418506,3130.0,SA
2020-07-06,1375.0,1383.0,1371.0,1381.0,74235,133618,1377.0,0.004354143308620434,0.12413839783033322,0.2569586248245248,0.1338119350625969,-2501.0,SA
2020-07-07,1384.0,1384.0,1366.0,1369.0,76403,132320,1377.0,-0.008727328120843222,0.12380836846870957,0.25758806677328056,0.13617775478736038,-1298.0,SA
2020-07-08,1369.0,1392.0,1363.0,1391.0,105402,130400,1384.0,0.015942366634994126,0.141724832867162,0.2596378836890715,0.1412067219212049,-1920.0,SA
2020-07-09,1392.0,1398.0,1386.0,1394.0,82673,128600,1393.0,0.002154399397026225,0.12678686673935005,0.25896959879937703,0.13393065222420286,-1800.0,SA
2020-07-10,1398.0,1399.0,1381.0,1389.0,61809,125166,1390.0,-0.0035932485661253856,0.12692752491082582,0.25650639103767164,0.13515227019321116,-3434.0,SA
2020-07-13,1389.0,1416.0,1387.0,1397.0,132818,127433,1400.0,0.0057430165026180115,0.1294961890669843,0.25369783407779417,0.14058621994310622,2267.0,SA
2020-07-14,1395.0,1403.0,1373.0,1388.0,73759,127141,1390.0,-0.006463218190212005,0.1295331134317789,0.2535395988514621,0.1442502441949936,-292.0,SA
2020-07-15,1388.0,1395.0,1376.0,1381.0,71106,135329,1385.0,-0.005055987657457726,0.12653785951351007,0.2462576871833941,0.14321794279131456,8188.0,SA
2020-07-16,1381.0,1384.0,1371.0,1373.0,78860,139668,1378.0,-0.005809747641321102,0.12604974128106458,0.2414994601195902,0.14268635924731043,4339.0,SA
2020-07-17,1373.0,1380.0,1341.0,1356.0,139887,147726,1361.0,-0.012458937267630222,0.1302245336366581,0.2428779848240597,0.1528531119727821,8058.0,SA
2020-07-20,1356.0,1357.0,1306.0,1306.0,218647,163018,1321.0,-0.03757015866396453,0.1787715007437869,0.15457103390424676,0.17207620197472373,15292.0,SA
2020-07-21,1305.0,1317.0,1288.0,1303.0,159512,153568,1305.0,-0.002299732711531209,0.1750024615143794,0.15301023073839165,0.17756583561789158,-9450.0,SA
2020-07-22,1306.0,1340.0,1306.0,1316.0,221633,160126,1322.0,0.009927534760417286,0.1827194507723939,0.15477996247517053,0.18460821357122498,6558.0,SA
2020-07-23,1315.0,1332.0,1313.0,1324.0,133985,156365,1323.0,0.0060606246116909545,0.1861909836483612,0.15387218177739317,0.186115433205089,-3761.0,SA
2020-07-24,1329.0,1332.0,1315.0,1320.0,108624,147568,1323.0,-0.003025720916536956,0.178038358326858,0.1538863324660467,0.18144361916784255,-8797.0,SA
2020-07-27,1320.0,1336.0,1305.0,1324.0,151598,150622,1323.0,0.00302572091653689,0.17909530049272615,0.15421097915287837,0.1839517552907315,3054.0,SA
2020-07-28,1325.0,1332.0,1317.0,1325.0,84488,146118,1324.0,0.0007550019233690852,0.179371826497404,0.15069402726496184,0.18348549390309202,-4504.0,SA
2020-07-29,1325.0,1335.0,1323.0,1327.0,89609,144201,1328.0,0.0015082959118848814,0.1700808792565986,0.15058420288439953,0.1759209191322661,-1917.0,SA
2020-07-30,1326.0,1329.0,1311.0,1317.0,87141,146841,1319.0,-0.007564332588926432,0.17098936159096262,0.15085007442352208,0.17695273850813756,2640.0,SA
2020-07-31,1318.0,1338.0,1317.0,1327.0,135911,137879,1327.0,0.007564332588926387,0.17323127891538984,0.15131544752320802,0.17915537904529732,-8962.0,SA
2020-08-03,1330.0,1381.0,1320.0,1376.0,293414,128611,1359.0,0.03625998416108138,0.21881828185335472,0.16984184567982966,0.20237445679189836,-9268.0,SA
2020-08-04,1380.0,1414.0,1370.0,1414.0,245596,136050,1401.0,0.027241827963229034,0.23656805795361396,0.17796384411156488,0.21139555914393793,7439.0,SA
2020-08-05,1464.0,1466.0,1376.0,1406.0,564186,114919,1418.0,-0.005673774085907825,0.23163829133298616,0.17500779349912418,0.24655012446216903,-21131.0,SA
2020-08-06,1405.0,1437.0,1393.0,1417.0,360804,118091,1415.0,0.007793167320070283,0.23301041338706377,0.1748778843528486,0.2545818452847632,3172.0,SA
2020-08-07,1417.0,1472.0,1407.0,1472.0,680537,122089,1454.0,0.03808005959814117,0.2667662632140123,0.1913760145602137,0.2706498983276881,3998.0,SA
2020-08-10,1477.0,1504.0,1433.0,1440.0,543128,94969,1465.0,-0.02197890671877523,0.28053143661260704,0.1965804045133947,0.28611859130194633,-27120.0,SA
2020-08-11,1445.0,1491.0,1428.0,1439.0,475479,100505,1463.0,-0.000694685682678485,0.27911036075677903,0.19617433046474855,0.2969183407270854,5536.0,SA
2020-08-12,1443.0,1443.0,1404.0,1411.0,456488,97038,1416.0,-0.01964975503455385,0.2884431678031712,0.19932145066908544,0.30115961645412465,-3467.0,SA
2020-08-13,1416.0,1426.0,1392.0,1404.0,268310,93238,1408.0,-0.004973367267057598,0.2881955620180208,0.1993335751650206,0.30482948038886504,-3800.0,SA
2020-08-14,1407.0,1416.0,1368.0,1374.0,267395,88112,1391.0,-0.021599111803461815,0.29557781578372383,0.20344406705618182,0.3075347515490695,-5126.0,SA
2020-08-17,1384.0,1384.0,1339.0,1378.0,226357,71709,1360.0,0.0029069787913093108,0.2590841964923569,0.20358488165604363,0.30477485797579623,-16403.0,SA
2020-08-18,1383.0,1397.0,1362.0,1387.0,165890,63900,1378.0,0.006509968741227666,0.25872676758196805,0.2003861347357874,0.30586767938549586,-7809.0,SA
2020-08-19,1390.0,1410.0,1382.0,1409.0,136583,52656,1396.0,0.015737091583848735,0.2615370327857214,0.2011609942345105,0.3039588364130642,-11244.0,SA
2020-08-20,1578.0,1597.0,1568.0,1592.0,319413,80958,1586.0,0.12211085450564807,0.4948024523529196,0.3195702816478188,0.3049172031003214,28302.0,SA
2020-08-21,1596.0,1643.0,1593.0,1603.0,827133,107024,1619.0,0.006885786205224728,0.4928126076852208,0.3196043705767509,0.31070351630435467,26066.0,SA
2020-08-24,1610.0,1652.0,1603.0,1650.0,462414,118041,1629.0,0.028898414285073237,0.496668020272384,0.32443787913020883,0.31327160577138663,11017.0,SA
2020-08-25,1657.0,1692.0,1646.0,1684.0,683336,155645,1674.0,0.020396627907645654,0.49618848310576996,0.3262573819517955,0.3177829864290874,37604.0,SA
2020-08-26,1683.0,1687.0,1665.0,1675.0,482841,156257,1675.0,-0.00535875054310519,0.4986845351476386,0.32659350125937087,0.31842628497728115,612.0,SA
2020-08-27,1675.0,1697.0,1656.0,1665.0,503056,142464,1672.0,-0.005988041844622557,0.49791616887447887,0.3268215685033608,0.32133098834767665,-13793.0,SA
2020-08-28,1666.0,1694.0,1654.0,1683.0,478192,147295,1675.0,0.010752791776261697,0.49769329165996323,0.32695496939232493,0.32357337646745943,4831.0,SA
2020-08-31,1687.0,1742.0,1677.0,1742.0,413361,162613,1723.0,0.034455963221642114,0.4965702450664122,0.33201278175826293,0.3194027516848929,15318.0,SA
2020-09-01,1742.0,1783.0,1737.0,1758.0,1126858,199298,1765.0,0.009142920832674244,0.49327314846936904,0.33225886834627033,0.31716385954579257,36685.0,SA
2020-09-02,1758.0,1797.0,1751.0,1796.0,650470,222932,1773.0,0.02138517061702263,0.4905891039554671,0.3340878117591965,0.29245061178475745,23634.0,SA
2020-09-03,1796.0,1822.0,1766.0,1785.0,1156253,220150,1798.0,-0.006143554648405463,0.4947087174777319,0.3311626302854936,0.29250814203519937,-2782.0,SA
2020-09-04,1784.0,1793.0,1717.0,1765.0,1209113,193678,1757.0,-0.011267724846342269,0.49062828939735553,0.3323088022749914,0.29124360722568343,-26472.0,SA
2020-09-07,1768.0,1799.0,1760.0,1787.0,936643,204083,1781.0,0.012387545792030809,0.47685788529621814,0.33268416179427457,0.2764878824508053,10405.0,SA
2020-09-08,1787.0,1793.0,1755.0,1762.0,628240,196580,1774.0,-0.014088708663303176,0.48341046094140094,0.3346610103623373,0.2647855440296628,-7503.0,SA
2020-09-09,1742.0,1757.0,1716.0,1727.0,715152,177412,1736.0,-0.02006372834944626,0.4837480581170118,0.3380084983389748,0.263135742437603,-19168.0,SA
2020-09-10,1735.0,1763.0,1727.0,1739.0,594268,180506,1746.0,0.0069244362076044084,0.4806878599401806,0.3380989351405926,0.2617899005058777,3094.0,SA
2020-09-11,1743.0,1779.0,1733.0,1777.0,562991,209848,1752.0,0.021616313800368357,0.4665557164867379,0.33963354697880693,0.25742231592890885,29342.0,SA
2020-09-14,1780.0,1784.0,1722.0,1729.0,711297,192285,1751.0,-0.02738334247136086,0.4869052628724761,0.34505423202794006,0.2588068429754964,-17563.0,SA
2020-09-15,1724.0,1736.0,1663.0,1667.0,954666,187157,1685.0,-0.036517602932496486,0.5154553131801937,0.35436815872892163,0.2690711239342616,-5128.0,SA
2020-09-16,1668.0,1686.0,1655.0,1680.0,579997,164974,1671.0,0.007768189646510544,0.5148940278219338,0.35436382552104956,0.2685853732329185,-22183.0,SA
2020-09-17,1685.0,1694.0,1670.0,1675.0,385235,163169,1681.0,-0.0029806281381377893,0.2961321621265818,0.35407599632445913,0.2674732196149201,-1805.0,SA
2020-09-18,1674.0,1723.0,1660.0,1709.0,691367,161583,1696.0,0.02009523885642398,0.3023006188042664,0.3530901086999079,0.27109296888241247,-1586.0,SA
2020-09-21,1701.0,1713.0,1672.0,1682.0,522787,152737,1689.0,-0.015924842582697513,0.2935792436076167,0.3548786622527731,0.2684212844303828,-8846.0,SA
2020-09-22,1680.0,1736.0,1663.0,1730.0,798410,167676,1707.0,0.028137846958931352,0.30149183513311534,0.3584233191191529,0.27739059897566765,14939.0,SA
2020-09-23,1734.0,1756.0,1703.0,1751.0,941224,172447,1731.0,0.012065644794027133,0.3026836559351488,0.3559588619272544,0.28355459663650956,4771.0,SA
2020-09-24,1751.0,1762.0,1722.0,1742.0,819403,171897,1742.0,-0.005153174873403763,0.30240007375187233,0.3564234761849123,0.2829908982365051,-550.0,SA
2020-09-25,1745.0,1746.0,1714.0,1724.0,557074,162065,1726.0,-0.01038670618880972,0.3038214374339519,0.35763209924266326,0.28116199617096,-9832.0,SA
2020-09-28,1726.0,1754.0,1702.0,1708.0,683743,155879,1728.0,-0.00932407687512329,0.27920547801505813,0.35862592020279876,0.276795588919315,-6186.0,SA
2020-09-29,1708.0,1719.0,1692.0,1706.0,478342,132498,1705.0,-0.0011716462968907467,0.276652036336759,0.3578614312104621,0.273250198731466,-23381.0,SA
2020-09-30,1708.0,1727.0,1689.0,1717.0,428975,108618,1710.0,0.006427132845851172,0.26518726941335086,0.3570045730937217,0.27178260678246946,-23880.0,SA
2020-10-09,1728.0,1736.0,1662.0,1691.0,390337,99910,1684.0,-0.015258511998895266,0.26888092926557533,0.35904814580085526,0.2793340167173863,-8708.0,SA
2020-10-12,1690.0,1733.0,1684.0,1725.0,385050,107079,1705.0,0.019906980566879905,0.27824524515675747,0.3603608726533048,0.2707010769133824,7169.0,SA
2020-10-13,1727.0,1749.0,1719.0,1730.0,497586,113375,1735.0,0.0028943580263645565,0.2741640355010645,0.36033636259758983,0.2691894435821186,6296.0,SA
2020-10-14,1730.0,1737.0,1691.0,1707.0,416474,105664,1710.0,-0.013383964697383984,0.2737533541711649,0.361427613198064,0.2713702664081738,-7711.0,SA
2020-10-15,1705.0,1717.0,1671.0,1673.0,428960,122705,1694.0,-0.020119021807616606,0.2738025282741122,0.3642263854486394,0.27286096656141473,17041.0,SA
2020-10-16,1664.0,1689.0,1653.0,1680.0,320956,124059,1675.0,0.004175371410480592,0.27284875425583704,0.36375012417650254,0.27317914829104917,1354.0,SA
2020-10-19,1682.0,1690.0,1618.0,1621.0,507078,150836,1654.0,-0.035750550661628494,0.2834516721492373,0.3710763474223732,0.2829815536415854,26777.0,SA
2020-10-20,1622.0,1638.0,1607.0,1637.0,438062,133614,1624.0,0.009822055635458857,0.2744726374727748,0.36162403750643535,0.2758328187338212,-17222.0,SA
2020-10-21,1638.0,1640.0,1624.0,1640.0,261978,132703,1631.0,0.0018309434471091147,0.2441808457454257,0.36142874812748593,0.2611443175739881,-911.0,SA
2020-10-22,1638.0,1652.0,1617.0,1627.0,460800,131714,1632.0,-0.007958413599206316,0.24323452044415036,0.3619945038694997,0.2621279829076654,-989.0,SA
2020-10-23,1627.0,1638.0,1603.0,1605.0,389766,144318,1623.0,-0.013614071654921596,0.24690476521374172,0.36363706598951495,0.26437932088624944,12604.0,SA
2020-10-26,1613.0,1624.0,1589.0,1616.0,442500,133759,1611.0,0.0068302035169243835,0.23537530334387946,0.3634776630076344,0.2564781121804934,-10559.0,SA
2020-10-27,1616.0,1625.0,1603.0,1617.0,314484,140656,1614.0,0.0006186204960661022,0.23045099774941705,0.36352058852423474,0.2529283975515452,6897.0,SA
2020-10-28,1618.0,1623.0,1583.0,1610.0,422039,147640,1603.0,-0.00433840159859813,0.2013944224920106,0.36382213274300745,0.24178412013881787,6984.0,SA
2020-10-29,1600.0,1610.0,1575.0,1583.0,365211,163958,1589.0,-0.01691239809749653,0.19777333430198,0.36613087163094904,0.2374930417149237,16318.0,SA
2020-10-30,1576.0,1591.0,1561.0,1568.0,385750,165684,1575.0,-0.009520858970658937,0.19840711469396377,0.36639041328864924,0.23592236825130466,1726.0,SA
2020-11-02,1570.0,1608.0,1564.0,1606.0,334362,143046,1587.0,0.023945693596353866,0.22241603992996806,0.368790663766292,0.23997322422197573,-22638.0,SA
2020-11-03,1606.0,1607.0,1576.0,1578.0,318447,153795,1592.0,-0.01758839310088739,0.22711114135840238,0.36468181176290865,0.23497770235887266,10749.0,SA
2020-11-04,1582.0,1586.0,1569.0,1574.0,237688,160226,1578.0,-0.002538072428471,0.22694185916951787,0.36109428122154225,0.23368385016113474,6431.0,SA
2020-11-05,1575.0,1582.0,1548.0,1553.0,263322,166462,1565.0,-0.013431605828661429,0.22576346164852182,0.362119214463689,0.23346185780309675,6236.0,SA
2020-11-06,1556.0,1582.0,1550.0,1552.0,329785,155381,1565.0,-0.0006441224055230209,0.22293739636855125,0.3619229394029406,0.21870466469145836,-11081.0,SA
2020-11-09,1551.0,1558.0,1518.0,1522.0,356757,181560,1535.0,-0.019519162321532956,0.20982733422883126,0.3563203729911106,0.21719274130598976,26179.0,SA
2020-11-10,1531.0,1538.0,1519.0,1532.0,285072,182214,1528.0,0.006548811878905462,0.21230833672809185,0.3534217720121643,0.215684440456696,654.0,SA
2020-11-11,1535.0,1553.0,1508.0,1522.0,475795,208698,1532.0,-0.00654881187890544,0.21058149412941202,0.35374484587293104,0.2171868998577598,26484.0,SA
2020-11-12,1524.0,1528.0,1512.0,1523.0,323892,220280,1520.0,0.0006568144735307536,0.20463657597386642,0.351156964810707,0.2105822812281412,11582.0,SA
2020-11-13,1521.0,1546.0,1516.0,1534.0,506963,216606,1535.0,0.0071966290320397,0.20662920257417158,0.3511183639922722,0.20972212646332128,-3674.0,SA
2020-11-16,1537.0,1561.0,1532.0,1543.0,439664,228616,1544.0,0.005849870435959379,0.17368557660590916,0.34793073208070274,0.1924134554678895,12010.0,SA
2020-11-17,1547.0,1556.0,1530.0,1543.0,356970,217121,1544.0,0.0,0.16791813815450768,0.3479468632830623,0.19146064722015405,-11495.0,SA
2020-11-18,1546.0,1551.0,1513.0,1530.0,365558,219027,1530.0,-0.008460837976679642,0.16799942228692508,0.34844524505208874,0.1974788991921539,1906.0,SA
2020-11-19,1540.0,1554.0,1531.0,1549.0,358960,215545,1543.0,0.012341826030387441,0.17600576080623537,0.3479315558681466,0.19476377864068983,-3482.0,SA
2020-11-20,1548.0,1549.0,1520.0,1523.0,351418,244543,1533.0,-0.01692748752170684,0.17913167122312804,0.24409657955347738,0.193494120599428,28998.0,SA
2020-11-23,1523.0,1528.0,1495.0,1515.0,449005,258863,1511.0,-0.005266634951692346,0.17580757499819208,0.24374839751993527,0.19351756155326216,14320.0,SA
2020-11-24,1513.0,1519.0,1487.0,1494.0,340815,270862,1502.0,-0.013958352250706914,0.1791346866691567,0.23712598956856842,0.19660919295190107,11999.0,SA
2020-11-25,1495.0,1504.0,1484.0,1487.0,370222,297370,1492.0,-0.004696419232607489,0.17914922020943536,0.23272927283428646,0.1914565972851119,26508.0,SA
2020-11-26,1488.0,1497.0,1483.0,1491.0,270277,298118,1492.0,0.0026863683045834337,0.17384648920591625,0.23282743376897244,0.18675053805568387,748.0,SA
2020-11-27,1492.0,1526.0,1475.0,1520.0,618823,271156,1512.0,0.019263299075583742,0.1887724785553998,0.23664113620667568,0.1960900235681412,-26962.0,SA
2020-11-30,1518.0,1518.0,1477.0,1477.0,477460,294968,1497.0,-0.028697331308942278,0.1869481219235728,0.24162172677970706,0.1958593111085045,23812.0,SA
2020-12-01,1479.0,1484.0,1442.0,1446.0,563582,316523,1460.0,-0.021211879812669848,0.19076593020268076,0.2324039466855071,0.20091384661988332,21555.0,SA
2020-12-02,1450.0,1461.0,1436.0,1441.0,422758,310710,1449.0,-0.0034638067191878957,0.19067715203911412,0.23100950981948074,0.20294290694988373,-5813.0,SA
2020-12-03,1441.0,1451.0,1431.0,1445.0,338700,309808,1442.0,0.002772004547010492,0.18919459444110895,0.22563891840295033,0.19981552809008285,-902.0,SA
2020-12-04,1444.0,1472.0,1436.0,1445.0,544692,295276,1451.0,0.0,0.1893408348672067,0.22569673883883232,0.20200899301213557,-14532.0,SA
2020-12-07,1449.0,1458.0,1404.0,1415.0,643858,304528,1429.0,-0.02097979046919452,0.19102251037521964,0.2279683471638483,0.21018862492664006,9252.0,SA
2020-12-08,1417.0,1431.0,1415.0,1420.0,300658,301776,1422.0,0.0035273405179684406,0.1891909037890848,0.2260308205124488,0.20988710722349394,-2752.0,SA
2020-12-09,1418.0,1433.0,1373.0,1375.0,653554,299329,1404.0,-0.032203140494634706,0.21419281361690654,0.23244736876072516,0.22000563379441274,-2447.0,SA
2020-12-10,1379.0,1384.0,1333.0,1338.0,857737,238401,1349.0,-0.02727776941249788,0.22675233066122855,0.23499477974077324,0.23293430678164298,-60928.0,SA
2020-12-11,1348.0,1368.0,1321.0,1330.0,743066,211001,1346.0,-0.005997019472374291,0.22101043145492655,0.23386791790508596,0.24091005179423144,-27400.0,SA
2020-12-14,1333.0,1396.0,1317.0,1388.0,752160,183161,1353.0,0.04268491985095037,0.27998688998277793,0.24738870342832026,0.2678656202172779,-27840.0,SA
2020-12-15,1385.0,1398.0,1368.0,1385.0,445041,164039,1381.0,-0.002163722445310919,0.27955282608802284,0.24264960662825358,0.2694316430028886,-19122.0,SA
2020-12-16,1385.0,1406.0,1369.0,1385.0,399769,144004,1385.0,0.0,0.2799346614285794,0.23297707185809546,0.27023267875954027,-20035.0,SA
2020-12-17,1386.0,1431.0,1380.0,1419.0,342511,119987,1407.0,0.02425225853860369,0.29251557048352406,0.2385941496030648,0.2792144689883482,-24017.0,SA
2020-12-18,1425.0,1438.0,1389.0,1416.0,260309,92943,1417.0,-0.0021164029063776126,0.28882174352346585,0.2385981140790389,0.2859533352791697,-27044.0,SA
2020-12-21,1575.0,1671.0,1560.0,1666.0,676768,154014,1628.0,0.16258954847312285,0.6545526128940838,0.41131377998246665,0.31768076212208796,61071.0,SA
2020-12-22,1662.0,1662.0,1598.0,1618.0,597527,145775,1628.0,-0.029234725108350994,0.6624781973209326,0.41432536668931574,0.32531437167253174,-8239.0,SA
2020-12-23,1621.0,1648.0,1588.0,1644.0,670551,159107,1628.0,0.015941477997688185,0.662937085973195,0.4114731817600347,0.33350049536868376,13332.0,SA
2020-12-24,1648.0,1676.0,1632.0,1657.0,549553,153827,1658.0,0.007876441810437593,0.6629507938129556,0.41100459940572087,0.33766170809362034,-5280.0,SA
2020-12-25,1658.0,1673.0,1637.0,1650.0,376755,142231,1657.0,-0.0042334505319365666,0.6616323874058649,0.4109687432689579,0.3330758788012767,-11596.0,SA
2020-12-28,1649.0,1682.0,1613.0,1619.0,520031,155199,1651.0,-0.018966613216991175,0.6561567705956972,0.41217897998671815,0.33980873856709215,12968.0,SA
2020-12-29,1618.0,1637.0,1573.0,1593.0,504509,158982,1603.0,-0.016189643767586623,0.6537942638938682,0.41300057736574297,0.3448540600684301,3783.0,SA
2020-12-30,1593.0,1607.0,1586.0,1600.0,245679,161163,1596.0,0.004384598317824126,0.6530709607141123,0.4131557126689636,0.3440368581785044,2181.0,SA
2020-12-31,1602.0,1625.0,1582.0,1611.0,346772,146448,1605.0,0.006851474949101738,0.6530279266100619,0.41318924313835487,0.3474698916688161,-14715.0,SA
2021-01-04,1611.0,1636.0,1588.0,1609.0,277664,175758,1606.0,-0.0012422361845911684,0.6531787730892454,0.41213788236414955,0.34924098467411463,29310.0,SA
2021-01-05,1608.0,1627.0,1592.0,1599.0,360539,176301,1609.0,-0.006234434158428942,0.6474053294487672,0.4100138406685129,0.3430450412030156,543.0,SA
2021-01-06,1604.0,1650.0,1585.0,1650.0,571014,210459,1619.0,0.03139685406067207,0.6534115057559656,0.41533214323944356,0.3526930673993895,34158.0,SA
2021-01-07,1650.0,1682.0,1632.0,1637.0,617212,212951,1654.0,-0.007909989523491442,0.6394824610490806,0.4147787000275565,0.34677106173323313,2492.0,SA
2021-01-08,1636.0,1652.0,1603.0,1608.0,494790,207560,1630.0,-0.017874127632223215,0.633352089737132,0.41435840751512054,0.34348513148469373,-5391.0,SA
2021-01-11,1605.0,1608.0,1548.0,1548.0,645432,200965,1566.0,-0.03802739558923925,0.6532694942292635,0.42117038579147925,0.34495091877061457,-6595.0,SA
2021-01-12,1544.0,1549.0,1504.0,1529.0,435317,168567,1525.0,-0.012349848220610108,0.6432673364833745,0.41574856020417966,0.3280394236578331,-32398.0,SA
2021-01-13,1531.0,1538.0,1489.0,1503.0,405275,203248,1510.0,-0.017150816176087776,0.6475814946783006,0.4164258677547186,0.3319859435390269,34681.0,SA
2021-01-14,1500.0,1530.0,1499.0,1522.0,384261,184047,1516.0,0.012562148668656547,0.6480608884578146,0.4173563065740112,0.3299959567499568,-19201.0,SA
2021-01-15,1523.0,1553.0,1507.0,1547.0,366232,189980,1528.0,0.016292312151434972,0.6455096231768017,0.41863694252580974,0.32716325328355933,5933.0,SA
2021-01-18,1547.0,1560.0,1516.0,1556.0,384912,179372,1541.0,0.0058008541652707695,0.6450779457846236,0.4180021124609146,0.32451087549115665,-10608.0,SA
2021-01-19,1556.0,1562.0,1533.0,1547.0,255603,169153,1546.0,-0.00580085416527082,0.26640121504994785,0.417856544256474,0.29255727727032926,-10219.0,SA
2021-01-20,1548.0,1584.0,1543.0,1583.0,367880,190121,1565.0,0.023004209307945948,0.26454781407616995,0.4206511575199745,0.2858989086206545,20968.0,SA
2021-01-21,1586.0,1586.0,1563.0,1570.0,318968,179100,1572.0,-0.008246161538658404,0.2577897402806762,0.4208835559670901,0.27658480085904863,-11021.0,SA
2021-01-22,1570.0,1593.0,1541.0,1552.0,462432,186020,1567.0,-0.011531197599189679,0.2568363710961174,0.4201326961236984,0.2797747107123347,6920.0,SA
2021-01-25,1551.0,1578.0,1535.0,1578.0,350135,177269,1556.0,0.016613800662655432,0.2662155590698468,0.42109586115126324,0.28210242557818005,-8751.0,SA
2021-01-26,1575.0,1588.0,1567.0,1576.0,277251,177929,1577.0,-0.0012682309879951648,0.25882717155422286,0.41818254104132513,0.26920318158565626,660.0,SA
2021-01-27,1576.0,1593.0,1545.0,1559.0,386605,175753,1567.0,-0.010845401360047963,0.2554621837216286,0.4172277259761321,0.26366647691368833,-2176.0,SA
2021-01-28,1556.0,1607.0,1553.0,1603.0,392145,194993,1582.0,0.02783228355177643,0.27478075359885873,0.42109483466199776,0.2720425805431178,19240.0,SA
2021-01-29,1603.0,1626.0,1597.0,1618.0,349662,192350,1612.0,0.009313945008883988,0.27571394280565015,0.420510181469347,0.26874672274900535,-2643.0,SA
2021-02-01,1618.0,1629.0,1593.0,1596.0,328247,181081,1610.0,-0.013690319608682897,0.28005903142474864,0.4215267037704596,0.26547755086258984,-11269.0,SA
2021-02-02,1596.0,1628.0,1596.0,1614.0,314575,183088,1615.0,0.011215070820140003,0.28206834062714187,0.4200181616388041,0.26480736399489463,2007.0,SA
2021-02-03,1613.0,1640.0,1597.0,1637.0,444357,225743,1619.0,0.014149728541240714,0.26313986648079324,0.42073128133284665,0.25694959100486525,42655.0,SA
2021-02-04,1639.0,1643.0,1619.0,1633.0,370563,198208,1632.0,-0.0024464844006698207,0.2617924869573072,0.4204983339901274,0.2507860538032951,-27535.0,SA
2021-02-05,1634.0,1639.0,1616.0,1627.0,263482,185306,1628.0,-0.0036809857514272844,0.25381687754844856,0.42061411629579576,0.2443496356039933,-12902.0,SA
2021-02-08,1628.0,1653.0,1611.0,1645.0,334484,198042,1630.0,0.011002555980434408,0.21130332922259612,0.42091946700154526,0.23700943979909386,12736.0,SA
2021-02-09,1645.0,1647.0,1605.0,1618.0,265757,160540,1623.0,-0.016549565581035274,0.21580154485962774,0.4223438515180623,0.2350815755011435,-37502.0,SA
2021-02-10,1618.0,1630.0,1590.0,1598.0,211327,149675,1610.0,-0.012437971292217059,0.2106419258890134,0.4232048036166826,0.23091152487668554,-10865.0,SA
2021-02-18,1614.0,1668.0,1611.0,1668.0,217829,173175,1643.0,0.04287245659247219,0.2518524716861821,0.4314478830867844,0.23849870237269882,23500.0,SA
2021-02-19,1668.0,1674.0,1648.0,1666.0,280189,203728,1661.0,-0.0011997601919040602,0.24872261948255342,0.43088301246161426,0.23218624310904107,30553.0,SA
2021-02-22,1665.0,1745.0,1656.0,1745.0,402630,236481,1703.0,0.04632901190973962,0.29091141824203814,0.4388709119128735,0.25015039749754603,32753.0,SA
2021-02-23,1757.0,1804.0,1746.0,1763.0,593440,223086,1773.0,0.010262347761342713,0.28806205169177235,0.43888599083837293,0.25652768526964975,-13395.0,SA
2021-02-24,1762.0,1797.0,1756.0,1781.0,444727,232740,1778.0,0.010158100891791469,0.2819131232573082,0.43780715044290197,0.2551616115021256,9654.0,SA
2021-02-25,1787.0,1867.0,1768.0,1847.0,649527,217560,1827.0,0.03638769690957835,0.29626029895600875,0.44277897319915865,0.27843958016441556,-15180.0,SA
2021-02-26,1847.0,1876.0,1806.0,1836.0,540893,203859,1839.0,-0.005973409018804214,0.2920299705642385,0.4432084331879964,0.28121617522081893,-13701.0,SA
2021-03-01,1829.0,1931.0,1815.0,1908.0,811305,235743,1890.0,0.03846628082779614,0.30979480487677613,0.44781749095296725,0.30486901962550816,31884.0,SA
2021-03-02,1908.0,1941.0,1855.0,1907.0,1127431,246654,1904.0,-0.0005242464078127509,0.3094656915878192,0.4428220745420451,0.31844218733560437,10911.0,SA
2021-03-03,1916.0,1986.0,1897.0,1905.0,1194119,260520,1946.0,-0.0010493180396177464,0.3028455273125508,0.43981033845068046,0.3265922653584168,13866.0,SA
2021-03-04,1905.0,1905.0,1848.0,1848.0,882869,262718,1869.0,-0.030378035359171884,0.3267843927027143,0.44529697925829936,0.32489345985094603,2198.0,SA
2021-03-05,1840.0,1864.0,1784.0,1841.0,806664,234993,1825.0,-0.0037950709685516094,0.3289016289705563,0.4455845226218397,0.3358141600300124,-27725.0,SA
2021-03-08,1860.0,1917.0,1859.0,1917.0,989258,339022,1901.0,0.04045256181256667,0.3407562644466854,0.451641561304321,0.33878471076764327,104029.0,SA
2021-03-09,1926.0,1974.0,1906.0,1942.0,976337,338114,1940.0,0.01295690580562562,0.34094987424446477,0.44876523496523935,0.3442943143852188,-908.0,SA
2021-03-10,1950.0,1968.0,1914.0,1963.0,911203,391665,1939.0,0.010755545425190737,0.34051899874488745,0.4488883897369602,0.3447402937309268,53551.0,SA
2021-03-11,1975.0,1983.0,1842.0,1892.0,1479792,343179,1894.0,-0.03683944466463744,0.37572848070964776,0.45063031928984715,0.3773554687515886,-48486.0,SA
2021-03-12,1888.0,1918.0,1862.0,1879.0,959480,327234,1887.0,-0.006894750198358294,0.3771403286032057,0.44628242065503143,0.38138603072969135,-15945.0,SA
2021-03-15,1880.0,1942.0,1864.0,1941.0,844215,347615,1896.0,0.03246358375554502,0.38747840810075035,0.4489233192443802,0.3873568562517726,20381.0,SA
2021-03-16,1939.0,1959.0,1911.0,1920.0,826139,313262,1938.0,-0.010878118147183017,0.3831929381248194,0.44381359074093424,0.387054907790414,-34353.0,SA
2021-03-17,1920.0,1999.0,1905.0,1997.0,889991,383200,1946.0,0.03932086839398793,0.38952241293140283,0.4488645440325084,0.39684670461486127,69938.0,SA
2021-03-18,2000.0,2010.0,1968.0,1996.0,815399,368473,1989.0,-0.0005008765444059099,0.3728660184715393,0.44889454569630416,0.3924884585741384,-14727.0,SA
2021-03-19,1996.0,1997.0,1933.0,1944.0,828676,327782,1971.0,-0.026397471851024926,0.39206267979685244,0.45210607701170974,0.3971471652342711,-40691.0,SA
2021-03-22,1952.0,2002.0,1921.0,1924.0,914102,327349,1964.0,-0.010341353794732595,0.3691515536240287,0.45298454885597655,0.39123003750198043,-433.0,SA
2021-03-23,1924.0,1943.0,1906.0,1923.0,705414,305694,1923.0,-0.0005198856368720542,0.36905231056929155,0.3136332681940811,0.38718585246487536,-21655.0,SA
2021-03-24,1909.0,1931.0,1869.0,1920.0,717727,284785,1896.0,-0.0015612805669524645,0.368948708212864,0.3068221802936178,0.3902727195766,-20909.0,SA
2021-03-25,1918.0,1926.0,1878.0,1887.0,492124,278061,1898.0,-0.01733691965327704,0.3550627889514389,0.30832256061292446,0.376565027176397,-6724.0,SA
2021-03-26,1874.0,1913.0,1854.0,1903.0,731001,260038,1879.0,0.008443321927599293,0.35495766415299196,0.3083681914469599,0.37377293984910054,-18023.0,SA
2021-03-29,1910.0,1926.0,1851.0,1868.0,839041,266469,1889.0,-0.018563248507361556,0.3340805074596703,0.31103184580548465,0.35988184578949944,6431.0,SA
2021-03-30,1869.0,1892.0,1846.0,1883.0,569060,214650,1869.0,0.007997909868364432,0.3356153060375001,0.3081616486690044,0.3506949218098554,-51819.0,SA
2021-03-31,1878.0,1909.0,1865.0,1875.0,535415,231260,1886.0,-0.004257590252641171,0.335859232174167,0.3060476499433341,0.34053069018640786,16610.0,SA
2021-04-01,1877.0,1926.0,1855.0,1904.0,504680,210133,1886.0,0.015348276946799504,0.32146234482699326,0.3071172325869762,0.34374576058369327,-21127.0,SA
2021-04-02,1910.0,1955.0,1895.0,1913.0,540750,215423,1923.0,0.0047157540889422355,0.32102831703880674,0.3070317033336117,0.33744077835994707,5290.0,SA
2021-04-06,1919.0,1933.0,1876.0,1884.0,309215,194351,1901.0,-0.015275514303944531,0.2921774508910646,0.3091558098281466,0.3371199573034343,-21072.0,SA
2021-04-07,1885.0,1895.0,1835.0,1852.0,454549,203117,1869.0,-0.01713103993018367,0.2928090741189729,0.31127255315518987,0.3358224302673682,8766.0,SA
2021-04-08,1848.0,1857.0,1818.0,1842.0,280322,162985,1840.0,-0.005414198390872514,0.28882368973770833,0.30578729584526476,0.33364333332254126,-40132.0,SA
2021-04-09,1967.0,1972.0,1909.0,1913.0,465412,275217,1937.0,0.03782075262500074,0.29489993256318964,0.31375646082201963,0.3025610919626935,112232.0,SA
2021-04-12,1910.0,1916.0,1853.0,1891.0,788942,283910,1882.0,-0.011566900781795402,0.29690808261153423,0.31227340390775077,0.3043422470230076,8693.0,SA
2021-04-13,1895.0,1926.0,1873.0,1907.0,538376,276808,1898.0,0.008425536941961503,0.2739393884255626,0.3007855756460492,0.29758741805047595,-7102.0,SA
2021-04-14,1908.0,1936.0,1882.0,1912.0,649058,297720,1906.0,0.0026184880109275765,0.27160628932896075,0.29899494820484307,0.2989843981978697,20912.0,SA
2021-04-15,1917.0,1924.0,1866.0,1873.0,721073,318803,1900.0,-0.020608391167258086,0.23732319742108446,0.30009915148235755,0.2883691525096996,21083.0,SA
2021-04-16,1872.0,1916.0,1859.0,1904.0,842496,330577,1896.0,0.01641551290722219,0.24719070700905155,0.3006855734135284,0.29199054446916883,11774.0,SA
2021-04-19,1904.0,1981.0,1896.0,1968.0,1250234,356635,1940.0,0.03306086226088821,0.2601580873033432,0.305562248552305,0.2985734413269147,26058.0,SA
2021-04-20,1968.0,1985.0,1956.0,1976.0,610274,348289,1972.0,0.004056800695614469,0.2571435072313531,0.3055397146764636,0.2871103580070044,-8346.0,SA
2021-04-21,1976.0,1981.0,1929.0,1935.0,823639,342816,1952.0,-0.020967272843930986,0.2689725234532431,0.30914461446517555,0.2897512598842266,-5473.0,SA
2021-04-22,1935.0,1967.0,1909.0,1933.0,861244,353036,1942.0,-0.0010341262555512928,0.26893069412766607,0.3066783187314978,0.2884318773502774,10220.0,SA
2021-04-23,1936.0,1948.0,1916.0,1923.0,815669,358292,1930.0,-0.0051867336195511975,0.26175912227893133,0.30625230339293674,0.28558393015927536,5256.0,SA
2021-04-26,1919.0,1958.0,1910.0,1947.0,929358,347925,1930.0,0.0124032597834199,0.2636195234303973,0.3052095058328733,0.28268540877971043,-10367.0,SA
2021-04-27,1945.0,2004.0,1932.0,2001.0,827278,367472,1967.0,0.02735732921153371,0.2684033600732931,0.30789987569993577,0.2807744255197306,19547.0,SA
2021-04-28,2001.0,2012.0,1987.0,2005.0,752969,362415,2001.0,0.0019970051569361295,0.26790026663335004,0.30773712125586133,0.2771422277908052,-5057.0,SA
2021-04-29,2005.0,2058.0,2005.0,2045.0,899044,350018,2043.0,0.01975372873623265,0.27258701568296384,0.3078157317658907,0.27825404861783914,-12397.0,SA
2021-04-30,2053.0,2088.0,2025.0,2087.0,693832,333104,2053.0,0.020329838600298657,0.2757844591071557,0.30578263346849194,0.2744021620992501,-16914.0,SA
2021-05-06,2095.0,2200.0,2087.0,2190.0,582326,346380,2142.0,0.048173915733345764,0.3159275365266021,0.3184559301163554,0.28887930158767505,13276.0,SA
2021-05-07,2190.0,2192.0,2143.0,2162.0,816658,338393,2172.0,-0.01286782461139294,0.31382543434493004,0.3182552531973888,0.2858609827515669,-7987.0,SA
2021-05-10,2159.0,2227.0,2077.0,2172.0,1840154,339472,2152.0,0.004614682854672462,0.3010911074984394,0.31799933704418265,0.3145967893473811,1079.0,SA
2021-05-11,2175.0,2205.0,2121.0,2152.0,1723572,325630,2164.0,-0.009250759772150998,0.3036297957454955,0.3187170540840934,0.3220887143078536,-13842.0,SA
2021-05-12,2150.0,2278.0,2136.0,2249.0,1807272,339133,2197.0,0.04408803067764056,0.31246929072102925,0.3283910481891458,0.3430230621037564,13503.0,SA
2021-05-13,2236.0,2329.0,2158.0,2211.0,2369234,326370,2245.0,-0.017040771101869398,0.31755826718554153,0.3310665753682945,0.3726156027797172,-12763.0,SA
2021-05-14,2215.0,2296.0,2123.0,2201.0,3139810,348650,2216.0,-0.004533099330984607,0.3205226900068826,0.3314138832627522,0.40373220271304716,22280.0,SA
2021-05-17,2216.0,2301.0,2206.0,2238.0,1885059,464273,2250.0,0.01667080734540879,0.32174580388727125,0.32925381274456883,0.4091533024755979,115623.0,SA
2021-05-18,2230.0,2250.0,2187.0,2229.0,1138003,426777,2215.0,-0.004029555486001688,0.30745840397282487,0.3277668430596335,0.40843425986935705,-37496.0,SA
2021-05-19,2227.0,2235.0,2098.0,2131.0,1287800,444161,2157.0,-0.044961701287251674,0.35938714730362364,0.334353924146575,0.4251428873924575,17384.0,SA
2021-05-20,2095.0,2115.0,2028.0,2081.0,1329617,436733,2076.0,-0.023742805704982658,0.35845548466212745,0.3389973289074031,0.42429954638456147,-7428.0,SA
2021-05-21,2081.0,2122.0,2062.0,2087.0,968112,439276,2093.0,0.002879080683566277,0.35842496906791227,0.3272478817692752,0.42750746760534936,2543.0,SA
2021-05-24,2096.0,2114.0,2036.0,2101.0,832974,422467,2075.0,0.006685793767799762,0.34753472300836674,0.32699210404365026,0.43121306532830805,-16809.0,SA
2021-05-25,2109.0,2154.0,2076.0,2138.0,726907,400946,2116.0,0.017457390739990072,0.35006967293505264,0.3280142820469936,0.4336349895451616,-21521.0,SA
2021-05-26,2125.0,2155.0,2109.0,2135.0,584115,392943,2127.0,-0.0014041659222656282,0.34886910671627436,0.32072670231942224,0.4346278343861133,-8003.0,SA
2021-05-27,2110.0,2150.0,2090.0,2129.0,717158,399399,2125.0,-0.0028142607692454385,0.34890013921567076,0.32044129237643265,0.4355865775581499,6456.0,SA
2021-05-28,2129.0,2198.0,2119.0,2176.0,643556,388461,2168.0,0.02183594308235373,0.3446543001278165,0.31426347115129843,0.4355919294411184,-10938.0,SA
2021-05-31,2173.0,2211.0,2161.0,2181.0,475702,381466,2186.0,0.00229515822579572,0.34463092586905103,0.314212961337143,0.4374864307763713,-6995.0,SA
2021-06-01,2181.0,2296.0,2162.0,2289.0,530815,399371,2229.0,0.048331553750937735,0.3750613740865757,0.3278941745107549,0.45235906038628976,17905.0,SA
2021-06-02,2288.0,2320.0,2260.0,2288.0,539174,406493,2290.0,-0.00043696745287815004,0.37152604800996086,0.3205701729375521,0.45110123981518074,7122.0,SA
2021-06-03,2288.0,2309.0,2234.0,2265.0,566427,393659,2276.0,-0.010103314582554179,0.3371280150608086,0.32144085085688767,0.44257527308812006,-12834.0,SA
2021-06-04,2248.0,2276.0,2216.0,2245.0,492978,373963,2243.0,-0.008869237740779773,0.33514767354726704,0.31304263521518955,0.4436061228938552,-19696.0,SA
2021-06-07,2258.0,2275.0,2232.0,2235.0,429075,359711,2251.0,-0.004464293128685493,0.335710882777903,0.3126275505705813,0.4201265334700616,-14252.0,SA
2021-06-08,2233.0,2265.0,2189.0,2244.0,556683,391819,2230.0,0.004018759594917655,0.3334264914896423,0.31216141360470473,0.418278436522769,32108.0,SA
2021-06-09,2245.0,2255.0,2197.0,2197.0,473412,382900,2223.0,-0.021167194257976776,0.3037858109320603,0.3054163688502272,0.39917593384267835,-8919.0,SA
2021-06-10,2193.0,2195.0,2139.0,2142.0,606380,427243,2166.0,-0.02535282137691608,0.31083929512907416,0.3101078822916993,0.3689653396691759,44343.0,SA
2021-06-11,2142.0,2182.0,2134.0,2175.0,392675,383463,2160.0,0.015288692515090336,0.3162193594850105,0.3049404555646253,0.3327137391454665,-43780.0,SA
2021-06-15,2170.0,2190.0,2130.0,2168.0,261578,399462,2154.0,-0.0032235809632476754,0.30968238138771503,0.30398042717942353,0.325826543660381,15999.0,SA
2021-06-16,2167.0,2185.0,2146.0,2174.0,309218,387481,2166.0,0.0027637051216179423,0.3099091995386519,0.293969279824825,0.32247347241710494,-11981.0,SA
2021-06-17,2175.0,2225.0,2166.0,2222.0,516983,385558,2195.0,0.021838902518420453,0.27382489505292895,0.29687470795828524,0.29867257417268067,-1923.0,SA
2021-06-18,2215.0,2227.0,2163.0,2185.0,491790,370044,2200.0,-0.016791862669884743,0.26619268124738465,0.29364037472705784,0.29169161280458245,-15514.0,SA
2021-06-21,2185.0,2224.0,2183.0,2189.0,325178,349674,2201.0,0.0018289899931724968,0.2661956957434172,0.2925309210519878,0.2879859375610746,-20370.0,SA
2021-06-22,2185.0,2215.0,2155.0,2212.0,422866,365399,2184.0,0.010452265119362494,0.2673269098204429,0.2929635466858529,0.28277878102704834,15725.0,SA
2021-06-23,2212.0,2218.0,2171.0,2175.0,418594,367717,2192.0,-0.016868419119440946,0.26971796380327906,0.2954812400596161,0.2754972391502221,2318.0,SA
2021-06-24,2176.0,2248.0,2174.0,2238.0,515278,359565,2215.0,0.028553945349086174,0.28667585049703875,0.2975454933083562,0.2808041253247364,-8152.0,SA
2021-06-25,2240.0,2296.0,2230.0,2283.0,404162,368881,2262.0,0.01990775765792489,0.2924811859540161,0.2993744181616345,0.28120204856936815,9316.0,SA
2021-06-28,2288.0,2290.0,2222.0,2229.0,348843,352207,2244.0,-0.023937313143926643,0.2993971297319275,0.3012125395635098,0.2777242702985106,-16674.0,SA
2021-06-29,2229.0,2238.0,2194.0,2195.0,289316,352343,2214.0,-0.015371007876597165,0.30501176298334415,0.30332111661660227,0.2766757103989671,136.0,SA
2021-06-30,2195.0,2235.0,2191.0,2232.0,253547,349137,2211.0,0.016715997991929837,0.25608857112616407,0.30434462137600193,0.24905521994511007,-3206.0,SA
2021-07-01,2234.0,2244.0,2182.0,2187.0,345947,355520,2220.0,-0.0203673028244337,0.26479137583899354,0.3068783872513883,0.24994470393717277,6383.0,SA
2021-07-02,2200.0,2275.0,2194.0,2266.0,414394,346865,2227.0,0.03548542091118369,0.29441606781336493,0.31423982490509783,0.25195642112713795,-8655.0,SA
2021-07-05,2269.0,2283.0,2250.0,2269.0,267575,345969,2265.0,0.001323043191890143,0.29256545465616524,0.31200781943380346,0.24742678385467473,-896.0,SA
2021-07-06,2269.0,2336.0,2263.0,2319.0,417403,364772,2307.0,0.02179685247568984,0.3012681669983604,0.311430758734689,0.25322478476968274,18803.0,SA
2021-07-07,2318.0,2318.0,2250.0,2268.0,402151,329279,2285.0,-0.022237672407888924,0.31285436616069706,0.3153960263530691,0.250734842611904,-35493.0,SA
2021-07-08,2268.0,2298.0,2260.0,2273.0,324247,308875,2277.0,0.0022021590049005574,0.3022579228362332,0.30723151693473283,0.24710391543666288,-20404.0,SA
2021-07-09,2265.0,2278.0,2232.0,2272.0,320298,291971,2252.0,-0.00044004401150121996,0.28527506935297636,0.3058518855255259,0.24479664135870252,-16904.0,SA
2021-07-12,2280.0,2305.0,2251.0,2270.0,330681,299507,2278.0,-0.000880669365593636,0.2817765897552181,0.3057499194287352,0.24541463724938187,7536.0,SA
2021-07-13,2270.0,2300.0,2266.0,2297.0,271181,294995,2284.0,0.011824092213649962,0.2830291280531266,0.30629042559116915,0.2403105184302326,-4512.0,SA
2021-07-14,2298.0,2311.0,2272.0,2294.0,274708,296291,2292.0,-0.001306904999782289,0.28341865380145564,0.30248143600852706,0.2399848715802377,1296.0,SA
2021-07-15,2295.0,2317.0,2238.0,2272.0,388115,285478,2271.0,-0.00963651784827404,0.277210913995254,0.30239845815372934,0.2444629482379142,-10813.0,SA
2021-07-16,2279.0,2344.0,2251.0,2333.0,419519,313923,2294.0,0.02649449218038798,0.28261628813826734,0.2999143583315454,0.25163069483289674,28445.0,SA
2021-07-19,2333.0,2368.0,2296.0,2311.0,397372,283966,2328.0,-0.009474661747049234,0.28618148486324935,0.30095099936172065,0.25701244231102083,-29957.0,SA
2021-07-20,2292.0,2327.0,2282.0,2317.0,268228,268962,2307.0,0.0025929141579954075,0.28472975400335365,0.29694583460076457,0.2537214737923146,-15004.0,SA
2021-07-21,2325.0,2396.0,2320.0,2380.0,460443,309250,2370.0,0.026827242233144276,0.2878789632603925,0.3007624715936403,0.25882557287831726,40288.0,SA
2021-07-22,2384.0,2404.0,2366.0,2394.0,287634,301759,2387.0,0.005865119452398058,0.27376857520711156,0.3002606822336996,0.2511653994483465,-7491.0,SA
2021-07-23,2378.0,2394.0,2329.0,2339.0,319102,283280,2368.0,-0.023242119533739402,0.2818566313085834,0.30464213973908405,0.2503293949763213,-18479.0,SA
2021-07-26,2336.0,2358.0,2312.0,2335.0,267961,266649,2338.0,-0.0017115964811813807,0.2662867429168074,0.30056850182761824,0.24559717080829738,-16631.0,SA
2021-07-27,2332.0,2364.0,2260.0,2270.0,324101,237372,2326.0,-0.028232059627549315,0.28100659675346357,0.3070771920406117,0.2601269799098233,-29277.0,SA
2021-07-28,2270.0,2319.0,2270.0,2312.0,189692,221391,2298.0,0.01833311931681974,0.2822007617612772,0.30674403391331045,0.2606528795774787,-15981.0,SA
2021-07-29,2312.0,2339.0,2307.0,2325.0,144261,197044,2324.0,0.0056070882291886556,0.27008387842294135,0.30448927012572363,0.25545310439953645,-24347.0,SA
2021-07-30,2600.0,2648.0,2587.0,2626.0,351058,291462,2617.0,0.12174173684128475,0.4894394532584268,0.3797062420239917,0.24855485536421257,94418.0,SA
2021-08-02,2617.0,2627.0,2538.0,2572.0,447295,294281,2575.0,-0.020777969505231475,0.499174251446193,0.38144853518901195,0.25725349625686245,2819.0,SA
2021-08-03,2576.0,2581.0,2506.0,2511.0,416993,314943,2536.0,-0.024002726199924974,0.5066338335385348,0.385354437027092,0.2560381001748869,20662.0,SA
2021-08-04,2500.0,2566.0,2491.0,2564.0,360530,317296,2530.0,0.020887458882975614,0.5001744432991532,0.38639691492541933,0.2559802686289335,2353.0,SA
2021-08-05,2559.0,2568.0,2505.0,2505.0,354311,330608,2541.0,-0.023279804521595532,0.5108105132173805,0.38040636800133665,0.25894769906257775,13312.0,SA
2021-08-06,2520.0,2634.0,2510.0,2622.0,605234,374892,2580.0,0.045648650804679884,0.5301433584933962,0.38868513027079715,0.27506531768703624,44284.0,SA
2021-08-09,2630.0,2645.0,2592.0,2633.0,436924,374152,2625.0,0.004186495172664293,0.5294338724525782,0.38839152872742494,0.2738145920013282,-740.0,SA
2021-08-10,2626.0,2667.0,2620.0,2656.0,365006,380697,2648.0,0.00869735110001505,0.5292067847818416,0.3875412662728919,0.27459004021745204,6545.0,SA
2021-08-11,2661.0,2679.0,2641.0,2679.0,330634,382787,2658.0,0.00862235894828421,0.5282551200528696,0.387449539438959,0.27388653150507164,2090.0,SA
2021-08-12,2680.0,2729.0,2653.0,2658.0,610825,383212,2689.0,-0.007869630271418104,0.5275260496967799,0.37517075098904984,0.2705267688156403,425.0,SA
2021-08-13,2657.0,2748.0,2652.0,2732.0,688376,435072,2714.0,0.02745998141749007,0.527985991462337,0.37386664870515257,0.2673878442934311,51860.0,SA
2021-08-16,2734.0,2814.0,2732.0,2757.0,823043,454141,2776.0,0.009109190333115984,0.524015367370186,0.3739658988658471,0.2667223517169482,19069.0,SA
2021-08-17,2753.0,2763.0,2718.0,2724.0,667490,441866,2742.0,-0.012041743754393701,0.52883709309818,0.37548260530912503,0.2657767408461873,-12275.0,SA
2021-08-18,2730.0,2756.0,2685.0,2696.0,615363,431590,2714.0,-0.010332195237205301,0.5278329009057788,0.3756500179376851,0.26272443300660725,-10276.0,SA
2021-08-19,2696.0,2723.0,2645.0,2696.0,810698,420334,2684.0,0.0,0.52829387125181,0.375577488790825,0.26774557860774634,-11256.0,SA
2021-08-20,2673.0,2748.0,2655.0,2742.0,747459,439117,2704.0,0.016918388090061943,0.5180866453558219,0.3762446039982334,0.2713219414522966,18783.0,SA
2021-08-23,2737.0,2770.0,2703.0,2732.0,768148,410616,2739.0,-0.0036536394315789997,0.5186083241038167,0.37478165708127786,0.27307261032162444,-28501.0,SA
2021-08-24,2723.0,2769.0,2720.0,2735.0,613751,401660,2742.0,0.0010974941654008357,0.5018538609557188,0.37480990377620316,0.2586121112776362,-8956.0,SA
2021-08-25,2725.0,2751.0,2685.0,2730.0,838552,403158,2712.0,-0.001829826677076116,0.5021507970351965,0.3633518558515791,0.2597741416417726,1498.0,SA
2021-08-26,2728.0,2729.0,2646.0,2647.0,882489,413076,2684.0,-0.03087468595190415,0.5209475003566437,0.3698039472040064,0.2663229266463209,9918.0,SA
2021-08-27,2644.0,2706.0,2630.0,2694.0,703903,411414,2672.0,0.01760015474320795,0.30180570982033733,0.3701492821600618,0.2685850338550214,-1662.0,SA
2021-08-30,2705.0,2728.0,2682.0,2718.0,624319,392608,2709.0,0.00886923774077979,0.29131701189712134,0.36953172581683685,0.2609332207267501,-18806.0,SA
2021-08-31,2720.0,2735.0,2678.0,2689.0,584120,392016,2706.0,-0.010726938442224332,0.2787804920467102,0.3703014574032814,0.25722639257503505,-592.0,SA
2021-09-01,2680.0,2719.0,2662.0,2704.0,629408,393599,2695.0,0.00556278089398999,0.2713146159641519,0.37033141690752824,0.2534203722012753,1583.0,SA
2021-09-02,2705.0,2752.0,2676.0,2687.0,704540,382585,2706.0,-0.006306828547363531,0.2561781707441792,0.36743488919977935,0.25490426544524514,-11014.0,SA
2021-09-03,2690.0,2739.0,2682.0,2727.0,582100,382916,2715.0,0.01477677423009724,0.20809588887664285,0.3632563210954623,0.2376697146813656,331.0,SA
2021-09-06,2731.0,2759.0,2713.0,2739.0,578127,381994,2736.0,0.004390786417489539,0.2081258587617669,0.3625047422546739,0.23646186966455263,-922.0,SA
2021-09-07,2739.0,2892.0,2727.0,2865.0,981645,421265,2807.0,0.04497545988576186,0.25726806796586116,0.37175679648337157,0.2646659683618096,39271.0,SA
2021-09-08,2865.0,2937.0,2853.0,2903.0,897369,448107,2897.0,0.013176334875789916,0.2588928859244303,0.37214079888692997,0.27004469750472526,26842.0,SA
2021-09-09,2897.0,3018.0,2891.0,2984.0,1045360,442294,2953.0,0.0275199972990216,0.26760524998019686,0.37342019883140787,0.27867643039478446,-5813.0,SA
2021-09-10,2980.0,3062.0,2956.0,2964.0,1098382,433720,3017.0,-0.006724974907673968,0.25830387246352643,0.3715011389858709,0.2784885417163832,-8574.0,SA
2021-09-13,2982.0,3030.0,2935.0,2958.0,982311,429077,2985.0,-0.0020263431452323616,0.25844874813286567,0.37172747192910893,0.2796209859895267,-4643.0,SA
2021-09-14,2960.0,2966.0,2865.0,2882.0,1084129,393275,2908.0,-0.02602886671127774,0.27380413306539286,0.3768905536709908,0.28702591025751795,-35802.0,SA
2021-09-15,2873.0,2931.0,2816.0,2888.0,1124480,403098,2867.0,0.0020797234532494843,0.26944161064821576,0.3743336150205009,0.29416953551045255,9823.0,SA
2021-09-16,2888.0,3009.0,2846.0,3000.0,1295993,419020,2933.0,0.038048067637529964,0.2953817398128817,0.37738366318657796,0.310984839722553,15922.0,SA
2021-09-17,2998.0,3055.0,2856.0,2912.0,1415856,366713,2964.0,-0.029772158333670144,0.31666505922836863,0.3825922583107337,0.3343986544236699,-52307.0,SA
2021-09-22,3015.0,3183.0,3015.0,3174.0,832210,389430,3101.0,0.08615249176977771,0.4305209919757848,0.4132302636382129,0.34982222460497286,22717.0,SA
2021-09-23,3179.0,3244.0,3147.0,3216.0,1069459,379532,3196.0,0.013145729212502512,0.4302714355380746,0.41110747141105625,0.35368526731469513,-9898.0,SA
2021-09-24,3217.0,3224.0,3049.0,3118.0,1142899,358898,3133.0,-0.030946580681135146,0.45093195160906907,0.4174856419141089,0.3694277455792234,-20634.0,SA
2021-09-27,3149.0,3384.0,3117.0,3384.0,972809,397115,3271.0,0.08186667110839196,0.5009066084653542,0.4420070181450446,0.40327335870176734,38217.0,SA
2021-09-28,3399.0,3453.0,3312.0,3390.0,1042005,354632,3375.0,0.0017714796483820209,0.5018205304853031,0.4382308247134943,0.4084200473987556,-42483.0,SA
2021-09-29,3389.0,3477.0,3359.0,3435.0,842535,361373,3416.0,0.013187004281953681,0.5017559987271643,0.43828159339552564,0.41337331488949497,6741.0,SA
2021-09-30,3439.0,3515.0,3371.0,3512.0,672775,325542,3425.0,0.02216875009855748,0.4958487452610279,0.4383357683635752,0.4204358693097586,-35831.0,SA
2021-10-08,3471.0,3475.0,3232.0,3362.0,627452,304757,3328.0,-0.04364964078644634,0.5350002422065445,0.4464739263214159,0.445461203349422,-20785.0,SA
2021-10-11,3355.0,3544.0,3320.0,3500.0,863206,316384,3452.0,0.04022693350894407,0.5405863880165875,0.4516181923901671,0.46272998594286,11627.0,SA
2021-10-12,3490.0,3648.0,3443.0,3583.0,1116515,292034,3550.0,0.023437469827448848,0.5417810981458033,0.45253698049221897,0.47666104025851297,-24350.0,SA
2021-10-13,3589.0,3635.0,3309.0,3478.0,1199736,290003,3538.0,-0.029743022390725474,0.56250138546188,0.4586209368844526,0.5154962778717364,-2031.0,SA
2021-10-14,3479.0,3530.0,3300.0,3430.0,1155144,284559,3414.0,-0.013897154754242783,0.5554785875677917,0.4605024184839186,0.520233657096923,-5444.0,SA
2021-10-15,3430.0,3461.0,3325.0,3435.0,996262,284274,3390.0,0.0014566644964641641,0.5558643598572801,0.46033377521017316,0.5235380469073766,-285.0,SA
2021-10-18,3448.0,3580.0,3404.0,3570.0,981999,282135,3503.0,0.03854867011723503,0.5621839505698948,0.4635716727258867,0.5265135671161054,-2139.0,SA
2021-10-19,3570.0,3577.0,3431.0,3459.0,831173,264807,3502.0,-0.03158606583651605,0.5779634455279642,0.46863707808759086,0.5286301838537427,-17328.0,SA
2021-10-20,3427.0,3461.0,3221.0,3221.0,1198598,287845,3301.0,-0.07128765960596989,0.6416960561226641,0.49390530117122605,0.5460398252691373,23038.0,SA
2021-10-21,3220.0,3363.0,3058.0,3134.0,1147791,281355,3272.0,-0.027381726415232663,0.6425534991681162,0.4984306275414652,0.5774931573473308,-6490.0,SA
2021-10-22,3101.0,3168.0,3010.0,3010.0,367409,269894,3079.0,-0.0403700651730447,0.6616333032722992,0.504813810963927,0.5814427668904045,-11461.0,SA
2021-10-25,2929.0,2947.0,2740.0,2828.0,1498472,203035,2827.0,-0.06237033072645808,0.6846373937677146,0.5225983468694992,0.5899196493085245,-66859.0,SA
2021-10-26,2835.0,2861.0,2627.0,2778.0,1238634,189528,2754.0,-0.0178385037021743,0.6797689715661996,0.5215737764275952,0.6003133095692208,-13507.0,SA
2021-10-27,2790.0,2864.0,2707.0,2833.0,1446099,216009,2799.0,0.019604976516227574,0.6020327594609265,0.5225949104652948,0.6012072079974327,26481.0,SA
2021-10-28,2856.0,2915.0,2668.0,2860.0,2105156,236708,2781.0,0.009485403983381758,0.6006640246332875,0.5186318407231802,0.6266089750783118,20699.0,SA
2021-10-29,2864.0,2914.0,2734.0,2801.0,1254986,236154,2852.0,-0.02084512855378977,0.5961590441337393,0.5201596955851174,0.6300201679052099,-554.0,SA
2021-11-01,2768.0,2785.0,2590.0,2604.0,1365190,328263,2674.0,-0.07292777193164862,0.5473553075010882,0.5428272373574848,0.6246825567834936,92109.0,SA
2021-11-02,2610.0,2671.0,2435.0,2563.0,1159626,314486,2581.0,-0.015870276964388787,0.5445950944808972,0.48352140675251043,0.6488237823167755,-13777.0,SA
2021-11-03,2565.0,2818.0,2485.0,2802.0,1478867,375719,2628.0,0.0891550005328812,0.6504147109746264,0.514944419159409,0.6977787905434748,61233.0,SA
2021-11-04,2791.0,2800.0,2605.0,2638.0,1337625,352229,2706.0,-0.06031239361969244,0.6617058923393941,0.5277178824056684,0.7088720989553429,-23490.0,SA
2021-11-05,2653.0,2673.0,2513.0,2565.0,1045565,354477,2570.0,-0.028062575672390025,0.65487114166571,0.5292884899881104,0.7042607009891831,2248.0,SA
2021-11-08,2570.0,2651.0,2476.0,2513.0,1059466,381167,2547.0,-0.020481220061277707,0.6237349928783205,0.5287973735466879,0.7055428323424564,26690.0,SA
2021-11-09,2507.0,2605.0,2465.0,2560.0,921769,351657,2540.0,0.018529999930016045,0.6198228760094213,0.5217395899520879,0.7046046784426839,-29510.0,SA
2021-11-10,2520.0,2539.0,2412.0,2512.0,937637,353573,2482.0,-0.01892800988551891,0.618030376493167,0.5230106761993766,0.6844953454077662,1916.0,SA
2021-11-11,2520.0,2720.0,2487.0,2684.0,764190,352913,2600.0,0.06622897050348305,0.6835312964167374,0.5403277638497884,0.6958634215564289,-660.0,SA
2021-11-12,2670.0,2685.0,2503.0,2527.0,733616,335160,2593.0,-0.060275390703378146,0.7018285307803275,0.5538957283604325,0.7065355610672376,-17753.0,SA
2021-11-15,2503.0,2565.0,2455.0,2497.0,597287,352825,2510.0,-0.011942817108420987,0.672915522371705,0.5541729425913405,0.7045543175065533,17665.0,SA
2021-11-16,2519.0,2615.0,2474.0,2544.0,578093,326773,2537.0,0.01864763418023945,0.6828113172855799,0.5525420473264945,0.7088147642274801,-26052.0,SA
2021-11-17,2544.0,2620.0,2506.0,2607.0,596495,350271,2565.0,0.024462489473488974,0.663260511571132,0.55463927661475,0.6986101867806563,23498.0,SA
2021-11-18,2611.0,2650.0,2570.0,2586.0,500893,329525,2604.0,-0.008087854601698892,0.6603288025799782,0.5543623529555985,0.6719687895545562,-20746.0,SA
2021-11-19,2580.0,2750.0,2561.0,2699.0,659495,356377,2649.0,0.04276905368620193,0.6746378553934876,0.5610765333681079,0.6801462646250139,26852.0,SA
2021-11-22,2650.0,2765.0,2649.0,2684.0,425661,315922,2707.0,-0.0055731149264322145,0.640615272768257,0.5611926289380005,0.6685557133849801,-40455.0,SA
2021-11-23,2405.0,2469.0,2391.0,2412.0,436149,123760,2433.0,-0.1068519402444964,0.7383056705627746,0.60078534006175,0.6471374975564391,-192162.0,SA
2021-11-24,2414.0,2495.0,2405.0,2492.0,454394,146034,2457.0,0.03262932206026777,0.7458929413252943,0.6049479022117636,0.6407355919581467,22274.0,SA
2021-11-25,2491.0,2517.0,2435.0,2469.0,447203,150217,2472.0,-0.009272390562164274,0.7435770496935145,0.6051271786919991,0.6165584005069144,4183.0,SA
2021-11-26,2464.0,2467.0,2364.0,2366.0,459975,158036,2412.0,-0.042612444806847366,0.7527015501314224,0.610861711726985,0.6082889918266418,7819.0,SA
2021-11-29,2340.0,2465.0,2331.0,2455.0,470809,173591,2420.0,0.03692599569028885,0.7286818769044185,0.6131364138321531,0.600286929812254,15555.0,SA
2021-11-30,2462.0,2482.0,2391.0,2417.0,468631,176054,2437.0,-0.015599659525137966,0.7286193474391425,0.6125552191653421,0.5727603509666319,2463.0,SA
2021-12-01,2413.0,2625.0,2413.0,2588.0,730361,220211,2525.0,0.06835827491730812,0.6970613741453229,0.6287706579039193,0.5373340069026588,44157.0,SA
2021-12-02,2600.0,2643.0,2531.0,2538.0,862912,221890,2575.0,-0.01950900734645819,0.6679892477640952,0.6296121384609655,0.5231516398659516,1679.0,SA
2021-12-03,2506.0,2570.0,2467.0,2523.0,928630,226611,2520.0,-0.005927699633275178,0.6611453741094729,0.6295443533890753,0.5138618296456456,4721.0,SA
2021-12-06,2527.0,2571.0,2470.0,2561.0,854273,241433,2532.0,0.014949137558467494,0.6591494649581969,0.6303019785495992,0.500268382673193,14822.0,SA
2021-12-07,2561.0,2635.0,2546.0,2552.0,640514,305588,2585.0,-0.0035204417348447623,0.6560123901962646,0.62949194668596,0.49176554540524947,64155.0,SA
2021-12-08,2555.0,2562.0,2378.0,2378.0,865734,331475,2457.0,-0.07061756721395342,0.6994882895511245,0.6451426946895666,0.5049792559321297,25887.0,SA
2021-12-09,2350.0,2353.0,2229.0,2238.0,911953,389469,2277.0,-0.06067718837885658,0.6784276259612035,0.648337162791445,0.4817262264209617,57994.0,SA
2021-12-10,2234.0,2265.0,2192.0,2258.0,698435,390385,2238.0,0.008896855837736717,0.6533707692246925,0.6479122101233111,0.4633432666885366,916.0,SA
2021-12-13,2258.0,2300.0,2200.0,2288.0,795330,390558,2254.0,0.013198607790081125,0.6562136056491944,0.6455978062746068,0.4636095045053227,173.0,SA
2021-12-14,2281.0,2327.0,2263.0,2304.0,628393,352968,2296.0,0.0069686693160934355,0.6521095181638439,0.6459962105879039,0.4523155034657308,-37590.0,SA
2021-12-15,2304.0,2323.0,2215.0,2223.0,748856,393142,2279.0,-0.03578910785158528,0.6511392261963662,0.6491836113021586,0.4537454925775225,40174.0,SA
2021-12-16,2220.0,2342.0,2216.0,2327.0,772305,349188,2279.0,0.04572224933809515,0.6782369963103977,0.6557119032770236,0.4641514099312354,-43954.0,SA
2021-12-17,2331.0,2386.0,2318.0,2374.0,633096,357562,2352.0,0.019996411867321606,0.6615852362692003,0.657383235349996,0.4431121548946211,8374.0,SA
2021-12-20,2385.0,2390.0,2261.0,2285.0,763700,353672,2329.0,-0.03821027184130823,0.671033931086346,0.6555024538199299,0.44938542411111004,-3890.0,SA
2021-12-21,2281.0,2357.0,2273.0,2335.0,774745,341350,2316.0,0.021645866774692508,0.5679542094824286,0.6555176792407236,0.4508197249088682,-12322.0,SA
2021-12-22,2336.0,2365.0,2303.0,2329.0,685471,353803,2334.0,-0.00257290021865671,0.5534728475852826,0.6284567838437666,0.4475878762203288,12453.0,SA
2021-12-23,2329.0,2350.0,2291.0,2318.0,647754,359103,2325.0,-0.004734245984644017,0.5530698038082072,0.6273087940053826,0.44531337334758464,5300.0,SA
2021-12-24,2310.0,2335.0,2256.0,2293.0,821118,396662,2300.0,-0.010843741041792613,0.5343360729621909,0.6251861560301186,0.4420913856354038,37559.0,SA
2021-12-27,2287.0,2307.0,2242.0,2285.0,623271,373635,2277.0,-0.003494979529599386,0.514774574364153,0.5985737580491224,0.43016519347984505,-23027.0,SA
2021-12-28,2285.0,2324.0,2267.0,2285.0,547613,366401,2294.0,0.0,0.5129363996101651,0.5984803838288166,0.4260655567661989,-7234.0,SA
2021-12-29,2293.0,2321.0,2265.0,2286.0,572056,386090,2295.0,0.00043754102645092923,0.4399627859882696,0.5972611741475509,0.3901927368280251,19689.0,SA
2021-12-30,2280.0,2286.0,2231.0,2243.0,616988,416149,2270.0,-0.0189893098345477,0.43975978414474487,0.59470962757397,0.3827159033509183,30059.0,SA
2021-12-31,2237.0,2244.0,2175.0,2183.0,735947,458972,2216.0,-0.027114177970264466,0.44593709470959636,0.5913960662209828,0.3785843300514646,42823.0,SA
2022-01-04,2192.0,2230.0,2160.0,2221.0,537751,419323,2201.0,0.01725746734448363,0.44752009099320966,0.5854196759820709,0.3750610726073183,-39649.0,SA
2022-01-05,2221.0,2255.0,2215.0,2250.0,510491,392877,2237.0,0.01297267130403827,0.45303168104990327,0.5834566933429196,0.3698545277284261,-26446.0,SA
2022-01-06,2252.0,2316.0,2231.0,2312.0,621871,375321,2269.0,0.02718273459380227,0.39907207726428157,0.5859319351668679,0.3435895812689358,-17556.0,SA
2022-01-07,2312.0,2348.0,2305.0,2337.0,518884,365808,2323.0,0.010755104746589894,0.33410386003504433,0.5868278598880368,0.32615969389528215,-9513.0,SA
2022-01-10,2340.0,2415.0,2340.0,2413.0,684995,381333,2371.0,0.032002731086173734,0.349846610277563,0.5918506429125223,0.32562054645271843,15525.0,SA
2022-01-11,2413.0,2485.0,2396.0,2470.0,755232,423407,2442.0,0.023347363996991107,0.3554131920308608,0.5878143971849742,0.32111899520606896,42074.0,SA
2022-01-12,2470.0,2495.0,2461.0,2486.0,544231,397053,2478.0,0.006456842448633647,0.35535826451532554,0.5859624530531485,0.31695373947047656,-26354.0,SA
2022-01-13,2490.0,2577.0,2452.0,2461.0,1128635,440698,2520.0,-0.010107221679600573,0.3282790963298068,0.5699484010232628,0.318414313547689,43645.0,SA
2022-01-14,2462.0,2597.0,2462.0,2593.0,1018299,440895,2534.0,0.05224773514760858,0.3395257215799671,0.579491465805384,0.31693465353757777,197.0,SA
2022-01-17,2590.0,2603.0,2521.0,2553.0,890843,425761,2553.0,-0.015546368297180584,0.34267666396478624,0.5749344856970287,0.3182731077822888,-15134.0,SA
2022-01-18,2553.0,2567.0,2507.0,2558.0,747583,405968,2542.0,0.001956564897304134,0.30555439001043616,0.5615037956016147,0.29989917613749284,-19793.0,SA
2022-01-19,2569.0,2621.0,2540.0,2596.0,963395,451917,2586.0,0.014746095685192591,0.30174969850704,0.5614680558597418,0.29739738049554937,45949.0,SA
2022-01-20,2592.0,2608.0,2559.0,2574.0,681078,425337,2583.0,-0.00851068966790862,0.3045053115052441,0.5599997867756396,0.29476333300617624,-26580.0,SA
2022-01-21,2574.0,2746.0,2574.0,2712.0,1217868,515217,2663.0,0.05222526090421428,0.3445078355727615,0.5702853631654394,0.32067747338536123,89880.0,SA
2022-01-24,2717.0,2745.0,2672.0,2685.0,779701,429829,2701.0,-0.01000564211732117,0.34392172700732737,0.5691058523631204,0.31744070991614626,-85388.0,SA
2022-01-25,2678.0,2730.0,2642.0,2700.0,935253,452251,2678.0,0.0055710450494554295,0.3414573256563091,0.5491000920376736,0.31925891422227726,22422.0,SA
2022-01-26,2705.0,2771.0,2686.0,2768.0,863903,478501,2733.0,0.024873264745139755,0.3447676943252713,0.5502178048631998,0.321748666378509,26250.0,SA
2022-01-27,2777.0,2853.0,2768.0,2849.0,772795,444911,2807.0,0.028843017760348193,0.3494432799465761,0.5224775020901316,0.3239711912819312,-33590.0,SA
2022-01-28,2860.0,2903.0,2818.0,2880.0,716992,385914,2857.0,0.010822238632083338,0.33118908876818054,0.5074850080787334,0.3259828939338156,-58997.0,SA
2022-02-07,2926.0,3004.0,2873.0,2968.0,488748,392188,2954.0,0.030098031157279347,0.30159739198030233,0.5070332977075025,0.3329121226681316,6274.0,SA
2022-02-08,2959.0,3009.0,2938.0,2987.0,672681,424263,2976.0,0.006381213928838662,0.303144176898765,0.5048496917210481,0.32987156074607715,32075.0,SA
2022-02-09,2977.0,2983.0,2911.0,2957.0,846352,446759,2948.0,-0.010094298363632596,0.31569947763880196,0.5044707940533806,0.3317566271801608,22496.0,SA
2022-02-10,2953.0,3177.0,2926.0,3125.0,1222354,566788,3053.0,0.05525904231802458,0.34570111404777537,0.5138211572413774,0.36646515204988234,120029.0,SA
2022-02-11,3137.0,3155.0,2958.0,2973.0,1379897,540516,3070.0,-0.04986273917240421,0.41511163778153476,0.5085174667989311,0.389227696224569,-26272.0,SA
2022-02-14,2991.0,2992.0,2868.0,2954.0,1638250,538977,2933.0,-0.006411359906772528,0.4130109634199475,0.4923278330454221,0.3938123924116232,-1539.0,SA
2022-02-15,2930.0,2930.0,2778.0,2867.0,1614468,514267,2845.0,-0.02989399720795527,0.4329787899409346,0.495925482410713,0.402349545751814,-24710.0,SA
2022-02-16,2866.0,2956.0,2848.0,2912.0,1135304,494928,2902.0,0.01557394343320669,0.4339018245777405,0.49553576924684223,0.4090012574167296,-19339.0,SA
2022-02-17,2918.0,2918.0,2754.0,2756.0,1289792,489390,2829.0,-0.05505977718302743,0.48460455295215565,0.5068891325999595,0.4137884494558004,-5538.0,SA
2022-02-18,2735.0,2845.0,2725.0,2803.0,1029289,451614,2789.0,0.016909919031239184,0.4551129058751176,0.5075733240963993,0.40834529713740464,-37776.0,SA
2022-02-21,2808.0,2919.0,2782.0,2912.0,1204344,509685,2828.0,0.038149858151788264,0.46443385608045873,0.5060611911171321,0.4153851495565319,58071.0,SA
2022-02-22,2900.0,2947.0,2850.0,2854.0,1212745,490629,2905.0,-0.020118611279794904,0.4737881951504648,0.5077622584141477,0.4184173263280396,-19056.0,SA
2022-02-23,2850.0,2907.0,2824.0,2876.0,1046799,470864,2868.0,0.007678920804155527,0.4726259667837385,0.4558223248094925,0.4176281622069259,-19765.0,SA
2022-02-24,2870.0,2891.0,2767.0,2787.0,1215291,502544,2832.0,-0.03143469135898906,0.4880245230016033,0.4568937536393283,0.425976323129042,31680.0,SA
2022-02-25,2780.0,2816.0,2605.0,2605.0,1288640,477566,2713.0,-0.06753307329448091,0.5151524118126709,0.4779054302758666,0.43582179469007726,-24978.0,SA
2022-02-28,2605.0,2640.0,2545.0,2593.0,1230791,492211,2603.0,-0.004617168648802947,0.514404059243699,0.46946786153957215,0.43899939820727696,14645.0,SA
2022-03-01,2593.0,2621.0,2522.0,2605.0,1258804,461135,2574.0,0.004617168648802838,0.5142366244049594,0.46374248654559747,0.44109437319474476,-31076.0,SA
2022-03-02,2618.0,2737.0,2593.0,2669.0,1308997,458183,2658.0,0.024271195217056903,0.5138300991713913,0.4648396009256074,0.4509518678591064,-2952.0,SA
2022-03-03,2672.0,2758.0,2637.0,2736.0,1074476,404458,2701.0,0.02479312933791704,0.5108408126307225,0.4464935744725604,0.4564072565794427,-53725.0,SA
2022-03-04,2730.0,2755.0,2665.0,2708.0,829941,375897,2710.0,-0.010286644710275426,0.5093057530607573,0.4450996713572383,0.45749261634962557,-28561.0,SA
2022-03-07,2728.0,2849.0,2710.0,2749.0,878251,404979,2770.0,0.015026854133080105,0.4990724058596234,0.44575636654218226,0.4600175837352542,29082.0,SA
2022-03-08,2720.0,2739.0,2548.0,2652.0,1381163,425175,2639.0,-0.0359231368594926,0.5099738078083774,0.4512799096728235,0.48228830034604225,20196.0,SA
2022-03-09,2634.0,2691.0,2476.0,2505.0,1170424,425442,2585.0,-0.05702533778678798,0.5410414838397953,0.46630668965812994,0.5110483755151074,267.0,SA
2022-03-10,2464.0,2688.0,2451.0,2642.0,1139806,382640,2601.0,0.05324747156330535,0.5379704469304731,0.45559510292390326,0.518693033264654,-42802.0,SA
2022-03-11,2645.0,2665.0,2554.0,2573.0,845151,362923,2605.0,-0.02646367280052643,0.5203092522276093,0.44084289798688536,0.5083903021702928,-19717.0,SA
2022-03-14,2550.0,2575.0,2427.0,2450.0,879367,373422,2500.0,-0.0489845087429715,0.5408013752309869,0.4528555356871875,0.5159267922740576,10499.0,SA
2022-03-15,2450.0,2531.0,2435.0,2449.0,794314,353180,2475.0,-0.00040824658660493365,0.5360929209583847,0.45219957867248667,0.510026795910173,-20242.0,SA
2022-03-16,2430.0,2508.0,2411.0,2453.0,731419,369113,2460.0,0.0016319873063216285,0.5303022672576326,0.452038956323098,0.5107798224275768,15933.0,SA
2022-03-17,2459.0,2474.0,2396.0,2457.0,750730,358201,2440.0,0.0016293282626898779,0.5020422694611668,0.4455255578901843,0.5004378524019774,-10912.0,SA
2022-03-18,2459.0,2530.0,2435.0,2526.0,610106,339450,2473.0,0.027695930389257207,0.5098335321331536,0.43945081248409706,0.4986673429751002,-18751.0,SA
2022-03-21,2509.0,2544.0,2432.0,2451.0,700385,360400,2491.0,-0.03014091938232383,0.4902200314737232,0.44235251356233524,0.4973832820077226,20950.0,SA
2022-03-22,2443.0,2516.0,2421.0,2481.0,499108,318696,2475.0,0.012165600163688372,0.49353078761562474,0.43555710472596915,0.49901805553517076,-41704.0,SA
2022-03-23,2485.0,2564.0,2480.0,2559.0,590040,316507,2522.0,0.03095485246798781,0.5092521787188702,0.43780188971338985,0.5002382662107279,-2189.0,SA
2022-03-24,2596.0,2662.0,2579.0,2611.0,529790,285064,2623.0,0.02011673253933996,0.5077734495642363,0.43934869448604413,0.496082129513088,-31443.0,SA
2022-03-25,2780.0,2951.0,2773.0,2905.0,1141083,299536,2876.0,0.10670010058688283,0.585328022612959,0.48836215137730415,0.48600373298680244,14472.0,SA
2022-03-28,2878.0,2941.0,2856.0,2907.0,1044272,330974,2905.0,0.0006882312728643094,0.5844272360527354,0.48746721780984886,0.4837583297586793,31438.0,SA
2022-03-29,2908.0,2989.0,2871.0,2970.0,1499830,401682,2925.0,0.021440331237869408,0.5870321692044881,0.48850878498649514,0.48440943345613474,70708.0,SA
2022-03-30,2939.0,3039.0,2915.0,3025.0,1524904,448293,2986.0,0.018349138668196617,0.5850507881505447,0.489248589301451,0.47886032384750943,46611.0,SA
2022-03-31,3036.0,3061.0,2967.0,3014.0,1479658,446940,3016.0,-0.003642991278501092,0.5818278651857101,0.4894692236017781,0.4739396183107608,-1353.0,SA
2022-04-01,2993.0,3055.0,2953.0,3040.0,1429861,584642,3010.0,0.008589415213826593,0.5791927290477529,0.487066908619643,0.4741774516357249,137702.0,SA
2022-04-06,3009.0,3070.0,2938.0,2941.0,1005334,528312,3018.0,-0.0331078558462723,0.5938990370491597,0.48889516680524436,0.4714576562968417,-56330.0,SA
2022-04-07,2945.0,2964.0,2886.0,2916.0,1438340,575040,2925.0,-0.008536845425446239,0.5777273417599248,0.48898284618948906,0.4493575319495037,46728.0,SA
2022-04-08,2916.0,2948.0,2880.0,2944.0,1025673,557101,2925.0,0.00955638672021801,0.5300491768994202,0.48878281902511544,0.41607412711405994,-17939.0,SA
2022-04-11,2952.0,2968.0,2889.0,2947.0,1136255,601610,2931.0,0.001018502888927808,0.5029532331294753,0.4865462525223634,0.3714690972007697,44509.0,SA
2022-04-12,2940.0,3124.0,2925.0,3099.0,1579867,710699,3033.0,0.05029177505005344,0.5119738700689361,0.49546824231238845,0.38647239983709825,109089.0,SA
2022-04-13,3105.0,3126.0,3065.0,3081.0,1152655,658636,3095.0,-0.005825259191080295,0.4681912846395758,0.4926455353372023,0.36785158572157156,-52063.0,SA
2022-04-14,3095.0,3205.0,3066.0,3138.0,1510468,702827,3130.0,0.018331434696309976,0.46662703337984773,0.49191985637991864,0.3707247911179785,44191.0,SA
2022-04-15,3140.0,3195.0,3112.0,3135.0,1100192,636405,3155.0,-0.000956480225956823,0.4675015621165849,0.49199504188576104,0.36543953637046894,-66422.0,SA
2022-04-18,3130.0,3262.0,3092.0,3244.0,1262204,675904,3173.0,0.034177962168282436,0.4719001212919223,0.49496121675284654,0.376608790189461,39499.0,SA
2022-04-19,3242.0,3269.0,3188.0,3213.0,852117,598812,3230.0,-0.009602056119445028,0.47595307960749406,0.48575019582661705,0.37157565916980645,-77092.0,SA
2022-04-20,3200.0,3250.0,3093.0,3107.0,1339060,593385,3179.0,-0.03354744972281109,0.4800590391400273,0.4901225646052683,0.37414180869701,-5427.0,SA
2022-04-21,3108.0,3133.0,3065.0,3110.0,919594,572194,3099.0,0.000965095780232422,0.481595452215142,0.49013802796852307,0.3680678532174766,-21191.0,SA
2022-04-22,3096.0,3136.0,3053.0,3106.0,1047562,602175,3103.0,-0.0012870014646474486,0.47775536707276517,0.4896378790682083,0.36567114623273106,29981.0,SA
2022-04-25,3104.0,3117.0,2873.0,2893.0,1557415,556816,2997.0,-0.07104169873249724,0.554166931570614,0.5119879094992372,0.39893394920332037,-45359.0,SA
2022-04-26,2881.0,2951.0,2825.0,2884.0,1250075,564689,2893.0,-0.0031158065712953765,0.4053551924080183,0.5013108689886521,0.38766258243991736,7873.0,SA
2022-04-27,2890.0,2992.0,2890.0,2966.0,1241304,575633,2943.0,0.028036024293037698,0.41763378617236196,0.503772134764913,0.3896518594329392,10944.0,SA
2022-04-28,2966.0,3020.0,2922.0,3012.0,1070252,576132,2972.0,0.015390066221906855,0.41427265127331947,0.5044934326554319,0.38654955845808064,499.0,SA
2022-04-29,3010.0,3028.0,2954.0,3004.0,899772,531863,2985.0,-0.002659576035758831,0.4091241348532588,0.5022885526018955,0.3799425925303343,-44269.0,SA
2022-05-05,2990.0,3073.0,2923.0,3061.0,879241,607661,3005.0,0.018796926061387127,0.4144048107462939,0.5003746735457799,0.38892316425073137,75798.0,SA
2022-05-06,3067.0,3077.0,2977.0,2982.0,994963,601290,3026.0,-0.026147443620728746,0.4238748412142631,0.5030445148292726,0.3885661467739467,-6371.0,SA
2022-05-09,2982.0,3016.0,2917.0,2928.0,1280886,648437,2963.0,-0.018274620243481556,0.41215599762658073,0.5007024020084826,0.38379407177280483,47147.0,SA
2022-05-10,2900.0,2916.0,2700.0,2778.0,1704663,632528,2798.0,-0.052588351766913136,0.4514075967565707,0.5117520169165797,0.4132734111974775,-15909.0,SA
2022-05-11,2786.0,2870.0,2752.0,2855.0,1135636,595254,2812.0,0.027340598775821477,0.4618757630192962,0.5146944242049348,0.4198648147476983,-37274.0,SA
2022-05-12,2840.0,2877.0,2747.0,2781.0,1310483,613375,2811.0,-0.026261267856145774,0.4698920174636804,0.5040042530709268,0.4273690155255476,18121.0,SA
2022-05-13,2766.0,2826.0,2751.0,2807.0,1083610,546646,2790.0,0.009305722127917634,0.42944888562950145,0.4945497775475335,0.40789032476672427,-66729.0,SA
2022-05-16,2812.0,2885.0,2774.0,2874.0,1005546,578037,2833.0,0.023588490277087825,0.4410918699289461,0.49693349617587407,0.4142024973388127,31391.0,SA
2022-05-17,2882.0,2917.0,2834.0,2851.0,915789,544646,2869.0,-0.008034977726298253,0.4337276909124563,0.4934377651729637,0.40799195309895797,-33391.0,SA
2022-05-18,2860.0,2878.0,2814.0,2818.0,1015389,579644,2854.0,-0.011642396454046432,0.43412834905390574,0.49290323993699037,0.4069569923279621,34998.0,SA
2022-05-19,2828.0,2951.0,2802.0,2947.0,1297453,674024,2871.0,0.044760290279069116,0.4481847138537512,0.48821738412223964,0.40595704163918056,94380.0,SA
2022-05-20,2942.0,3016.0,2927.0,2986.0,1077613,649437,2971.0,0.013146995361441078,0.4521773058025813,0.4877618091359221,0.4074407245327434,-24587.0,SA
2022-05-23,2985.0,2995.0,2876.0,2928.0,1195847,616124,2938.0,-0.019615103017933528,0.4426443596149063,0.48337898741167273,0.40294676481808256,-33313.0,SA
2022-05-24,2911.0,2941.0,2885.0,2902.0,1003909,581900,2913.0,-0.00891944163706906,0.4428685372053602,0.48193334152196404,0.4023201434841907,-34224.0,SA
2022-05-25,2918.0,2990.0,2904.0,2987.0,1284125,667975,2946.0,0.028869384771976717,0.457411740385984,0.48524199216738084,0.4030603432447272,86075.0,SA
2022-05-26,2980.0,3019.0,2920.0,2999.0,1385504,688566,2967.0,0.004009360532899296,0.37839433651617493,0.48068968222279695,0.3708275828571254,20591.0,SA
2022-05-27,2999.0,3084.0,2988.0,3041.0,1075686,661813,3030.0,0.01390750892835547,0.38026679556489446,0.45961435786952104,0.36529064149659496,-26753.0,SA
2022-05-30,3035.0,3112.0,3027.0,3072.0,858149,623015,3071.0,0.010142406590198166,0.36966391251576586,0.4596225756671202,0.3625891442528456,-38798.0,SA
2022-05-31,3074.0,3133.0,3056.0,3078.0,937468,633047,3092.0,0.0019512201312617493,0.3661790608362038,0.4596107490778284,0.3596614227645424,10032.0,SA
2022-06-01,3084.0,3110.0,3062.0,3097.0,783717,607549,3088.0,0.006153865574378286,0.3663193360682956,0.4575042422180165,0.35733341408171204,-25498.0,SA
2022-06-02,3101.0,3127.0,3058.0,3127.0,827438,638531,3089.0,0.009640177484638458,0.3620439692034271,0.45541339602703945,0.3444429730764892,30982.0,SA
2022-06-06,3125.0,3140.0,3018.0,3033.0,890547,658283,3075.0,-0.03052184976926023,0.3666712443447763,0.4596229284341367,0.3475625984938245,19752.0,SA
2022-06-07,3031.0,3108.0,3030.0,3064.0,821410,625967,3070.0,0.010169023171900708,0.3608978822554064,0.4591412689439816,0.34451436520453915,-32316.0,SA
2022-06-08,3053.0,3122.0,3036.0,3098.0,753734,628208,3079.0,0.011035490116331995,0.29832378754915645,0.4527508950646125,0.3090379491518857,2241.0,SA
2022-06-09,3098.0,3165.0,3043.0,3048.0,1069234,647144,3112.0,-0.01627110417027709,0.29605739282031474,0.4373944861456708,0.3074476898932072,18936.0,SA
2022-06-10,3042.0,3063.0,2993.0,3010.0,892387,631959,3024.0,-0.012545559063615533,0.28167753216452546,0.4260098724109818,0.29545663204788764,-15185.0,SA
2022-06-13,3010.0,3039.0,2960.0,3025.0,695677,599910,3017.0,0.004971012722020402,0.2810105120667153,0.4218683068737764,0.2952296722654427,-32049.0,SA
2022-06-14,3025.0,3042.0,2879.0,2914.0,1130990,658725,2941.0,-0.03738438370979172,0.305924420040515,0.4164767782635294,0.30642178047202406,58815.0,SA
2022-06-15,2910.0,2949.0,2876.0,2908.0,836081,595067,2912.0,-0.0020611481017401533,0.3044076908715242,0.41654591607093006,0.30491003788446963,-63658.0,SA
2022-06-16,2908.0,2945.0,2901.0,2910.0,675866,601967,2920.0,0.0006875215121281927,0.300774989372571,0.41656220502983926,0.3028393353824415,6900.0,SA
2022-06-17,2895.0,2900.0,2810.0,2887.0,1078500,643760,2860.0,-0.007935180502603075,0.2556034076386628,0.41713782372421737,0.28998353842536606,41793.0,SA
2022-06-20,2900.0,2912.0,2838.0,2872.0,1115654,632870,2878.0,-0.005209249494820295,0.2503944920296973,0.4141760051088049,0.28815382914789467,-10890.0,SA
2022-06-21,2860.0,2876.0,2732.0,2760.0,1399478,653443,2792.0,-0.03977797145691908,0.2777665654224458,0.41780985506796703,0.29583312552614677,20573.0,SA
2022-06-22,2760.0,2800.0,2642.0,2661.0,1105792,624201,2716.0,-0.03652868773350646,0.3016895221609931,0.4245481405992474,0.3179006834703609,-29242.0,SA
2022-06-23,2667.0,2754.0,2650.0,2747.0,1151157,646178,2703.0,0.0318074151175847,0.30609101701233726,0.42480509679944295,0.32233787923107055,21977.0,SA
2022-06-24,2756.0,2773.0,2693.0,2711.0,981783,605824,2734.0,-0.01319183659660836,0.30607120087152395,0.4239542133688699,0.3205515431402412,-40354.0,SA
2022-06-27,2725.0,2785.0,2664.0,2755.0,961630,619715,2731.0,0.016099872088349364,0.30795012463495697,0.36399947527471277,0.3273226722331656,13891.0,SA
2022-06-28,2765.0,2846.0,2751.0,2843.0,855961,585586,2789.0,0.031442390063984825,0.3300872686683051,0.36992727833481687,0.3299680178172964,-34129.0,SA
2022-06-29,2837.0,2908.0,2812.0,2873.0,925614,645022,2857.0,0.010496947328289857,0.3334372036064926,0.36786190891842513,0.33341836097443495,59436.0,SA
2022-06-30,2888.0,2902.0,2853.0,2862.0,677142,569013,2876.0,-0.003836098862893295,0.3315178323648788,0.3658131691156009,0.3337430603376925,-76009.0,SA
2022-07-01,2848.0,2856.0,2742.0,2744.0,1098132,609639,2803.0,-0.04210397127062039,0.3533731878356877,0.3753255954201403,0.34149763850808085,40626.0,SA
2022-07-04,2761.0,2782.0,2668.0,2712.0,956022,519074,2720.0,-0.011730339785489605,0.3426714859095101,0.37528818743762077,0.3426854161596535,-90565.0,SA
2022-07-05,2715.0,2742.0,2672.0,2674.0,845767,538960,2708.0,-0.014110891398397704,0.33870550695450957,0.37056872237932714,0.3428349824788677,19886.0,SA
2022-07-06,2640.0,2666.0,2555.0,2656.0,1077088,544793,2614.0,-0.006754247065564032,0.33215093024267667,0.37044489066492964,0.3495308481114527,5833.0,SA
2022-07-07,2663.0,2733.0,2613.0,2671.0,1043073,524080,2668.0,0.0056317025136363025,0.33373454710643274,0.37003240521544656,0.35255459503281855,-20713.0,SA
2022-07-08,2688.0,2727.0,2551.0,2555.0,1000349,546609,2657.0,-0.044400710472156116,0.35922956981051263,0.3801356203785797,0.3767660086179596,22529.0,SA
2022-07-11,2550.0,2576.0,2458.0,2552.0,1173582,577914,2523.0,-0.0011748581731243204,0.35691559795276295,0.36409761608722924,0.3856647987020032,31305.0,SA
2022-07-12,2550.0,2575.0,2436.0,2446.0,1021005,543931,2514.0,-0.0424233282175628,0.3626790407461999,0.3727610954105203,0.3859361290818274,-33983.0,SA
2022-07-13,2431.0,2502.0,2412.0,2481.0,1094374,572028,2454.0,0.014207667444683353,0.3710926406620598,0.371815314519147,0.3900829093422526,28097.0,SA
2022-07-14,2450.0,2513.0,2431.0,2435.0,941251,508273,2472.0,-0.018714948175110834,0.37149725426001307,0.3729816850987944,0.3951010112169293,-63755.0,SA
2022-07-15,2413.0,2505.0,2402.0,2452.0,968831,509666,2460.0,0.006957261539411945,0.3757188872030399,0.36516694288353513,0.3994643982671641,1393.0,SA
2022-07-18,2467.0,2578.0,2464.0,2574.0,992955,511756,2521.0,0.04855709109996987,0.4260082263481151,0.3807981984072278,0.4071939064600377,2090.0,SA
2022-07-19,2572.0,2606.0,2436.0,2448.0,958004,520142,2521.0,-0.05018974452385528,0.438447522127068,0.3877776055833262,0.41764573307525055,8386.0,SA
2022-07-20,2434.0,2540.0,2423.0,2507.0,925934,498202,2479.0,0.023815454526076606,0.4350528964066801,0.39179499525863737,0.41139287847652267,-21940.0,SA
2022-07-21,2515.0,2539.0,2441.0,2476.0,826652,479283,2489.0,-0.01244246435380662,0.41621733273013806,0.3921784056286703,0.4117629083864631,-18919.0,SA
2022-07-22,2455.0,2566.0,2444.0,2541.0,901977,484717,2510.0,0.025913349515677402,0.42909305432113753,0.37108554277164557,0.41997986166945134,5434.0,SA
2022-07-25,2560.0,2602.0,2482.0,2530.0,802021,435617,2541.0,-0.00433840159859813,0.4230148101952005,0.37110724552212065,0.4213530916074261,-49100.0,SA
2022-07-26,2544.0,2595.0,2532.0,2580.0,626221,421773,2563.0,0.019570096194097296,0.41176327706263455,0.3685799471402691,0.4184079635441283,-13844.0,SA
2022-07-27,2595.0,2631.0,2558.0,2573.0,519034,408775,2580.0,-0.0027168656339189214,0.40791384989414675,0.3667411967515366,0.41659838190202897,-12998.0,SA
2022-07-28,2575.0,2622.0,2546.0,2613.0,654315,411348,2586.0,0.015426453238868232,0.4145870645858968,0.3685876046195452,0.41969917504781057,2573.0,SA
2022-07-29,2603.0,2678.0,2565.0,2624.0,760979,402565,2622.0,0.004200884543367128,0.39105517998507755,0.3662402721664113,0.4207684074327895,-8783.0,SA
2022-08-01,2634.0,2669.0,2572.0,2592.0,517212,334735,2622.0,-0.01227009259181436,0.3912322270796275,0.3635398598206554,0.4187266831621309,-67830.0,SA
2022-08-02,2365.0,2402.0,2341.0,2400.0,635208,234797,2371.0,-0.07696104113612832,0.47120647213793426,0.3929867006853313,0.41868869460258595,-99938.0,SA
2022-08-03,2399.0,2423.0,2350.0,2392.0,718015,267233,2392.0,-0.0033389012655145986,0.4712325434798539,0.37944612085290225,0.4139632723659317,32436.0,SA
2022-08-04,2405.0,2410.0,2266.0,2266.0,885545,318389,2341.0,-0.054113673482570755,0.499594358752883,0.3886261157488201,0.42354403778007693,51156.0,SA
2022-08-05,2272.0,2292.0,2233.0,2264.0,1004847,365276,2262.0,-0.0008830022648780608,0.4814922250421155,0.38586789601385346,0.40297426179582735,46887.0,SA
2022-08-08,2255.0,2396.0,2245.0,2390.0,1117680,355535,2328.0,0.054160205602482754,0.5265003310592876,0.4026380678616419,0.4142217954260573,-9741.0,SA
2022-08-09,2382.0,2413.0,2354.0,2380.0,981165,355916,2382.0,-0.004192878260035927,0.5060540219902568,0.39893438676934345,0.40057370922833246,381.0,SA
2022-08-10,2392.0,2403.0,2304.0,2331.0,1231419,391652,2349.0,-0.020803127629763284,0.5070132968980594,0.4004462628887793,0.4029746561525293,35736.0,SA
2022-08-11,2340.0,2399.0,2289.0,2385.0,1390198,394025,2344.0,0.022901764286684414,0.5114984772572216,0.4036130954352306,0.4090956138846969,2373.0,SA
2022-08-12,2400.0,2407.0,2346.0,2374.0,1039498,385573,2375.0,-0.004622828152828281,0.5107549725900914,0.39136797591112427,0.40296645769861145,-8452.0,SA
2022-08-15,2360.0,2426.0,2330.0,2349.0,1377841,404975,2376.0,-0.010586590510700501,0.4759250935328114,0.3900600450260071,0.4006360959500804,19402.0,SA
2022-08-16,2330.0,2374.0,2313.0,2343.0,1016620,406003,2345.0,-0.0025575461511171205,0.4446190632714876,0.3887181375942183,0.37821633562629037,1028.0,SA
2022-08-17,2345.0,2358.0,2273.0,2283.0,1306572,451872,2316.0,-0.025941791978000145,0.44111139797863397,0.3912287488899257,0.3729588589706575,45869.0,SA
2022-08-18,2273.0,2334.0,2267.0,2304.0,1223125,452615,2305.0,0.009156375285986241,0.4427170957620244,0.38624891386015786,0.36869712936102517,743.0,SA
2022-08-19,2315.0,2316.0,2223.0,2238.0,1376689,489353,2264.0,-0.029064132943911355,0.437128062345472,0.38911360351388896,0.36443427476796947,36738.0,SA
2022-08-22,2238.0,2367.0,2236.0,2358.0,1531975,488867,2309.0,0.05223119222544573,0.48381317589776973,0.4045122845371987,0.3706426540328742,-486.0,SA
2022-08-23,2363.0,2402.0,2337.0,2373.0,1214764,474688,2369.0,0.006341175338447247,0.4777282744490647,0.40401373292819154,0.3715451830487033,-14179.0,SA
2022-08-24,2375.0,2385.0,2351.0,2365.0,960323,462706,2369.0,-0.003376955509730207,0.4777073424184112,0.40381058329595554,0.36797511369732905,-11982.0,SA
2022-08-25,2367.0,2443.0,2362.0,2373.0,1789330,480643,2404.0,0.0033769555097301726,0.4730656649775092,0.40354299283860123,0.3696359917544781,17937.0,SA
2022-08-26,2373.0,2423.0,2366.0,2418.0,1134459,503389,2395.0,0.018785774738974383,0.4794907387115767,0.4053228143239179,0.36167149627324224,22746.0,SA
2022-08-29,2420.0,2425.0,2344.0,2386.0,1216350,492126,2387.0,-0.013322428516876574,0.47974138811560924,0.4021131964936104,0.3603205532735343,-11263.0,SA
2022-08-30,2394.0,2404.0,2322.0,2338.0,1271002,492649,2365.0,-0.02032246062584775,0.4021353071236298,0.40237777674099645,0.3637001914020382,523.0,SA
2022-08-31,2327.0,2384.0,2326.0,2367.0,1094087,507791,2365.0,0.012327467481970238,0.4048996468467938,0.40259782082772283,0.3616540918508346,15142.0,SA
2022-09-01,2360.0,2373.0,2305.0,2315.0,1190661,512850,2347.0,-0.022213642993649464,0.3628743890622686,0.4035166317162629,0.3427701288811571,5059.0,SA
2022-09-02,2310.0,2323.0,2274.0,2302.0,1303844,508121,2303.0,-0.005631377238506529,0.36359821487230165,0.4031853082895724,0.3412832373887002,-4729.0,SA
2022-09-05,2306.0,2350.0,2287.0,2345.0,1222702,493228,2316.0,0.018507091598551798,0.3131430391540232,0.40546857030593925,0.31733198797869216,-14893.0,SA
2022-09-06,2347.0,2365.0,2280.0,2288.0,1596136,548924,2323.0,-0.024607328380691233,0.3240522611689657,0.4018662862890782,0.32245462766694316,55696.0,SA
2022-09-07,2274.0,2298.0,2244.0,2279.0,1445867,554338,2272.0,-0.003941323254004286,0.3165557063444787,0.4018455642157849,0.31392104967729995,5414.0,SA
2022-09-08,2285.0,2303.0,2263.0,2276.0,1156587,543137,2280.0,-0.0013172339994627538,0.3036845646162094,0.4017659881449065,0.29999681073904405,-11201.0,SA
2022-09-09,2275.0,2323.0,2273.0,2306.0,1179146,497758,2296.0,0.013094905582782866,0.308356016374626,0.4032051297958149,0.29859992724792983,-45379.0,SA
2022-09-13,2325.0,2374.0,2320.0,2360.0,842977,502885,2355.0,0.023147197190651437,0.31811939216120644,0.406906482422802,0.29017098760346505,5127.0,SA
2022-09-14,2360.0,2362.0,2287.0,2306.0,1102063,515241,2321.0,-0.023147197190651447,0.3286509574320243,0.40197048414543374,0.2929820409198525,12356.0,SA
2022-09-15,2305.0,2330.0,2285.0,2301.0,1156970,523371,2311.0,-0.0021706107936384387,0.3151897967991576,0.3958977095101748,0.2854408202198619,8130.0,SA
2022-09-16,2296.0,2315.0,2266.0,2282.0,1026159,547264,2291.0,-0.00829155961334493,0.3148429448991761,0.38961850196833936,0.28233888305155286,23893.0,SA
2022-09-19,2283.0,2335.0,2282.0,2307.0,1156215,526452,2316.0,0.010895727751732748,0.29837443507506095,0.39007462008952043,0.27298190703639036,-20812.0,SA
2022-09-20,2300.0,2339.0,2286.0,2319.0,1175793,526197,2313.0,0.0051880790817778995,0.2321832651674498,0.38848013726544767,0.2495458660352373,-255.0,SA
2022-09-21,2320.0,2329.0,2282.0,2318.0,1168750,495476,2304.0,-0.00043131335583460354,0.2306591364304243,0.38194394178310925,0.24648298045045955,-30721.0,SA
2022-09-22,2315.0,2408.0,2314.0,2399.0,1732277,627540,2368.0,0.034347238939997575,0.2623054114301672,0.3886652998517152,0.2587908370518955,132064.0,SA
2022-09-23,2398.0,2419.0,2385.0,2397.0,1224936,604816,2401.0,-0.000834028405310199,0.26216531776557545,0.3886864094704285,0.2505002457112665,-22724.0,SA
2022-09-26,2379.0,2435.0,2371.0,2425.0,1619465,569377,2405.0,0.011613568937199139,0.25675466199847874,0.3811541055051519,0.2517811974700892,-35439.0,SA
2022-09-27,2430.0,2466.0,2407.0,2466.0,1369149,585009,2431.0,0.016765880352706066,0.2580235906190964,0.3825265307295872,0.2466460512062606,15632.0,SA
2022-09-28,2471.0,2484.0,2451.0,2467.0,1123068,559279,2467.0,0.000405432805067109,0.24487134580708858,0.38165902060907286,0.23708758605090596,-25730.0,SA
2022-09-29,2477.0,2499.0,2442.0,2488.0,1315803,531037,2474.0,0.008476337329713453,0.24324921459610807,0.3820100682370819,0.23638060839381966,-28242.0,SA
2022-09-30,2498.0,2538.0,2480.0,2537.0,1048076,479275,2505.0,0.01950310574021192,0.23195003374127296,0.3840878494829201,0.2333970979118992,-51762.0,SA
2022-10-10,2547.0,2558.0,2476.0,2530.0,1016746,493115,2514.0,-0.0027629778777159375,0.2305059011191263,0.37333979209159435,0.239188224728224,13840.0,SA
2022-10-11,2533.0,2537.0,2472.0,2484.0,983181,519263,2508.0,-0.01834913866819654,0.23820709188943184,0.3751782584207375,0.2385767391042878,26148.0,SA
2022-10-12,2490.0,2523.0,2479.0,2509.0,1147465,532858,2499.0,0.010014103313052948,0.21606230226895218,0.36546337508733706,0.2286354997854918,13595.0,SA
2022-10-13,2503.0,2514.0,2473.0,2485.0,1068872,525213,2493.0,-0.00961160783569323,0.21991106781667025,0.36489051729222166,0.22570749864782774,-7645.0,SA
2022-10-14,2470.0,2503.0,2461.0,2486.0,930134,527413,2486.0,0.0004023335399272571,0.2194138482186971,0.36281056825587615,0.22550134523584156,2200.0,SA
2022-10-17,2483.0,2490.0,2444.0,2482.0,1200758,533760,2469.0,-0.0016103063061039058,0.217912075342897,0.36257040162918935,0.22424075078494216,6347.0,SA
2022-10-18,2486.0,2486.0,2428.0,2457.0,1077392,505684,2454.0,-0.010123593243373445,0.21041831108944378,0.3489391556120401,0.2245208127020467,-28076.0,SA
2022-10-19,2450.0,2474.0,2437.0,2448.0,823858,503541,2455.0,-0.0036697288889624017,0.19005598737968826,0.33360853876937246,0.21619217644222638,-2143.0,SA
2022-10-20,2448.0,2463.0,2425.0,2436.0,965779,494329,2445.0,-0.00491401480242904,0.19127930027983137,0.33005363186894016,0.21474237106108005,-9212.0,SA
2022-10-21,2440.0,2460.0,2425.0,2432.0,845716,494033,2442.0,-0.0016433857437300147,0.18759235716916178,0.32912981207586667,0.2120769558212294,-296.0,SA
2022-10-24,2428.0,2476.0,2390.0,2391.0,1322149,514916,2434.0,-0.017002275627732932,0.19813461860255704,0.3262931787280527,0.2196228212373374,20883.0,SA
2022-10-25,2391.0,2405.0,2375.0,2382.0,926234,513264,2390.0,-0.0037712175430792915,0.19864313062339958,0.3262707467072532,0.2158151371157987,-1652.0,SA
2022-10-26,2382.0,2421.0,2378.0,2408.0,870031,487187,2405.0,0.010856056513466288,0.20130932136614105,0.3244219389090502,0.21482621436538568,-26077.0,SA
2022-10-27,2410.0,2440.0,2400.0,2403.0,813448,470216,2419.0,-0.0020785706922427163,0.16128316520970884,0.3244114914338639,0.20058359616096802,-16971.0,SA
2022-10-28,2410.0,2411.0,2361.0,2373.0,1076006,482264,2384.0,-0.01256297930070538,0.16737682648617902,0.3233846897128079,0.20324958916823666,12048.0,SA
2022-10-31,2370.0,2378.0,2282.0,2307.0,1317500,505472,2321.0,-0.02820699826200988,0.18745331682417463,0.32765689177646756,0.21393365341312717,23208.0,SA
2022-11-01,2307.0,2362.0,2300.0,2353.0,963871,470558,2329.0,0.019743130553608847,0.1917251848257326,0.32997355119384814,0.2152060211031005,-34914.0,SA
2022-11-02,2359.0,2365.0,2300.0,2328.0,1322736,457697,2331.0,-0.010681579876034047,0.1936298063643458,0.2913141244369657,0.22137933861145026,-12861.0,SA
2022-11-03,2321.0,2343.0,2308.0,2311.0,944944,487272,2322.0,-0.007329198576947689,0.18942943150932975,0.29159218856430413,0.2182427878759393,29575.0,SA
2022-11-04,2300.0,2406.0,2297.0,2405.0,1336712,492648,2353.0,0.03986957226548074,0.23129842032470244,0.2814018972006411,0.23433074229037731,5376.0,SA
2022-11-07,2415.0,2428.0,2362.0,2401.0,1273452,470754,2393.0,-0.0016645863186083346,0.23132531056621985,0.28142848794138825,0.23140696958272738,-21894.0,SA
2022-11-08,2401.0,2472.0,2399.0,2469.0,1283421,531581,2438.0,0.027927893123926347,0.24722807069568872,0.26504088652005253,0.2335873791066263,60827.0,SA
2022-11-09,2473.0,2496.0,2463.0,2489.0,956427,530089,2478.0,0.008067813022412605,0.24625323187618373,0.2652942715683488,0.2323062497225914,-1492.0,SA
2022-11-10,2482.0,2534.0,2470.0,2518.0,1239974,561697,2503.0,0.011583912236700555,0.24722125520113247,0.2623679586297838,0.23600309924492982,31608.0,SA
2022-11-11,2511.0,2548.0,2506.0,2520.0,1151277,530745,2523.0,0.000793965901176524,0.247219769966172,0.2585026939084969,0.23590652650888452,-30952.0,SA
2022-11-14,2525.0,2568.0,2503.0,2514.0,1200311,499989,2533.0,-0.0023837913552762504,0.24732912416560615,0.2583397012653455,0.23884637614364654,-30756.0,SA
2022-11-15,2514.0,2546.0,2505.0,2538.0,746850,499939,2527.0,0.009501259124140215,0.24581868175262717,0.2577905170517422,0.23605791531926962,-50.0,SA
2022-11-16,2541.0,2594.0,2534.0,2575.0,1017247,546949,2565.0,0.014473164823503516,0.2490280852613203,0.2590544251921828,0.23909979708280343,47010.0,SA
2022-11-17,2577.0,2604.0,2556.0,2591.0,1050056,588766,2578.0,0.006194367464273511,0.24775326504341866,0.2528214607635959,0.24008199879090295,41817.0,SA
2022-11-18,2593.0,2615.0,2575.0,2610.0,909944,606603,2592.0,0.007306319754629156,0.24752662772557157,0.2526310828156343,0.24038475360989853,17837.0,SA
2022-11-21,2608.0,2626.0,2579.0,2620.0,1169433,633864,2601.0,0.0038240964384034758,0.23545103803951087,0.24423232300893388,0.23156247562151264,27261.0,SA
2022-11-22,2618.0,2643.0,2601.0,2609.0,1028939,625498,2624.0,-0.0042073116184140735,0.23565935080683997,0.2218017056612832,0.23252453933541523,-8366.0,SA
2022-11-23,2610.0,2638.0,2598.0,2635.0,882842,647899,2616.0,0.009916175838734356,0.23535172086062942,0.22223926011652037,0.23167271321112745,22401.0,SA
2022-11-24,2635.0,2695.0,2632.0,2688.0,1029148,677442,2667.0,0.01991424066757738,0.24005534802131523,0.22503231211096517,0.23444193406642247,29543.0,SA
2022-11-25,2685.0,2714.0,2665.0,2710.0,992770,659673,2691.0,0.008151212230706337,0.2304062688081642,0.22535487159055007,0.23340873344436003,-17769.0,SA
2022-11-28,2710.0,2724.0,2681.0,2699.0,1148858,614900,2701.0,-0.004067300855741874,0.19553663563773765,0.2230500097740395,0.2190102390385274,-44773.0,SA
2022-11-29,2701.0,2728.0,2680.0,2700.0,1015295,553532,2703.0,0.0003704389744157712,0.1919920117866167,0.22084826422537673,0.21493335944069714,-61368.0,SA
2022-11-30,2700.0,2708.0,2678.0,2697.0,672078,513788,2692.0,-0.0011117288526904293,0.18325808883496594,0.2160269776970998,0.20797661439865395,-39744.0,SA
2022-12-01,2705.0,2745.0,2688.0,2718.0,695728,482300,2719.0,0.007756271571359065,0.17492324593834313,0.21533554085631254,0.21028103350081995,-31488.0,SA
2022-12-02,2545.0,2589.0,2528.0,2580.0,1071523,536161,2562.0,-0.05210691679542595,0.243873045051089,0.23728469017829623,0.19258950070994654,53861.0,SA
2022-12-05,2588.0,2643.0,2516.0,2519.0,2151701,601046,2582.0,-0.02392740156305289,0.2621111069517487,0.2425943467665182,0.2111858525284878,64885.0,SA
2022-12-06,2525.0,2534.0,2482.0,2520.0,1549201,608835,2513.0,0.00039690415285889,0.2442967015494397,0.2400179715394194,0.20612310155603772,7789.0,SA
2022-12-07,2520.0,2553.0,2497.0,2521.0,1264549,631350,2528.0,0.00039674668245083273,0.24288713863900954,0.23397690142375388,0.2095372835678194,22515.0,SA
2022-12-08,2525.0,2575.0,2514.0,2570.0,1098273,641528,2535.0,0.019250250701345655,0.24887138279260512,0.2364189952697704,0.20867906708270764,10178.0,SA
2022-12-09,2578.0,2655.0,2573.0,2640.0,1356813,671400,2616.0,0.02687301825109627,0.2651073302381193,0.2416857232710457,0.21619139398509993,29872.0,SA
2022-12-12,2632.0,2678.0,2632.0,2654.0,1108670,688326,2657.0,0.005289018751791033,0.26470136773811637,0.24075546315357538,0.21243555992914512,16926.0,SA
2022-12-13,2651.0,2683.0,2631.0,2660.0,1180241,710852,2654.0,0.0022581868835918847,0.26349204781080926,0.2368509433905683,0.21369961999554038,22526.0,SA
2022-12-14,2663.0,2677.0,2645.0,2662.0,775258,718148,2662.0,0.000751597179312122,0.2596210105478725,0.2310545116628562,0.2094050372893378,7296.0,SA
2022-12-15,2665.0,2754.0,2660.0,2747.0,1331810,778570,2712.0,0.03143168714021691,0.27995556205320554,0.23830936272796963,0.21846570171520638,60422.0,SA
2022-12-16,2750.0,2804.0,2715.0,2754.0,1830609,791194,2759.0,0.0025449931933262775,0.27948042436794823,0.23716665748919868,0.22659770866404003,12624.0,SA
2022-12-19,2754.0,2754.0,2657.0,2677.0,1779336,725577,2694.0,-0.028357635768247635,0.3001509560331778,0.2451243394728258,0.23595027587552253,-65617.0,SA
2022-12-20,2677.0,2753.0,2664.0,2724.0,1796192,746741,2713.0,0.01740462374905046,0.3048346580182354,0.24695798743049663,0.2436893916273233,21164.0,SA
2022-12-21,2731.0,2752.0,2714.0,2740.0,1118365,749033,2732.0,0.0058565321127129685,0.3038111479615577,0.24695555513709966,0.24331797725463888,2292.0,SA
2022-12-22,2750.0,2754.0,2647.0,2648.0,1779324,739806,2698.0,-0.03415328232521706,0.3213840244156508,0.24943452213881528,0.2525090572882004,-9227.0,SA
2022-12-23,2645.0,2656.0,2614.0,2652.0,1621809,717093,2638.0,0.0015094342488543404,0.31981773433633615,0.24938166099013964,0.25181285283643845,-22713.0,SA
2022-12-26,2648.0,2713.0,2629.0,2688.0,1756196,710255,2670.0,0.013483350337286988,0.32365844003473265,0.2497260600267882,0.2583176312720169,-6838.0,SA
2022-12-27,2695.0,2746.0,2677.0,2730.0,1318449,724564,2709.0,0.015504186535965254,0.32839993406950735,0.2494169616539879,0.261203051954337,14309.0,SA
2022-12-28,2725.0,2751.0,2705.0,2731.0,1089348,725410,2726.0,0.0003662332946995905,0.32834295116735784,0.24941783332339093,0.262582335790362,846.0,SA
2022-12-29,2725.0,2734.0,2671.0,2708.0,1429584,694941,2699.0,-0.008457487441539395,0.32871417012196064,0.24986158700906305,0.26346656577162847,-30469.0,SA
2022-12-30,2700.0,2746.0,2680.0,2740.0,1209453,679233,2714.0,0.011747565349950235,0.2679004555118068,0.24797662555086547,0.263666504286673,-15708.0,SA
2023-01-03,2740.0,2781.0,2670.0,2769.0,1278023,743632,2728.0,0.010528323788845833,0.24937342294818776,0.24854126711621116,0.25703509597279,64399.0,SA
2023-01-04,2765.0,2789.0,2748.0,2773.0,1072504,773584,2768.0,0.0014435224448161243,0.24916143087816842,0.2451018580641576,0.2551815547753605,29952.0,SA
2023-01-05,2764.0,2796.0,2751.0,2777.0,1239532,810280,2775.0,0.001441441691021573,0.24894669968907773,0.24451354409719117,0.2531536420418354,36696.0,SA
2023-01-06,2782.0,2822.0,2758.0,2819.0,1497050,877428,2792.0,0.015011003807313092,0.24615245976441083,0.2448559675369732,0.25272117198000227,67148.0,SA
2023-01-09,2810.0,2827.0,2771.0,2793.0,1299326,837268,2801.0,-0.0092659251689358,0.23612873565412126,0.24593326701880455,0.24745814749546352,-40160.0,SA
2023-01-10,2802.0,2816.0,2753.0,2783.0,1529083,842495,2789.0,-0.0035868044192859986,0.23698966646612096,0.24608723696735477,0.24937959025582318,5227.0,SA
2023-01-11,2787.0,2867.0,2767.0,2863.0,1452176,923643,2816.0,0.02834054357222417,0.25414338548988274,0.2506025662748268,0.25718821939053094,81148.0,SA
2023-01-12,2865.0,2909.0,2859.0,2904.0,1174242,962717,2882.0,0.014219070846571667,0.2565524663289758,0.25138075977455054,0.25855165844891853,39074.0,SA
2023-01-13,2909.0,2962.0,2903.0,2956.0,1661263,930705,2930.0,0.01774790612340559,0.2416771484812236,0.2526690202440154,0.2514689698024722,-32012.0,SA
2023-01-16,2950.0,2950.0,2890.0,2919.0,1295361,849955,2918.0,-0.01259591121397759,0.24843558953442535,0.25454528168807156,0.24586543995168608,-80750.0,SA
2023-01-17,2923.0,2946.0,2914.0,2927.0,701163,834564,2928.0,0.0027369158377711735,0.21959295896909098,0.25112492986585416,0.2349278271726731,-15391.0,SA
2023-01-18,2940.0,2983.0,2922.0,2954.0,1072441,813458,2949.0,0.009182176399439282,0.21509554717432813,0.25095579696124926,0.228575646295291,-21106.0,SA
2023-01-19,2959.0,2995.0,2952.0,2987.0,927385,814975,2977.0,0.011109355124784621,0.2164724250124964,0.25098741625411497,0.22873140012629428,1517.0,SA
2023-01-20,2996.0,3023.0,2986.0,3022.0,660730,770865,3002.0,0.01164932461657519,0.16345046067487237,0.2512375379064536,0.21429432432672893,-44110.0,SA
2023-01-30,3055.0,3069.0,2966.0,2990.0,866120,794542,3011.0,-0.010645476447952783,0.17376119354951347,0.2507377045231561,0.22367516876476617,23677.0,SA
2023-01-31,2992.0,3006.0,2939.0,2987.0,1094011,831152,2977.0,-0.00100384816862229,0.1730973581764818,0.2419959848523674,0.21877285575273417,36610.0,SA
2023-02-01,2988.0,3050.0,2976.0,3012.0,1262888,856656,3013.0,0.008334770703674318,0.169336972273983,0.24002460657254232,0.21831527259867092,25504.0,SA
2023-02-02,3009.0,3032.0,2966.0,2974.0,1327074,838507,2998.0,-0.012696461899683802,0.1799212149551397,0.24058550820260136,0.22037085402563159,-18149.0,SA
2023-02-03,2970.0,3013.0,2926.0,2994.0,1468326,843668,2972.0,0.006702437959473284,0.17369529105565285,0.2394678706271817,0.22356983086612325,5161.0,SA
2023-02-06,2995.0,3001.0,2913.0,2969.0,1428128,790823,2959.0,-0.00838509021581389,0.1779671056381803,0.22914534960779062,0.22651383783544193,-52845.0,SA
2023-02-07,2965.0,2973.0,2882.0,2929.0,1513457,772786,2924.0,-0.01356412793602636,0.18654036149470973,0.23155892938316144,0.2195120405744815,-18037.0,SA
2023-02-08,2926.0,2964.0,2919.0,2957.0,1215544,809225,2939.0,0.009514173024743824,0.18794027310643677,0.22625468255978573,0.21966314497968728,36439.0,SA
2023-02-09,2963.0,2967.0,2916.0,2929.0,1101628,767562,2939.0,-0.009514173024743725,0.19321595639429423,0.22743131458351762,0.220046232583814,-41663.0,SA
2023-02-10,2928.0,2941.0,2866.0,2899.0,1670031,761383,2905.0,-0.010295217906078027,0.19265323275043933,0.22819894571398983,0.22148659728981515,-6179.0,SA
2023-02-13,2905.0,2913.0,2845.0,2896.0,1307423,769179,2885.0,-0.0010353754160485474,0.18881750580948534,0.22828228130836217,0.22308494041571297,7796.0,SA
2023-02-14,2895.0,2944.0,2878.0,2936.0,1059945,794675,2910.0,0.013717636228799126,0.19219046907126272,0.22924109546557445,0.22310662729319242,25496.0,SA
2023-02-15,2937.0,2947.0,2865.0,2877.0,1226585,752228,2909.0,-0.020300026182858238,0.1834663480238246,0.23346423528759236,0.21836719723178766,-42447.0,SA
2023-02-16,2874.0,2934.0,2872.0,2909.0,1113773,742797,2902.0,0.011061294943653707,0.1806189846694185,0.23280032300422873,0.21996736695576788,-9431.0,SA
2023-02-17,2914.0,2944.0,2907.0,2928.0,903355,744404,2926.0,0.006510216586000543,0.17023119744673243,0.23282513962114845,0.2174436378970331,1607.0,SA
2023-02-20,2915.0,2919.0,2863.0,2891.0,1111558,705816,2883.0,-0.012717133064856145,0.17034526054180538,0.23448694756904506,0.21695574813501184,-38588.0,SA
2023-02-21,2891.0,2988.0,2883.0,2985.0,1255349,771360,2942.0,0.03199728381035633,0.20542192078184968,0.24248189060178926,0.2286950758989258,65544.0,SA
2023-02-22,2985.0,2994.0,2963.0,2982.0,773853,762058,2980.0,-0.0010055305020187607,0.20321624122925494,0.24221279734199402,0.2255332429540553,-9302.0,SA
2023-02-23,2990.0,2991.0,2954.0,2956.0,735832,705823,2974.0,-0.008757213256591317,0.20166540369371772,0.24269971387418482,0.22499098770148843,-56235.0,SA
2023-02-24,2962.0,2965.0,2905.0,2918.0,930281,650662,2929.0,-0.012938552985361411,0.20087502249906392,0.2416387338785056,0.22764327376296672,-55161.0,SA
2023-02-27,2918.0,2931.0,2891.0,2902.0,762366,644464,2910.0,-0.00549829563859785,0.19868862598343873,0.24162153487604066,0.217758485780548,-6198.0,SA
2023-02-28,2906.0,2943.0,2904.0,2929.0,800429,665641,2921.0,0.009260913383600342,0.20230310855619021,0.2419356764062266,0.2143138052727374,21177.0,SA
2023-03-01,2938.0,2975.0,2914.0,2963.0,843893,682765,2944.0,0.011541200745831834,0.20455091371934603,0.24281443536516958,0.21247512660504253,17124.0,SA
2023-03-02,2960.0,2980.0,2944.0,2970.0,635599,705133,2962.0,0.0023596842231801184,0.19992270020137304,0.2427566288118638,0.20887308394794543,22368.0,SA
2023-03-03,2960.0,2993.0,2946.0,2986.0,663657,698726,2968.0,0.005372746302390501,0.19938480719685814,0.2425494624187443,0.20220534992107964,-6407.0,SA
2023-03-06,2980.0,2987.0,2914.0,2938.0,1218016,638633,2936.0,-0.01620562136531313,0.20546765789137583,0.21879301083588482,0.1991321560793996,-60093.0,SA
2023-03-07,2937.0,2956.0,2911.0,2919.0,871588,643357,2935.0,-0.006487985879707888,0.20103419610931594,0.21279395269717918,0.19067670360045855,4724.0,SA
2023-03-08,2920.0,2933.0,2866.0,2888.0,1005379,632602,2902.0,-0.010676870841397903,0.20090937109450147,0.21444226543892003,0.19419042564121444,-10755.0,SA
2023-03-09,2888.0,2918.0,2874.0,2899.0,770947,621194,2896.0,0.003801628908938638,0.19915000499610866,0.21442874586082605,0.19337873872725095,-11408.0,SA
2023-03-10,2900.0,2946.0,2888.0,2893.0,851535,588521,2916.0,-0.002071823945520363,0.19593235126962857,0.21169860161450868,0.19018241907283856,-32673.0,SA
2023-03-13,2898.0,2929.0,2860.0,2861.0,996404,589966,2893.0,-0.01112281192602485,0.1997718482122604,0.20691524302136707,0.19030559299278732,1445.0,SA
2023-03-14,2831.0,2871.0,2814.0,2827.0,973735,572162,2844.0,-0.01195513535651996,0.19613532880823306,0.20850852554016214,0.18897485361230495,-17804.0,SA
2023-03-15,2831.0,2881.0,2831.0,2855.0,869378,583547,2859.0,0.009855764396520354,0.18769064114546868,0.20927004119098858,0.18303872545746505,11385.0,SA
2023-03-16,2841.0,2852.0,2802.0,2808.0,959484,564125,2827.0,-0.01659935694440888,0.1909467021427912,0.21239399400280215,0.1812649088955907,-19422.0,SA
2023-03-17,2806.0,2855.0,2783.0,2837.0,946774,544528,2818.0,0.010274669663149646,0.19354003535009928,0.20371609739352656,0.18728893124207152,-19597.0,SA
2023-03-20,2841.0,2871.0,2826.0,2843.0,707106,523555,2848.0,0.0021126768421484126,0.1893670807704007,0.20369995454066067,0.1857703578718179,-20973.0,SA
2023-03-21,2851.0,2869.0,2797.0,2806.0,739678,516509,2836.0,-0.01309985098859348,0.14938204366673805,0.1967953105509215,0.17791447493195667,-7046.0,SA
2023-03-22,2818.0,2842.0,2805.0,2835.0,653486,498943,2820.0,0.010281955499446126,0.15661208851208558,0.19477308658899614,0.178715970686174,-17566.0,SA
2023-03-23,2835.0,2847.0,2815.0,2838.0,586243,471558,2831.0,0.0010576415581354454,0.15531410860960704,0.19447726400543447,0.17837290498285044,-27385.0,SA
2023-03-24,2840.0,2879.0,2824.0,2875.0,615274,432391,2847.0,0.01295309551146281,0.15834844411977156,0.18220663056195902,0.17779203261869328,-39167.0,SA
2023-03-27,2485.0,2548.0,2474.0,2530.0,1458949,622296,2507.0,-0.12783337150988489,0.4769264484161396,0.32055233923625337,0.18621186129000575,189905.0,SA
2023-03-28,2535.0,2539.0,2491.0,2507.0,997255,634433,2516.0,-0.009132483563272474,0.47316503363213547,0.3196096090681307,0.18845379329196907,12137.0,SA
2023-03-29,2509.0,2510.0,2436.0,2452.0,1304963,658672,2471.0,-0.022182801102191337,0.4700591317512451,0.32053929406588283,0.19395156184731605,24239.0,SA
2023-03-30,2447.0,2475.0,2445.0,2466.0,1004576,650280,2461.0,0.005693386668187594,0.47130867505203505,0.3208754044566052,0.1939632136521885,-8392.0,SA
2023-03-31,2464.0,2489.0,2441.0,2463.0,1204337,642033,2463.0,-0.0012172856037517487,0.4691806215780439,0.32056963761592067,0.19545303793397797,-8247.0,SA
2023-04-03,2463.0,2495.0,2426.0,2433.0,1187154,669805,2452.0,-0.01225505533701527,0.4686594608364822,0.32008487463338414,0.19745316399858878,27772.0,SA
2023-04-04,2433.0,2442.0,2421.0,2440.0,844547,676079,2431.0,0.002872975503724885,0.47059730514445164,0.319197412803554,0.1956095545495803,6274.0,SA
2023-04-06,2440.0,2476.0,2387.0,2408.0,1147073,730529,2426.0,-0.013201511858535842,0.47080295090045643,0.31990599333897773,0.2046880816598855,54450.0,SA
2023-04-07,2404.0,2440.0,2402.0,2433.0,975435,721824,2423.0,0.010328536354811037,0.4737108011545676,0.32086546564948104,0.20485900712586202,-8705.0,SA
2023-04-10,2436.0,2449.0,2373.0,2376.0,1132642,754293,2409.0,-0.023706662300987103,0.47586107024444435,0.3217952331365112,0.21134146216410757,32469.0,SA
2023-04-11,2375.0,2383.0,2323.0,2343.0,1324385,778395,2346.0,-0.01398624197473984,0.4760699821563568,0.32233785002317156,0.212213958314527,24102.0,SA
2023-04-12,2350.0,2350.0,2306.0,2330.0,1187803,797167,2325.0,-0.005563891948049457,0.4762585410943498,0.3223802314640144,0.21173651706980878,18772.0,SA
2023-04-13,2340.0,2344.0,2306.0,2314.0,1099542,810687,2325.0,-0.006890638806124416,0.4708757478765394,0.3158403771972921,0.21131695898538358,13520.0,SA
2023-04-14,2320.0,2380.0,2316.0,2348.0,1399459,788437,2348.0,0.014586273194365252,0.4784130468751075,0.3159287821696224,0.21585749484757583,-22250.0,SA
2023-04-17,2352.0,2397.0,2332.0,2369.0,1430383,795304,2362.0,0.008904023210798374,0.4777125335413376,0.31391279424106705,0.21693441811836894,6867.0,SA
2023-04-18,2369.0,2388.0,2353.0,2366.0,1015312,791897,2367.0,-0.0012671596204533212,0.47682535436560614,0.31340217175413776,0.21660609071525266,-3407.0,SA
2023-04-19,2369.0,2407.0,2315.0,2317.0,1814621,848377,2362.0,-0.020927520105955874,0.47847170284121227,0.315124346722954,0.22550639118703403,56480.0,SA
2023-04-20,2295.0,2302.0,2200.0,2220.0,2829611,884898,2240.0,-0.04276604956605111,0.48620152120767235,0.32371357039698984,0.24359630249969236,36521.0,SA
2023-04-21,2222.0,2251.0,2208.0,2226.0,1859477,845046,2231.0,0.0026990569691649835,0.48682585994152144,0.3224190846738418,0.24584603452885753,-39852.0,SA
2023-04-24,2230.0,2239.0,2126.0,2133.0,2425148,855559,2179.0,-0.04267681336413958,0.48881618248852016,0.32959312148463815,0.26618420670074383,10513.0,SA
2023-04-25,2135.0,2154.0,2111.0,2121.0,1744684,860643,2130.0,-0.005641763906668126,0.2500304811983124,0.329440059975483,0.26224246671342377,5084.0,SA
2023-04-26,2116.0,2172.0,2096.0,2143.0,2206994,811698,2139.0,0.010319040908894631,0.25900397556553273,0.33093473021858183,0.2699041475046345,-48945.0,SA
2023-04-27,2144.0,2166.0,2122.0,2141.0,1724174,806287,2147.0,-0.0009337068838942209,0.2543797271152186,0.3298277727070837,0.2659130703558019,-5411.0,SA
2023-04-28,2141.0,2150.0,2084.0,2094.0,1854744,797037,2120.0,-0.022196897159200615,0.2554923761881391,0.3312501069651699,0.2728038500393545,-9250.0,SA
2023-05-04,2058.0,2093.0,2034.0,2051.0,1453007,844383,2061.0,-0.020748633358101586,0.2578140427428045,0.3315825284179995,0.2764028144108795,47346.0,SA
2023-05-05,2046.0,2055.0,2013.0,2035.0,1657114,858747,2035.0,-0.0078316601956853,0.25758789361026996,0.3315697395646801,0.2734501785288396,14364.0,SA
2023-05-08,2041.0,2079.0,1997.0,2070.0,2407299,886851,2034.0,0.01705278838271948,0.27068380559568345,0.33460177368540445,0.2859009415127446,28104.0,SA
2023-05-09,2070.0,2075.0,1987.0,1988.0,1971440,944387,2034.0,-0.040419499042895456,0.29342164091973294,0.3404015374214525,0.2901107959793428,57536.0,SA
2023-05-10,1989.0,2016.0,1969.0,1972.0,2142994,975209,1991.0,-0.008080852053938672,0.284052995945113,0.3403624254536091,0.29251034530566294,30822.0,SA
2023-05-11,1984.0,1993.0,1908.0,1921.0,2658307,1033394,1947.0,-0.026202372394024072,0.28571152903711894,0.3426367066862756,0.29941007229916705,58185.0,SA
2023-05-12,1914.0,1922.0,1867.0,1874.0,2417762,1076176,1895.0,-0.024770699970189138,0.2898927061403473,0.34434856348496684,0.300857030048347,42782.0,SA
2023-05-15,1880.0,1917.0,1834.0,1854.0,3030316,1060265,1872.0,-0.010729716672567079,0.2891531351212686,0.341644934323039,0.31262907944162044,-15911.0,SA
2023-05-16,1860.0,1867.0,1831.0,1850.0,2371063,1071027,1850.0,-0.0021598280534300086,0.2906096006567092,0.340807098378269,0.31343534990672933,10762.0,SA
2023-05-17,1855.0,1871.0,1814.0,1819.0,2442921,1146757,1841.0,-0.016898739554248303,0.2747518690648129,0.3391785061594473,0.31497176693261114,75730.0,SA
2023-05-18,1825.0,1843.0,1806.0,1815.0,2597913,1157457,1826.0,-0.00220143181917106,0.2658906135204178,0.33808270857649464,0.3124964613135217,10700.0,SA
2023-05-19,1808.0,1808.0,1691.0,1743.0,5484705,1153634,1741.0,-0.04047770117893026,0.27835275385839303,0.34442361727526655,0.3418330367948905,-3823.0,SA
2023-05-22,1750.0,1754.0,1601.0,1601.0,4568215,1311473,1665.0,-0.08497933252330621,0.3718643464432104,0.3681880581594806,0.3841341399505843,157839.0,SA
2023-05-23,1612.0,1645.0,1584.0,1622.0,4748027,1311785,1614.0,0.013031521678643633,0.3762218758136145,0.37080850820304706,0.38044211785779375,312.0,SA
2023-05-24,1629.0,1637.0,1586.0,1617.0,3177343,1325663,1617.0,-0.0030873750982513427,0.37304274573527474,0.37107919085588364,0.38415529002361537,13878.0,SA
2023-05-25,1614.0,1618.0,1556.0,1570.0,2961985,1317045,1584.0,-0.029496961234753056,0.3634189803780801,0.3731580167148055,0.3773154433467697,-8618.0,SA
2023-05-26,1568.0,1634.0,1550.0,1610.0,3170918,1314678,1596.0,0.02515855963615493,0.3895873881815334,0.3800240930468391,0.3912685753438282,-2367.0,SA
2023-05-29,1609.0,1712.0,1601.0,1691.0,3587993,1219253,1667.0,0.049085890920071616,0.4417604395924544,0.39682033469209477,0.40942691581918883,-95425.0,SA
2023-05-30,1682.0,1699.0,1596.0,1603.0,3184308,1163037,1651.0,-0.05344319628902729,0.46318597984738946,0.4045540815040535,0.4282110038548237,-56216.0,SA
2023-05-31,1595.0,1626.0,1557.0,1617.0,2854208,1135793,1589.0,0.008695706967553913,0.469242819528575,0.40559555113713774,0.4329653982577072,-27244.0,SA
2023-06-01,1615.0,1660.0,1603.0,1649.0,2296374,1104553,1639.0,0.019596462982491958,0.481901589983467,0.40892518586926463,0.4350597248156339,-31240.0,SA
2023-06-02,1650.0,1749.0,1650.0,1711.0,2867638,1125026,1691.0,0.03690895133259466,0.5107569032060153,0.41968388762686126,0.4501797613991733,20473.0,SA
2023-06-05,1718.0,1731.0,1656.0,1680.0,2369622,1129130,1691.0,-0.01828420149488892,0.5025538931304463,0.4200739869232902,0.4518922429183001,4104.0,SA
2023-06-06,1690.0,1702.0,1643.0,1655.0,1720050,1082651,1672.0,-0.01499278458614128,0.49048993067032076,0.4202303084418647,0.4487222474099918,-46479.0,SA
2023-06-07,1651.0,1672.0,1621.0,1634.0,1389294,1104068,1646.0,-0.012770012391215044,0.49063353819374383,0.4194051647712541,0.4507428430875852,21417.0,SA
2023-06-08,1636.0,1671.0,1615.0,1626.0,1681379,1141775,1641.0,-0.004907985312192312,0.48679995775622886,0.4192306453847122,0.44703805712946,37707.0,SA
2023-06-09,1633.0,1665.0,1626.0,1656.0,1398726,1098366,1645.0,0.018282044837449073,0.4914505314280504,0.4230582219487741,0.44561808514358336,-43409.0,SA
2023-06-12,1660.0,1675.0,1586.0,1589.0,1921566,1213395,1628.0,-0.04130016840848898,0.5068164282164676,0.42810415034034516,0.4507574121074812,115029.0,SA
2023-06-13,1588.0,1682.0,1580.0,1680.0,2205139,1176862,1635.0,0.05568890586058863,0.5542076799105935,0.4467478512324081,0.46809957325043133,-36533.0,SA
2023-06-14,1690.0,1727.0,1676.0,1688.0,1983886,1166696,1695.0,0.004750602758597799,0.553283924936761,0.44730147907645557,0.46781702764992295,-10166.0,SA
2023-06-15,1678.0,1703.0,1646.0,1682.0,1717050,1157976,1676.0,-0.0035608346230090694,0.5532551525028894,0.44573194346007955,0.47140591062880294,-8720.0,SA
2023-06-16,1687.0,1727.0,1682.0,1697.0,1726493,1161185,1701.0,0.008878424701333034,0.5375030764537746,0.4466412324364547,0.45297637616600106,3209.0,SA
2023-06-19,1695.0,1730.0,1662.0,1691.0,2280464,1134062,1692.0,-0.0035419163356459984,0.4388140813675272,0.4466593157117097,0.4181872634173383,-27123.0,SA
2023-06-20,1693.0,1728.0,1686.0,1717.0,1565060,1135980,1709.0,0.015258511998895339,0.4395716594921273,0.44765762380265106,0.41373032097025586,1918.0,SA
2023-06-21,1709.0,1717.0,1669.0,1671.0,1728420,1055568,1691.0,-0.027156332302081868,0.4519101635936509,0.4488461934556301,0.412651266176167,-80412.0,SA
2023-06-26,1649.0,1686.0,1630.0,1675.0,924190,1070991,1668.0,0.002390915663773149,0.43680939167313604,0.44718912708091274,0.41053919753025614,15423.0,SA
2023-06-27,1681.0,1703.0,1663.0,1682.0,1013618,1069216,1681.0,0.004170396273726664,0.4291863775104161,0.3736986554166528,0.3981607677969954,-1775.0,SA
2023-06-28,1676.0,1678.0,1613.0,1634.0,1722622,1221629,1641.0,-0.028952565112945146,0.4049855695865583,0.3764022051406008,0.38119539643554035,152413.0,SA
2023-06-29,1634.0,1688.0,1634.0,1687.0,1512717,1142914,1666.0,0.03192080712602005,0.37268811890888814,0.38337378171254716,0.3639267452602181,-78715.0,SA
2023-06-30,1687.0,1713.0,1677.0,1688.0,1470676,1111394,1693.0,0.0005925926099341213,0.37203155647835257,0.38284245133188727,0.35496405256175323,-31520.0,SA
2023-07-03,1686.0,1701.0,1675.0,1690.0,969616,1106262,1688.0,0.001184132761216772,0.366320963034023,0.3830093555213754,0.3486617354453919,-5132.0,SA
2023-07-04,1692.0,1710.0,1666.0,1703.0,1273623,1130495,1691.0,0.007662872745569097,0.34266810671457193,0.3838491885302236,0.33063776337169953,24233.0,SA
2023-07-05,1708.0,1716.0,1680.0,1686.0,1056897,1140364,1693.0,-0.010032542100887479,0.3381612699776077,0.3834966689621493,0.32016026181004253,9869.0,SA
2023-07-06,1686.0,1705.0,1676.0,1688.0,991835,1148047,1689.0,0.0011855365941017652,0.3334153152954949,0.38350187869237534,0.31339721669920617,7683.0,SA
2023-07-07,1690.0,1722.0,1682.0,1696.0,1397653,1139657,1700.0,0.004728141195945896,0.3296334539129725,0.38266586395868657,0.3104544272225212,-8390.0,SA
2023-07-10,1700.0,1742.0,1690.0,1728.0,1466257,1204803,1718.0,0.018692133012152546,0.3337899004248712,0.38414358864349807,0.3086810949572836,65146.0,SA
2023-07-11,1732.0,1824.0,1725.0,1794.0,2328918,1153749,1784.0,0.037483093254740474,0.35174538037068986,0.39347008581181,0.3267893364026127,-51054.0,SA
2023-07-12,1792.0,1835.0,1788.0,1828.0,1593244,1061367,1810.0,0.018774709395353806,0.31179797831576517,0.3963043049944414,0.3104627868349254,-92382.0,SA
2023-07-13,1840.0,1842.0,1803.0,1836.0,1380600,996907,1828.0,0.0043668191663403895,0.2537558958841096,0.39662775870064026,0.2842669344150721,-64460.0,SA
2023-07-14,1843.0,1857.0,1822.0,1854.0,1212666,963162,1844.0,0.009756174945364656,0.25445273742564706,0.3957977628941492,0.2799801900108311,-33745.0,SA
2023-07-17,1855.0,1863.0,1804.0,1810.0,1466648,915646,1834.0,-0.02401862186592901,0.27279970722286767,0.3969753305235295,0.27898580589579924,-47516.0,SA
2023-07-18,1814.0,1846.0,1794.0,1845.0,1006649,918378,1820.0,0.019152432214756137,0.2777554354971564,0.3998546018356541,0.2799485715541362,2732.0,SA
2023-07-19,1848.0,1900.0,1832.0,1897.0,1288091,956960,1860.0,0.02779441346038662,0.28819114400251256,0.40354099031852475,0.27768719886297943,38582.0,SA
2023-07-20,1900.0,1986.0,1900.0,1975.0,2348623,925091,1950.0,0.04029470740020799,0.31169770415200393,0.4047649394103649,0.28847149135803113,-31869.0,SA
2023-07-21,1981.0,2003.0,1960.0,1990.0,1923896,915651,1981.0,0.0075662403833158766,0.284633489307574,0.40512353840782217,0.28585757863058053,-9440.0,SA
2023-07-24,1995.0,2034.0,1971.0,2010.0,1787647,937232,2002.0,0.010000083334583399,0.28367145555492523,0.3968239856691274,0.2846637565526087,21581.0,SA
2023-07-25,2018.0,2032.0,2002.0,2020.0,1196676,899094,2016.0,0.004962789342129097,0.28350346330843584,0.3968876249427577,0.2819289406667512,-38138.0,SA
2023-07-26,2030.0,2196.0,2029.0,2142.0,2992905,874419,2123.0,0.058642460612443686,0.29738987038067705,0.41449783949745606,0.3172564066390768,-24675.0,SA
2023-07-27,2150.0,2207.0,2132.0,2147.0,2280328,763628,2167.0,0.002331546871086943,0.2916654910910636,0.41452052001546386,0.3182369479869786,-110791.0,SA
2023-07-28,2163.0,2170.0,2041.0,2086.0,2218243,660149,2102.0,-0.028823162318063325,0.32366439519045986,0.41624426749305665,0.34084470239670916,-103479.0,SA
2023-07-31,2080.0,2112.0,2054.0,2085.0,1335441,623546,2080.0,-0.00047950132781593956,0.32435291561580154,0.41402660761797505,0.34438546658852864,-36603.0,SA
2023-08-01,2092.0,2128.0,2064.0,2127.0,1278907,572888,2092.0,0.01994368096733533,0.32584120358847146,0.4156014175430359,0.3460372806919493,-50658.0,SA
2023-08-02,2131.0,2146.0,2095.0,2115.0,1101036,548680,2123.0,-0.005657723719858837,0.322454581929541,0.4144072751239126,0.34687641660824614,-24208.0,SA
2023-08-03,2118.0,2118.0,2025.0,2036.0,1072626,492399,2071.0,-0.038067713809965036,0.36567904603423035,0.4134534014548136,0.3578917221974339,-56281.0,SA
2023-08-04,1593.0,1623.0,1562.0,1579.0,1751883,1138013,1596.0,-0.2541953634147712,1.0016893563476081,0.6640875183858036,0.36361058225905935,645614.0,SA
2023-08-07,1579.0,1580.0,1516.0,1526.0,1771562,1269900,1536.0,-0.03414180241123976,1.0036514482893932,0.6654236412696806,0.3684840484583661,131887.0,SA
2023-08-08,1526.0,1547.0,1508.0,1538.0,1434980,1278919,1531.0,0.007832938221186891,0.992072885600853,0.664404728424638,0.3531001536591117,9019.0,SA
2023-08-09,1534.0,1565.0,1529.0,1560.0,1393299,1276129,1546.0,0.014202950177993535,0.9905982667073111,0.665171039886209,0.35225865500946135,-2790.0,SA
2023-08-10,1558.0,1567.0,1534.0,1557.0,1283653,1265661,1553.0,-0.0019249284095843938,0.9898203189693832,0.665172286841968,0.352227041116749,-10468.0,SA
2023-08-11,1560.0,1609.0,1556.0,1607.0,1847679,1242914,1583.0,0.031608193903514256,0.9980294190539182,0.6682010783312261,0.3570567660764766,-22747.0,SA
2023-08-14,1613.0,1625.0,1558.0,1584.0,2133944,1268814,1595.0,-0.01441579336314141,0.9964699190725407,0.668676603625704,0.36168074708398334,25900.0,SA
2023-08-15,1586.0,1590.0,1544.0,1579.0,1716858,1316207,1567.0,-0.0031615581187290527,0.9919747001619433,0.6639633703575185,0.3619637770012021,47393.0,SA
2023-08-16,1575.0,1601.0,1567.0,1590.0,1718482,1300628,1588.0,0.0069422809586351135,0.9848479229766675,0.6412006608801379,0.3565201875282973,-15579.0,SA
2023-08-17,1597.0,1689.0,1595.0,1683.0,2815772,1182004,1640.0,0.05684389897652889,0.9973673457158553,0.6511662313727347,0.36476665568039257,-118624.0,SA
2023-08-18,1700.0,1714.0,1663.0,1691.0,2382014,1130529,1686.0,0.004742154707774335,0.9968372476857029,0.6511737128385511,0.3674848248542284,-51475.0,SA
2023-08-21,1702.0,1838.0,1671.0,1838.0,3064805,1005584,1773.0,0.08335795401705198,1.046886818748826,0.669455556007038,0.41411343992754807,-124945.0,SA
2023-08-22,1830.0,1913.0,1814.0,1857.0,3370601,970591,1857.0,0.010284258437073418,1.0476866606321031,0.6680212408953594,0.42804543157167657,-34993.0,SA
2023-08-23,1872.0,1884.0,1825.0,1841.0,2079303,947910,1852.0,-0.008653380119627907,1.0212512252670007,0.6612781486337881,0.39947781855694187,-22681.0,SA
2023-08-24,1847.0,2002.0,1842.0,1922.0,3288306,982240,1926.0,0.04305740829715993,1.0364844397595983,0.6566779872145969,0.43066570292024364,34330.0,SA
2023-08-25,1922.0,1990.0,1920.0,1980.0,2175684,994881,1961.0,0.029730534158343216,1.0398426162368883,0.6588478408442873,0.41751640578995486,12641.0,SA
2023-08-28,1992.0,2022.0,1868.0,1898.0,2822308,965547,1939.0,-0.04229614451870779,1.0491848018322223,0.664479901711849,0.44622547875199275,-29334.0,SA
2023-08-29,1885.0,1888.0,1764.0,1764.0,2483431,962160,1806.0,-0.0732167426031366,1.071849921533779,0.67809068600935,0.46445632251279884,-3387.0,SA
2023-08-30,1764.0,1896.0,1764.0,1895.0,2425344,907693,1831.0,0.0716348809497901,1.1095324753046487,0.6922252808110976,0.48640392715267544,-54467.0,SA
2023-08-31,1890.0,1919.0,1858.0,1885.0,2166912,890316,1889.0,-0.005291017634415548,1.1029020947296462,0.6914986062978965,0.48187483726108493,-17377.0,SA
2023-09-01,1895.0,2074.0,1885.0,2053.0,2961644,837047,1988.0,0.08537431713682249,0.6485883720598401,0.7112523315476283,0.5164774169373313,-53269.0,SA
2023-09-04,2041.0,2061.0,1875.0,1903.0,3044480,805230,1970.0,-0.07587054972278404,0.7030920323855719,0.7294528139356767,0.5471492212446428,-31817.0,SA
2023-09-05,1903.0,1986.0,1888.0,1955.0,1986203,808999,1932.0,0.026958605123316663,0.7051929665792677,0.7304564226950314,0.5549578744504633,3769.0,SA
2023-09-06,1935.0,1955.0,1882.0,1912.0,1504955,853563,1919.0,-0.022240378808119573,0.7153890009200418,0.7266102380788391,0.5586283543794628,44564.0,SA
2023-09-07,1915.0,1925.0,1831.0,1868.0,1526395,881714,1870.0,-0.023281474822558643,0.724073214884581,0.7202373426344801,0.5668536204500004,28151.0,SA
2023-09-08,1862.0,1894.0,1786.0,1793.0,1700441,922556,1837.0,-0.04097814518365502,0.739701010706467,0.7254646335162579,0.5760263683401017,40842.0,SA
2023-09-11,1800.0,1855.0,1774.0,1837.0,1315651,951055,1821.0,0.024243611609992853,0.7386490559585284,0.7269416067981779,0.5768890424962769,28499.0,SA
2023-09-12,1836.0,1862.0,1795.0,1815.0,1069165,978984,1829.0,-0.01204833851617448,0.7409869623262664,0.7272927939429499,0.5787658014525408,27929.0,SA
2023-09-13,1811.0,1816.0,1753.0,1791.0,1495768,989085,1783.0,-0.01331134463823942,0.7444469337757678,0.727831355932039,0.5818185850664217,10101.0,SA
2023-09-14,1790.0,1824.0,1786.0,1813.0,1131959,997985,1805.0,0.012208808694139378,0.7206433731313768,0.7276040327376658,0.5707257752170249,8900.0,SA
2023-09-15,1825.0,1854.0,1795.0,1841.0,1077398,946553,1826.0,0.015325970478226772,0.7218114074048593,0.7258265290558437,0.5712526803557921,-51432.0,SA
2023-09-18,1841.0,1876.0,1811.0,1873.0,1031628,935897,1844.0,0.01723252121101074,0.6618222926502679,0.7265256879880148,0.5394698781400239,-10656.0,SA
2023-09-19,1873.0,1930.0,1852.0,1903.0,1088931,894800,1894.0,0.01589016485206093,0.663158810349526,0.7270771181840536,0.534761811203408,-41097.0,SA
2023-09-20,1906.0,1943.0,1878.0,1894.0,966273,881374,1907.0,-0.0047405935501259305,0.662536023014368,0.7243762051940498,0.5353744607412272,-13426.0,SA
2023-09-21,1892.0,1894.0,1744.0,1824.0,1240036,857476,1831.0,-0.037659103111746806,0.6572280590599455,0.7263070692450787,0.5348261005181277,-23898.0,SA
2023-09-22,1824.0,1868.0,1824.0,1853.0,725762,859964,1846.0,0.01577405565108309,0.6500024233686523,0.726905148319237,0.5318075877728604,2488.0,SA
2023-09-25,1860.0,1884.0,1788.0,1801.0,960471,835723,1834.0,-0.028463881109403698,0.640862872841979,0.7294838143153154,0.5165828047635876,-24241.0,SA
2023-09-26,1805.0,1828.0,1791.0,1801.0,619130,835040,1807.0,0.0,0.5845483627598035,0.7293576126742174,0.4979320841577343,-683.0,SA
2023-09-27,1806.0,1824.0,1774.0,1784.0,677471,842274,1800.0,-0.009484032036001382,0.5227296804699983,0.7293235296596267,0.47743288240234266,7234.0,SA
2023-09-28,1790.0,1805.0,1737.0,1740.0,843360,820169,1771.0,-0.024972920931379934,0.5284560645864778,0.7312385726155921,0.47946412281749246,-22105.0,SA
2023-10-09,1720.0,1764.0,1720.0,1748.0,430399,852497,1745.0,0.00458716400690614,0.41332253431627053,0.7312351798312908,0.43772175434422705,32328.0,SA
2023-10-10,1750.0,1750.0,1666.0,1703.0,934579,885091,1700.0,-0.026080875552792433,0.33608009557328106,0.7322267830517258,0.4027126617972846,32594.0,SA
2023-10-11,1697.0,1718.0,1681.0,1694.0,583391,911439,1697.0,-0.005298805450688527,0.31362238779929613,0.7280826876037758,0.39085717136953974,26348.0,SA
2023-10-12,1696.0,1725.0,1688.0,1724.0,580982,916394,1705.0,0.01755457601163874,0.3199482497305405,0.7279468291509629,0.3851750695282504,4955.0,SA
2023-10-13,1734.0,1738.0,1695.0,1724.0,575092,923712,1713.0,0.0,0.313127770778812,0.7278655850208021,0.3740181864028105,7318.0,SA
2023-10-16,1728.0,1746.0,1703.0,1742.0,682684,940765,1729.0,0.010386706188809623,0.2847098426728829,0.7279063840070039,0.35658340345393685,17053.0,SA
2023-10-17,1742.0,1744.0,1699.0,1710.0,714990,963496,1718.0,-0.018540507915742552,0.2738985420283163,0.7272591701190511,0.3482031954675762,22731.0,SA
2023-10-18,1709.0,1726.0,1692.0,1703.0,603659,979401,1712.0,-0.004101968834017296,0.27210161238418623,0.7260840403603702,0.34201675983213087,15905.0,SA
2023-10-19,1709.0,1748.0,1696.0,1732.0,684091,969042,1723.0,0.016885408459692122,0.27819091734760704,0.7245694731929189,0.33980422578939895,-10359.0,SA
2023-10-20,1727.0,1733.0,1703.0,1709.0,544066,958448,1719.0,-0.013368406006789527,0.2760846302109871,0.7197118664221916,0.33888550000808704,-10594.0,SA
2023-10-23,1712.0,1722.0,1658.0,1690.0,834287,935196,1682.0,-0.01117987519847173,0.2688014617863194,0.7196279381799852,0.3414603685760916,-23252.0,SA
2023-10-24,1689.0,1707.0,1674.0,1690.0,486423,943570,1690.0,0.0,0.2573150032637,0.7191681095232628,0.33571902499427697,8374.0,SA
2023-10-25,1692.0,1719.0,1681.0,1692.0,492773,948390,1699.0,0.001182732249049394,0.2465261688071213,0.7190345916522144,0.3275474046119212,4820.0,SA
2023-10-26,1699.0,1699.0,1652.0,1665.0,668743,1002368,1670.0,-0.01608613775162438,0.24908867767278633,0.7080048532007723,0.32498568575742137,53978.0,SA
2023-10-27,1663.0,1695.0,1658.0,1688.0,519621,959243,1676.0,0.013719272741358157,0.22986117977399845,0.7088310124650099,0.27770339540192934,-43125.0,SA
2023-10-30,1691.0,1770.0,1681.0,1749.0,1035008,936580,1731.0,0.03549979986269975,0.260575220739285,0.7114451424610636,0.29420606943104416,-22663.0,SA
2023-10-31,1745.0,1750.0,1709.0,1729.0,597768,966805,1728.0,-0.011500989335311546,0.2451109240562152,0.7116395276678518,0.2770550837905145,30225.0,SA
2023-11-01,1728.0,1744.0,1711.0,1730.0,562605,951872,1726.0,0.0005782018085341511,0.24518275530359276,0.71007623513294,0.2766219106058506,-14933.0,SA
2023-11-02,1734.0,1745.0,1725.0,1738.0,397128,936006,1734.0,0.004613618333512715,0.24459449379492645,0.710250012247741,0.2713590576762663,-15866.0,SA
2023-11-03,1740.0,1797.0,1734.0,1787.0,858972,928238,1772.0,0.0278032093340908,0.2485427063494095,0.7093026206628456,0.26968390111203255,-7768.0,SA
2023-11-06,1791.0,1858.0,1788.0,1856.0,1220700,865339,1826.0,0.037885398186717774,0.28015166832220423,0.48451544118665524,0.2765895322516172,-62899.0,SA
2023-11-07,1854.0,1936.0,1838.0,1881.0,1267566,802995,1882.0,0.013379915954884457,0.26029427500547714,0.47888428301961206,0.27885171822300264,-62344.0,SA
2023-11-08,1871.0,1923.0,1866.0,1914.0,1066326,770615,1901.0,0.01739174271186924,0.26087698859457503,0.47964883842542533,0.28231718683516843,-32380.0,SA
2023-11-09,1903.0,1986.0,1887.0,1978.0,1316975,783856,1932.0,0.03289094016975795,0.2749867581089659,0.4828977513076913,0.29895093477962303,13241.0,SA
2023-11-10,2012.0,2126.0,1994.0,2126.0,2204030,785784,2084.0,0.07215604671923576,0.35728160233987355,0.5023588045434088,0.32413904735488747,1928.0,SA
2023-11-13,2142.0,2228.0,2047.0,2058.0,2483667,643396,2136.0,-0.03250764250789829,0.3882708353105987,0.505113018818591,0.3669178968737493,-142388.0,SA
2023-11-14,2069.0,2082.0,2008.0,2032.0,1740767,628728,2046.0,-0.012714107695622388,0.38348122471496393,0.5048602595451736,0.37074582652377186,-14668.0,SA
2023-11-15,2037.0,2093.0,2031.0,2056.0,1160991,624211,2060.0,0.011741817876683195,0.38064248121680555,0.5048621125941458,0.3738241647744975,-4517.0,SA
2023-11-16,2046.0,2060.0,2010.0,2054.0,913719,613410,2033.0,-0.0009732360865521835,0.38126916989752274,0.5049517266228245,0.3719605643118567,-10801.0,SA
2023-11-17,2056.0,2155.0,2052.0,2110.0,2040534,602598,2106.0,0.026898835981608533,0.37740429638231265,0.49534850648687895,0.3844396974763231,-10812.0,SA
2023-11-20,2129.0,2244.0,2107.0,2236.0,1734365,714962,2172.0,0.05800060780487766,0.40338347133177,0.5075708717113574,0.39902093248047105,112364.0,SA
2023-11-21,2245.0,2260.0,2167.0,2206.0,1483228,681105,2223.0,-0.013507634461542031,0.41227989733944104,0.48178612718179487,0.4067682943685819,-33857.0,SA
2023-11-22,2215.0,2348.0,2210.0,2341.0,2153875,758562,2281.0,0.059397267677462895,0.44015738766215057,0.49515923778099513,0.42396759778690896,77457.0,SA
2023-11-23,2341.0,2368.0,2292.0,2353.0,1657672,762528,2332.0,0.005112921236451656,0.425823857297992,0.4944819649006151,0.42543860483967133,3966.0,SA
2023-11-24,2340.0,2353.0,2245.0,2323.0,1640410,722081,2294.0,-0.012831655956953394,0.4389021057263776,0.48894871747987395,0.43445930045629905,-40447.0,SA
2023-11-27,2340.0,2509.0,2328.0,2484.0,1674269,707522,2419.0,0.0670107102829603,0.4703669655056849,0.5032462810885803,0.44947803506983847,-14559.0,SA
2023-11-28,2474.0,2488.0,2280.0,2309.0,1658455,572897,2394.0,-0.07305563369887401,0.56182886473635,0.518854329670297,0.4835902392886967,-134625.0,SA
2023-11-29,2345.0,2430.0,2322.0,2385.0,1324447,612200,2376.0,0.03238459396794626,0.5627388934930412,0.4972200210719097,0.4914594172854045,39303.0,SA
2023-11-30,2380.0,2458.0,2359.0,2442.0,1056505,619093,2404.0,0.023618251348208393,0.5616655897036767,0.4793018374304402,0.49855061981664606,6893.0,SA
2023-12-01,2434.0,2554.0,2388.0,2554.0,1141596,575686,2460.0,0.04484338192183455,0.5691576384277527,0.4859621857161643,0.5130037113040837,-43407.0,SA
2023-12-04,2540.0,2666.0,2523.0,2637.0,1223800,518437,2603.0,0.03198114976080209,0.5668016601280318,0.460106212723671,0.5198332814532353,-57249.0,SA
2023-12-05,2135.0,2179.0,2076.0,2125.0,1012011,385457,2135.0,-0.21587010499476947,1.0017146772102223,0.6231610554352796,0.518297712284424,-132980.0,SA
2023-12-06,2117.0,2124.0,2026.0,2084.0,1027441,405042,2071.0,-0.019482678485259638,1.0047238502136218,0.6224387609754137,0.5240332264650229,19585.0,SA
2023-12-07,2080.0,2279.0,2043.0,2279.0,1841758,442223,2209.0,0.0894476263724267,1.0450232283115861,0.6460241214977622,0.5627606763653942,37181.0,SA
2023-12-08,2305.0,2413.0,2278.0,2332.0,2030628,488067,2353.0,0.02298951822469878,1.0188692877414338,0.6449737845825694,0.5595706904281357,45844.0,SA
2023-12-11,2311.0,2345.0,2222.0,2296.0,1562907,499626,2280.0,-0.015557790030926008,1.0124836949708047,0.6395774407338485,0.5420705220740788,11559.0,SA
2023-12-12,2280.0,2323.0,2265.0,2295.0,926493,514392,2294.0,-0.00043563494481147684,1.0105105590175758,0.6382699830380653,0.5392755130709899,14766.0,SA
2023-12-13,2296.0,2318.0,2117.0,2214.0,1266120,473263,2235.0,-0.03593200922606333,1.0210021478030304,0.6426156776051457,0.5690640330240448,-41129.0,SA
2023-12-14,2221.0,2225.0,2140.0,2184.0,880455,476507,2185.0,-0.01364277640378649,1.0227465921822358,0.6426523611554706,0.5726709770830632,3244.0,SA
2023-12-15,2200.0,2286.0,2193.0,2207.0,1226981,475940,2244.0,0.010476069391940701,1.0193541883298367,0.6425603801925769,0.5700131903342855,-567.0,SA
2023-12-18,2190.0,2200.0,2132.0,2177.0,920771,468457,2169.0,-0.013686345022189015,0.9990706543243986,0.6429841898333014,0.5580934214854957,-7483.0,SA
2023-12-19,2180.0,2232.0,2111.0,2121.0,991055,490505,2173.0,-0.026060106669864955,1.0020638804564608,0.6449346806046096,0.5634829017828944,22048.0,SA
2023-12-20,2130.0,2173.0,2114.0,2124.0,619600,481473,2143.0,0.0014134277971469427,0.9759748993840991,0.6442971040109151,0.5517138837774075,-9032.0,SA
2023-12-21,2120.0,2170.0,2056.0,2168.0,1064027,467199,2104.0,0.02050398019770737,0.9795554782801217,0.6452659805339196,0.559213843512693,-14274.0,SA
2023-12-22,2155.0,2247.0,2138.0,2180.0,1009545,466959,2183.0,0.005519793223597901,0.9795504455269626,0.6399470615700948,0.5602808406626271,-240.0,SA
2023-12-25,2163.0,2175.0,2088.0,2110.0,666007,457604,2129.0,-0.03263692931302255,0.9484654775560679,0.6434632469897213,0.5441988419834678,-9355.0,SA
2023-12-26,2130.0,2155.0,2101.0,2101.0,645291,461253,2128.0,-0.004274525625111751,0.9172009996166111,0.6404719188898941,0.5144831461727947,3649.0,SA
2023-12-27,2094.0,2109.0,2065.0,2079.0,646600,477115,2088.0,-0.010526412986987504,0.9068487532503852,0.6410109502733106,0.5073252084924236,15862.0,SA
2023-12-28,2080.0,2080.0,2022.0,2055.0,669276,468557,2049.0,-0.011611160927677921,0.899792910610943,0.6411926248547919,0.5033540073037169,-8558.0,SA
2023-12-29,2054.0,2078.0,2032.0,2044.0,471344,449616,2056.0,-0.0053671756067399,0.877774964176666,0.6388964834533309,0.485038524540317,-18941.0,SA
2024-01-02,2010.0,2047.0,2000.0,2018.0,317386,475648,2024.0,-0.012801750410040759,0.8629845892255075,0.6396624985389988,0.473278008156605,26032.0,SA
2024-01-03,2010.0,2092.0,1985.0,2074.0,762258,481576,2042.0,0.027372187875918292,0.4337565198820694,0.6388852673273178,0.47523452651174786,5928.0,SA
2024-01-04,2072.0,2095.0,1986.0,1992.0,742421,501091,2039.0,-0.04033995064492908,0.4512310098933648,0.6448562129917399,0.4781827294840654,19515.0,SA
2024-01-05,1988.0,1997.0,1934.0,1940.0,633095,491667,1963.0,-0.026451186087169717,0.30301541913624475,0.6468144128007006,0.42357339165542657,-9424.0,SA
2024-01-08,1950.0,1962.0,1913.0,1948.0,553631,479660,1940.0,0.0041152321451065794,0.28434669688232267,0.646815921846354,0.40908985852973795,-12007.0,SA
2024-01-09,1953.0,1975.0,1922.0,1927.0,537499,484141,1948.0,-0.010838815788114055,0.28340175679616103,0.6471057877975877,0.3969930140641874,4481.0,SA
2024-01-10,1910.0,1919.0,1843.0,1848.0,709961,505088,1878.0,-0.04186041621273693,0.3044534182117891,0.651926640292508,0.4025954407601657,20947.0,SA
2024-01-11,1840.0,1872.0,1823.0,1862.0,511383,512361,1848.0,0.007547205635382904,0.2959773598365684,0.6519517797474689,0.35799785178154137,7273.0,SA
2024-01-12,1869.0,1869.0,1813.0,1827.0,479998,521147,1839.0,-0.01897590145900569,0.2977545773475929,0.652472280288578,0.35425201899641084,8786.0,SA
2024-01-15,1832.0,1855.0,1808.0,1838.0,423384,523806,1834.0,0.0060027465376256,0.29431980476637876,0.6518764410055105,0.3474000200282708,2659.0,SA
2024-01-16,1840.0,1930.0,1839.0,1912.0,927947,467614,1890.0,0.039471790695714194,0.3399963737519258,0.6559826774179786,0.35603278973717634,-56192.0,SA
2024-01-17,1926.0,1958.0,1879.0,1893.0,823329,490278,1919.0,-0.009986942402023751,0.3324892465700843,0.656431983179642,0.346987832430069,22664.0,SA
2024-01-18,1875.0,1918.0,1846.0,1905.0,709740,483595,1875.0,0.0063191363514785315,0.33431493212113805,0.6564922427351035,0.3515460099461864,-6683.0,SA
2024-01-19,1910.0,1913.0,1878.0,1907.0,523636,495137,1895.0,0.0010493180396177549,0.3212703364364241,0.6554254839281876,0.334652638678094,11542.0,SA
2024-01-22,1910.0,2085.0,1902.0,2085.0,1412474,457907,2013.0,0.08923752863248269,0.46595439821240675,0.6787324409573311,0.37268018892348515,-37230.0,SA
2024-01-23,2100.0,2166.0,2053.0,2133.0,1205415,436251,2111.0,0.022760584238448737,0.4595032527732047,0.6766841560624952,0.37989523140712717,-21656.0,SA
2024-01-24,2142.0,2160.0,2065.0,2114.0,1092516,467029,2108.0,-0.008947552041167652,0.4604438320046038,0.6764674093162398,0.38799169794869925,30778.0,SA
2024-01-25,2125.0,2129.0,2065.0,2069.0,793402,484409,2094.0,-0.021516488684639862,0.4654587680575551,0.6783519298453479,0.3908113659655524,17380.0,SA
2024-01-26,2064.0,2064.0,1990.0,1993.0,952486,473887,2028.0,-0.037424357532748316,0.4823945620767032,0.6833326496806827,0.3938752506126459,-10522.0,SA
2024-01-29,1988.0,2024.0,1974.0,2018.0,747372,504710,1999.0,0.012465880700759555,0.4846439952729577,0.6816204519987783,0.39458763332778485,30823.0,SA
2024-01-30,2010.0,2038.0,1921.0,1933.0,933627,474801,1992.0,-0.043033721705223425,0.5059446679550592,0.6835924972898061,0.4111280185750013,-29909.0,SA
2024-01-31,1936.0,1952.0,1912.0,1942.0,541028,471306,1936.0,0.0046451696429394285,0.49475130356294916,0.6831371213298509,0.3981605493091448,-3495.0,SA
2024-02-01,1935.0,1961.0,1897.0,1913.0,579271,478406,1930.0,-0.015045679411017372,0.4776119409014453,0.682953717673095,0.38810371826474,7100.0,SA
2024-02-02,1912.0,2002.0,1904.0,1966.0,683966,464938,1939.0,0.027328331266858952,0.47926462252395796,0.6819118665631225,0.3966718553976374,-13468.0,SA
2024-02-05,1965.0,1974.0,1925.0,1941.0,546536,466369,1950.0,-0.01279771753810163,0.48138845644727335,0.6656227620102088,0.39662723456393884,1431.0,SA
2024-02-06,1935.0,1958.0,1920.0,1940.0,407925,460886,1938.0,-0.0005153311116364295,0.47976174967154517,0.6625074647970648,0.3945995507123955,-5483.0,SA
2024-02-07,1935.0,1960.0,1921.0,1946.0,347418,436420,1941.0,0.003088010688576545,0.4533359308288562,0.6621070527260517,0.3875152335883948,-24466.0,SA
2024-02-08,1954.0,1991.0,1935.0,1948.0,449792,391157,1965.0,0.0010272214565300948,0.45298255543518107,0.6616135368303243,0.3881570679936495,-45263.0,SA
2024-02-19,1890.0,1890.0,1815.0,1841.0,359619,430168,1855.0,-0.05649430296940261,0.493713452409036,0.671275928113781,0.3922824789433211,39011.0,SA
2024-02-20,1828.0,1864.0,1805.0,1846.0,566186,464141,1836.0,0.002712233829719555,0.4933574513024682,0.6687012378671254,0.39443674400489426,33973.0,SA
2024-02-21,1850.0,1884.0,1826.0,1839.0,524174,474379,1851.0,-0.003799190458476345,0.4712819227039017,0.6569105741362565,0.38661577929031804,10238.0,SA
2024-02-22,1838.0,1868.0,1835.0,1852.0,360982,480794,1852.0,0.0070441906018036396,0.47130533530088264,0.6568913239047165,0.37849342586790646,6415.0,SA
2024-02-23,1850.0,1871.0,1832.0,1845.0,358953,506959,1850.0,-0.003786858731497126,0.47056735182214116,0.6440300779935425,0.37236754088068014,26165.0,SA
2024-02-26,1835.0,1845.0,1776.0,1776.0,549701,546588,1803.0,-0.038115632922512147,0.4877259702171841,0.6474829501168418,0.3790385224776936,39629.0,SA
2024-02-27,1766.0,1798.0,1764.0,1789.0,409989,580391,1780.0,0.00729315995660385,0.34886194457127584,0.6477136289459786,0.3275175348707833,33803.0,SA
2024-02-28,1796.0,1803.0,1753.0,1759.0,493610,603080,1776.0,-0.01691133877116102,0.33109437845336753,0.63097067600385,0.31287487847737766,22689.0,SA
2024-02-29,1758.0,1809.0,1751.0,1780.0,548684,586326,1776.0,0.011867898548572751,0.33973282368072805,0.6162274422203874,0.3058719608148817,-16754.0,SA
2024-03-01,1774.0,1804.0,1773.0,1796.0,392662,588798,1790.0,0.008948605576014014,0.34156015185951333,0.6121532223490768,0.30118456198092264,2472.0,SA
2024-03-04,1796.0,1833.0,1761.0,1832.0,723087,576994,1797.0,0.01984629637193075,0.33454819456346124,0.6114611712714934,0.30321877089258875,-11804.0,SA
2024-03-05,1833.0,1950.0,1825.0,1885.0,1247209,556377,1885.0,0.02851955464803556,0.3495563903899397,0.6067362397384942,0.3300123090777394,-20617.0,SA
2024-03-06,1887.0,1904.0,1845.0,1896.0,816624,551717,1880.0,0.0058185829328559705,0.31793149018345923,0.6023020277774142,0.31243545722385446,-4660.0,SA
2024-03-07,1920.0,1969.0,1907.0,1934.0,983270,524076,1937.0,0.019843993198272552,0.32590246313357263,0.4171791969908522,0.316699002739399,-27641.0,SA
2024-03-08,1954.0,1956.0,1910.0,1940.0,629893,520769,1934.0,0.0030975760441341845,0.32131302751104895,0.41561416810653534,0.31287060674164013,-3307.0,SA
2024-03-11,1940.0,1945.0,1863.0,1888.0,731501,516627,1899.0,-0.027169905351927835,0.3196552559394919,0.3739268582782633,0.30805194120428186,-4142.0,SA
2024-03-12,1878.0,1907.0,1855.0,1865.0,605935,535642,1879.0,-0.012257014627530134,0.3194211009965137,0.3703966132398798,0.3090201452747685,19015.0,SA
2024-03-13,1872.0,1900.0,1865.0,1879.0,469623,526787,1881.0,0.007478667335549316,0.32115472885111956,0.37026294797288795,0.30873988546178655,-8855.0,SA
2024-03-14,1869.0,1887.0,1806.0,1812.0,699275,498303,1839.0,-0.03630851281054071,0.34305075446043903,0.37626252409715866,0.3196520569514167,-28484.0,SA
2024-03-15,1818.0,1842.0,1803.0,1809.0,436867,505847,1821.0,-0.001657001207629458,0.34270883031051974,0.3703718606991327,0.3171316942925878,7544.0,SA
2024-03-18,1808.0,1826.0,1767.0,1824.0,605249,479566,1798.0,0.008257685238981637,0.28266691866041016,0.37049512859807626,0.31312020635438353,-26281.0,SA
2024-03-19,1824.0,1882.0,1808.0,1868.0,564421,458005,1846.0,0.02383644815451125,0.2953710865729501,0.3735457610991126,0.3172297786750758,-21561.0,SA
2024-03-20,1880.0,1887.0,1808.0,1808.0,470426,463977,1846.0,-0.03264707783666614,0.31777421809727424,0.3778716185597171,0.32322204308877217,5972.0,SA
2024-03-21,1806.0,1873.0,1801.0,1859.0,482697,450628,1836.0,0.027817446769322185,0.3327011411958553,0.37999539253311637,0.33161393713158666,-13349.0,SA
2024-03-22,1855.0,1856.0,1822.0,1832.0,425771,433056,1839.0,-0.014630442487368443,0.33659215040579715,0.3807598520564909,0.3309206088687394,-17572.0,SA
2024-03-25,1825.0,1845.0,1765.0,1775.0,756377,565991,1801.0,-0.031607843324559355,0.32765320522455343,0.382295177967474,0.3343916312332076,132935.0,SA
2024-03-26,1777.0,1802.0,1762.0,1779.0,639214,596431,1783.0,0.0022509857563188817,0.3266541896833447,0.382032557557099,0.33533024843409664,30440.0,SA
2024-03-27,1781.0,1803.0,1730.0,1736.0,838121,649142,1764.0,-0.024467792445539684,0.3327519569633016,0.37973941927573523,0.3414409327537636,52711.0,SA
2024-03-28,1729.0,1768.0,1727.0,1744.0,649560,656796,1746.0,0.004597709248629549,0.3301334249324731,0.38006987574796847,0.33804776670756115,7654.0,SA
2024-03-29,1750.0,1790.0,1737.0,1789.0,808443,659474,1760.0,0.02547547903979422,0.341670188247581,0.38417320819262685,0.34204463281531383,2678.0,SA
2024-04-01,1781.0,1805.0,1740.0,1783.0,1086394,645848,1774.0,-0.0033594656455788016,0.33351300493936464,0.3837132946308881,0.3403222737852575,-13626.0,SA
2024-04-02,1788.0,1803.0,1770.0,1803.0,712374,650401,1785.0,0.01115460534017687,0.31835215979364345,0.3846467179697232,0.3123624138932703,4553.0,SA
2024-04-03,1805.0,1863.0,1798.0,1826.0,1151779,625775,1833.0,0.012675837951596495,0.3215387249945862,0.38515597289512177,0.31430731756273367,-24626.0,SA
2024-04-08,1840.0,1893.0,1812.0,1890.0,775186,659675,1850.0,0.03444904689877426,0.33823561377693356,0.38767942379303955,0.3206185120687275,33900.0,SA
2024-04-09,1895.0,1924.0,1865.0,1919.0,1082986,677187,1893.0,0.015227387954011939,0.3429264515137412,0.380648846879424,0.3234441856742794,17512.0,SA
2024-04-10,1928.0,1964.0,1903.0,1945.0,1172494,707368,1933.0,0.013457760044846757,0.331306926309122,0.37788126890370705,0.31739494802562823,30181.0,SA
2024-04-11,1945.0,1956.0,1901.0,1906.0,1050553,722580,1930.0,-0.0202551718383992,0.336833434061722,0.3800366453355085,0.31774376152295863,15212.0,SA
2024-04-12,1899.0,1934.0,1877.0,1915.0,1178995,733202,1906.0,0.004710817400598905,0.33628408883366223,0.379545628103841,0.32161678745239397,10622.0,SA
2024-04-15,1921.0,1945.0,1906.0,1932.0,1016575,740072,1925.0,0.00883811315771692,0.3070835978933473,0.36989742103865925,0.3108194405844995,6870.0,SA
2024-04-16,1928.0,1933.0,1893.0,1899.0,829496,729307,1908.0,-0.017228303960177375,0.3151570476992001,0.37141975836317903,0.3106691480754533,-10765.0,SA
2024-04-17,1892.0,1934.0,1868.0,1933.0,1031350,740195,1896.0,0.017745768396045032,0.31922552988341485,0.37089613338862737,0.31158824114904266,10888.0,SA
2024-04-18,1935.0,2084.0,1935.0,2070.0,2712143,763384,2028.0,0.06847540705108396,0.38910758689252745,0.3956085591154579,0.3385885893719027,23189.0,SA
2024-04-19,2075.0,2164.0,2055.0,2101.0,2467898,748266,2102.0,0.014864814585585768,0.3638458124961515,0.38885859382269305,0.34414912381418244,-15118.0,SA
2024-04-22,2100.0,2186.0,2085.0,2150.0,2159780,794376,2142.0,0.023054420276708103,0.3607241523860583,0.3905425888113403,0.34871135129251907,46110.0,SA
2024-04-23,2155.0,2156.0,2084.0,2111.0,1630403,778700,2121.0,-0.01830607327338783,0.36388088730225054,0.3926502758403624,0.3539203784247723,-15676.0,SA
2024-04-24,2105.0,2188.0,2100.0,2148.0,1784933,814852,2152.0,0.01737540778043477,0.3354422289472493,0.39394572441261555,0.35213325812184565,36152.0,SA
2024-04-25,2155.0,2279.0,2150.0,2271.0,2584726,879713,2230.0,0.05568308647680322,0.37143527329449094,0.367522705377761,0.3701801524738643,64861.0,SA
2024-04-26,2280.0,2320.0,2230.0,2292.0,2345447,883514,2276.0,0.009204535729071706,0.34588677562025694,0.3652224936360699,0.3693096921832093,3801.0,SA
2024-04-29,2299.0,2311.0,2233.0,2247.0,1554936,831186,2264.0,-0.019828805649300993,0.36478799408915824,0.3671735228355033,0.37312520253670345,-52328.0,SA
2024-04-30,2238.0,2246.0,2161.0,2176.0,1545454,727270,2203.0,-0.032107664209495894,0.39384564483501733,0.3705486259032105,0.3766430284638155,-103916.0,SA
2024-05-06,2146.0,2262.0,2141.0,2262.0,1068999,778826,2214.0,0.038761048700232545,0.4033782888165484,0.3698449788143403,0.3865514113862983,51556.0,SA
2024-05-07,2268.0,2300.0,2206.0,2227.0,1657945,796069,2254.0,-0.015593989418698143,0.4149465488877551,0.3709493371912835,0.39463127696008027,17243.0,SA
2024-05-08,2215.0,2236.0,2172.0,2187.0,1595836,794282,2204.0,-0.01812464658059983,0.42699435802497454,0.36160447817263663,0.39223715256527364,-1787.0,SA
2024-05-09,2192.0,2229.0,2176.0,2212.0,1422332,796751,2204.0,0.011366341965457587,0.4165786868574712,0.362068237260048,0.3844979723425003,2469.0,SA
2024-05-10,2228.0,2252.0,2156.0,2172.0,1556182,760420,2207.0,-0.01824868158839933,0.42551250879399255,0.36277189727394715,0.38989946531543074,-36331.0,SA
2024-05-13,2166.0,2218.0,2152.0,2216.0,1221205,768339,2186.0,0.02005536681334843,0.42762887437500363,0.3609292122317444,0.3894194965935239,7919.0,SA
2024-05-14,2215.0,2216.0,2125.0,2131.0,1489246,745871,2174.0,-0.03911241576855728,0.44788328317549414,0.3693968515355114,0.3948508095546467,-22468.0,SA
2024-05-15,2125.0,2144.0,2091.0,2134.0,1238364,733322,2120.0,0.0014067997630815956,0.4481198482232707,0.36937200760615024,0.39331550444660596,-12549.0,SA
2024-05-16,2131.0,2169.0,2110.0,2160.0,1112099,736967,2136.0,0.012110068816511948,0.44859786828601755,0.3699857915225483,0.3953180241248445,3645.0,SA
2024-05-17,2172.0,2304.0,2157.0,2301.0,2118357,811651,2236.0,0.06323558935715519,0.4836110370218522,0.3906901793417622,0.417014573270869,74684.0,SA
2024-05-20,2308.0,2392.0,2286.0,2382.0,1863570,804518,2342.0,0.034596659879879525,0.49095913787222334,0.37610916405154604,0.4215781378933015,-7133.0,SA
2024-05-21,2366.0,2396.0,2314.0,2363.0,1478919,782308,2359.0,-0.008008472728337566,0.4442523212947913,0.37693592188988834,0.3979769714375081,-22210.0,SA
2024-05-22,2374.0,2444.0,2362.0,2425.0,2060864,797639,2412.0,0.0258995261846757,0.44863862413717875,0.3791620044262568,0.38935093050253056,15331.0,SA
2024-05-23,2407.0,2423.0,2338.0,2376.0,1758995,776698,2383.0,-0.020413122889047973,0.4546708457734578,0.382542442179112,0.3837380749478151,-20941.0,SA
2024-05-24,2401.0,2435.0,2375.0,2402.0,1717716,780534,2408.0,0.010883322157393393,0.4466266489483289,0.3824243609425711,0.3806048969311545,3836.0,SA
2024-05-27,2413.0,2471.0,2393.0,2442.0,1597559,817875,2427.0,0.016515652030721133,0.4463603618389053,0.3728293722648852,0.3766975691879863,37341.0,SA
2024-05-28,2431.0,2438.0,2355.0,2361.0,1337516,794991,2403.0,-0.0337321175851371,0.42807050633534405,0.38121412645400393,0.36332177899197743,-22884.0,SA
2024-05-29,2366.0,2434.0,2331.0,2433.0,1364011,781715,2374.0,0.030039805698009733,0.43892146516589614,0.38202173975806686,0.3652039418705454,-13276.0,SA
2024-05-30,2445.0,2450.0,2333.0,2344.0,1386621,755973,2393.0,-0.03726619208661941,0.4548863662648981,0.39154701775266765,0.3726316240049379,-25742.0,SA
2024-05-31,2332.0,2369.0,2293.0,2305.0,1230071,745948,2330.0,-0.016778195266154337,0.4427799653798473,0.3938476999579296,0.37005053736882687,-10025.0,SA
2024-06-03,2314.0,2328.0,2195.0,2200.0,1629361,703655,2259.0,-0.046623316084341636,0.45449003010950884,0.4058181049572828,0.37271076480375126,-42293.0,SA
2024-06-04,2209.0,2246.0,2186.0,2233.0,1222005,714348,2219.0,0.014888612493750559,0.4547325178597759,0.4031382560618135,0.3665632045372165,10693.0,SA
2024-06-05,2218.0,2236.0,2175.0,2195.0,1409546,706458,2206.0,-0.01716392633088616,0.4542373493744654,0.4051394230540748,0.36608161598834116,-7890.0,SA
2024-06-06,2209.0,2233.0,2183.0,2232.0,1271148,713472,2210.0,0.016715997991929837,0.4563592462257016,0.40462004819003017,0.3656732919439318,7014.0,SA
2024-06-07,2238.0,2314.0,2200.0,2223.0,1843126,654285,2252.0,-0.004040409537004974,0.4514373805807936,0.4048293259876343,0.3696857927509192,-59187.0,SA
2024-06-11,2218.0,2242.0,2151.0,2170.0,944553,671337,2189.0,-0.024130467429691348,0.45412536101522166,0.40393932349635137,0.3745583817758817,17052.0,SA
2024-06-12,2167.0,2193.0,2151.0,2175.0,1023173,685392,2172.0,0.0023014969882791674,0.43149221853237407,0.4028046833665013,0.3661321674425585,14055.0,SA
2024-06-13,2194.0,2200.0,2118.0,2147.0,1181132,708742,2150.0,-0.012957145644003474,0.4343029664625852,0.4039063648861984,0.37112411596679024,23350.0,SA
2024-06-14,2150.0,2175.0,2113.0,2156.0,1296352,702851,2150.0,0.004183134150106681,0.4323675095975162,0.39591679947460257,0.37158424267130363,-5891.0,SA
2024-06-17,2162.0,2178.0,2105.0,2120.0,1495274,723664,2137.0,-0.016838564362829593,0.36557323596112273,0.3978647481378857,0.3517365594743087,20813.0,SA
2024-06-18,2110.0,2144.0,2072.0,2076.0,1396561,727788,2114.0,-0.020973123380278874,0.34008900762342603,0.4005819742099541,0.34600109205047463,4124.0,SA
2024-06-19,2071.0,2089.0,2056.0,2075.0,964882,726317,2072.0,-0.00048181162098053334,0.34079925802408184,0.3980729959535529,0.33969506042545045,-1471.0,SA
2024-06-20,2080.0,2126.0,2065.0,2120.0,1146266,726700,2094.0,0.021454935001259466,0.3355617547940258,0.3935563207165395,0.3375838139611219,383.0,SA
2024-06-21,2122.0,2174.0,2103.0,2109.0,1547939,695356,2137.0,-0.005202187187283512,0.3316820276913138,0.39036885863969184,0.3364283208903988,-31344.0,SA
2024-06-24,2103.0,2117.0,2019.0,2023.0,1327400,720153,2073.0,-0.041632343311029156,0.3481508618373242,0.39906749209986003,0.3471397461900507,24797.0,SA
2024-06-25,2023.0,2035.0,2006.0,2028.0,889615,725611,2023.0,0.002468527543328386,0.33822542008620426,0.3930496982837595,0.3417549850470117,5458.0,SA
2024-06-26,2028.0,2071.0,2017.0,2069.0,1009635,713458,2041.0,0.020015313034469295,0.34048916400677487,0.39472456977383125,0.3384295384795672,-12153.0,SA
2024-06-27,2067.0,2070.0,2014.0,2022.0,997186,727461,2044.0,-0.022978278165126324,0.3161449464391229,0.39430458092062365,0.330903040780707,14003.0,SA
2024-06-28,2027.0,2095.0,2019.0,2093.0,1165015,710388,2053.0,0.03451132286558302,0.33381443372191466,0.3996570276042231,0.3238169755394493,-17073.0,SA
2024-07-01,2098.0,2157.0,2082.0,2126.0,1755318,713100,2115.0,0.015643836455893526,0.3392467174650736,0.3978180698235001,0.32513138668496877,2712.0,SA
2024-07-02,2120.0,2189.0,2119.0,2188.0,1368839,750536,2154.0,0.02874560463997857,0.3188081469446505,0.4010702015974968,0.30801042839013687,37436.0,SA
2024-07-03,2197.0,2225.0,2165.0,2224.0,1304875,766857,2192.0,0.016319491828601186,0.3197423202483095,0.40163089259763457,0.30811358899287417,16321.0,SA
2024-07-04,2217.0,2233.0,2184.0,2202.0,1323665,774191,2209.0,-0.009941338087847772,0.315694930230518,0.40209398515466455,0.30611148222758205,7334.0,SA
2024-07-05,2202.0,2213.0,2112.0,2119.0,1515756,731697,2159.0,-0.038421759014326144,0.3371077475522816,0.4055346863826242,0.3181670882459729,-42494.0,SA
2024-07-08,2121.0,2127.0,2033.0,2040.0,1730686,748655,2085.0,-0.037994471430037015,0.3596411047467417,0.4126165482022822,0.3145383106643742,16958.0,SA
2024-07-09,2040.0,2065.0,2020.0,2049.0,1270969,784740,2042.0,0.004402061400637665,0.35302231222409997,0.4118731879670228,0.3055853669728779,36085.0,SA
2024-07-10,2055.0,2055.0,1946.0,1952.0,1701179,793647,2003.0,-0.04849738126586193,0.3872591601802306,0.42192253438435506,0.32417216884156413,8907.0,SA
2024-07-11,1958.0,1973.0,1926.0,1952.0,1311971,789685,1954.0,0.0,0.38664506358088424,0.42182803637942135,0.3181245429456176,-3962.0,SA
2024-07-12,1957.0,1982.0,1933.0,1967.0,1309703,799063,1959.0,0.007655051416021234,0.38789465217785424,0.4217336972404267,0.3166351405339849,9378.0,SA
2024-07-15,1966.0,2002.0,1916.0,1962.0,2024844,801477,1964.0,-0.0025451782637506536,0.38523732128086025,0.42021019992786135,0.3220394652807554,2414.0,SA
2024-07-16,1950.0,1957.0,1922.0,1941.0,1230153,814328,1941.0,-0.010761056956298146,0.3809406755145279,0.41929337770829395,0.31609668305022876,12851.0,SA
2024-07-17,1933.0,1967.0,1896.0,1929.0,1652259,822908,1934.0,-0.006201570263281157,0.3809084147752221,0.39465363351365396,0.3238321769609192,8580.0,SA
2024-07-18,1935.0,1961.0,1908.0,1958.0,1287027,809420,1933.0,0.014921810184726698,0.375910815844664,0.3946634665206514,0.32315759018068335,-13488.0,SA
2024-07-19,1948.0,1974.0,1928.0,1938.0,1366671,780625,1947.0,-0.010267030639744145,0.3765543987561628,0.3918463982895677,0.3193223912626129,-28795.0,SA
2024-07-22,1930.0,1952.0,1891.0,1894.0,1547761,823947,1919.0,-0.022965518704687955,0.35745567765056663,0.39279586179732506,0.3104558728838374,43322.0,SA
2024-07-23,1888.0,1897.0,1853.0,1854.0,1083930,824123,1878.0,-0.021345527620223112,0.3622869061801824,0.392735097786952,0.31294888444781505,176.0,SA
2024-07-24,1861.0,1875.0,1843.0,1868.0,854218,799728,1862.0,0.007522872662987415,0.35376270342918426,0.3744028023085936,0.3100417962847596,-24395.0,SA
2024-07-25,1874.0,1881.0,1846.0,1859.0,993108,784385,1864.0,-0.004829631067343951,0.34746414166815714,0.3735186146101685,0.30712419170333394,-15343.0,SA
2024-07-26,1858.0,1890.0,1833.0,1834.0,1124830,807684,1869.0,-0.013539334905033907,0.31723645944566403,0.3725722717042732,0.30396927587153316,23299.0,SA
2024-07-29,1828.0,1836.0,1756.0,1772.0,1330050,809283,1794.0,-0.03439052165138391,0.3203702444173371,0.37334633905618975,0.30935275494482745,1599.0,SA
2024-07-30,1775.0,1779.0,1738.0,1740.0,892644,777513,1763.0,-0.018223738956451498,0.2888370343967875,0.3640689028399183,0.30559445079269904,-31770.0,SA
2024-07-31,1740.0,1786.0,1711.0,1769.0,1665041,750431,1756.0,0.016529301951210506,0.28910332977620656,0.36577451794530197,0.31355448627288,-27082.0,SA
2024-08-01,1778.0,1804.0,1732.0,1749.0,1590400,749770,1770.0,-0.011370219141183238,0.2890496996875977,0.36491543261787146,0.3218321464984179,-661.0,SA
2024-08-02,1747.0,1815.0,1736.0,1813.0,1425866,683889,1769.0,0.03593873573624896,0.3162558718292085,0.3725878428654002,0.3204158796440941,-65881.0,SA
2024-08-05,1806.0,1823.0,1762.0,1790.0,1406439,648810,1797.0,-0.012767311920050413,0.2965237433053628,0.37182414821004434,0.31412991508833404,-35079.0,SA
2024-08-06,1779.0,1809.0,1741.0,1743.0,1273505,636284,1777.0,-0.026607853314779703,0.3016950899982069,0.37164516579785617,0.32110343528628754,-12526.0,SA
2024-08-07,1735.0,1754.0,1713.0,1717.0,1096023,650026,1733.0,-0.015029184622545384,0.2634966596217813,0.36519974825580487,0.3037080418670729,13742.0,SA
2024-08-08,1722.0,1736.0,1693.0,1707.0,1067171,624840,1715.0,-0.0058411381030348715,0.2624330098323205,0.3650783412154151,0.3040625788340502,-25186.0,SA
2024-08-09,1711.0,1762.0,1706.0,1709.0,1072488,581101,1730.0,0.0011709603211502689,0.25873957859043956,0.3637487954944584,0.3071348613521637,-43739.0,SA
2024-08-12,1711.0,1720.0,1662.0,1683.0,931753,540439,1689.0,-0.015330488924784828,0.25977010875719797,0.3366458446072949,0.30157137012765817,-40662.0,SA
2024-08-13,1690.0,1690.0,1653.0,1658.0,721178,499203,1666.0,-0.01496585849556572,0.26085172522909816,0.32687122352247205,0.30279746588853174,-41236.0,SA
2024-08-14,1656.0,1658.0,1550.0,1575.0,1153807,406028,1595.0,-0.05135678443550686,0.30255097061928143,0.33970259678336623,0.3256496236858878,-93175.0,SA
2024-08-15,1588.0,1601.0,1556.0,1585.0,1286384,813487,1578.0,0.00632913505164753,0.29460748209779464,0.33403123916869704,0.32607932483367247,407459.0,SA
2024-08-16,1588.0,1634.0,1578.0,1582.0,1647058,827200,1603.0,-0.0018945379837818162,0.29620243717721884,0.3330382621626738,0.3306115169134317,13713.0,SA
2024-08-19,1578.0,1613.0,1558.0,1596.0,1614854,843615,1586.0,0.008810629682154906,0.29939858475055237,0.33259907635798047,0.33194259457251857,16415.0,SA
2024-08-20,1597.0,1624.0,1579.0,1616.0,1316621,870215,1596.0,0.012453461071286557,0.30421486689501814,0.3314932763823428,0.3335610345343287,26600.0,SA
2024-08-21,1623.0,1646.0,1608.0,1645.0,1486101,890397,1624.0,0.017786424118431537,0.3126511593116797,0.3304900581849641,0.3352410711077347,20182.0,SA
2024-08-22,1640.0,1647.0,1558.0,1565.0,1882677,1013549,1605.0,-0.04985456022521868,0.3482560633680701,0.3337713126635965,0.35314225572246205,123152.0,SA
2024-08-23,1558.0,1575.0,1537.0,1546.0,1591218,973620,1557.0,-0.012214873826886323,0.3480406913167829,0.3281277460867181,0.3509569650636577,-39929.0,SA
2024-08-26,1550.0,1583.0,1529.0,1579.0,1764872,989414,1554.0,0.02112078510827488,0.3491277055205544,0.33240275605598574,0.3459098123234857,15794.0,SA
2024-08-27,1581.0,1622.0,1564.0,1614.0,2096474,988166,1592.0,0.0219238345742521,0.3589931182969747,0.32657038540992717,0.35097069312657997,-1248.0,SA
2024-08-28,1618.0,1630.0,1558.0,1568.0,2074127,1101464,1593.0,-0.028914647919541007,0.3611487847469965,0.32741365642000153,0.35225620833052074,113298.0,SA
2024-08-29,1560.0,1609.0,1551.0,1596.0,1990856,1079035,1580.0,0.017699577099400857,0.370009303933697,0.33005140416650003,0.3502599823704157,-22429.0,SA
2024-08-30,1599.0,1622.0,1575.0,1596.0,2074122,1119737,1597.0,0.0,0.3387235020450418,0.327074580298623,0.3430038643382203,40702.0,SA
2024-09-02,1590.0,1593.0,1498.0,1503.0,2220455,1254098,1543.0,-0.06003738825677963,0.3880942763940112,0.34540946437036385,0.35982621136971116,134361.0,SA
2024-09-03,1503.0,1513.0,1479.0,1499.0,1576756,1241770,1498.0,-0.0026648916503767455,0.38278368395731277,0.3435471109322708,0.35381555914207924,-12328.0,SA
2024-09-04,1495.0,1520.0,1475.0,1485.0,1694086,1213922,1497.0,-0.009383446865797665,0.38184966358392447,0.34315460538942205,0.35599855254185847,-27848.0,SA
2024-09-05,1492.0,1500.0,1428.0,1432.0,1808271,1240091,1461.0,-0.03634270371620904,0.3953492823031072,0.3483405834994796,0.36716173553814385,26169.0,SA
2024-09-06,1458.0,1459.0,1413.0,1430.0,1746831,1214547,1436.0,-0.0013976242666379726,0.39460192079387424,0.34778420754044226,0.3670582697064615,-25544.0,SA
2024-09-09,1433.0,1434.0,1368.0,1391.0,2079515,1243429,1396.0,-0.02765153133051001,0.3996116772988205,0.3497956104573317,0.3734113003276881,28882.0,SA
2024-09-10,1398.0,1408.0,1357.0,1360.0,1799855,1295498,1384.0,-0.022538213193345192,0.40185807816787783,0.3500745628331463,0.3786335891097647,52069.0,SA
2024-09-11,1359.0,1413.0,1338.0,1409.0,2327761,1240983,1372.0,0.03539553316858261,0.4011670558499199,0.36043346258418724,0.36921422777999774,-54515.0,SA
2024-09-12,1410.0,1412.0,1355.0,1387.0,2634895,1321993,1384.0,-0.01573709158384865,0.40014060039234645,0.3562023595424699,0.37457909136198136,81010.0,SA
2024-09-13,1390.0,1401.0,1346.0,1351.0,1997796,1313892,1379.0,-0.02629808235463273,0.4055718709939987,0.3583298735448629,0.376905729644117,-8101.0,SA
2024-09-18,1345.0,1377.0,1317.0,1358.0,1828013,1335852,1343.0,0.005167970158442598,0.40379855932080516,0.3520773813357306,0.3815492315874022,21960.0,SA
2024-09-19,1360.0,1395.0,1332.0,1378.0,2413228,1361276,1366.0,0.014620143454962391,0.4053176693836346,0.35427676099148603,0.3894202099054672,25424.0,SA
2024-09-20,1374.0,1384.0,1334.0,1341.0,1747826,1407431,1357.0,-0.027217568291925384,0.3988738657588292,0.35244576591572807,0.39407191655412327,46155.0,SA
2024-09-23,1339.0,1380.0,1329.0,1361.0,2085116,1362027,1355.0,0.014804119369787478,0.37935908555380726,0.3537269210387889,0.3844117485002493,-45404.0,SA
2024-09-24,1358.0,1447.0,1355.0,1442.0,2862860,1305130,1395.0,0.057811315193428324,0.442231216890909,0.3681060717252741,0.4056334074072217,-56897.0,SA
2024-09-25,1455.0,1535.0,1442.0,1474.0,4081179,1265775,1472.0,0.021948754904387517,0.4428465653636635,0.3699126489648438,0.4203785323130174,-39355.0,SA
2024-09-26,1468.0,1530.0,1461.0,1515.0,3775488,1241455,1496.0,0.027435645194187536,0.4474057244930856,0.36939901999893365,0.4246657345044379,-24320.0,SA
2024-09-27,1545.0,1599.0,1527.0,1579.0,4232488,1122372,1564.0,0.04137629631217247,0.46292698416321354,0.3792596740174853,0.4250996783570466,-119083.0,SA
2024-09-30,1573.0,1721.0,1563.0,1699.0,3990205,1056377,1652.0,0.07324810741628994,0.5274791234519121,0.4119334715754499,0.46523270150803614,-65995.0,SA
2024-10-08,1750.0,1754.0,1490.0,1495.0,3698644,1258547,1601.0,-0.1279136358471452,0.7023416468695425,0.4784564169620239,0.5766351566992879,202170.0,SA
2024-10-09,1503.0,1543.0,1480.0,1495.0,3112800,1310238,1506.0,0.0,0.6698128739720997,0.4738920197724212,0.5685923557913156,51691.0,SA
2024-10-10,1485.0,1531.0,1453.0,1472.0,3371497,1275033,1490.0,-0.015504186535965199,0.6719524704779783,0.47392846804458305,0.5773177700636886,-35205.0,SA
2024-10-11,1473.0,1518.0,1472.0,1517.0,2426731,1302487,1495.0,0.03011268005971074,0.6798611069928521,0.4708716303629012,0.577488578247096,27454.0,SA
2024-10-14,1519.0,1592.0,1496.0,1530.0,4757809,1357326,1539.0,0.00853303503794893,0.6657376173287209,0.4715160029567348,0.5831160738101757,54839.0,SA
2024-10-15,1514.0,1607.0,1507.0,1573.0,4455535,1299941,1558.0,0.02771688867179658,0.6709661540462236,0.4753904011008527,0.5949851058810711,-57385.0,SA
2024-10-16,1582.0,1606.0,1527.0,1548.0,3361901,1296048,1569.0,-0.016020848908605407,0.6648041718332757,0.476044000173985,0.5962123411907014,-3893.0,SA
2024-10-17,1555.0,1564.0,1421.0,1436.0,4090464,1288956,1498.0,-0.0751023045415029,0.7176869776272006,0.4975749843397263,0.6251266246884081,-7092.0,SA
2024-10-18,1442.0,1474.0,1414.0,1450.0,2501503,1268920,1441.0,0.009702085806450668,0.7079776716102447,0.49847346461743025,0.6206117731991948,-20036.0,SA
2024-10-21,1444.0,1483.0,1419.0,1481.0,2286988,1262480,1446.0,0.02115397885317876,0.7082189717782222,0.49967687568325836,0.6215126239948159,-6440.0,SA
2024-10-22,1480.0,1531.0,1465.0,1521.0,3588186,1240900,1503.0,0.026650477991494004,0.7038513120022275,0.5035866051680085,0.6227368860621367,-21580.0,SA
2024-10-23,1521.0,1545.0,1494.0,1512.0,1913681,1245906,1521.0,-0.005934735519814578,0.7051021677480157,0.5020719443434308,0.6196231229132337,5006.0,SA
2024-10-24,1508.0,1565.0,1501.0,1558.0,1965587,1227958,1531.0,0.029969669691215305,0.7098240720298071,0.5053693014044479,0.6181946106499722,-17948.0,SA
2024-10-25,1563.0,1568.0,1516.0,1518.0,1782983,1265588,1536.0,-0.026009268475118325,0.709089436118438,0.5070715401724886,0.6174045761861451,37630.0,SA
2024-10-28,1500.0,1584.0,1475.0,1560.0,2512940,1242357,1536.0,0.027292142288007554,0.7124501127527538,0.510927921274156,0.6306439093114287,-23231.0,SA
2024-10-29,1555.0,1585.0,1503.0,1517.0,2033466,1244291,1550.0,-0.027951120895050495,0.696024388186884,0.5130393980305697,0.6252829020490591,1934.0,SA
2024-10-30,1540.0,1573.0,1517.0,1560.0,2329936,1242014,1543.0,0.027951120895050502,0.6985462142765897,0.5127424930067409,0.6158671757892782,-2277.0,SA
2024-10-31,1570.0,1588.0,1546.0,1575.0,2003181,1240117,1570.0,0.009569451016150672,0.6931021952741133,0.5121829033919126,0.6106806437986468,-1897.0,SA
2024-11-01,1568.0,1573.0,1523.0,1539.0,1681383,1258657,1544.0,-0.023122417420854264,0.6822451871673566,0.5126110212977145,0.60668351730349,18540.0,SA
2024-11-04,1542.0,1556.0,1481.0,1525.0,1720648,1243888,1515.0,-0.009138444797367227,0.6234697025120277,0.5124643093715626,0.580740117151356,-14769.0,SA
2024-11-05,1529.0,1546.0,1504.0,1543.0,1285717,1219157,1526.0,0.01173416332164874,0.42692054244273686,0.5071689488102836,0.4698025132915797,-24731.0,SA
2024-11-06,1550.0,1570.0,1492.0,1517.0,1637105,1238399,1534.0,-0.016993873014628604,0.4319463928873307,0.507598083610843,0.47390609376490345,19242.0,SA
2024-11-07,1505.0,1552.0,1505.0,1546.0,1145241,1217663,1530.0,0.018936249798834976,0.4320770893297178,0.5070437228199004,0.46532024617043516,-20736.0,SA
2024-11-08,1547.0,1578.0,1510.0,1514.0,1639852,1214986,1543.0,-0.02091579514997324,0.426726791953609,0.5078265001855251,0.47010798262866493,-2677.0,SA
2024-11-11,1500.0,1531.0,1455.0,1485.0,1589862,1247032,1486.0,-0.01934038276059404,0.43066886558666984,0.5089944681418698,0.46394905761786354,32046.0,SA
2024-11-12,1480.0,1513.0,1457.0,1497.0,1198076,1204818,1482.0,0.008048333182828415,0.4185602159898207,0.5093878942884542,0.4506124563529026,-42214.0,SA
2024-11-13,1505.0,1538.0,1493.0,1524.0,1199181,1167590,1515.0,0.017875351826963135,0.4212749110350766,0.5102718953711246,0.4422173154084842,-37228.0,SA
2024-11-14,1530.0,1538.0,1499.0,1500.0,956530,1146411,1519.0,-0.01587334915629012,0.32478058554212075,0.5103755625537922,0.3963326250098164,-21179.0,SA
2024-11-15,1508.0,1527.0,1467.0,1470.0,1285754,1155038,1498.0,-0.020202707317519466,0.3327786612638409,0.5014068852099337,0.3956486403621911,8627.0,SA
2024-11-18,1469.0,1496.0,1452.0,1483.0,909670,1137654,1476.0,0.00880466236515014,0.3255700982697711,0.5015887772558004,0.3895919571244208,-17384.0,SA
2024-11-19,1481.0,1486.0,1446.0,1480.0,955565,1149193,1469.0,-0.00202497537977139,0.31018449210030924,0.501589713922312,0.38260197640334703,11539.0,SA
2024-11-20,1475.0,1479.0,1454.0,1465.0,704507,1178904,1466.0,-0.010186845306993018,0.31137055434958744,0.501496463160668,0.3776436980094053,29711.0,SA
2024-11-21,1466.0,1513.0,1461.0,1508.0,1098542,1126390,1491.0,0.028929027116733782,0.31000192057324216,0.5045471404073754,0.37452514981766105,-52514.0,SA
2024-11-22,1508.0,1508.0,1466.0,1481.0,829804,1068913,1488.0,-0.018066734300102562,0.3029757816285787,0.5041521056974793,0.3724758769373939,-57477.0,SA
2024-11-25,1478.0,1529.0,1478.0,1502.0,1156561,1078754,1507.0,0.014080018056281169,0.2899279420941113,0.49511352858518576,0.3478654518077938,9841.0,SA
2024-11-26,1502.0,1512.0,1485.0,1502.0,643900,1055968,1498.0,0.0,0.27323591167476885,0.4945356819062751,0.33128826700495195,-22786.0,SA
2024-11-27,1503.0,1510.0,1478.0,1505.0,819863,1047708,1495.0,0.001995344858895966,0.2522852424564134,0.4925326189363188,0.32541680548856516,-8260.0,SA
2024-11-28,1500.0,1504.0,1473.0,1487.0,727409,1061477,1486.0,-0.012032230722821042,0.25103915377448643,0.49076830378671676,0.323438571042631,13769.0,SA
2024-11-29,1486.0,1499.0,1465.0,1478.0,915498,1017692,1484.0,-0.006070844952007969,0.23993635170845518,0.4875393898399955,0.3198145069759696,-43785.0,SA
2024-12-02,1481.0,1494.0,1460.0,1482.0,917072,1006815,1477.0,0.002702704347885073,0.23896571029079003,0.4860628347695864,0.30605226583616624,-10877.0,SA
2024-12-03,1485.0,1488.0,1463.0,1472.0,595287,983812,1476.0,-0.006770506567210602,0.23446612374772222,0.4861863942017467,0.30255946294476194,-23003.0,SA
2024-12-04,1467.0,1473.0,1415.0,1423.0,1159405,1046747,1445.0,-0.033854701198969175,0.2549964073324889,0.47561662022958606,0.29514501009193284,62935.0,SA
2024-12-05,1421.0,1429.0,1393.0,1418.0,716275,976369,1418.0,-0.0035198909977795694,0.24134243144536902,0.4756331772723498,0.2928860838103182,-70378.0,SA
2024-12-06,1418.0,1441.0,1412.0,1428.0,499442,904583,1429.0,0.007027435807456876,0.23622795813530678,0.475576314244761,0.2808880126744416,-71786.0,SA
2024-12-09,1426.0,1432.0,1409.0,1420.0,402131,867044,1420.0,-0.005617992304223261,0.22853717982155092,0.46990762575142503,0.26151983532616,-37539.0,SA
2024-12-10,1449.0,1475.0,1422.0,1433.0,904156,728728,1453.0,0.009113277232865534,0.22919792498795705,0.4702781147858301,0.2608006703904604,-138316.0,SA
2024-12-11,1430.0,1446.0,1429.0,1440.0,286025,682474,1438.0,0.004872964741874408,0.21858882199597157,0.4668382249224865,0.2543067955723137,-46254.0,SA
2024-12-12,1520.0,1530.0,1507.0,1524.0,437563,731621,1520.0,0.056695343676545294,0.2978404791146567,0.4780950606839897,0.2504637370154802,49147.0,SA
2024-12-13,1510.0,1515.0,1487.0,1492.0,691788,838514,1503.0,-0.021220955482885422,0.29880517116622524,0.4752457054661615,0.23886536189214694,106893.0,SA
2024-12-16,1491.0,1494.0,1446.0,1463.0,795111,927942,1467.0,-0.01962837974358181,0.3055450520878528,0.4758907371204354,0.2405131868367358,89428.0,SA
2024-12-17,1464.0,1476.0,1456.0,1462.0,583988,944317,1466.0,-0.0006837607104005313,0.305504099097525,0.4725507175697515,0.2352209297576418,16375.0,SA
2024-12-18,1460.0,1465.0,1422.0,1434.0,779148,998051,1445.0,-0.019337619150158174,0.3109424692796283,0.47434840439077774,0.24087305988508784,53734.0,SA
2024-12-19,1436.0,1470.0,1429.0,1462.0,857062,942836,1449.0,0.019337619150158088,0.3004386745463061,0.47502352089478994,0.23688182279964787,-55215.0,SA
2024-12-20,1463.0,1475.0,1454.0,1462.0,674200,922896,1465.0,0.0,0.2940922635875446,0.4714112727600698,0.23117717520962874,-19940.0,SA
2024-12-23,1455.0,1465.0,1445.0,1452.0,649483,955044,1454.0,-0.0068634449249824,0.28958104251787775,0.4708829705396097,0.22159932292989773,32148.0,SA
2024-12-24,1449.0,1491.0,1440.0,1486.0,805890,939789,1464.0,0.023146029892963035,0.3026301333266722,0.45833528818811187,0.23044226246516378,-15255.0,SA
2024-12-25,1486.0,1492.0,1460.0,1467.0,742065,984719,1474.0,-0.012868447134722806,0.3055433080505712,0.45693961775109615,0.230552378589598,44930.0,SA
2024-12-26,1462.0,1482.0,1456.0,1465.0,672170,964128,1468.0,-0.001364256691814078,0.3029197428780463,0.4533589000117021,0.22937124478227158,-20591.0,SA
2024-12-27,1465.0,1468.0,1448.0,1451.0,636797,972025,1459.0,-0.009602268566979799,0.30399206374032645,0.4452477728886512,0.2260229849000042,7897.0,SA
2024-12-30,1450.0,1455.0,1436.0,1443.0,725516,1031634,1447.0,-0.00552869411031694,0.304093718957412,0.4174469336478284,0.22243223032106613,59609.0,SA
2024-12-31,1443.0,1446.0,1417.0,1433.0,866528,1015592,1434.0,-0.006954130945698985,0.3041376080350767,0.32694601483437546,0.22367871970177805,-16042.0,SA
2025-01-02,1438.0,1456.0,1433.0,1444.0,525230,1001732,1446.0,0.00764689162459971,0.2802168009987966,0.3273882858796017,0.20952258395001855,-13860.0,SA
2025-01-03,1442.0,1445.0,1407.0,1416.0,918806,1078910,1424.0,-0.019581045199106507,0.28903854757565206,0.328280399488057,0.21015824486964732,77178.0,SA
2025-01-06,1415.0,1432.0,1394.0,1416.0,939487,1085899,1413.0,0.0,0.287833181281337,0.3220198092713382,0.21345761124291562,6989.0,SA
2025-01-07,1421.0,1425.0,1400.0,1404.0,651808,1117091,1412.0,-0.00851068966790862,0.2887006728343267,0.3217277868352,0.21399656505812273,31192.0,SA
2025-01-08,1400.0,1410.0,1383.0,1386.0,728258,1127148,1399.0,-0.012903404835907841,0.2894803633230381,0.31677984089158767,0.20357479833737938,10057.0,SA
2025-01-09,1385.0,1414.0,1379.0,1408.0,715648,1091398,1396.0,0.015748356968139112,0.29521031126755487,0.31750498928196846,0.20891231303925806,-35750.0,SA
2025-01-10,1405.0,1409.0,1387.0,1404.0,634284,1080933,1398.0,-0.0028449521322312507,0.20215969088600477,0.2784647619057382,0.20910892659103814,-10465.0,SA
2025-01-13,1409.0,1435.0,1404.0,1427.0,970420,1084751,1421.0,0.016249032891080078,0.20380635765060942,0.27978626454466055,0.210494590361925,3818.0,SA
2025-01-14,1428.0,1464.0,1417.0,1461.0,946157,1062115,1443.0,0.023546794273863136,0.21229025924968772,0.28060394977691894,0.21047675533718713,-22636.0,SA
2025-01-15,1462.0,1463.0,1438.0,1452.0,654545,1054324,1450.0,-0.00617921636595812,0.21338614396648078,0.27523023349443326,0.2116616928706292,-7791.0,SA
2025-01-16,1450.0,1482.0,1442.0,1479.0,1022278,1032123,1461.0,0.018424267326058504,0.2109092752260848,0.2777744211551962,0.21017775750141648,-22201.0,SA
2025-01-17,1480.0,1536.0,1467.0,1511.0,1465964,999198,1501.0,0.02140549956193977,0.21331763945592827,0.27433995368002645,0.22381074681912205,-32925.0,SA
2025-01-20,1509.0,1525.0,1472.0,1489.0,1040911,994822,1496.0,-0.014666929588730592,0.22097421609883508,0.27082737671128454,0.23410504721767622,-4376.0,SA
2025-01-21,1490.0,1506.0,1480.0,1486.0,691847,991611,1493.0,-0.002016807406304535,0.2193881145927463,0.2647036031135414,0.2352033929273911,-3211.0,SA
2025-01-22,1483.0,1491.0,1458.0,1484.0,850528,971258,1473.0,-0.0013468015503787388,0.20361012869498177,0.258646220827991,0.22829348854416098,-20353.0,SA
2025-01-23,1480.0,1510.0,1480.0,1491.0,872260,948872,1494.0,0.004705891037412714,0.19848806631976587,0.2521326813539653,0.227627376798549,-22386.0,SA
2025-01-24,1490.0,1518.0,1481.0,1508.0,792252,901103,1500.0,0.011337233803163002,0.2017099545645942,0.2524649828358248,0.23053650295398329,-47769.0,SA
2025-01-27,1510.0,1510.0,1481.0,1481.0,543339,836780,1494.0,-0.018066734300102562,0.2098656425473338,0.2507696838143151,0.23236635778819933,-64323.0,SA
2025-02-05,1465.0,1488.0,1432.0,1448.0,701968,877727,1456.0,-0.02253424132213707,0.22492337672308735,0.25416112523201556,0.2446417241796654,40947.0,SA
2025-02-06,1444.0,1452.0,1420.0,1433.0,694242,977417,1435.0,-0.010413145117489869,0.22669106682406293,0.2535294740239209,0.24543461859346316,99690.0,SA
2025-02-07,1428.0,1466.0,1424.0,1454.0,865663,972164,1446.0,0.014548230265292905,0.2310259284746932,0.2533960482793193,0.2508075689154469,-5253.0,SA
2025-02-10,1455.0,1463.0,1441.0,1463.0,676975,997378,1451.0,0.006170742926659674,0.2194513876826821,0.2505264558576907,0.24644998370910287,25214.0,SA
2025-02-11,1465.0,1481.0,1443.0,1455.0,885288,990706,1462.0,-0.00548322141453137,0.220840027296059,0.24726640759318919,0.246013494165612,-6672.0,SA
2025-02-12,1453.0,1475.0,1437.0,1470.0,722411,1001975,1456.0,0.010256500167189061,0.21976983926527588,0.24516477117354124,0.24936225755336894,11269.0,SA
2025-02-13,1470.0,1477.0,1425.0,1425.0,1040065,1042580,1453.0,-0.03109058707003112,0.2443531243087591,0.25251307626758485,0.25746385285295914,40605.0,SA
2025-02-14,1424.0,1471.0,1424.0,1458.0,990185,1000069,1452.0,0.022893819865852497,0.2510917454686477,0.2542891226482913,0.2611693635318411,-42511.0,SA
2025-02-17,1461.0,1521.0,1452.0,1514.0,1780016,1096463,1487.0,0.03768952142879053,0.2805160760802885,0.26409603181046964,0.27714666191841847,96394.0,SA
2025-02-18,1512.0,1520.0,1498.0,1505.0,1075744,1127278,1509.0,-0.005962256814418024,0.2785010212132756,0.2610266073197153,0.2749876751729704,30815.0,SA
2025-02-19,1503.0,1512.0,1482.0,1504.0,1095088,1131502,1498.0,-0.0006646726731909514,0.2675499137546602,0.26044849263677,0.2694969754050466,4224.0,SA
2025-02-20,1502.0,1542.0,1502.0,1532.0,1395936,1171358,1525.0,0.018445845790751432,0.2724310961683116,0.26303521838158594,0.2727702601152925,39856.0,SA
2025-02-21,1535.0,1539.0,1508.0,1515.0,1069702,1156732,1524.0,-0.011158632357067063,0.27000450488154537,0.26321112129530266,0.2699910358731002,-14626.0,SA
2025-02-24,1515.0,1530.0,1494.0,1523.0,928074,1155312,1515.0,0.005266634951692225,0.25995739868525336,0.25675690686759933,0.256762679403153,-1420.0,SA
2025-02-25,1522.0,1532.0,1490.0,1497.0,1218425,1149412,1511.0,-0.0172189684755334,0.2620512129310432,0.25650754180675,0.2525269974069012,-5900.0,SA
2025-02-26,1496.0,1520.0,1495.0,1507.0,1344706,1150243,1509.0,0.006657814206867035,0.2628495682597779,0.2552475040272845,0.2522746912015704,831.0,SA
2025-02-27,1512.0,1561.0,1501.0,1556.0,1564016,1251562,1528.0,0.03199750611184144,0.28493938558611226,0.2634431063320693,0.26136222868194775,101319.0,SA
2025-02-28,1567.0,1577.0,1551.0,1569.0,1585308,1238594,1564.0,0.008320047994695734,0.2856151314429378,0.26390214237146126,0.2602703215699104,-12968.0,SA
2025-03-03,1570.0,1585.0,1536.0,1548.0,1552537,1171320,1556.0,-0.013474698583360159,0.2890216913818223,0.26421313524463047,0.26351720347049173,-67274.0,SA
2025-03-04,1545.0,1554.0,1514.0,1522.0,1166957,1151593,1531.0,-0.016938515728041233,0.2880523996848837,0.2663109451271238,0.2661046791397927,-19727.0,SA
2025-03-05,1519.0,1525.0,1460.0,1466.0,1661884,1165406,1490.0,-0.03748765597503431,0.3085028473292593,0.2773044991242768,0.26968707811501613,13813.0,SA
2025-03-06,1464.0,1472.0,1448.0,1469.0,1165599,1152414,1460.0,0.002044293727280447,0.30577383215094806,0.27700051357839567,0.26778807235148827,-12992.0,SA
2025-03-07,1466.0,1474.0,1432.0,1438.0,1189679,1192966,1454.0,-0.021328637892885333,0.3114849717173607,0.27164843567311003,0.26770994405392534,40552.0,SA
2025-03-10,1437.0,1452.0,1416.0,1434.0,1026061,1179235,1436.0,-0.002785517121426312,0.31054916461030774,0.27161024646460546,0.27106322962966656,-13731.0,SA
2025-03-11,1437.0,1449.0,1427.0,1431.0,776351,1169748,1437.0,-0.002094241603114737,0.31013644351847497,0.2712748276467548,0.2673657523171783,-9487.0,SA
2025-03-12,1434.0,1444.0,1414.0,1432.0,890329,1171923,1429.0,0.0006985679641400653,0.307469681782795,0.27102338135083476,0.26533062578203875,2175.0,SA
2025-03-13,1435.0,1444.0,1414.0,1441.0,1003071,1169082,1430.0,0.0062652484789312195,0.28758408341393843,0.27068597811002565,0.2580620677948809,-2841.0,SA
2025-03-14,1440.0,1456.0,1427.0,1447.0,889449,1152290,1441.0,0.00415513063196184,0.27582540890362706,0.27063622506655766,0.2523229082799359,-16792.0,SA
2025-03-17,1450.0,1458.0,1423.0,1430.0,1046732,1203694,1437.0,-0.011818003377530846,0.2389994585320335,0.24480811768658037,0.2379312612793766,51404.0,SA
2025-03-18,1427.0,1440.0,1416.0,1417.0,801812,1200970,1428.0,-0.009132483563272474,0.2398034195687046,0.2418152621510573,0.2385927678474101,-2724.0,SA
2025-03-19,1421.0,1423.0,1401.0,1419.0,814876,1175669,1414.0,0.0014104374693621117,0.24018267871987958,0.23868920839511895,0.23708709281268492,-25301.0,SA
2025-03-20,1424.0,1433.0,1412.0,1431.0,706026,1132451,1422.0,0.008421102396408345,0.23089037745419072,0.23938349991298963,0.23254795167150874,-43218.0,SA
2025-03-21,1432.0,1433.0,1395.0,1410.0,985748,1150948,1412.0,-0.01478379618423698,0.23283867481370416,0.2380302047019218,0.23551693447032754,18497.0,SA
2025-03-24,1412.0,1453.0,1403.0,1449.0,1206450,1068015,1432.0,0.02728395894846851,0.25574536000546516,0.24133514926341207,0.24174481925892322,-82933.0,SA
2025-03-25,1449.0,1452.0,1424.0,1439.0,775158,1068698,1437.0,-0.006925235433314513,0.2504803750088593,0.24173073140261606,0.23804665141299874,683.0,SA
2025-03-26,1439.0,1455.0,1425.0,1427.0,778039,1055757,1442.0,-0.0083740894105314,0.2492983491304966,0.24192506688657653,0.2395478323904871,-12941.0,SA
2025-03-27,1425.0,1432.0,1414.0,1418.0,721895,1083975,1423.0,-0.006326910384763635,0.21327889592661026,0.23726279177684553,0.2262265904883125,28218.0,SA
2025-03-28,1416.0,1422.0,1385.0,1393.0,964032,1167064,1404.0,-0.01778773331226708,0.21237111639236161,0.23853383113554655,0.23036089654956135,83089.0,SA
2025-03-31,1391.0,1397.0,1369.0,1373.0,870802,1154525,1386.0,-0.014461568011834682,0.2128593686301178,0.24014331284889653,0.22465158768089483,-12539.0,SA
2025-04-01,1375.0,1402.0,1371.0,1388.0,820933,1092805,1387.0,0.010865735298778734,0.21672032036858885,0.24069961152606886,0.22283736646766522,-61720.0,SA
2025-04-02,1388.0,1394.0,1374.0,1394.0,652337,1063525,1385.0,0.0043134502537193475,0.18066779292406557,0.24070830541686392,0.20504680271389952,-29280.0,SA
2025-04-03,1394.0,1402.0,1377.0,1381.0,712153,1008012,1389.0,-0.009369437911177031,0.1813806113072104,0.24102977394268724,0.2056341302773085,-55513.0,SA
2025-04-07,1345.0,1376.0,1327.0,1358.0,812746,894631,1359.0,-0.01679484529065068,0.17601038093512733,0.24263755680034632,0.21082105017910358,-113381.0,SA
2025-04-08,1362.0,1376.0,1316.0,1324.0,921994,859887,1347.0,-0.02535557162168794,0.1931367713547956,0.24478576626748205,0.2248673518073423,-34744.0,SA
2025-04-09,1323.0,1328.0,1266.0,1313.0,1275893,713913,1303.0,-0.008342862194157348,0.1935925103920779,0.2452160764012736,0.24457334407607678,-145974.0,SA
2025-04-10,1307.0,1347.0,1305.0,1320.0,771257,666579,1322.0,0.005317141277620339,0.1958381762009118,0.2451077360517636,0.2497054432671755,-47334.0,SA
2025-04-11,1316.0,1334.0,1311.0,1327.0,469147,624107,1324.0,0.005289018751791033,0.19518949018273093,0.24418433037493772,0.24845384955076769,-42472.0,SA
2025-04-14,1375.0,1384.0,1366.0,1377.0,337368,725445,1375.0,0.03698646439644738,0.24232813759222696,0.2539100937510404,0.24632728646362287,101338.0,SA
2025-04-15,1378.0,1378.0,1353.0,1368.0,469394,802901,1363.0,-0.006557400546159052,0.2403664367183567,0.2541763055815942,0.24398074714701962,77456.0,SA
2025-04-16,1366.0,1370.0,1351.0,1352.0,505799,874381,1359.0,-0.01176484157958637,0.24154036287309882,0.2528143727385501,0.243171530279183,71480.0,SA
2025-04-17,1356.0,1368.0,1338.0,1358.0,729354,933790,1355.0,0.004428051515732004,0.24239228687519018,0.24794598855199965,0.24546809973326958,59409.0,SA
2025-04-18,1356.0,1358.0,1315.0,1324.0,964927,1014270,1335.0,-0.02535557162168794,0.2521444829859385,0.25261751904837615,0.25286289861154876,80480.0,SA
2025-04-21,1321.0,1348.0,1318.0,1340.0,704798,998078,1334.0,0.012012156448003434,0.25469066693783665,0.2508030542475027,0.25093208750676926,-16192.0,SA
2025-04-22,1340.0,1343.0,1310.0,1315.0,739691,1068990,1328.0,-0.018832948333092125,0.23505365803903486,0.24857246403322888,0.2454160743763327,70912.0,SA
2025-04-23,1315.0,1375.0,1313.0,1373.0,1487440,994888,1352.0,0.04316146115610619,0.2896132206280195,0.263949004498243,0.2609928004037598,-74102.0,SA
2025-04-24,1374.0,1383.0,1357.0,1380.0,1033879,1002086,1369.0,0.005085372383279431,0.289837352220288,0.2642711123326461,0.26035400586342555,7198.0,SA
2025-04-25,1376.0,1380.0,1357.0,1365.0,1006693,1014636,1369.0,-0.010929070532190317,0.29126257076038203,0.2650113429377735,0.26141222595073543,12550.0,SA
2025-04-28,1355.0,1392.0,1355.0,1364.0,1105152,1036776,1373.0,-0.0007328692156526957,0.2852038187144603,0.264713339408315,0.2616768139862042,22140.0,SA
2025-04-29,1368.0,1379.0,1361.0,1376.0,1030768,1018097,1371.0,0.008759180089881554,0.28264285716029885,0.2642361317484943,0.25962461759896693,-18679.0,SA
2025-04-30,1375.0,1377.0,1335.0,1352.0,1428906,933764,1356.0,-0.0175957618903796,0.28627982887299896,0.26411293333024566,0.26358463340891447,-84333.0,SA
2025-05-06,1346.0,1364.0,1320.0,1330.0,705958,1030266,1335.0,-0.01640603538710998,0.290265429000276,0.26233701498464496,0.2708923673885127,96502.0,SA
2025-05-07,1330.0,1354.0,1316.0,1323.0,1210354,1168356,1335.0,-0.005277057100843781,0.28932231556006643,0.26179962663830186,0.27491175523569195,138090.0,SA
2025-05-08,1316.0,1327.0,1295.0,1323.0,1507978,1203557,1310.0,0.0,0.2841805474293187,0.2597367032771835,0.26895205694442936,35201.0,SA
2025-05-09,1318.0,1329.0,1300.0,1305.0,952461,1221435,1316.0,-0.013698844358161915,0.2740065490287744,0.2603922314802964,0.256062886984499,17878.0,SA
2025-05-12,1299.0,1324.0,1285.0,1318.0,1575514,1233186,1302.0,0.009912395305658739,0.27492642979904786,0.26139019276586656,0.24350022266585808,11751.0,SA
2025-05-13,1328.0,1336.0,1287.0,1291.0,1467022,1349262,1310.0,-0.020698324215810006,0.2837860028829491,0.26304827705057976,0.24710987860555197,116076.0,SA
2025-05-14,1285.0,1348.0,1282.0,1345.0,2178231,1187203,1319.0,0.04097690118929694,0.3201018014163524,0.2704963896143784,0.2665732868746092,-162059.0,SA
2025-05-15,1344.0,1354.0,1322.0,1330.0,1654728,1270197,1335.0,-0.011215070820140068,0.292311690264854,0.2666830736043036,0.26994016435194107,82994.0,SA
2025-05-16,1324.0,1329.0,1289.0,1289.0,1509338,1380298,1309.0,-0.03131221827661211,0.310236575425691,0.2608131323393936,0.2748943480546465,110101.0,SA
2025-05-19,1282.0,1305.0,1272.0,1284.0,1565110,1496615,1286.0,-0.003886518689280936,0.308545068836593,0.2607368992182492,0.2786487429204473,116317.0,SA
2025-05-20,1280.0,1292.0,1271.0,1280.0,963240,1498128,1282.0,-0.003120127336243634,0.3074412892452727,0.2607059740948438,0.27683776078942113,1513.0,SA
2025-05-21,1277.0,1289.0,1268.0,1288.0,928850,1465721,1279.0,0.006230549750636163,0.2972771818320152,0.2576850477926726,0.270532635996305,-32407.0,SA
2025-05-22,1284.0,1296.0,1278.0,1286.0,934285,1441125,1285.0,-0.0015540018667342026,0.29307638497344485,0.25712456284151436,0.26792927966201363,-24596.0,SA
2025-05-23,1282.0,1289.0,1253.0,1253.0,1189627,1528480,1271.0,-0.02599594990149638,0.29949533863214817,0.2608953342584787,0.2694679839659272,87355.0,SA
2025-05-26,1251.0,1271.0,1251.0,1254.0,1103183,1502342,1260.0,0.0007977662967977106,0.24763081896890626,0.25939623351680247,0.25327757812278695,-26138.0,SA
2025-05-27,1253.0,1259.0,1226.0,1231.0,1313560,1559061,1240.0,-0.01851159500841246,0.24961669674018788,0.2605306029979522,0.2563323140720242,56719.0,SA
2025-05-28,1228.0,1236.0,1208.0,1215.0,1026244,1561375,1222.0,-0.013082770409804647,0.25032401545315325,0.2506622379760068,0.2584568176047761,2314.0,SA
2025-05-29,1211.0,1222.0,1185.0,1203.0,1732743,1492636,1205.0,-0.00992563979996993,0.2499753429141364,0.24958901629120703,0.26036467025650106,-68739.0,SA
2025-05-30,1198.0,1213.0,1185.0,1199.0,1419938,1421701,1196.0,-0.003330560947164611,0.24398752834393134,0.2488888022343257,0.26357233798887414,-70935.0,SA
2025-06-03,1185.0,1190.0,1173.0,1185.0,840854,1438866,1183.0,-0.011745101458282664,0.24147185578172403,0.2479917733775845,0.257056247703182,17165.0,SA
2025-06-04,1185.0,1232.0,1185.0,1225.0,2055705,1377453,1209.0,0.03319806940959583,0.2761429559836411,0.24972194089753935,0.26086663503184415,-61413.0,SA
2025-06-05,1214.0,1219.0,1187.0,1203.0,1448750,1443202,1202.0,-0.018122407004148477,0.2805554003162163,0.25138550289183265,0.2599778358356223,65749.0,SA
2025-06-06,1198.0,1226.0,1198.0,1212.0,1668174,1395811,1213.0,0.007453450654580972,0.2834400403117492,0.24951166158017252,0.25943893604937307,-47391.0,SA
2025-06-09,1207.0,1234.0,1195.0,1202.0,1746613,1513365,1213.0,-0.008285051534106917,0.28173958767569457,0.24975808046813355,0.2641284857057294,117554.0,SA
2025-06-10,1196.0,1217.0,1189.0,1208.0,1382030,1448567,1203.0,0.004979263399607364,0.2790356795612716,0.25027655805765164,0.2611057282428979,-64798.0,SA
2025-06-11,1206.0,1215.0,1190.0,1202.0,1273910,1496762,1203.0,-0.004979263399607338,0.2723783592038792,0.25020633391983554,0.2526464033699464,48195.0,SA
2025-06-12,1198.0,1199.0,1171.0,1175.0,1320541,1602361,1187.0,-0.022718688516893532,0.22412503496110253,0.252681269590511,0.23449063858905345,105599.0,SA
2025-06-13,1170.0,1178.0,1154.0,1156.0,1961422,1606385,1164.0,-0.016302377345936536,0.22616910790174694,0.25353814507921074,0.23306019265256606,4024.0,SA
2025-06-16,1152.0,1177.0,1151.0,1174.0,1198967,1546922,1163.0,0.015450951155718885,0.22041246553804725,0.2559562978020952,0.22881464387046369,-59463.0,SA
2025-06-17,1166.0,1175.0,1154.0,1159.0,985845,1577201,1165.0,-0.012859157048290003,0.22226655257959665,0.2564294942658057,0.22553236377504307,30279.0,SA
2025-06-18,1156.0,1179.0,1156.0,1170.0,1054254,1518131,1168.0,0.009446184452050116,0.2281184777167831,0.25758359147158805,0.2267243860431414,-59070.0,SA
2025-06-19,1167.0,1184.0,1167.0,1176.0,954176,1495456,1176.0,0.005115100666770409,0.22746168873095748,0.2570385492810855,0.22612052452902365,-22675.0,SA
2025-06-20,1174.0,1193.0,1164.0,1173.0,1464445,1468176,1177.0,-0.0025542798050967423,0.22731585946575283,0.2559273175386809,0.23017133705860562,-27280.0,SA
2025-06-23,1170.0,1179.0,1161.0,1173.0,1055251,1484849,1168.0,0.0,0.2132647604521587,0.24815872007724427,0.22456306156620182,16673.0,SA
2025-06-24,1169.0,1177.0,1147.0,1161.0,1505586,1569278,1165.0,-0.01028286695558392,0.214060905262082,0.2484483177771819,0.2286915358517346,84429.0,SA
2025-06-25,1158.0,1168.0,1152.0,1166.0,953401,1561404,1160.0,0.004297385212546173,0.20862998800318971,0.24875799302522061,0.22355527192469138,-7874.0,SA
2025-06-26,1164.0,1180.0,1162.0,1180.0,1105212,1529195,1172.0,0.011935350549272854,0.21100411434657537,0.2506232444892937,0.22062423952309987,-32209.0,SA
2025-06-27,1178.0,1205.0,1176.0,1196.0,2099577,1509488,1192.0,0.01346821705086661,0.21483219498742243,0.2509622723616415,0.21699917946652822,-19707.0,SA
2025-06-30,1194.0,1219.0,1180.0,1181.0,2260354,1588825,1199.0,-0.012621118313214788,0.2190313836691786,0.2506197411782482,0.22225339241257577,79337.0,SA
2025-07-01,1178.0,1180.0,1160.0,1165.0,1350466,1651335,1169.0,-0.013640450197561332,0.2203809101275178,0.25006912282292715,0.2231156994625699,62510.0,SA
2025-07-02,1163.0,1211.0,1158.0,1205.0,2704156,1470452,1185.0,0.033758479924954454,0.22152610711916765,0.26067577903107947,0.22801104275770726,-180883.0,SA
2025-07-03,1202.0,1208.0,1173.0,1183.0,2175716,1648012,1188.0,-0.01842598194636864,0.22184041414179695,0.26234776756919287,0.22955597494838859,177560.0,SA
2025-07-04,1175.0,1201.0,1170.0,1174.0,2130672,1700208,1184.0,-0.007636863590345027,0.22083227922093135,0.2609071296346061,0.23102523451157164,52196.0,SA
2025-07-07,1170.0,1177.0,1163.0,1168.0,1153042,1801178,1171.0,-0.005123836999869395,0.2198524064048527,0.25660621296270053,0.2221900149098438,100970.0,SA
2025-07-08,1166.0,1188.0,1165.0,1178.0,1309543,1693895,1177.0,0.008525200823359627,0.22156435808921535,0.2571738080765249,0.2205651325507209,-107283.0,SA
2025-07-09,1178.0,1198.0,1175.0,1194.0,1475079,1615142,1187.0,0.013490929741015288,0.22703760732328146,0.2586702906128522,0.21998730220509244,-78753.0,SA
2025-07-10,1194.0,1244.0,1190.0,1231.0,2884749,1427562,1213.0,0.030517832231906156,0.23582288810413418,0.26655332193586556,0.23400053670804105,-187580.0,SA
2025-07-11,1230.0,1242.0,1214.0,1217.0,2412036,1504722,1225.0,-0.011438033196926323,0.2313511592787174,0.2552042548549247,0.23492588720544189,77160.0,SA
2025-07-14,1215.0,1245.0,1206.0,1241.0,1798019,1532366,1222.0,0.019528692217080038,0.2347622767417262,0.2587856798222655,0.23980673747431744,27644.0,SA
2025-07-15,1240.0,1247.0,1202.0,1214.0,2241494,1585049,1226.0,-0.021996813585163612,0.2447784868812246,0.26131511618003495,0.24926130368586102,52683.0,SA
2025-07-16,1213.0,1221.0,1202.0,1208.0,1175788,1599050,1211.0,-0.004954593124683341,0.2445557078671206,0.26107015601810735,0.24797237590929486,14001.0,SA
2025-07-17,1207.0,1228.0,1207.0,1225.0,1359320,1559642,1216.0,0.013974744484067146,0.24821087763192648,0.25846070433304885,0.2487744072059721,-39408.0,SA
2025-07-18,1225.0,1241.0,1212.0,1216.0,1767658,1550466,1226.0,-0.00737406045271502,0.24996375623507508,0.2572578414760953,0.2483529055614652,-9176.0,SA
2025-07-21,1232.0,1309.0,1226.0,1295.0,3768310,1252579,1273.0,0.06294391160752587,0.33018834394042257,0.28655868397639156,0.2827688567300987,-297887.0,SA
2025-07-22,1296.0,1375.0,1292.0,1375.0,3110138,1074610,1329.0,0.05994303596703364,0.37752375777163316,0.29910518248313933,0.3072949024629915,-177969.0,SA
2025-07-23,1376.0,1394.0,1300.0,1338.0,3306814,1037320,1349.0,-0.02727776941249788,0.39805053276653274,0.30403927980517,0.33992032750462753,-37290.0,SA
2025-07-24,1330.0,1457.0,1305.0,1408.0,4341970,926728,1364.0,0.05099429602981402,0.4274466405439688,0.3208613567919773,0.4113485407032192,-110592.0,SA
2025-07-25,1411.0,1456.0,1405.0,1440.0,3331078,905272,1431.0,0.022472855852058576,0.42990999575343947,0.3239598740027687,0.4150467368637759,-21456.0,SA
2025-07-28,1430.0,1432.0,1316.0,1316.0,3574964,951913,1367.0,-0.09004628068478382,0.551711503301316,0.37289340669707866,0.4468437721945448,46641.0,SA
2025-07-29,1318.0,1330.0,1266.0,1318.0,2389909,843601,1305.0,0.0015186031771900596,0.5474099813658388,0.3712706806985009,0.4575117162579954,-108312.0,SA
2025-07-30,1318.0,1369.0,1292.0,1311.0,2798812,863744,1333.0,-0.00532523129875268,0.5388657858611212,0.36993617091832365,0.4641078996055592,20143.0,SA
2025-07-31,1296.0,1297.0,1228.0,1247.0,1986968,973994,1269.0,-0.050049538083663345,0.5672029558613854,0.3835576062999601,0.47431235228943336,110250.0,SA
2025-08-01,1248.0,1268.0,1239.0,1256.0,1446606,921096,1254.0,0.007191401348107631,0.5660915582172457,0.38391667564620113,0.4736056967695138,-52898.0,SA
2025-08-04,1261.0,1265.0,1220.0,1253.0,1145428,881160,1246.0,-0.002391392132075656,0.5656339842599649,0.3830079042780017,0.47913649511177736,-39936.0,SA
2025-08-05,1248.0,1286.0,1237.0,1271.0,993576,764764,1255.0,0.014263316293385656,0.5666659761225661,0.3836201406856262,0.4844093574302538,-116396.0,SA
2025-08-06,1377.0,1388.0,1339.0,1370.0,1680149,938980,1363.0,0.07500674763271654,0.6197595953338139,0.41113513203090113,0.48865315892101524,174216.0,SA
2025-08-07,1370.0,1381.0,1340.0,1357.0,1722592,1000997,1360.0,-0.009534358987301457,0.6158202725085372,0.40316991232292104,0.483733173960005,62017.0,SA
2025-08-08,1357.0,1359.0,1321.0,1332.0,1420313,1068376,1336.0,-0.01859480873453465,0.6188268824216211,0.4043309878388408,0.4850564497746922,67379.0,SA
2025-08-11,1326.0,1351.0,1321.0,1345.0,1574767,1125754,1338.0,0.009712440935605119,0.6166625728040201,0.39950121736737737,0.4826868117417056,57378.0,SA
2025-08-12,1345.0,1429.0,1332.0,1409.0,3235588,1153911,1388.0,0.046486219862740756,0.6261012654115736,0.4101366801319703,0.49917249585142287,28157.0,SA
2025-08-13,1408.0,1423.0,1375.0,1383.0,2490132,1217919,1405.0,-0.018625180233922047,0.6315066978957975,0.4121009837422905,0.5033612727411428,64008.0,SA
2025-08-14,1370.0,1405.0,1364.0,1400.0,2379833,1282237,1387.0,0.01221718393859185,0.6312731853241345,0.4125860059240397,0.5059501048627918,64318.0,SA
2025-08-15,1405.0,1442.0,1379.0,1395.0,3900775,1409890,1408.0,-0.0035778213478839666,0.6303033436342467,0.4126678636170789,0.512310364150609,127653.0,SA
2025-08-18,1398.0,1413.0,1370.0,1386.0,2509201,1398920,1394.0,-0.006472514505617479,0.5958823614994864,0.40909350941258943,0.49741494420005256,-10970.0,SA
2025-08-19,1388.0,1398.0,1355.0,1358.0,1779007,1428849,1378.0,-0.020408871631207123,0.5623256743222228,0.4115703280356206,0.48409148327261897,29929.0,SA
2025-08-20,1358.0,1364.0,1289.0,1309.0,2970244,1365953,1320.0,-0.03674954220874149,0.569188657771596,0.4169441622615473,0.4762258904939074,-62896.0,SA
2025-08-21,1314.0,1322.0,1299.0,1306.0,1274477,1383276,1312.0,-0.00229445607352352,0.5351862469805382,0.41597795289243983,0.41647661114640466,17323.0,SA
2025-08-22,1304.0,1327.0,1300.0,1326.0,1288354,1372601,1314.0,0.015197860909431522,0.5310966662274416,0.41629082048641314,0.41185703600446866,-10675.0,SA
2025-08-25,1328.0,1354.0,1321.0,1337.0,1963187,1386264,1335.0,0.008261406356135332,0.4249511055204749,0.4163788734911502,0.37443105163958296,13663.0,SA
2025-08-26,1336.0,1341.0,1308.0,1311.0,1291877,1399714,1327.0,-0.019638093338243293,0.4310147758608911,0.4177774812169491,0.36336275024714526,13450.0,SA
2025-08-27,1312.0,1325.0,1304.0,1307.0,1101340,1400264,1314.0,-0.0030557701394778847,0.43073887976930475,0.41271325133650205,0.3436201006176584,550.0,SA
2025-08-28,1308.0,1312.0,1283.0,1311.0,1483398,1384815,1297.0,0.003055770139477842,0.38866057468006804,0.41079762364587663,0.32688497205124134,-15449.0,SA
2025-08-29,1316.0,1318.0,1285.0,1296.0,1259256,1444659,1298.0,-0.011507606851479802,0.39130599489378864,0.41144290602213535,0.3276266746199226,59844.0,SA
2025-09-01,1296.0,1296.0,1255.0,1271.0,1529447,1428510,1270.0,-0.019478605722765985,0.39818365581818965,0.41315759702477434,0.32570450242048926,-16149.0,SA
2025-09-02,1271.0,1281.0,1264.0,1267.0,944932,1431428,1273.0,-0.003152090868315022,0.395134650878913,0.41315333876714716,0.31636102491732443,2918.0,SA
2025-09-03,1267.0,1289.0,1267.0,1276.0,961840,1420969,1277.0,0.007078283583596073,0.28186293431383946,0.41317241528834986,0.30918709054360727,-10459.0,SA
2025-09-04,1276.0,1283.0,1256.0,1277.0,1074843,1411723,1269.0,0.0007833921278040774,0.2813425589037851,0.4102312646694061,0.30584484733963924,-9246.0,SA
2025-09-05,1275.0,1311.0,1268.0,1302.0,1453415,1420427,1288.0,0.01938796673597519,0.28572304561082895,0.4101788956009761,0.3081057257504642,8704.0,SA
2025-09-08,1300.0,1303.0,1273.0,1293.0,1552283,1447567,1286.0,-0.0069364439966570985,0.2834574909917446,0.4096092181750408,0.30838573746409254,27140.0,SA
2025-09-09,1293.0,1299.0,1273.0,1278.0,1103470,1470520,1287.0,-0.011668743834377378,0.22014503570359134,0.4094382204558655,0.2732543472934883,22953.0,SA
2025-09-10,1271.0,1285.0,1252.0,1281.0,1336320,1449656,1271.0,0.0023446669592540547,0.21534845970185235,0.40912019025680346,0.2690932396024565,-20864.0,SA
2025-09-11,1281.0,1297.0,1275.0,1287.0,1102426,1440307,1286.0,0.004672905699392423,0.20952414108842035,0.40910467771770653,0.26415216995902774,-9349.0,SA
2025-09-12,1285.0,1295.0,1271.0,1290.0,1270526,1441918,1286.0,0.002328289759591168,0.21079450722736154,0.4090208762172824,0.24971367839500372,1611.0,SA
2025-09-15,1294.0,1314.0,1283.0,1308.0,1417714,1440311,1298.0,0.01385703466142628,0.21961543154171342,0.40977074439225114,0.24621302597535852,-1607.0,SA
2025-09-16,1320.0,1352.0,1318.0,1339.0,1973334,1338629,1337.0,0.02342381367402845,0.22813689277867089,0.4113271959454476,0.2431978265426949,-101682.0,SA
2025-09-17,1344.0,1346.0,1324.0,1334.0,1086896,1339542,1333.0,-0.003741119215603452,0.18535270948194368,0.41149544826229334,0.21435865653001235,913.0,SA
2025-09-18,1334.0,1342.0,1297.0,1306.0,1496213,1391918,1317.0,-0.02121291663919265,0.20110374242478685,0.41374415400856857,0.22317146152377113,52376.0,SA
2025-09-19,1305.0,1321.0,1301.0,1318.0,922285,1381981,1312.0,0.009146405226076203,0.1961637709674914,0.41331670686007327,0.2212457267198506,-9937.0,SA
2025-09-22,1320.0,1326.0,1287.0,1293.0,1348228,1420087,1307.0,-0.019150336290595028,0.20419364428309042,0.4144831247086933,0.22410440840488732,38106.0,SA
2025-09-23,1287.0,1290.0,1266.0,1273.0,1252408,1415505,1278.0,-0.01558878021445094,0.19996411455613625,0.41480384697713585,0.22139082425031922,-4582.0,SA
2025-09-24,1278.0,1336.0,1271.0,1307.0,2066042,1398447,1300.0,0.026358115066815412,0.22265091012535432,0.4126329190137621,0.24306060698415924,-17058.0,SA
2025-09-25,1311.0,1320.0,1300.0,1315.0,1176415,1387941,1311.0,0.006102230987642873,0.22346010938460192,0.4106836855325961,0.24057633051673422,-10506.0,SA
2025-09-26,1313.0,1316.0,1288.0,1293.0,1127426,1359763,1301.0,-0.016871565840007458,0.2279033781214978,0.41200978249062326,0.2388795572365659,-28178.0,SA
2025-09-29,1291.0,1295.0,1273.0,1278.0,956241,1307809,1284.0,-0.011668743834377378,0.2207326294164717,0.4126790399836566,0.2317928213703025,-51954.0,SA
2025-09-30,1276.0,1285.0,1253.0,1255.0,783278,1250366,1272.0,-0.018160783371595893,0.2299827960822162,0.41434586319014816,0.23619984741997435,-57443.0,SA
2025-10-09,1256.0,1268.0,1237.0,1250.0,756397,1317458,1251.0,-0.00399202126953745,0.22852416261563882,0.4136587715227578,0.2391994568384771,67092.0,SA
2025-10-10,1255.0,1275.0,1233.0,1240.0,1212011,1436590,1253.0,-0.008032171697264267,0.22972633469426096,0.40937173550524847,0.24542871660353527,119132.0,SA
2025-10-13,1238.0,1254.0,1224.0,1247.0,1110319,1378440,1243.0,0.005629287080953875,0.21814756494004195,0.4088116953855449,0.2405504246165238,-58150.0,SA
2025-10-14,1247.0,1249.0,1218.0,1234.0,1219106,1384354,1229.0,-0.010479741214703369,0.21952416118260867,0.4074506206900881,0.2413840156580956,5914.0,SA
2025-10-15,1233.0,1238.0,1222.0,1232.0,794201,1377333,1231.0,-0.001622060371868055,0.21675999547079552,0.4049245174619778,0.23913629675068113,-7021.0,SA
2025-10-16,1235.0,1240.0,1213.0,1235.0,1149355,1387422,1227.0,0.0024321049686123948,0.21678238795642846,0.40480328921915826,0.23731755427932277,10089.0,SA
2025-10-17,1240.0,1240.0,1196.0,1209.0,1045011,1405646,1219.0,-0.02127739844728485,0.22577090760287777,0.4061758563858542,0.24674865052185402,18224.0,SA
2025-10-20,1214.0,1239.0,1212.0,1219.0,1199778,1369450,1228.0,0.00823727886647893,0.22859811436832436,0.406260638230043,0.24798344056109142,-36196.0,SA
2025-10-21,1217.0,1220.0,1194.0,1210.0,992204,1391387,1207.0,-0.00741049089048479,0.2203891191567516,0.38492526747459616,0.24701839878630205,21937.0,SA
2025-10-22,1211.0,1230.0,1205.0,1223.0,773292,1390463,1220.0,0.010686497096385483,0.20357466790923645,0.3643932134580189,0.24493785516263106,-924.0,SA
2025-10-23,1225.0,1242.0,1214.0,1235.0,978864,1392523,1228.0,0.009764113374905141,0.20976938221705035,0.36131637420225593,0.2472130082894985,2060.0,SA
2025-10-24,1235.0,1238.0,1220.0,1229.0,845930,1407877,1229.0,-0.004870139496042774,0.19969185414305432,0.34464306043360976,0.23840461808114172,15354.0,SA
2025-10-27,1227.0,1253.0,1224.0,1246.0,1292776,1387064,1239.0,0.013737589781363649,0.2039914239798448,0.3424403661617288,0.24137022023722912,-20813.0,SA
2025-10-28,1248.0,1258.0,1235.0,1239.0,926219,1387072,1245.0,-0.00563381771825602,0.19515012966760903,0.2902836689042781,0.2361709600407008,8.0,SA
2025-10-29,1236.0,1260.0,1231.0,1259.0,1203640,1355081,1249.0,0.016013152415204665,0.198436117467126,0.2923182561700935,0.23797283964126023,-31991.0,SA
2025-10-30,1257.0,1258.0,1221.0,1235.0,1235717,1332613,1242.0,-0.019246784982269595,0.1818729143593888,0.29461112856184735,0.22233694755824546,-22468.0,SA
2025-10-31,1235.0,1242.0,1222.0,1225.0,824645,1321166,1233.0,-0.008130126083250176,0.17961939995874418,0.2769315152643566,0.22264546789202436,-11447.0,SA
2025-11-03,1222.0,1229.0,1190.0,1202.0,1599801,1448010,1210.0,-0.018954007883674472,0.1817901479839322,0.2790702137472023,0.22841651362595408,126844.0,SA
2025-11-04,1199.0,1202.0,1186.0,1189.0,849051,1488028,1194.0,-0.010874218404371049,0.1813501189557131,0.2798200696318635,0.22728855525968156,40018.0,SA
2025-11-05,1190.0,1203.0,1188.0,1195.0,837701,1451031,1197.0,0.005033567674829123,0.17530151245169096,0.2783347341854575,0.22249209116160515,-36997.0,SA
2025-11-06,1194.0,1209.0,1193.0,1207.0,730770,1419760,1201.0,0.009991756731920398,0.18057490347986557,0.23062850806144164,0.21803860612603013,-31271.0,SA
2025-11-07,1209.0,1214.0,1201.0,1210.0,603881,1369998,1208.0,0.0024824174932553587,0.17958578889046203,0.23029380366018454,0.2073765902974771,-49762.0,SA
2025-11-10,1209.0,1230.0,1188.0,1226.0,1542782,1340230,1211.0,0.013136477905369981,0.18522839324631896,0.22966083470635418,0.2140177980023685,-29768.0,SA
2025-11-11,1225.0,1238.0,1209.0,1215.0,1296721,1308272,1225.0,-0.009012760721507918,0.18429507073645837,0.22900764560130155,0.21328123412252353,-31958.0,SA
2025-11-12,1214.0,1225.0,1207.0,1214.0,689506,1316241,1216.0,-0.0008233841552052118,0.1842684482181198,0.2060422843880972,0.21380808858592673,7969.0,SA
2025-11-13,1212.0,1247.0,1205.0,1239.0,1293945,1326710,1229.0,0.020383910009698858,0.19869530033237817,0.20846437107423826,0.22095471224063737,10469.0,SA
2025-11-14,1239.0,1242.0,1220.0,1226.0,888511,1286117,1229.0,-0.010547765132985736,0.18672271675318974,0.20713818250791746,0.2106567313737213,-40593.0,SA
2025-11-17,1224.0,1236.0,1206.0,1231.0,1180618,1266753,1221.0,0.0040700096882969,0.18508288051717045,0.20751242226360364,0.2119189309748854,-19364.0,SA
2025-11-18,1233.0,1236.0,1208.0,1214.0,921013,1263265,1220.0,-0.013906154565009897,0.19008828798516456,0.2087296944093694,0.21256693605574212,-3488.0,SA
2025-11-19,1213.0,1214.0,1180.0,1182.0,1379423,1345723,1193.0,-0.02671277365340006,0.20799573432177726,0.2114379097563766,0.21661382929660083,82458.0,SA
2025-11-20,1184.0,1185.0,1155.0,1158.0,1245292,1330295,1169.0,-0.020513539833102903,0.2135020075367561,0.20264791524601447,0.21804096823302951,-15428.0,SA
2025-11-21,1170.0,1178.0,1163.0,1170.0,1001830,1310196,1171.0,0.010309369658861287,0.21864055527307716,0.20420872013512398,0.21752047775928487,-20099.0,SA
2025-11-24,1167.0,1194.0,1161.0,1183.0,1088625,1252705,1176.0,0.011049836186584935,0.2162136481648714,0.20291431811340374,0.21996487803972942,-57491.0,SA
2025-11-25,1182.0,1182.0,1169.0,1173.0,738801,1250396,1175.0,-0.00848901532491131,0.21697609895260941,0.2022389239712159,0.21771751346408902,-2309.0,SA
2025-11-26,1170.0,1181.0,1164.0,1175.0,716458,1222993,1173.0,0.001703577924783829,0.20634309588547206,0.19910061349883948,0.21425289934474157,-27403.0,SA
2025-11-27,1173.0,1187.0,1169.0,1176.0,670488,1200590,1177.0,0.0008507018803128285,0.1981742267487443,0.19915799376409574,0.20721747196411666,-22403.0,SA
2025-11-28,1174.0,1194.0,1174.0,1177.0,868870,1180219,1182.0,0.0008499788017045162,0.1973275647172332,0.19898279500168897,0.2074545181259633,-20371.0,SA
2025-12-01,1175.0,1179.0,1155.0,1176.0,990508,1156882,1168.0,-0.0008499788017045179,0.1869684205586898,0.19796558945536447,0.20063895886723976,-23337.0,SA
2025-12-02,1177.0,1191.0,1175.0,1183.0,814731,1108996,1183.0,0.0059347355198145265,0.18483099225031221,0.19502583448686212,0.20067665080247293,-47886.0,SA
2025-12-03,1182.0,1184.0,1156.0,1165.0,711103,1103091,1169.0,-0.015332497978585852,0.1910861018691578,0.19711718355910338,0.20528922820429807,-5905.0,SA
2025-12-04,1160.0,1164.0,1147.0,1162.0,668103,1066050,1155.0,-0.002578428587944365,0.18644912762194732,0.19634152736581256,0.20571670910155768,-37041.0,SA
2025-12-05,1158.0,1162.0,1131.0,1137.0,759888,1061023,1145.0,-0.021749443661320447,0.19826405076810402,0.2005444736971323,0.21235180911609264,-5027.0,SA
2025-12-08,1133.0,1152.0,1124.0,1133.0,766538,997603,1139.0,-0.0035242327225297743,0.18882446339143585,0.19561463322747735,0.20586622962119175,-63420.0,SA
2025-12-09,1130.0,1135.0,1120.0,1125.0,524961,953689,1127.0,-0.007085946389485835,0.18826601074350188,0.19562982975716764,0.20160795971124865,-43914.0,SA
2025-12-10,1123.0,1126.0,1091.0,1094.0,863628,874310,1107.0,-0.027942331656593992,0.2061030889453941,0.20165274648114107,0.21012659459275362,-79379.0,SA
2025-12-11,1099.0,1111.0,1088.0,1103.0,667548,767777,1103.0,0.008193036271575853,0.19007177711603762,0.2026103763200346,0.20207441913003385,-106533.0,SA
2025-12-12,1151.0,1155.0,1123.0,1126.0,660646,890377,1140.0,0.020637789446133196,0.21071015607374624,0.20756331911179585,0.20725123386194538,122600.0,SA
2025-12-15,1123.0,1167.0,1123.0,1156.0,936522,915836,1154.0,0.026294240532687002,0.23545947095127223,0.21540888425812577,0.2165418813913946,25459.0,SA
2025-12-16,1160.0,1176.0,1146.0,1170.0,1021602,951014,1161.0,0.012037978559479098,0.23771092718729722,0.2148789878749871,0.21802239562628198,35178.0,SA
2025-12-17,1170.0,1176.0,1158.0,1170.0,670127,963543,1168.0,0.0,0.2189645897560962,0.20842375061026114,0.21205770065992657,12529.0,SA
2025-12-18,1173.0,1203.0,1170.0,1193.0,1117356,932468,1190.0,0.01946739430611424,0.2165186558911628,0.21305218016226463,0.21328853282249904,-31075.0,SA
2025-12-19,1193.0,1193.0,1167.0,1176.0,778149,970991,1178.0,-0.014352293639343938,0.22081293450310266,0.2108607613091601,0.21665771309457868,38523.0,SA
2025-12-22,1176.0,1180.0,1157.0,1169.0,768926,995047,1168.0,-0.005970166986503796,0.21804757589825272,0.20980659634359292,0.21247563077423964,24056.0,SA
2025-12-23,1169.0,1180.0,1160.0,1175.0,750936,1002054,1169.0,0.005119465106190995,0.21687030489599468,0.20723305736407155,0.21427070007439314,7007.0,SA
2025-12-24,1176.0,1190.0,1165.0,1184.0,836178,999928,1178.0,0.007630388865691733,0.21845877723698806,0.20600561036510517,0.21678692839966315,-2126.0,SA
2025-12-25,1183.0,1195.0,1174.0,1184.0,713289,995846,1184.0,0.0,0.21845544165033337,0.19792817623690703,0.21762592522705682,-4082.0,SA
2025-12-26,1185.0,1207.0,1171.0,1200.0,1180115,1009589,1188.0,0.01342302033214077,0.22331114983209224,0.19969890932195833,0.22407186981689897,13743.0,SA
2025-12-29,1196.0,1203.0,1176.0,1181.0,947224,1043967,1187.0,-0.015960019578729407,0.23118072898956488,0.19941054823455487,0.22499850652655237,34378.0,SA
2025-12-30,1179.0,1218.0,1178.0,1213.0,1094842,1005705,1201.0,0.026735092746687762,0.24896815089209562,0.20640636435175802,0.23415088332276196,-38262.0,SA
2025-12-31,1213.0,1218.0,1197.0,1209.0,780043,952613,1209.0,-0.0033030583292574024,0.24195841860578501,0.2033377819010819,0.23153399108325712,-53092.0,SA
2026-01-05,1205.0,1206.0,1169.0,1177.0,896697,1053853,1186.0,-0.026824743354515984,0.26214565275364093,0.2101677792439417,0.23876694583383676,101240.0,SA
2026-01-06,1178.0,1191.0,1172.0,1190.0,744640,1056646,1182.0,0.010984478845298302,0.2506519392762802,0.21105562720333776,0.23426291903820023,2793.0,SA
2026-01-07,1196.0,1277.0,1188.0,1271.0,2265605,1041220,1237.0,0.06585068508387897,0.3352528852430496,0.2507556113534,0.2750977547306037,-15426.0,SA
2026-01-08,1269.0,1271.0,1222.0,1239.0,2109438,1172456,1248.0,-0.025499389560311576,0.350500998419747,0.2553285943106603,0.28609330643956243,131236.0,SA
2026-01-09,1241.0,1242.0,1204.0,1228.0,1466816,1170489,1223.0,-0.008917772922054656,0.33312120943987283,0.255966653573605,0.2858448052098553,-1967.0,SA
2026-01-12,1232.0,1242.0,1214.0,1239.0,1251702,1194511,1228.0,0.008917772922054569,0.3332002079268147,0.256575231604359,0.28649329380353983,24022.0,SA
2026-01-13,1242.0,1242.0,1209.0,1212.0,1041362,1206897,1224.0,-0.022032714999882692,0.3422510233213211,0.2568458057075646,0.28598747091343707,12386.0,SA
2026-01-14,1211.0,1232.0,1206.0,1222.0,1052582,1191485,1218.0,0.008216973102280804,0.33235918075640825,0.25684306344912244,0.2778141868402019,-15412.0,SA
2026-01-15,1228.0,1228.0,1185.0,1193.0,1262208,1222455,1201.0,-0.02401771763362456,0.34340188673728306,0.2610866486385886,0.282662486134527,30970.0,SA
2026-01-16,1195.0,1216.0,1182.0,1192.0,1105955,1195966,1196.0,-0.0008385744726210274,0.34344595787821697,0.2601017133096635,0.287143256327291,-26489.0,SA
2026-01-19,1190.0,1215.0,1186.0,1192.0,1077172,1157011,1201.0,0.0,0.33644673113389106,0.25924271725200876,0.2856473082453062,-38955.0,SA
2026-01-20,1194.0,1195.0,1173.0,1177.0,779748,1153720,1182.0,-0.012663740365018319,0.33555350275747303,0.2602739340903586,0.28453831664189905,-3291.0,SA
2026-01-21,1175.0,1179.0,1161.0,1163.0,652780,1173371,1168.0,-0.011965954741612274,0.33763030581801057,0.2595109960955709,0.2833413966433317,19651.0,SA
2026-01-22,1166.0,1185.0,1159.0,1185.0,825258,1160131,1174.0,0.01873990105056723,0.34386099068792547,0.2624783748037548,0.28492783069235617,-13240.0,SA
2026-01-23,1186.0,1200.0,1178.0,1198.0,992183,1150904,1188.0,0.01091072510616301,0.34495941875909875,0.2613021952692608,0.28406869999718615,-9227.0,SA
2026-01-26,1197.0,1210.0,1183.0,1205.0,1187842,1160211,1197.0,0.005826067249360688,0.3454434493835255,0.25881362263953545,0.2856113309835353,9307.0,SA
2026-01-27,1202.0,1206.0,1188.0,1194.0,784335,1163150,1194.0,-0.009170551972207942,0.3438805126855518,0.25895380386953204,0.28010662429446315,2939.0,SA
2026-01-28,1190.0,1206.0,1176.0,1198.0,856802,1185982,1193.0,0.00334448472284735,0.33901552430455906,0.25617926837855565,0.2810648922576669,22832.0,SA
2026-01-29,1200.0,1225.0,1193.0,1224.0,1187979,1193382,1210.0,0.02147068439687665,0.3341753249236467,0.25888502732011004,0.27772152552391577,7400.0,SA
2026-01-30,1223.0,1230.0,1197.0,1204.0,1355253,1178508,1211.0,-0.016474837203505097,0.3393276131047876,0.26099741017596506,0.28124728977020974,-14874.0,SA
2026-02-02,1197.0,1235.0,1192.0,1203.0,1744299,1153944,1215.0,-0.0008309098940875034,0.3246252377798396,0.2601975032391108,0.2835216517789574,-24564.0,SA
2026-02-03,1211.0,1215.0,1187.0,1201.0,988068,1166259,1204.0,-0.0016638938946953808,0.32262786776679125,0.26016379804458456,0.28577839343666633,12315.0,SA
2026-02-04,1208.0,1234.0,1201.0,1229.0,1434709,1178805,1219.0,0.023046287486051226,0.23094022566321382,0.26307424167127536,0.24789637949511445,12546.0,SA
2026-02-05,1225.0,1227.0,1201.0,1209.0,960189,1142014,1212.0,-0.016407258951242155,0.22060729114443012,0.2645812229004444,0.23780689231759294,-36791.0,SA
2026-02-06,1203.0,1205.0,1184.0,1190.0,912355,1149863,1193.0,-0.015840264509217643,0.22509528291274772,0.2665278969397281,0.23150040388864304,7849.0,SA
2026-02-09,1186.0,1196.0,1165.0,1181.0,1050041,1163071,1181.0,-0.007591769908212738,0.2225256964187218,0.26341328172682393,0.23314723080338126,13208.0,SA
2026-02-10,1181.0,1187.0,1171.0,1171.0,637749,1186285,1178.0,-0.008503452599644998,0.21169502838019888,0.2631255916957178,0.22785627755267027,23214.0,SA
2026-02-11,1171.0,1184.0,1162.0,1178.0,542272,1179771,1173.0,0.005960000613814732,0.2104476690344237,0.2633009722957616,0.22683324780775505,-6514.0,SA
2026-02-12,1175.0,1180.0,1157.0,1162.0,620552,1166076,1169.0,-0.013675426799675495,0.19896605099029752,0.263252477727723,0.21788118087623579,-13695.0,SA
2026-02-13,1165.0,1169.0,1148.0,1150.0,548459,1098537,1162.0,-0.010380716054560741,0.2015084437455336,0.2584898684430204,0.21290349740988754,-67539.0,SA
2026-02-24,1161.0,1175.0,1146.0,1169.0,547836,1149433,1161.0,0.016386740114772744,0.21150802126469145,0.25732983311674085,0.21333640505675852,50896.0,SA
2026-02-25,1170.0,1193.0,1169.0,1191.0,1013445,1159378,1185.0,0.01864460788323159,0.21761718414224013,0.2592782789348629,0.21405083262198207,9945.0,SA
2026-02-26,1195.0,1195.0,1175.0,1191.0,741067,1133889,1183.0,0.0,0.21258613663005727,0.25831569702525936,0.2145575461219233,-25489.0,SA
2026-02-27,1186.0,1195.0,1176.0,1194.0,757968,1137958,1185.0,0.0025157245972473705,0.20245985803833402,0.2577390829831067,0.2120709140307394,4069.0,SA
2026-03-02,1197.0,1212.0,1171.0,1188.0,1270083,1141408,1191.0,-0.005037794029957181,0.1993715213870107,0.2579503120968257,0.2208389787434215,3450.0,SA
2026-03-03,1188.0,1221.0,1171.0,1218.0,1259906,1141484,1189.0,0.024938948347252146,0.21784495309151944,0.2628540847383688,0.23314321574589594,76.0,SA
2026-03-04,1214.0,1225.0,1194.0,1203.0,1487823,1093988,1210.0,-0.012391732295163497,0.22002039136434384,0.2641838635056974,0.23727247155726916,-47496.0,SA
2026-03-05,1200.0,1243.0,1196.0,1225.0,1456433,1114253,1221.0,0.018122407004148525,0.2286775844979482,0.2666415168636123,0.24522582779533156,20265.0,SA
2026-03-06,1229.0,1247.0,1216.0,1242.0,1147769,1144842,1231.0,0.01378213951459666,0.2211643346272772,0.26777550795802185,0.24460989348199752,30589.0,SA
2026-03-09,1254.0,1330.0,1245.0,1276.0,3001396,1085989,1293.0,0.027007201411311018,0.22991400303939868,0.2708884959088611,0.27597837415771104,-58853.0,SA
2026-03-10,1269.0,1278.0,1220.0,1235.0,1736166,1040085,1245.0,-0.03265921484265765,0.26201490073821737,0.2796332762054714,0.28324463172844866,-45904.0,SA
2026-03-11,1240.0,1258.0,1224.0,1255.0,1029158,1039255,1243.0,0.016064602503806622,0.2668180821598987,0.2772318430652936,0.2848882051149403,-830.0,SA
2026-03-12,1265.0,1305.0,1252.0,1256.0,1801627,989401,1273.0,0.0007964954622596354,0.2552911344583635,0.27703064233166097,0.2925724792989346,-49854.0,SA
2026-03-13,1262.0,1292.0,1258.0,1277.0,1156590,973843,1277.0,0.01658150900439533,0.25217051176567773,0.2780542448509703,0.2945113679167982,-15558.0,SA
2026-03-16,1270.0,1275.0,1242.0,1256.0,1156521,967663,1261.0,-0.016581509004395346,0.2529015455293566,0.2737852352079365,0.2973948033702022,-6180.0,SA
2026-03-17,1246.0,1254.0,1231.0,1243.0,791411,964268,1243.0,-0.010404255517432898,0.2545971554592599,0.2747196902082822,0.29475292699963357,-3395.0,SA
2026-03-18,1242.0,1250.0,1205.0,1211.0,896361,963404,1226.0,-0.026081347957618902,0.271659532159734,0.27781809828324766,0.3034952965555391,-864.0,SA
2026-03-19,1226.0,1229.0,1204.0,1217.0,804935,944500,1217.0,0.004942349434434839,0.27147230310343207,0.27302760167422024,0.3040190813205665,-18904.0,SA
2026-03-20,1212.0,1217.0,1194.0,1202.0,775438,926643,1207.0,-0.01240197789237423,0.2705635206272493,0.2733442784988812,0.3038453738669542,-17857.0,SA
2026-03-23,1204.0,1266.0,1198.0,1256.0,1401290,849611,1237.0,0.04394523193299106,0.30469026614855216,0.2873955625191284,0.32339181950132695,-77032.0,SA
2026-03-24,1231.0,1257.0,1225.0,1240.0,970537,838523,1240.0,-0.012820688429061434,0.30707151147946166,0.2862458545468541,0.32367363516298053,-11088.0,SA
2026-03-25,1242.0,1257.0,1220.0,1244.0,925194,840788,1240.0,0.003220614700042157,0.30148887999545015,0.28458758339263424,0.3269969845609862,2265.0,SA
2026-03-26,1247.0,1248.0,1215.0,1225.0,727837,826947,1230.0,-0.015391150320297408,0.30779597669126707,0.2862016001136169,0.3299703235759762,-13841.0,SA
2026-03-27,1232.0,1239.0,1219.0,1229.0,580165,798009,1228.0,0.003259986587207501,0.30784248447640467,0.28610728443452954,0.3300246949593199,-28938.0,SA
2026-03-30,1234.0,1234.0,1204.0,1207.0,735475,826819,1215.0,-0.018062888468503284,0.3148167683134645,0.28828736117574905,0.3260487943681889,28810.0,SA
2026-03-31,1202.0,1206.0,1177.0,1177.0,636870,790860,1189.0,-0.025169113837254776,0.314094913904318,0.292946267775823,0.31795748905038856,-35959.0,SA
2026-04-01,1180.0,1183.0,1166.0,1167.0,546428,787089,1173.0,-0.008532474973720703,0.3126614268668154,0.2920789426688071,0.31476902324794387,-3771.0,SA
2026-04-02,1168.0,1176.0,1164.0,1172.0,496592,774956,1170.0,0.004275337850401946,0.3049534970404475,0.29044622566745343,0.304722022743219,-12133.0,SA
2026-04-03,1171.0,1175.0,1152.0,1155.0,447943,742717,1161.0,-0.01461134718106406,0.30186692984480196,0.28647786155773075,0.3029196127456287,-32239.0,SA
2026-04-07,1161.0,1164.0,1141.0,1145.0,397448,730116,1152.0,-0.008695706967553932,0.27976974689426604,0.28688737603683256,0.27182978979870537,-12601.0,SA
2026-04-08,1153.0,1157.0,1140.0,1149.0,453953,690158,1150.0,0.003487361860415711,0.26208608614795126,0.28191285451187953,0.25525233462558505,-39958.0,SA
2026-04-09,1145.0,1153.0,1135.0,1136.0,431436,686311,1142.0,-0.011378678567659043,0.25277502653637846,0.2817815519454386,0.25076971101206924,-3847.0,SA
2026-04-10,1137.0,1159.0,1123.0,1146.0,643512,614224,1140.0,0.008764297993588258,0.2567104023405588,0.24647012387509895,0.24418086043613366,-72087.0,SA
2026-04-13,1147.0,1163.0,1140.0,1143.0,431287,537468,1148.0,-0.0026212334798741926,0.24457005802451529,0.24149335386871826,0.2412814057492832,-76756.0,SA
2026-04-14,1210.0,1227.0,1210.0,1220.0,386423,737080,1218.0,0.06519447393249159,0.34590567653955573,0.27649268584877296,0.23663062119004083,199612.0,SA
2026-04-15,1221.0,1230.0,1215.0,1226.0,351106,779107,1222.0,0.0049059787688544056,0.3449271464004293,0.2760586413483471,0.234793259948332,42027.0,SA
2026-04-16,1228.0,1244.0,1225.0,1241.0,644380,839622,1235.0,0.012160668708450574,0.3342167888164854,0.27339789977804846,0.223909418377052,60515.0,SA
2026-04-17,1238.0,1248.0,1225.0,1238.0,630134,866886,1235.0,-0.002420331960065807,0.334152570923098,0.2729700953368338,0.22313943546117404,27264.0,SA
2026-04-20,1235.0,1250.0,1232.0,1247.0,638189,885710,1241.0,0.007243492435495104,0.3311017337133,0.26863406312694993,0.22158175906733368,18824.0,SA
2026-04-21,1245.0,1257.0,1241.0,1247.0,514606,893173,1248.0,0.0,0.29167231509786556,0.26861866486972796,0.18999106508237124,7463.0,SA
2026-04-22,1249.0,1266.0,1235.0,1266.0,787065,906714,1253.0,0.015121657024085005,0.2926934443988696,0.27020809167611926,0.18939257930888476,13541.0,SA
2026-04-23,1270.0,1272.0,1254.0,1254.0,597546,899128,1263.0,-0.009523881511255479,0.2949026437392139,0.26961047973914326,0.1809997389779595,-7586.0,SA
2026-04-24,1254.0,1265.0,1245.0,1247.0,470164,890710,1255.0,-0.005597775512829602,0.28999424504513843,0.2686187111929312,0.1751234977352522,-8418.0,SA
2026-04-27,1245.0,1263.0,1242.0,1259.0,540655,910073,1255.0,0.00957708836431077,0.2915295375300968,0.26672254428335096,0.1753330923910828,19363.0,SA
2026-04-28,1259.0,1264.0,1223.0,1237.0,917026,912404,1240.0,-0.017628661651859247,0.29115570390890205,0.2685888475787835,0.18141906297893223,2331.0,SA
2026-04-29,1241.0,1247.0,1236.0,1238.0,519753,897335,1241.0,0.0008080808520535348,0.2741565031632956,0.2683651180322155,0.17491655541416795,-15069.0,SA
2026-04-30,1241.0,1244.0,1225.0,1239.0,643232,850665,1234.0,0.0008074283846010674,0.2711716789687186,0.26762126172621253,0.17526901013895393,-46670.0,SA
2026-05-06,1235.0,1274.0,1235.0,1267.0,622370,917476,1256.0,0.022347298691996618,0.2796894384604878,0.27122878499064534,0.18601857571212313,66811.0,SA
2026-05-07,1265.0,1271.0,1251.0,1266.0,782883,954501,1262.0,-0.0007895776170175851,0.27181269114530887,0.2678720167118592,0.1843235967802025,37025.0,SA
2026-05-08,1263.0,1265.0,1224.0,1228.0,950356,1004238,1244.0,-0.03047549399703374,0.2956776486515199,0.2731183095266814,0.19254534019247962,49737.0,SA
2026-05-11,1226.0,1229.0,1212.0,1227.0,854078,1045930,1221.0,-0.0008146639961763357,0.29607084409448353,0.27311801919895645,0.1922513851402501,41692.0,SA
2026-05-12,1226.0,1233.0,1216.0,1221.0,678565,1049272,1224.0,-0.0049019706002067795,0.2927169073265596,0.273298068839856,0.19160743719483705,3342.0,SA
2026-05-13,1218.0,1226.0,1209.0,1222.0,659658,1062418,1218.0,0.0008186656208359037,0.2922227907258795,0.2691859519561636,0.181944026523188,13146.0,SA
2026-05-14,1223.0,1228.0,1206.0,1208.0,629826,1113876,1216.0,-0.011522761236780374,0.2962274915575023,0.2681142745352498,0.1810475287237903,51458.0,SA
2026-05-15,1205.0,1213.0,1189.0,1190.0,700380,1176989,1201.0,-0.015012792389185209,0.19077692817088776,0.26791254993104496,0.18357863993354762,63113.0,SA
2026-05-18,1192.0,1206.0,1185.0,1198.0,817056,1175206,1195.0,0.0067001925698195654,0.191641582476911,0.267784831680939,0.18550886877665865,-1783.0,SA
2026-05-19,1199.0,1200.0,1188.0,1193.0,424845,1193962,1194.0,-0.0041823565774785285,0.18530598387367211,0.26733200516303096,0.1838503300768644,18756.0,SA
2026-05-20,1193.0,1194.0,1175.0,1178.0,598971,1242462,1182.0,-0.012653057886384073,0.1891237910161603,0.2683630777826825,0.18275948815723256,48500.0,SA
2026-05-21,1176.0,1202.0,1175.0,1182.0,796727,1218629,1189.0,0.003389833754511524,0.18699454902130513,0.26693523427430826,0.1864926099086118,-23833.0,SA
2026-05-22,1182.0,1187.0,1175.0,1181.0,492465,1233211,1182.0,-0.0008463817686811865,0.18685903402889048,0.2660290338876782,0.18575549367755784,14582.0,SA
2026-05-25,1178.0,1230.0,1177.0,1218.0,1172713,1149551,1209.0,0.03084863207247998,0.213053221578468,0.27128746602577236,0.20119761343653816,-83660.0,SA
2026-05-26,1222.0,1222.0,1191.0,1198.0,938174,1154841,1200.0,-0.016556669594447654,0.2177495561538729,0.27092822362043434,0.2062558351684348,5290.0,SA
2026-05-27,1198.0,1210.0,1197.0,1202.0,611512,1148950,1203.0,0.003333336419758217,0.21825020636932502,0.271008560177836,0.20474983220141746,-5891.0,SA
2026-05-28,1196.0,1207.0,1196.0,1204.0,497145,1149650,1202.0,0.0016625107736134572,0.214566324714708,0.2709826388707183,0.202565901940374,700.0,SA
2026-05-29,1207.0,1218.0,1202.0,1215.0,717814,1107329,1211.0,0.009094729905882407,0.2100923462094892,0.271373876781333,0.19214370407311454,-42321.0,SA
2026-06-01,1217.0,1234.0,1209.0,1221.0,952322,1073494,1223.0,0.0049261183360557815,0.21103454131689073,0.2667329339852846,0.19609666946687146,-33835.0,SA
2026-06-02,1222.0,1223.0,1205.0,1206.0,533748,1104837,1211.0,-0.012361096823573975,0.21490420383403347,0.2667268905904477,0.19590070146488248,31343.0,SA
2026-06-03,1205.0,1213.0,1193.0,1200.0,661215,1108480,1202.0,-0.004987541511039051,0.19615690671832248,0.26424881275943723,0.1877905528949172,3643.0,SA
2026-06-04,1200.0,1210.0,1180.0,1182.0,773344,1160633,1193.0,-0.015113637810048184,0.20078821663872937,0.2642864786914439,0.19228319606483374,52153.0,SA
2026-06-05,1180.0,1186.0,1161.0,1162.0,799388,1248379,1171.0,-0.017065260554186983,0.1817152134350348,0.25989479920277675,0.18472938089900723,87746.0,SA
2026-06-08,1160.0,1165.0,1154.0,1157.0,684134,1279228,1159.0,-0.004312210218179954,0.18164271473810167,0.25183817053396085,0.18345573299930726,30849.0,SA
2026-06-09,1157.0,1159.0,1149.0,1152.0,648136,1336847,1154.0,-0.0043308859378400795,0.18157263885986683,0.24938143798076728,0.18200427058483828,57619.0,SA
2026-06-10,1150.0,1157.0,1144.0,1152.0,700035,1355378,1150.0,0.0,0.18137448204713946,0.2493566414868405,0.18116889900718058,18531.0,SA
2026-06-11,1150.0,1164.0,1148.0,1158.0,698984,1337031,1156.0,0.00519481687710393,0.18060583183887682,0.24694106638169472,0.17947840413779026,-18347.0,SA
2026-06-12,1155.0,1158.0,1148.0,1150.0,600400,1394526,1153.0,-0.006932436775644791,0.17519052199780422,0.24524526592681947,0.17536004340893976,57495.0,SA
2026-06-15,1152.0,1177.0,1150.0,1168.0,1150913,1282293,1168.0,0.01553094203087666,0.18335982221159522,0.24694962307621932,0.17829192062002297,-112233.0,SA
2026-06-16,1170.0,1174.0,1158.0,1163.0,624192,1299512,1165.0,-0.004290010869507931,0.1833827297674874,0.2415321033626718,0.17939220875429712,17219.0,SA
2026-06-17,1162.0,1170.0,1148.0,1150.0,691761,1311121,1162.0,-0.011240931161368713,0.18229446034346203,0.24219564494182308,0.18068215270089524,11609.0,SA
2026-06-18,1151.0,1152.0,1125.0,1127.0,1050327,1403465,1136.0,-0.020202707317519466,0.19322913849391019,0.24427393413075507,0.18125930943692306,92344.0,SA
2026-06-22,1126.0,1135.0,1123.0,1128.0,409742,1426618,1128.0,0.0008869180182279546,0.19350741137820146,0.2257594865428807,0.18138027315894356,23153.0,SA
2026-06-23,1129.0,1135.0,1118.0,1132.0,754581,1384548,1127.0,0.003539826705123987,0.15148576833349464,0.22484090714417262,0.15867979834912668,-42070.0,SA
2026-06-24,1129.0,1132.0,1118.0,1118.0,629301,1453742,1126.0,-0.012444605048083751,0.14752577745042914,0.2257138661212896,0.15132993204763337,69194.0,SA
2026-06-25,1118.0,1123.0,1105.0,1111.0,742281,1494784,1115.0,-0.006280864075414459,0.1456077859771948,0.22414660263899483,0.15346599149518078,41042.0,SA
2026-06-26,1113.0,1113.0,1093.0,1096.0,924556,1502854,1102.0,-0.013593322131669174,0.1478618466858835,0.22522666087382287,0.15702321583962242,8070.0,SA
2026-06-29,1096.0,1107.0,1088.0,1103.0,823677,1498470,1096.0,0.006366551745541688,0.14479587572642952,0.2233144809815616,0.15880566829813636,-4384.0,SA
2026-06-30,1099.0,1102.0,1079.0,1086.0,846224,1563602,1087.0,-0.01553251875962172,0.14471445593137258,0.21982599746436365,0.1591737512134907,65132.0,SA
2026-07-01,1086.0,1097.0,1084.0,1089.0,689108,1507268,1091.0,0.0027586224390796607,0.14564520660384894,0.21946879591883942,0.1580690862007981,-56334.0,SA
2026-07-02,1088.0,1110.0,1087.0,1103.0,766403,1464922,1098.0,0.012773896320541982,0.15877531143411258,0.22103946656913712,0.16036285677592402,-42346.0,SA
2026-07-03,1102.0,1113.0,1098.0,1103.0,594328,1435559,1105.0,0.0,0.15404527557379946,0.21923496057737055,0.15396298930598898,-29363.0,SA
2026-07-06,1105.0,1117.0,1098.0,1101.0,684268,1394551,1107.0,-0.0018148825308225006,0.14552134873356912,0.21862970484732816,0.1516089597279053,-41008.0,SA
2026-07-07,1100.0,1102.0,1070.0,1070.0,953451,1472543,1086.0,-0.028560209266728077,0.171922139658063,0.22572949352883404,0.16277123469185792,77992.0,SA
2026-07-08,1072.0,1084.0,1070.0,1080.0,709366,1443005,1077.0,0.00930239266231341,0.17812648131860093,0.22572046240812285,0.1640663409827214,-29538.0,SA
2026-07-09,1078.0,1082.0,1065.0,1078.0,698458,1423286,1075.0,-0.0018535686493229438,0.17780491110244684,0.22484446138002828,0.16574921021345904,-19719.0,SA
2026-07-10,1079.0,1093.0,1073.0,1084.0,698136,1387067,1083.0,0.0055504305306490415,0.1780332758045187,0.2252162148500577,0.16776988042578922,-36219.0,SA
2026-07-13,1083.0,1089.0,1061.0,1063.0,767483,1409695,1077.0,-0.019562803657643606,0.18680647885209295,0.18218766403390171,0.1756887922777104,22628.0,SA
2026-07-14,1065.0,1070.0,1057.0,1064.0,627358,1424036,1064.0,0.0009402915596417215,0.17344784571440902,0.18170259898462335,0.17062288185699068,14341.0,SA
2026-07-15,1064.0,1066.0,1049.0,1051.0,675210,1501218,1056.0,-0.012293299024638518,0.17551718731215857,0.18027159292046843,0.17154697871072624,77182.0,SA
2026-07-16,1052.0,1055.0,1030.0,1034.0,782794,1491231,1042.0,-0.016307315808576656,0.17874789314469772,0.18237400847313098,0.17434672438883225,-9987.0,SA
2026-07-17,1035.0,1035.0,1006.0,1007.0,1136006,1449594,1020.0,-0.026459162349812118,0.18679143736139808,0.18726202693290156,0.1774885425614165,-41637.0,SA
2026-07-20,1009.0,1022.0,1004.0,1006.0,910764,1412372,1013.0,-0.0009935420588777898,0.1860451245722671,0.18719290033155844,0.1800455384227612,-37222.0,SA
2026-07-21,1005.0,1015.0,1000.0,1009.0,839385,1409758,1007.0,0.0029776696939245338,0.18568711589625558,0.18366015978725342,0.17996945150796295,-2614.0,SA
2026-07-22,1009.0,1020.0,988.0,1013.0,1432537,1372312,1004.0,0.003956483895074507,0.18695795057516998,0.18393540738797082,0.19045072704598173,-37446.0,SA
2026-07-23,1014.0,1018.0,996.0,1007.0,965846,1345528,1009.0,-0.005940611530121059,0.18692950017003243,0.1839528552861009,0.19299321954613288,-26784.0,SA
2026-07-24,1008.0,1008.0,994.0,1004.0,809999,1350523,1001.0,-0.0029835924668878237,0.1841914481868082,0.18192674813055273,0.1914312544538734,4995.0,SA
2026-07-27,1002.0,1008.0,993.0,995.0,811075,1412093,1000.0,-0.009004563093081727,0.18036448181507686,0.17998478450083075,0.19054675914016606,61570.0,SA
2026-07-28,995.0,995.0,969.0,972.0,1045690,1478491,979.0,-0.023386932698153638,0.18827647624277363,0.18418475732824624,0.1935541386377349,66398.0,SA
2026-07-29,970.0,976.0,959.0,960.0,833778,1472010,967.0,-0.012422519998557209,0.1871136763708786,0.18469103523081656,0.19548527610450858,-6481.0,SA
2026-07-30,964.0,964.0,936.0,944.0,1288017,1401927,947.0,-0.01680711831638129,0.17634700487962282,0.177967482746497,0.20038699902553286,-70083.0,SA
2026-07-31,943.0,956.0,933.0,935.0,1285045,1379532,942.0,-0.00957963685681372,0.17402093928707432,0.178010731190148,0.20493570287993054,-22395.0,SA
2026-08-03,934.0,936.0,918.0,919.0,957809,1431925,928.0,-0.01726040693299993,0.17505652403593627,0.17195393275068818,0.2058436626869218,52393.0,SA
2026-08-04,917.0,932.0,912.0,922.0,1184918,1389947,923.0,0.003259101200906703,0.16416668944657298,0.17255711682838656,0.20144035607406363,-41978.0,SA
2026-08-05,922.0,941.0,921.0,937.0,1213586,1307136,931.0,0.016138058681828295,0.17477734454199798,0.17775178696853428,0.2046878717685339,-82811.0,SA
2026-08-06,938.0,941.0,930.0,937.0,853055,1268525,936.0,0.0,0.17563045940550523,0.17765753070697837,0.2034448423446853,-38611.0,SA
2026-08-07,936.0,944.0,926.0,939.0,890293,1200695,936.0,0.0021321969698406404,0.17280726184706047,0.17753273111370785,0.203772322892958,-67830.0,SA
2026-08-10,942.0,972.0,939.0,966.0,1848291,1050962,959.0,0.02834835500425513,0.20722743040251437,0.18809058294013378,0.20938698054609353,-149733.0,SA
2026-08-11,968.0,1002.0,964.0,996.0,1874241,925287,983.0,0.030583423372080185,0.24164606999756094,0.1995354178068962,0.22340142830741308,-125675.0,SA
2026-08-12,994.0,997.0,980.0,987.0,1457669,837889,990.0,-0.009077218151116652,0.24033551614035426,0.1999000712285332,0.22377789055343505,-87398.0,SA
2026-08-13,988.0,992.0,959.0,975.0,1466102,734964,973.0,-0.012232568435634408,0.23781698342260293,0.19981727746749492,0.22944272364003168,-102925.0,SA
2026-08-14,1036.0,1043.0,1023.0,1023.0,679277,822742,1034.0,0.048057294953779264,0.28256136701247503,0.22520354072309587,0.2251505878204695,87778.0,SA
2026-08-17,1018.0,1041.0,1018.0,1031.0,745650,882977,1031.0,0.007789718065333437,0.2835373331169592,0.22614524203797415,0.22697941528851567,60235.0,SA
2026-08-18,1034.0,1048.0,1029.0,1043.0,867654,924118,1038.0,0.011571970983812626,0.28585408067950185,0.21744114432010975,0.2280996631008413,41141.0,SA
2026-08-19,1041.0,1045.0,1006.0,1012.0,1397826,1005253,1023.0,-0.030172605153361596,0.30693209243630215,0.22285710367610492,0.23231630289714367,81135.0,SA
2026-08-20,1015.0,1043.0,1012.0,1033.0,1488760,1006176,1033.0,0.020538619272227686,0.3144305060419545,0.22758462306701951,0.23648097841417176,923.0,SA
2026-08-21,1030.0,1043.0,1022.0,1039.0,1249197,1044423,1031.0,0.005791521979588825,0.3143974583687792,0.22806213252331003,0.2385508016000033,38247.0,SA
2026-08-24,1040.0,1072.0,1038.0,1054.0,2217259,1078686,1057.0,0.0143337380020803,0.31475649188250804,0.22943311866520524,0.24612267880860617,34263.0,SA
2026-08-25,1053.0,1057.0,1032.0,1045.0,1608290,1078079,1046.0,-0.008575564702396262,0.3026146438320621,0.22926923708858157,0.2449460893069592,-607.0,SA
2026-08-26,1045.0,1047.0,1030.0,1035.0,1073380,1092284,1039.0,-0.00961545869944198,0.3008138887245976,0.22884172870135713,0.24457053648450447,14205.0,SA
2026-08-27,1034.0,1037.0,1006.0,1011.0,1674745,1208732,1016.0,-0.023461486678998045,0.3076431674629528,0.232749702752154,0.24505202040057814,116448.0,SA
2026-08-28,1011.0,1050.0,1001.0,1047.0,1902641,1154367,1027.0,0.03498899185006534,0.3228268909240996,0.24377751064782277,0.26014179156684986,-54365.0,SA
2026-08-31,1048.0,1070.0,1044.0,1061.0,1870144,1172774,1055.0,0.013282927743446327,0.31218282565675204,0.24371274992191216,0.2621105243190199,18407.0,SA
2026-09-01,1063.0,1074.0,1048.0,1070.0,1715810,1200716,1061.0,0.008446788841968747,0.31186325733578923,0.24448273140714946,0.26322605579633357,27942.0,SA
2026-09-02,1073.0,1083.0,1053.0,1056.0,1622703,1193349,1067.0,-0.013170463189745121,0.318261052094547,0.24560988521763943,0.266016942991044,-7367.0,SA
2026-09-03,1052.0,1074.0,1046.0,1056.0,1520163,1197191,1061.0,0.0,0.318261052094547,0.24560988521763943,0.2707172200497136,3842.0,SA
2026-09-04,1058.0,1108.0,1047.0,1093.0,2389009,1218397,1080.0,0.034438023910331884,0.33326625681047833,0.25599647371895545,0.2933836127376289,21206.0,SA
2026-09-07,1095.0,1112.0,1070.0,1079.0,2431804,1255644,1091.0,-0.012891522918403935,0.3313621322575302,0.25687278312530326,0.295598357344217,37247.0,SA
2026-09-08,1075.0,1085.0,1059.0,1083.0,1698829,1284240,1071.0,0.0037002817428559466,0.3179803555309033,0.25476105373730357,0.28860308106511184,28596.0,SA
2026-09-09,1080.0,1088.0,1062.0,1077.0,1491430,1288967,1075.0,-0.005555569844601994,0.31628666887850865,0.25483793402646426,0.29085352288548605,4727.0,SA
2026-09-10,1077.0,1082.0,1060.0,1075.0,1730989,1293457,1071.0,-0.0018587365946254378,0.31121034960470023,0.25400232693836905,0.28519798256952905,4490.0,SA
2026-09-11,1085.0,1108.0,1055.0,1065.0,2320434,1269797,1079.0,-0.009345862418237658,0.26985142293414666,0.2515013635731116,0.30079811701912224,-23660.0,SA
2026-09-14,1067.0,1067.0,1016.0,1019.0,1895369,1291224,1037.0,-0.04415304492080065,0.31408192319510714,0.26647125658903326,0.31471244591490216,21427.0,SA
2026-09-15,1018.0,1027.0,1009.0,1009.0,1216220,1281559,1018.0,-0.009862012869115819,0.3123023756458043,0.26676000602433814,0.3145541913399474,-9665.0,SA
2026-09-16,1008.0,1021.0,1007.0,1011.0,1038400,1296712,1012.0,0.001980198666862501,0.2938155248617249,0.2659717183025455,0.30542051293888384,15153.0,SA
2026-09-17,1008.0,1015.0,999.0,1006.0,1146581,1293856,1008.0,-0.0049578683607868854,0.28397127664722277,0.26588837267792537,0.30052537134564916,-2856.0,SA
2026-09-18,1008.0,1020.0,1005.0,1007.0,1066620,1297889,1012.0,0.0009935420588777356,0.2828939496936677,0.26477795611527627,0.29906502836113746,4033.0,SA
2026-09-21,1007.0,1026.0,1005.0,1018.0,1186574,1288862,1016.0,0.010864304391905662,0.28058502669946117,0.26549600801487483,0.2944226633119724,-9027.0,SA
2026-09-22,1020.0,1029.0,1013.0,1017.0,918520,1325861,1020.0,-0.0009828010619080888,0.27943209816641407,0.26385562399525914,0.2919056157284293,36999.0,SA
2026-09-23,1014.0,1023.0,1009.0,1011.0,825277,1335813,1016.0,-0.005917177028088507,0.27829771851372737,0.2639131467660669,0.2913018740685387,9952.0,SA
2026-09-24,1011.0,1020.0,997.0,1004.0,1144345,1321610,1008.0,-0.006947918768796891,0.2667817888374472,0.2625429454290028,0.2881824722349159,-14203.0,SA
2026-09-28,1000.0,1017.0,991.0,1014.0,1115984,1265826,1007.0,0.00991088389945396,0.23603741243869147,0.26357108185755773,0.27527428709240725,-55784.0,SA
