date,spot_pnl,futures_pnl,option_pnl,fee_trade,fee_roll,fee_option,capital_cost,cost,net_pnl,total_equity,net_worth,contracts,residual_exposure,trend_gate,hedge_ratio,margin_used,collar_strike_put,collar_strike_call
2019-12-06,0.0,-0.0,0.0,780.5,0.0,74.86595201226932,75.0879211207361,930.4538731330053,-930.4538731330053,13332369.546126867,0.9999302157850545,125,7500.0,0.0,0.25,625732.6760061343,1308.042244835341,1400.8673351084678
2019-12-09,0.0,-27500.0,96591.79886721098,0.0,0.0,0.0,75.4839211207361,75.4839211207361,69016.31494609025,13401385.861072958,1.0051064523466027,125,7500.0,0.0,0.25,629032.6760061343,1308.042244835341,1400.8673351084678
2019-12-10,0.0,-155000.0,13366.164479921983,0.0,0.0,0.0,77.7159211207361,77.7159211207361,-141711.55144119877,13259674.30963176,0.9944780594175305,125,7500.0,0.0,0.25,647632.6760061343,1308.042244835341,1400.8673351084678
2019-12-11,0.0,-37500.0,-3059.1705639283973,0.0,0.0,0.0,78.2559211207361,78.2559211207361,-40637.42648504913,13219036.883146709,0.9914302448116152,125,7500.0,0.0,0.25,652132.6760061343,1308.042244835341,1400.8673351084678
2019-12-12,0.0,47500.0,-601.8759359996473,0.0,0.0,0.0,77.5719211207361,77.5719211207361,46820.55214287961,13265857.43528959,0.9949417950012067,125,7500.0,0.0,0.25,646432.6760061343,1308.042244835341,1400.8673351084678
2019-12-13,0.0,-0.0,-2691.104876517114,0.0,0.0,0.0,77.5719211207361,77.5719211207361,-2768.67679763785,13263088.758491952,0.9947341437222557,125,7500.0,0.0,0.25,646432.6760061343,1308.042244835341,1400.8673351084678
2019-12-16,0.0,-5000.0,-2879.2753151799566,0.0,0.0,0.0,77.64392112073611,77.64392112073611,-7956.919236300693,13255131.83925565,0.994137373287607,125,7500.0,0.0,0.25,647032.6760061343,1308.042244835341,1400.8673351084678
2019-12-17,0.0,22500.0,-2244.769755823768,0.0,0.0,0.0,77.3199211207361,77.3199211207361,20177.910323055497,13275309.749578705,0.9956507203452037,125,7500.0,0.0,0.25,644332.6760061343,1308.042244835341,1400.8673351084678
2019-12-18,0.0,-12500.0,-3005.5816107472388,0.0,0.0,0.0,77.4999211207361,77.4999211207361,-15583.081531867974,13259726.668046838,0.9944819863084786,125,7500.0,0.0,0.25,645832.6760061343,1308.042244835341,1400.8673351084678
2019-12-19,0.0,5000.0,-2874.7555602487564,0.0,0.0,0.0,77.4279211207361,77.4279211207361,2047.8165186305075,13261774.484565469,0.9946355729313424,125,7500.0,0.0,0.25,645232.6760061343,1308.042244835341,1400.8673351084678
2019-12-20,0.0,37500.0,-1731.031907254774,0.0,0.0,0.0,76.88792112073611,76.88792112073611,35692.08017162449,13297466.564737093,0.997312485636496,125,7500.0,0.0,0.25,640732.6760061343,1308.042244835341,1400.8673351084678
2019-12-23,0.0,25000.0,-2491.893374822345,0.0,0.0,0.0,76.52792112073611,76.52792112073611,22431.57870405692,13319898.14344115,0.9989948582452318,125,7500.0,0.0,0.25,637732.6760061343,1308.042244835341,1400.8673351084678
2019-12-24,0.0,-7500.0,-3143.472908485392,0.0,0.0,0.0,76.6359211207361,76.6359211207361,-10720.108829606128,13309178.034611544,0.998190848072986,125,7500.0,0.0,0.25,638632.6760061343,1308.042244835341,1400.8673351084678
2019-12-25,0.0,2500.0,-3223.0511018723982,0.0,0.0,0.0,76.5999211207361,76.5999211207361,-799.6510229931343,13308378.38358855,0.9981308740963265,125,7500.0,0.0,0.25,638332.6760061343,1308.042244835341,1400.8673351084678
2019-12-26,0.0,-15000.0,-3297.3266366377675,0.0,0.0,0.0,76.8159211207361,76.8159211207361,-18374.142557758503,13290004.241030792,0.9967528099593342,125,7500.0,0.0,0.25,640132.6760061343,1308.042244835341,1400.8673351084678
2019-12-27,0.0,2500.0,-3476.2498676643895,0.0,0.0,0.0,76.7799211207361,76.7799211207361,-1053.0297887851257,13288951.211242007,0.9966738325277319,125,7500.0,0.0,0.25,639832.6760061343,1308.042244835341,1400.8673351084678
2019-12-30,0.0,-62500.0,-1362.5759424477835,0.0,0.0,0.0,77.6799211207361,77.6799211207361,-63940.25586356851,13225010.95537844,0.9918783013491363,125,7500.0,0.0,0.25,647332.6760061343,1308.042244835341,1400.8673351084678
2019-12-31,0.0,-0.0,-3740.3055010273433,0.0,0.0,0.0,77.6799211207361,77.6799211207361,-3817.9854221480796,13221192.96995629,0.9915919517266011,125,7500.0,0.0,0.25,647332.6760061343,1308.042244835341,1400.8673351084678
2020-01-02,0.0,20000.0,-3487.1519100057303,0.0,1625.0,0.0,77.3919211207361,1702.391921120736,14810.456168873534,13236003.426125163,0.992702738716234,125,7500.0,0.0,0.25,644932.6760061343,1308.042244835341,1400.8673351084678
2020-01-03,0.0,-10000.0,-4230.25154403335,0.0,0.0,0.0,77.5359211207361,77.5359211207361,-14307.787465154086,13221695.63866001,0.9916296519736307,125,7500.0,0.0,0.25,646132.6760061343,1308.042244835341,1400.8673351084678
2020-01-06,0.0,-22500.0,-5448.431185015572,0.0,0.0,0.0,77.8599211207361,77.8599211207361,-28026.29110613631,13193669.347553873,0.9895276748857277,125,7500.0,0.0,0.25,648832.6760061343,1308.042244835341,1400.8673351084678
2020-01-07,0.0,27500.0,-2763.8398472197646,0.0,0.0,0.0,77.4639211207361,77.4639211207361,24658.696231659498,13218328.043785533,0.9913770817266193,125,7500.0,0.0,0.25,645532.6760061343,1308.042244835341,1400.8673351084678
2020-01-08,0.0,-7500.0,-31660.758928610667,0.0,0.0,0.0,77.5719211207361,77.5719211207361,-39238.33084973141,13179089.712935802,0.988434199555684,125,7500.0,0.0,0.25,646432.6760061343,1308.042244835341,1400.8673351084678
2020-01-09,0.0,-5000.0,-5682.012797186225,0.0,0.0,0.0,77.64392112073611,77.64392112073611,-10759.65671830696,13168330.056217495,0.9876272232843704,125,7500.0,0.0,0.25,647032.6760061343,1308.042244835341,1400.8673351084678
2020-01-10,0.0,-65000.0,-800.7341615456054,0.0,0.0,0.0,78.5799211207361,78.5799211207361,-65879.31408266634,13102450.742134828,0.9826862623757681,125,7500.0,0.0,0.25,654832.6760061343,1308.042244835341,1400.8673351084678
2020-01-13,0.0,12500.0,-3447.6426178999695,0.0,0.0,0.0,78.39992112073611,78.39992112073611,8973.957460979294,13111424.699595807,0.9833593108679627,125,7500.0,0.0,0.25,653332.6760061343,1308.042244835341,1400.8673351084678
2020-01-14,0.0,-0.0,-3797.5780676720865,0.0,0.0,0.0,78.39992112073611,78.39992112073611,-3875.9779887928225,13107548.721607015,0.9830686117920556,125,7500.0,0.0,0.25,653332.6760061343,1308.042244835341,1400.8673351084678
2020-01-15,0.0,-30000.0,-3675.7308602587573,0.0,0.0,0.0,78.8319211207361,78.8319211207361,-33754.56278137949,13073794.158825636,0.9805370132544559,125,7500.0,0.0,0.25,656932.6760061343,1308.042244835341,1400.8673351084678
2020-01-16,0.0,-7500.0,-3115.3840875319434,0.0,0.0,0.0,78.9399211207361,78.9399211207361,-10694.32400865268,13063099.834816983,0.9797349369486161,125,7500.0,0.0,0.25,657832.6760061343,1308.042244835341,1400.8673351084678
2020-01-17,0.0,-22500.0,-1808.0450185485506,0.0,0.0,0.0,79.2639211207361,79.2639211207361,-24387.308939669285,13038712.525877314,0.9779058842055091,125,7500.0,0.0,0.25,660532.6760061343,1308.042244835341,1400.8673351084678
2020-01-20,0.0,25000.0,-217.96146295191082,0.0,0.0,20.90113413703407,75.66603204822202,96.5671661852561,24685.471370862833,13063397.997248176,0.9797572991868612,125,7500.0,0.0,0.25,630550.2670685169,1308.40206232,1399.0824091807715
2020-01-21,0.0,30000.0,62096.88420342818,0.0,0.0,0.0,75.23403204822202,75.23403204822202,92021.65017137995,13155419.647419557,0.9866589402038173,125,7500.0,0.0,0.25,626950.2670685169,1308.40206232,1399.0824091807715
2020-01-22,0.0,32500.0,1621.5873695214755,0.0,0.0,0.0,74.76603204822203,74.76603204822203,34046.82133747325,13189466.46875703,0.9892124581879227,125,7500.0,0.0,0.25,623050.2670685169,1308.40206232,1399.0824091807715
2020-01-23,0.0,67500.0,6357.727342493753,0.0,0.0,0.0,73.79403204822202,73.79403204822202,73783.93331044554,13263250.402067475,0.9947462670207282,125,7500.0,0.0,0.25,614950.2670685169,1308.40206232,1399.0824091807715
2020-02-03,0.0,240000.0,26913.931045567177,0.0,1519.0,0.0,70.33803204822202,1589.338032048222,265324.59301351896,13528574.995080994,1.0146456612452277,125,7500.0,0.0,0.25,586150.2670685169,1308.40206232,1399.0824091807715
2020-02-04,0.0,-105000.0,1706.7584838695104,0.0,0.0,0.0,71.85003204822202,71.85003204822202,-103365.09154817872,13425209.903532814,1.006893259998111,125,7500.0,0.0,0.25,598750.2670685169,1308.40206232,1399.0824091807715
2020-02-05,0.0,2500.0,-1322.9557280411352,0.0,0.0,0.0,71.81403204822203,71.81403204822203,1105.2302399106427,13426315.133772725,1.0069761524733356,125,7500.0,0.0,0.25,598450.2670685169,1308.40206232,1399.0824091807715
2020-02-06,0.0,-35000.0,-333.7490867091919,0.0,0.0,0.0,72.31803204822202,72.31803204822202,-35406.06711875741,13390909.066653969,1.0043206908007747,125,7500.0,0.0,0.25,602650.2670685169,1308.40206232,1399.0824091807715
2020-02-07,0.0,-0.0,-705.6110767729251,0.0,0.0,0.0,72.31803204822202,72.31803204822202,-777.9291088211471,13390131.137545148,1.004262345971751,125,7500.0,0.0,0.25,602650.2670685169,1308.40206232,1399.0824091807715
2020-02-10,0.0,15000.0,-781.4053221913308,0.0,0.0,0.0,72.10203204822203,72.10203204822203,14146.492645760447,13404277.630190907,1.005323335572657,125,7500.0,0.0,0.25,600850.2670685169,1308.40206232,1399.0824091807715
2020-02-11,0.0,-27500.0,-739.0898361419839,0.0,0.0,0.0,72.49803204822203,72.49803204822203,-28311.587868190203,13375966.042322718,1.0031999611741067,125,7500.0,0.0,0.25,604150.2670685169,1308.40206232,1399.0824091807715
2020-02-12,0.0,2500.0,-951.7655117765233,0.0,0.0,0.0,72.46203204822203,72.46203204822203,1475.7724561752545,13377441.814778892,1.003310644385028,125,7500.0,0.0,0.25,603850.2670685169,1308.40206232,1399.0824091807715
2020-02-13,0.0,-7500.0,-961.0253268887802,0.0,0.0,0.0,72.57003204822203,72.57003204822203,-8533.595358937004,13368908.219419956,1.0026706231330544,125,7500.0,0.0,0.25,604750.2670685169,1308.40206232,1399.0824091807715
2020-02-14,0.0,7500.0,-1080.4778515803725,0.0,0.0,0.0,72.46203204822203,72.46203204822203,6347.0601163714055,13375255.279536327,1.0031466538318592,125,7500.0,0.0,0.25,603850.2670685169,1308.40206232,1399.0824091807715
2020-02-17,0.0,-20000.0,-2089.9446604709306,0.0,0.0,0.0,72.75003204822202,72.75003204822202,-22162.69469251915,13353092.584843809,1.0014844475744047,125,7500.0,0.0,0.25,606250.2670685169,1308.40206232,1399.0824091807715
2020-02-18,0.0,7500.0,-1321.3693583039499,0.0,0.0,0.0,72.64203204822202,72.64203204822202,6105.9886096478285,13359198.573453456,1.001942397865004,125,7500.0,0.0,0.25,605350.2670685169,1308.40206232,1399.0824091807715
2020-02-19,0.0,-10000.0,-1398.0781612454152,0.0,0.0,0.0,72.78603204822203,72.78603204822203,-11470.864193293637,13347727.709260162,1.0010820808997143,125,7500.0,0.0,0.25,606550.2670685169,1308.40206232,1399.0824091807715
2020-02-20,0.0,2500.0,-1986.1697529601895,0.0,0.0,0.0,72.75003204822202,72.75003204822202,441.0802149915885,13348168.789475154,1.0011151619985414,125,7500.0,0.0,0.25,606250.2670685169,1308.40206232,1399.0824091807715
2020-02-21,0.0,17500.0,-1914.752186477653,0.0,0.0,0.0,72.49803204822203,72.49803204822203,15512.749781474124,13363681.539256629,1.0022786211408,125,7500.0,0.0,0.25,604150.2670685169,1308.40206232,1399.0824091807715
2020-02-24,0.0,-20000.0,-2114.9879859584253,0.0,0.0,0.0,72.78603204822203,72.78603204822203,-22187.774018006647,13341493.76523862,1.0006145339292314,125,7500.0,0.0,0.25,606550.2670685169,1308.40206232,1399.0824091807715
2020-02-25,0.0,-45000.0,-1602.8679225777244,0.0,0.0,0.0,73.43403204822202,73.43403204822202,-46676.301954625946,13294817.463283995,0.997113802530806,125,7500.0,0.0,0.25,611950.2670685169,1308.40206232,1399.0824091807715
2020-02-26,0.0,60000.0,-2067.3754442482427,0.0,0.0,0.0,72.57003204822203,72.57003204822203,57860.05452370353,13352677.5178077,1.0014533174688711,125,7500.0,0.0,0.25,604750.2670685169,1308.40206232,1399.0824091807715
2020-02-27,0.0,15000.0,-3283.8682703552327,0.0,0.0,0.0,72.35403204822202,72.35403204822202,11643.777697596544,13364321.295505295,1.0023266029794045,125,7500.0,0.0,0.25,602950.2670685169,1308.40206232,1399.0824091807715
2020-02-28,0.0,25000.0,-4729.291589729461,0.0,0.0,0.0,71.99403204822202,71.99403204822202,20198.714378222317,13384520.009883517,1.0038415103450398,125,7500.0,0.0,0.25,599950.2670685169,1308.40206232,1399.0824091807715
2020-03-02,0.0,-55000.0,-38725.02387665894,0.0,1587.0,0.0,72.78603204822203,1659.786032048222,-95384.80990870716,13289135.19997481,0.9966876317171901,125,7500.0,0.0,0.25,606550.2670685169,1308.40206232,1399.0824091807715
2020-03-03,0.0,40000.0,-14669.284217261253,0.0,0.0,0.0,72.21003204822202,72.21003204822202,25258.50575069053,13314393.7057255,0.9985820243844735,125,7500.0,0.0,0.25,601750.2670685169,1308.40206232,1399.0824091807715
2020-03-04,0.0,-7500.0,-4386.5663173553085,0.0,0.0,0.0,72.31803204822202,72.31803204822202,-11958.88434940353,13302434.821376098,0.9976851058159719,125,7500.0,0.0,0.25,602650.2670685169,1308.40206232,1399.0824091807715
2020-03-05,0.0,45000.0,-3854.904404404519,0.0,0.0,0.0,71.67003204822203,71.67003204822203,41073.42556354726,13343508.246939644,1.0007656204345243,125,7500.0,0.0,0.25,597250.2670685169,1308.40206232,1399.0824091807715
2020-03-06,0.0,7500.0,-4256.290930700878,0.0,0.0,0.0,71.56203204822202,71.56203204822202,3172.1470372509,13346680.393976895,1.0010035320570974,125,7500.0,0.0,0.25,596350.2670685169,1308.40206232,1399.0824091807715
2020-03-09,0.0,65000.0,-2532.0032253226827,0.0,0.0,0.0,70.62603204822203,70.62603204822203,62397.37074262909,13409077.764719525,1.0056833465623307,125,7500.0,0.0,0.25,588550.2670685169,1308.40206232,1399.0824091807715
2020-03-10,0.0,-30000.0,-888.0304007478965,0.0,0.0,33.91504788023803,71.83886687281428,105.7539147530523,-30993.784315500947,13378083.980404023,1.0033588069273192,125,7500.0,0.0,0.25,598657.223940119,1308.389216774653,1399.4489828342284
2020-03-11,0.0,-7500.0,74995.46610032355,0.0,0.0,0.0,71.94686687281428,71.94686687281428,67423.51923345074,13445507.499637475,1.0084155835117694,125,7500.0,0.0,0.25,599557.223940119,1308.389216774653,1399.4489828342284
2020-03-12,0.0,50000.0,1154.6272190344898,0.0,0.0,0.0,71.22686687281428,71.22686687281428,51083.400352161676,13496590.899989637,1.0122468481163431,125,7500.0,0.0,0.25,593557.223940119,1308.389216774653,1399.4489828342284
2020-03-13,0.0,10000.0,-969.8639934336173,0.0,0.0,0.0,71.08286687281428,71.08286687281428,8959.05313969357,13505549.95312933,1.0129187787816467,125,7500.0,0.0,0.25,592357.223940119,1308.389216774653,1399.4489828342284
2020-03-16,0.0,32500.0,-1265.6351572242163,0.0,0.0,0.0,70.61486687281428,70.61486687281428,31163.74997590297,13536713.703105234,1.0152560658730572,125,7500.0,0.0,0.25,588457.223940119,1308.389216774653,1399.4489828342284
2020-03-17,0.0,47500.0,501.13464972759925,0.0,0.0,0.0,69.93086687281428,69.93086687281428,47931.20378285479,13584644.906888088,1.0188509151438945,125,7500.0,0.0,0.25,582757.223940119,1308.389216774653,1399.4489828342284
2020-03-18,0.0,50000.0,-134.27828176040714,0.0,0.0,0.0,69.21086687281428,69.21086687281428,49796.51085136677,13634441.417739455,1.0225856627946162,125,7500.0,0.0,0.25,576757.223940119,1308.389216774653,1399.4489828342284
2020-03-19,0.0,62500.0,1044.2025838194313,0.0,0.0,0.0,68.31086687281427,68.31086687281427,63475.891716946615,13697917.3094564,1.0273463665751466,125,7500.0,0.0,0.25,569257.223940119,1308.389216774653,1399.4489828342284
2020-03-20,0.0,-22500.0,358.83577118932305,0.0,0.0,0.0,68.63486687281427,68.63486687281427,-22209.79909568349,13675707.510360718,1.0256806274786225,125,7500.0,0.0,0.25,571957.223940119,1308.389216774653,1399.4489828342284
2020-03-23,0.0,57500.0,-889.6020469898768,0.0,0.0,0.0,67.80686687281428,67.80686687281428,56542.591086137305,13732250.101446854,1.029921332411845,125,7500.0,0.0,0.25,565057.223940119,1308.389216774653,1399.4489828342284
2020-03-24,0.0,7500.0,-5342.305659932389,0.0,0.0,0.0,67.69886687281428,67.69886687281428,2089.9954731947964,13734340.096920049,1.0300780824642097,125,7500.0,0.0,0.25,564157.223940119,1308.389216774653,1399.4489828342284
2020-03-25,0.0,12500.0,-2902.304292049784,0.0,0.0,0.0,67.51886687281427,67.51886687281427,9530.1768410774,13743870.273761127,1.0307928475142034,125,7500.0,0.0,0.25,562657.223940119,1308.389216774653,1399.4489828342284
2020-03-26,0.0,57500.0,221.9087307881207,0.0,0.0,0.0,66.69086687281428,66.69086687281428,57655.217863915306,13801525.491625043,1.0351169996643774,125,7500.0,0.0,0.25,555757.223940119,1308.389216774653,1399.4489828342284
2020-03-27,0.0,32500.0,-1544.7829599785478,0.0,0.0,0.0,66.22286687281428,66.22286687281428,30888.99417314864,13832414.485798191,1.0374336800190644,125,7500.0,0.0,0.25,551857.223940119,1308.389216774653,1399.4489828342284
2020-03-30,0.0,110000.0,831.9156382155235,0.0,0.0,0.0,64.63886687281428,64.63886687281428,110767.2767713427,13943181.762569534,1.0457412465458313,125,7500.0,0.0,0.25,538657.223940119,1308.389216774653,1399.4489828342284
2020-03-31,0.0,-65000.0,6886.134559493282,0.0,0.0,0.0,65.57486687281428,65.57486687281428,-58179.44030737953,13885002.322262155,1.0413777776141055,125,7500.0,0.0,0.25,546457.223940119,1308.389216774653,1399.4489828342284
2020-04-01,0.0,-15000.0,-1450.840633935395,0.0,1371.0,0.0,65.79086687281428,1436.7908668728144,-17887.631500808213,13867114.690761346,1.0400362018976057,125,7500.0,0.0,0.25,548257.223940119,1308.389216774653,1399.4489828342284
2020-04-02,0.0,-35000.0,238.7249457947549,0.0,0.0,0.0,66.29486687281428,66.29486687281428,-34827.56992107806,13832287.120840268,1.0374241276233391,125,7500.0,0.0,0.25,552457.223940119,1308.389216774653,1399.4489828342284
2020-04-03,0.0,35000.0,-2304.3231380720995,0.0,0.0,0.0,65.79086687281428,65.79086687281428,32629.885995055083,13864917.006835323,1.0398713751910873,125,7500.0,0.0,0.25,548257.223940119,1308.389216774653,1399.4489828342284
2020-04-07,0.0,-2500.0,-3353.1461084426082,0.0,0.0,0.0,65.82686687281428,65.82686687281428,-5918.972975315422,13858998.033860007,1.0394274511081283,125,7500.0,0.0,0.25,548557.223940119,1308.389216774653,1399.4489828342284
2020-04-08,0.0,2500.0,-4531.938724780269,0.0,0.0,0.0,65.79086687281428,65.79086687281428,-2097.729591653083,13856900.304268355,1.0392701209954291,125,7500.0,0.0,0.25,548257.223940119,1308.389216774653,1399.4489828342284
2020-04-09,0.0,-32500.0,-1510.5634431576975,0.0,0.0,0.0,66.25886687281428,66.25886687281428,-34076.82231003051,13822823.481958324,1.0367143529327567,125,7500.0,0.0,0.25,552157.223940119,1308.389216774653,1399.4489828342284
2020-04-10,0.0,60000.0,-2840.6443627841904,0.0,0.0,0.0,65.39486687281428,65.39486687281428,57093.960770343,13879917.442728667,1.0409964106956768,125,7500.0,0.0,0.25,544957.223940119,1308.389216774653,1399.4489828342284
2020-04-13,0.0,62500.0,-2830.300676074793,0.0,0.0,0.0,64.49486687281428,64.49486687281428,59605.20445705239,13939522.647185719,1.0454668122059594,125,7500.0,0.0,0.25,537457.223940119,1308.389216774653,1399.4489828342284
2020-04-14,0.0,-30000.0,-2934.6202868293835,0.0,0.0,0.0,64.92686687281427,64.92686687281427,-32999.547153702195,13906523.100032017,1.0429918399820013,125,7500.0,0.0,0.25,541057.223940119,1308.389216774653,1399.4489828342284
2020-04-15,0.0,-102500.0,2933.208389476858,0.0,0.0,0.0,66.40286687281427,66.40286687281427,-99633.19447739595,13806889.90555462,1.0355193317149258,125,7500.0,0.0,0.25,553357.223940119,1308.389216774653,1399.4489828342284
2020-04-16,0.0,82500.0,-5111.466871821273,0.0,0.0,0.0,65.21486687281428,65.21486687281428,77323.3182613059,13884213.223815927,1.0413185950826822,125,7500.0,0.0,0.25,543457.223940119,1308.389216774653,1399.4489828342284
2020-04-17,0.0,-2500.0,-10384.16164626335,0.0,0.0,0.0,65.25086687281427,65.25086687281427,-12949.412513136165,13871263.81130279,1.040347386716176,125,7500.0,0.0,0.25,543757.223940119,1308.389216774653,1399.4489828342284
2020-04-20,0.0,-345000.0,21173.684528416477,0.0,0.0,0.0,70.21886687281427,70.21886687281427,-323896.53433845635,13547367.276964335,1.01605508591004,125,7500.0,0.0,0.25,585157.223940119,1308.389216774653,1399.4489828342284
2020-04-21,0.0,47500.0,-22512.309174440135,0.0,0.0,0.0,69.53486687281428,69.53486687281428,24918.15595868705,13572285.43292302,1.0179239522791073,125,7500.0,0.0,0.25,579457.223940119,1308.389216774653,1399.4489828342284
2020-04-22,0.0,20000.0,-37526.75565830895,0.0,0.0,185.2671962554044,78.32799577532477,263.59519203072915,-17790.350850339684,13554495.082072683,1.0165896726296328,125,7500.0,0.0,0.25,652733.2981277064,1307.17845392468,1404.6263763898603
2020-04-23,0.0,-35000.0,117082.76507183518,0.0,0.0,0.0,78.83199577532476,78.83199577532476,82003.93307605985,13636499.015148742,1.022739982986113,125,7500.0,0.0,0.25,656933.2981277064,1307.17845392468,1404.6263763898603
2020-04-24,0.0,5000.0,-278.8504586109575,0.0,0.0,0.0,78.75999577532475,78.75999577532475,4642.389545613718,13641141.404694356,1.0230881630724844,125,7500.0,0.0,0.25,656333.2981277064,1307.17845392468,1404.6263763898603
2020-04-27,0.0,5000.0,-244.5842533405873,0.0,0.0,0.0,78.68799577532477,78.68799577532477,4676.727750884088,13645818.13244524,1.0234389185306894,125,7500.0,0.0,0.25,655733.2981277064,1307.17845392468,1404.6263763898603
2020-04-28,0.0,65000.0,-628.7784590457157,0.0,0.0,0.0,77.75199577532476,77.75199577532476,64293.46954517896,13710111.601990419,1.0282609408016334,125,7500.0,0.0,0.25,647933.2981277064,1307.17845392468,1404.6263763898603
2020-04-29,0.0,20000.0,-374.610360299048,0.0,0.0,0.0,77.46399577532476,77.46399577532476,19547.925643925628,13729659.527634345,1.0297270388901731,125,7500.0,0.0,0.25,645533.2981277064,1307.17845392468,1404.6263763898603
2020-04-30,0.0,-10000.0,-315.5487805899426,0.0,0.0,0.0,77.60799577532477,77.60799577532477,-10393.156776365267,13719266.370857978,1.028947550183224,125,7500.0,0.0,0.25,646733.2981277064,1307.17845392468,1404.6263763898603
2020-05-06,0.0,-20000.0,-382.72317536444336,0.0,1455.0,0.0,77.89599577532476,1532.8959957753248,-21915.61917113977,13697350.75168684,1.0273038746361995,125,7500.0,0.0,0.25,649133.2981277064,1307.17845392468,1404.6263763898603
2020-05-07,0.0,-0.0,-507.4749221430963,0.0,0.0,0.0,77.89599577532476,77.89599577532476,-585.3709179184211,13696765.380768921,1.0272599717075983,125,7500.0,0.0,0.25,649133.2981277064,1307.17845392468,1404.6263763898603
2020-05-08,0.0,40000.0,-302.03298792573105,0.0,0.0,0.0,77.31999577532476,77.31999577532476,39620.64701629894,13736386.02778522,1.0302315276627105,125,7500.0,0.0,0.25,644333.2981277064,1307.17845392468,1404.6263763898603
2020-05-11,0.0,60000.0,-216.7471407673638,0.0,0.0,0.0,76.45599577532477,76.45599577532477,59706.79686345731,13796092.824648676,1.0347095486225222,125,7500.0,0.0,0.25,637133.2981277064,1307.17845392468,1404.6263763898603
2020-05-12,0.0,-30000.0,-540.293081890777,0.0,0.0,0.0,76.88799577532475,76.88799577532475,-30617.1810776661,13765475.643571012,1.0324132543009616,125,7500.0,0.0,0.25,640733.2981277064,1307.17845392468,1404.6263763898603
2020-05-13,0.0,-12500.0,-930.7106602212478,0.0,0.0,0.0,77.06799577532476,77.06799577532476,-13507.778655996573,13751967.864915015,1.031400168369047,125,7500.0,0.0,0.25,642233.2981277064,1307.17845392468,1404.6263763898603
2020-05-14,0.0,15000.0,-1100.2543925893526,0.0,0.0,0.0,76.85199577532477,76.85199577532477,13822.893611635322,13765790.75852665,1.0324368879817187,125,7500.0,0.0,0.25,640433.2981277064,1307.17845392468,1404.6263763898603
2020-05-15,0.0,-22500.0,-827.6497056210719,0.0,0.0,0.0,77.17599577532476,77.17599577532476,-23404.825701396396,13742385.932825252,1.0306815216656982,125,7500.0,0.0,0.25,643133.2981277064,1307.17845392468,1404.6263763898603
2020-05-18,0.0,-32500.0,-1774.6565801433524,0.0,0.0,0.0,77.64399577532475,77.64399577532475,-34352.30057591868,13708033.632249335,1.028105092681432,125,7500.0,0.0,0.25,647033.2981277064,1307.17845392468,1404.6263763898603
2020-05-19,0.0,17500.0,-2025.0376737402576,0.0,0.0,0.0,77.39199577532476,77.39199577532476,15397.570330484417,13723431.202579819,1.0292599133432698,125,7500.0,0.0,0.25,644933.2981277064,1307.17845392468,1404.6263763898603
2020-05-20,0.0,-22500.0,-1279.8746030183406,0.0,0.0,0.0,77.71599577532476,77.71599577532476,-23857.590598793664,13699573.611981025,1.0274705895750509,125,7500.0,0.0,0.25,647633.2981277064,1307.17845392468,1404.6263763898603
2020-05-21,0.0,-0.0,-56032.042039102955,0.0,0.0,0.0,77.71599577532476,77.71599577532476,-56109.75803487828,13643463.853946147,1.023262347201829,125,7500.0,0.0,0.25,647633.2981277064,1307.17845392468,1404.6263763898603
2020-05-22,0.0,70000.0,1037.700975415372,0.0,0.0,0.0,76.70799577532476,76.70799577532476,70960.99297964004,13714424.846925788,1.0285844349805215,125,7500.0,0.0,0.25,639233.2981277064,1307.17845392468,1404.6263763898603
2020-05-25,0.0,-47500.0,344.614368283569,0.0,0.0,0.0,77.39199577532476,77.39199577532476,-47232.777627491756,13667192.069298295,1.0250419678022917,125,7500.0,0.0,0.25,644933.2981277064,1307.17845392468,1404.6263763898603
2020-05-26,0.0,-57500.0,-835.3150741087778,0.0,0.0,0.0,78.21999577532476,78.21999577532476,-58413.53506988411,13608778.53422841,1.0206609417194852,125,7500.0,0.0,0.25,651833.2981277064,1307.17845392468,1404.6263763898603
2020-05-27,0.0,12500.0,-4019.8412720341257,0.0,0.0,0.0,78.03999577532475,78.03999577532475,8402.118732190549,13617180.652960602,1.0212911021998006,125,7500.0,0.0,0.25,650333.2981277064,1307.17845392468,1404.6263763898603
2020-05-28,0.0,-7500.0,-4526.081782923261,0.0,0.0,0.0,78.14799577532476,78.14799577532476,-12104.229778698587,13605076.423181903,1.0203832826968495,125,7500.0,0.0,0.25,651233.2981277064,1307.17845392468,1404.6263763898603
2020-05-29,0.0,-35000.0,-8893.210260351103,0.0,0.0,0.0,78.65199577532476,78.65199577532476,-43971.86225612643,13561104.560925776,1.0170853847828951,125,7500.0,0.0,0.25,655433.2981277064,1307.17845392468,1404.6263763898603
2020-06-01,0.0,-0.0,-6241.864729165049,0.0,1476.0,0.0,78.65199577532476,1554.6519957753248,-7796.516724940373,13553308.044200836,1.016500644566674,125,7500.0,0.0,0.25,655433.2981277064,1307.17845392468,1404.6263763898603
2020-06-02,-333299.9999999993,12500.0,87666.04682305465,0.0,0.0,0.0,78.47199577532476,78.47199577532476,-233212.42517271996,13320095.619028116,0.9990096689512811,125,7500.0,0.0,0.25,653933.2981277064,1307.17845392468,1404.6263763898603
2020-06-03,0.0,-35000.0,-9904.777952946144,0.0,0.0,0.0,78.97599577532476,78.97599577532476,-44983.75394872147,13275111.865079395,0.9956358789706521,125,7500.0,0.0,0.25,658133.2981277064,1307.17845392468,1404.6263763898603
2020-06-04,0.0,47500.0,-10286.991096833242,0.0,0.0,0.0,78.29199577532476,78.29199577532476,37134.716907391434,13312246.581986787,0.9984209897014833,125,7500.0,0.0,0.25,652433.2981277064,1307.17845392468,1404.6263763898603
2020-06-05,0.0,-10000.0,-18286.656425226334,0.0,0.0,0.0,78.43599577532476,78.43599577532476,-28365.09242100166,13283881.489565784,0.9962936024514399,125,7500.0,0.0,0.25,653633.2981277064,1307.17845392468,1404.6263763898603
2020-06-08,0.0,12500.0,-21536.114935444348,0.0,0.0,36.89997250597608,68.99399835035537,105.89397085633145,-9142.00890630068,13274739.480659485,0.9956079500693366,125,7500.0,0.0,0.25,574949.9862529614,1275.6482328763814,1364.6040019125508
2020-06-09,0.0,72500.0,81007.93134665127,0.0,0.0,0.0,67.94999835035537,67.94999835035537,153439.98134830093,13428179.462007785,1.0071159774405274,125,7500.0,0.0,0.25,566249.9862529614,1275.6482328763814,1364.6040019125508
2020-06-10,0.0,38000.0,-854.8523931386986,2004.8000000000002,0.0,43.943015728295755,195.89759999999998,2244.640615728296,34900.50699113301,13463079.968998918,1.0097335220087238,475,500.0,1.0,0.95,1632480.0,0.0,0.0
2020-06-11,0.0,9500.0,0.0,0.0,0.0,0.0,195.7608,195.7608,9304.2392,13472384.208198918,1.010431341693273,475,500.0,1.0,0.95,1631340.0,0.0,0.0
2020-06-12,0.0,-47500.0,0.0,0.0,0.0,0.0,196.4448,196.4448,-47696.4448,13424687.763398917,1.0068540993901673,475,500.0,1.0,0.95,1637040.0,0.0,0.0
2020-06-15,0.0,-85500.0,0.0,0.0,0.0,0.0,197.676,197.676,-85697.676,13338990.087398918,1.0004267576218129,475,500.0,1.0,0.95,1647300.0,0.0,0.0
2020-06-16,0.0,-28500.0,0.0,0.0,0.0,0.0,198.08639999999997,198.08639999999997,-28698.0864,13310292.000998918,0.9982743957609083,475,500.0,1.0,0.95,1650720.0,0.0,0.0
2020-06-17,0.0,85500.0,0.0,0.0,0.0,0.0,196.8552,196.8552,85303.1448,13395595.145798918,1.0046721476152878,475,500.0,1.0,0.95,1640460.0,0.0,0.0
2020-06-18,233299.99999999927,66500.0,0.0,0.0,0.0,0.0,195.89759999999998,195.89759999999998,299604.1023999993,13695199.248198917,1.0271425114711974,475,500.0,1.0,0.95,1632480.0,0.0,0.0
2020-06-19,0.0,-76000.0,0.0,0.0,0.0,0.0,196.992,196.992,-76196.992,13619002.256198917,1.0214277227842257,475,500.0,1.0,0.95,1641600.0,0.0,0.0
2020-06-22,0.0,38000.0,0.0,0.0,0.0,0.0,196.4448,196.4448,37803.5552,13656805.811398918,1.0242629965124102,475,500.0,1.0,0.95,1637040.0,0.0,0.0
2020-06-23,0.0,85500.0,0.0,0.0,0.0,0.0,195.21359999999999,195.21359999999999,85304.7864,13742110.597798917,1.0306608714870975,475,500.0,1.0,0.95,1626780.0,0.0,0.0
2020-06-24,0.0,247000.0,0.0,0.0,0.0,0.0,191.65679999999998,191.65679999999998,246808.3432,13988918.940998917,1.0491715435037776,475,500.0,1.0,0.95,1597140.0,0.0,0.0
2020-06-29,0.0,66500.0,0.0,0.0,0.0,0.0,190.6992,190.6992,66309.3008,14055228.241798917,1.0541447534968025,475,500.0,1.0,0.95,1589160.0,0.0,0.0
2020-06-30,0.0,9500.0,0.0,0.0,0.0,0.0,190.5624,190.5624,9309.4376,14064537.679398917,1.0548429630623264,475,500.0,1.0,0.95,1588020.0,0.0,0.0
2020-07-01,0.0,237500.0,0.0,0.0,5198.400000000001,0.0,187.14239999999998,5385.5424,232114.4576,14296652.136998918,1.072251590903896,475,500.0,1.0,0.95,1559520.0,0.0,0.0
2020-07-02,0.0,-5000.0,0.0,1918.0,0.0,35.269480498522746,65.72813282991135,2018.9976133284342,-7018.997613328434,14289633.139385588,1.071725164766831,125,7500.0,0.0,0.25,547734.4402492612,1298.5617298235027,1389.0111916560713
2020-07-03,0.0,-12500.0,73388.26709842625,0.0,0.0,0.0,65.90813282991134,65.90813282991134,60822.35896559634,14350455.498351185,1.0762868530934715,125,7500.0,0.0,0.25,549234.4402492612,1298.5617298235027,1389.0111916560713
2020-07-06,-66599.99999999854,-15000.0,24339.596217648577,0.0,0.0,0.0,66.12413282991135,66.12413282991135,-57326.52791517988,14293128.970436005,1.0719873527510821,125,7500.0,0.0,0.25,551034.4402492612,1298.5617298235027,1389.0111916560713
2020-07-07,0.0,30000.0,-1517.304596735287,0.0,0.0,0.0,65.69213282991134,65.69213282991134,28417.0032704348,14321545.97370644,1.0741186333245663,125,7500.0,0.0,0.25,547434.4402492612,1298.5617298235027,1389.0111916560713
2020-07-08,0.0,-55000.0,6969.342459240697,0.0,0.0,0.0,66.48413282991135,66.48413282991135,-48097.14167358921,14273448.83203285,1.0705113386808105,125,7500.0,0.0,0.25,554034.4402492612,1298.5617298235027,1389.0111916560713
2020-07-09,166599.99999999854,-7500.0,-70214.6896719803,0.0,0.0,0.0,66.59213282991134,66.59213282991134,88818.71819518832,14362267.550228039,1.077172759199001,125,7500.0,0.0,0.25,554934.4402492612,1298.5617298235027,1389.0111916560713
2020-07-10,0.0,12500.0,-525.4514152254086,0.0,0.0,0.0,66.41213282991134,66.41213282991134,11908.13645194468,14374175.686679984,1.078065871665678,125,7500.0,0.0,0.25,553434.4402492612,1298.5617298235027,1389.0111916560713
2020-07-13,0.0,-20000.0,-119.98416632671427,0.0,0.0,0.0,66.70013282991134,66.70013282991134,-20186.684299156626,14353989.002380827,1.0765518665582285,125,7500.0,0.0,0.25,555834.4402492612,1298.5617298235027,1389.0111916560713
2020-07-14,0.0,22500.0,-605.7304368730265,0.0,0.0,0.0,66.37613282991134,66.37613282991134,21827.893430297063,14375816.895811124,1.0781889626582408,125,7500.0,0.0,0.25,553134.4402492612,1298.5617298235027,1389.0111916560713
2020-07-15,0.0,17500.0,-1212.6401066257374,0.0,0.0,0.0,66.12413282991135,66.12413282991135,16221.235760544352,14392038.13157167,1.0794055583817712,125,7500.0,0.0,0.25,551034.4402492612,1298.5617298235027,1389.0111916560713
2020-07-16,0.0,20000.0,-799.9015771061768,0.0,0.0,0.0,65.83613282991134,65.83613282991134,19134.262290063914,14411172.393861733,1.0808406316412091,125,7500.0,0.0,0.25,548634.4402492612,1298.5617298235027,1389.0111916560713
2020-07-17,0.0,42500.0,50.9682763018926,0.0,0.0,0.0,65.22413282991134,65.22413282991134,42485.74414347198,14453658.138005204,1.0840270704180663,125,7500.0,0.0,0.25,543534.4402492612,1298.5617298235027,1389.0111916560713
2020-07-20,0.0,125000.0,6552.883718283849,0.0,0.0,0.0,63.42413282991134,63.42413282991134,131489.45958545394,14585147.597590659,1.0938888045413107,125,7500.0,0.0,0.25,528534.4402492612,1298.5617298235027,1389.0111916560713
2020-07-21,0.0,7500.0,-1149.5096467939936,0.0,0.0,0.0,63.31613282991134,63.31613282991134,6287.174220376095,14591434.771811035,1.0943603437866871,125,7500.0,0.0,0.25,527634.4402492612,1298.5617298235027,1389.0111916560713
2020-07-22,0.0,-32500.0,192.25082023232255,0.0,0.0,0.0,63.78413282991134,63.78413282991134,-32371.53331259759,14559063.238498436,1.0919324727185644,125,7500.0,0.0,0.25,531534.4402492612,1298.5617298235027,1389.0111916560713
2020-07-23,0.0,-20000.0,-388.5499484794064,0.0,0.0,0.0,64.07213282991134,64.07213282991134,-20452.622081309317,14538610.616417129,1.0903985222275903,125,7500.0,0.0,0.25,533934.4402492612,1298.5617298235027,1389.0111916560713
2020-07-24,0.0,10000.0,-1923.9413655891012,0.0,0.0,0.0,63.92813282991134,63.92813282991134,8012.130501580988,14546622.746918708,1.0909994335174868,125,7500.0,0.0,0.25,532734.4402492612,1298.5617298235027,1389.0111916560713
2020-07-27,0.0,-10000.0,-866.4709483121991,0.0,0.0,0.0,64.07213282991134,64.07213282991134,-10930.54308114211,14535692.203837566,1.0901796407369193,125,7500.0,0.0,0.25,533934.4402492612,1298.5617298235027,1389.0111916560713
2020-07-28,0.0,-2500.0,-1081.827300397249,0.0,0.0,0.0,64.10813282991134,64.10813282991134,-3645.9354332271605,14532046.268404339,1.0899061948958126,125,7500.0,0.0,0.25,534234.4402492612,1298.5617298235027,1389.0111916560713
2020-07-29,0.0,-5000.0,-2636.9368737153764,0.0,0.0,0.0,64.18013282991134,64.18013282991134,-7701.117006545288,14524345.151397794,1.0893286096763588,125,7500.0,0.0,0.25,534834.4402492612,1298.5617298235027,1389.0111916560713
2020-07-30,0.0,25000.0,-1306.6532251369313,0.0,0.0,0.0,63.82013282991134,63.82013282991134,23629.526642033157,14547974.678039826,1.0911008286050585,125,7500.0,0.0,0.25,531834.4402492612,1298.5617298235027,1389.0111916560713
2020-07-31,0.0,-25000.0,-1279.507918284537,0.0,0.0,0.0,64.18013282991134,64.18013282991134,-26343.688051114448,14521630.989988713,1.089125047061771,125,7500.0,0.0,0.25,534834.4402492612,1298.5617298235027,1389.0111916560713
2020-08-03,666700.0000000007,-122500.0,-243598.4687162177,0.0,1376.0,0.0,65.94413282991134,1441.9441328299113,299159.5871509531,14820790.577139666,1.1115620721906554,125,7500.0,0.0,0.25,549534.4402492612,1298.5617298235027,1389.0111916560713
2020-08-04,0.0,-95000.0,-512.2734360357839,0.0,0.0,0.0,67.31213282991133,67.31213282991133,-95579.5855688657,14725210.9915708,1.1043935853517735,125,7500.0,0.0,0.25,560934.4402492612,1298.5617298235027,1389.0111916560713
2020-08-05,666700.0000000007,20000.0,-380210.6913934926,0.0,0.0,0.0,67.02413282991134,67.02413282991134,306422.28447367816,15031633.276044479,1.1273753141416212,125,7500.0,0.0,0.25,558534.4402492612,1298.5617298235027,1389.0111916560713
2020-08-06,0.0,-27500.0,4847.015057609845,0.0,0.0,0.0,67.42013282991134,67.42013282991134,-22720.405075220064,15008912.870969258,1.1256712795008932,125,7500.0,0.0,0.25,561834.4402492612,1298.5617298235027,1389.0111916560713
2020-08-07,0.0,-137500.0,-653.2384710459382,0.0,0.0,0.0,69.40013282991134,69.40013282991134,-138222.63860387585,14870690.232365383,1.1153045556887928,125,7500.0,0.0,0.25,578334.4402492612,1298.5617298235027,1389.0111916560713
2020-08-10,833299.9999999993,80000.0,-612772.23045724,0.0,0.0,0.0,68.24813282991134,68.24813282991134,300459.5214099294,15171149.753775312,1.1378390761308388,125,7500.0,0.0,0.25,568734.4402492612,1298.5617298235027,1389.0111916560713
2020-08-11,0.0,2500.0,-94.77307365216348,0.0,0.0,0.0,68.21213282991134,68.21213282991134,2337.014793517925,15173486.768568829,1.1380143526785438,125,7500.0,0.0,0.25,568434.4402492612,1298.5617298235027,1389.0111916560713
2020-08-12,0.0,70000.0,-141.88060657772894,0.0,0.0,0.0,67.20413282991134,67.20413282991134,69790.91526059236,15243277.683829423,1.1432486844089178,125,7500.0,0.0,0.25,560034.4402492612,1298.5617298235027,1389.0111916560713
2020-08-13,0.0,17500.0,-143.73087536625917,0.0,0.0,131.0652599940792,75.14791559964476,206.21317559372397,17150.05594904002,15260427.739778463,1.1445349418207393,125,7500.0,0.0,0.25,626232.6299970397,1520.2522225117712,1629.9986529708326
2020-08-14,0.0,75000.0,124709.26007084147,0.0,0.0,0.0,74.06791559964475,74.06791559964475,199635.19215524182,15460062.931933705,1.1595076186640745,125,7500.0,0.0,0.25,617232.6299970397,1520.2522225117712,1629.9986529708326
2020-08-17,0.0,-10000.0,-4388.504141070273,0.0,0.0,0.0,74.21191559964475,74.21191559964475,-14462.716056669917,15445600.215877034,1.158422912248058,125,7500.0,0.0,0.25,618432.6299970397,1520.2522225117712,1629.9986529708326
2020-08-18,750000.0,-22500.0,-400526.15638727875,0.0,0.0,0.0,74.53591559964475,74.53591559964475,326899.3076971216,15772499.523574155,1.1829404216191157,125,7500.0,0.0,0.25,621132.6299970397,1520.2522225117712,1629.9986529708326
2020-08-19,0.0,-55000.0,985.9380625098346,0.0,0.0,0.0,75.32791559964475,75.32791559964475,-54089.38985308981,15718410.133721065,1.178883707238348,125,7500.0,0.0,0.25,627732.6299970397,1520.2522225117712,1629.9986529708326
2020-08-20,0.0,-457500.0,-56637.042198036215,0.0,0.0,0.0,81.91591559964475,81.91591559964475,-514218.95811363583,15204191.17560743,1.1403171889635297,125,7500.0,0.0,0.25,682632.6299970397,1520.2522225117712,1629.9986529708326
2020-08-21,0.0,-27500.0,2056.716039530109,0.0,0.0,0.0,82.31191559964475,82.31191559964475,-25525.595876069536,15178665.57973136,1.1384027644867631,125,7500.0,0.0,0.25,685932.6299970397,1520.2522225117712,1629.9986529708326
2020-08-24,0.0,-117500.0,1167.556545493369,0.0,0.0,0.0,84.00391559964476,84.00391559964476,-116416.44737010628,15062249.132361254,1.1296715091058669,125,7500.0,0.0,0.25,700032.6299970397,1520.2522225117712,1629.9986529708326
2020-08-25,0.0,-85000.0,1990.7932924848026,0.0,0.0,0.0,85.22791559964476,85.22791559964476,-83094.43462311485,14979154.697738139,1.1234394109288877,125,7500.0,0.0,0.25,710232.6299970397,1520.2522225117712,1629.9986529708326
2020-08-26,250000.0,22500.0,-153295.10512671495,0.0,0.0,0.0,84.90391559964475,84.90391559964475,119119.99095768541,15098274.688695826,1.1323734325857684,125,7500.0,0.0,0.25,707532.6299970397,1520.2522225117712,1629.9986529708326
2020-08-27,2000000.0,25000.0,-1290623.3396657,0.0,0.0,0.0,84.54391559964475,84.54391559964475,734292.1164187003,15832566.805114524,1.1874454789972868,125,7500.0,0.0,0.25,704532.6299970397,1520.2522225117712,1629.9986529708326
2020-08-28,2250000.0,-45000.0,-1583608.6992562877,0.0,0.0,0.0,85.19191559964476,85.19191559964476,621306.1088281127,16453872.913942639,1.234043553654582,125,7500.0,0.0,0.25,709932.6299970397,1520.2522225117712,1629.9986529708326
2020-08-31,0.0,-147500.0,2970.308611935906,0.0,0.0,0.0,87.31591559964475,87.31591559964475,-144617.00730366373,16309255.906638974,1.2231972509910505,125,7500.0,0.0,0.25,727632.6299970397,1520.2522225117712,1629.9986529708326
2020-09-01,0.0,-40000.0,3283.478692419948,0.0,1758.0,0.0,87.89191559964475,1845.8919155996448,-38562.4132231797,16270693.493415795,1.2203050627688417,125,7500.0,0.0,0.25,732432.6299970397,1520.2522225117712,1629.9986529708326
2020-09-02,0.0,-95000.0,2960.9186809075536,0.0,0.0,0.0,89.25991559964476,89.25991559964476,-92128.3412346921,16178565.152181104,1.2133954199021326,125,7500.0,0.0,0.25,743832.6299970397,1520.2522225117712,1629.9986529708326
2020-09-03,0.0,27500.0,1683.5701420946236,0.0,0.0,0.0,88.86391559964476,88.86391559964476,29094.70622649498,16207659.858407598,1.2155775283243906,125,7500.0,0.0,0.25,740532.6299970397,1520.2522225117712,1629.9986529708326
2020-09-04,0.0,50000.0,2821.985089984054,0.0,0.0,0.0,88.14391559964476,88.14391559964476,52733.84117438441,16260393.699581983,1.2195325763000895,125,7500.0,0.0,0.25,734532.6299970397,1520.2522225117712,1629.9986529708326
2020-09-07,0.0,-55000.0,3546.7868377071454,0.0,0.0,0.0,88.93591559964476,88.93591559964476,-51542.1490778925,16208851.55050409,1.2156669054550704,125,7500.0,0.0,0.25,741132.6299970397,1520.2522225117712,1629.9986529708326
2020-09-08,0.0,62500.0,958.4142000456097,0.0,0.0,0.0,88.03591559964475,88.03591559964475,63370.37828444597,16272221.928788535,1.2204196957083795,125,7500.0,0.0,0.25,733632.6299970397,1520.2522225117712,1629.9986529708326
2020-09-09,0.0,87500.0,1414.3765258245367,0.0,0.0,0.0,86.77591559964475,86.77591559964475,88827.6006102249,16361049.529398762,1.2270817824093632,125,7500.0,0.0,0.25,723132.6299970397,1520.2522225117712,1629.9986529708326
2020-09-10,0.0,-30000.0,1357.620749047328,0.0,0.0,0.0,87.20791559964475,87.20791559964475,-28729.587166552315,16332319.942232208,1.2249270579850606,125,7500.0,0.0,0.25,726732.6299970397,1520.2522225117712,1629.9986529708326
2020-09-11,0.0,-95000.0,1370.668374546824,0.0,0.0,0.0,88.57591559964476,88.57591559964476,-93717.90754105283,16238602.034691155,1.21789819734733,125,7500.0,0.0,0.25,738132.6299970397,1520.2522225117712,1629.9986529708326
2020-09-14,0.0,120000.0,-115.14559046958084,0.0,0.0,0.0,86.84791559964475,86.84791559964475,119798.00649393078,16358400.041185087,1.2268830702965572,125,7500.0,0.0,0.25,723732.6299970397,1520.2522225117712,1629.9986529708326
2020-09-15,0.0,155000.0,-225.58485653846105,0.0,0.0,0.0,84.61591559964475,84.61591559964475,154689.7992278619,16513089.840412948,1.2384848342430568,125,7500.0,0.0,0.25,705132.6299970397,1520.2522225117712,1629.9986529708326
2020-09-16,0.0,-32500.0,364.1620600508588,0.0,0.0,0.0,85.08391559964475,85.08391559964475,-32220.921855548786,16480868.9185574,1.2360682590624525,125,7500.0,0.0,0.25,709032.6299970397,1520.2522225117712,1629.9986529708326
2020-09-17,0.0,12500.0,252.93600731714605,0.0,0.0,0.0,84.90391559964475,84.90391559964475,12668.032091717501,16493536.950649116,1.2370183638445933,125,7500.0,0.0,0.25,707532.6299970397,1520.2522225117712,1629.9986529708326
2020-09-18,0.0,-85000.0,-397.10358689518443,0.0,0.0,0.0,86.12791559964475,86.12791559964475,-85483.23150249483,16408053.719146622,1.2306071054537604,125,7500.0,0.0,0.25,717732.6299970397,1520.2522225117712,1629.9986529708326
2020-09-21,0.0,67500.0,-397.1568249320967,0.0,0.0,0.0,85.15591559964476,85.15591559964476,67017.68725946825,16475071.40640609,1.2356334445640682,125,7500.0,0.0,0.25,709632.6299970397,1520.2522225117712,1629.9986529708326
2020-09-22,0.0,-120000.0,-397.2043981384843,0.0,0.0,0.0,86.88391559964475,86.88391559964475,-120484.08831373812,16354587.318092354,1.2265971153497148,125,7500.0,0.0,0.25,724032.6299970397,1520.2522225117712,1629.9986529708326
2020-09-23,0.0,-52500.0,-397.251687377036,0.0,0.0,0.0,87.63991559964475,87.63991559964475,-52984.891602976684,16301602.426489376,1.2226232385447995,125,7500.0,0.0,0.25,730332.6299970397,1520.2522225117712,1629.9986529708326
2020-09-24,0.0,22500.0,-397.2989820580608,0.0,0.0,186.88837615242633,96.33530256914555,283.2236787215719,21819.477339220364,16323421.903828597,1.2242597034364033,125,7500.0,0.0,0.25,802794.188076213,2035.086760334773,2182.481386983472
2020-09-25,0.0,45000.0,168458.29736284373,0.0,0.0,0.0,95.68730256914556,95.68730256914556,213362.6100602746,16536784.513888871,1.2402619391965133,125,7500.0,0.0,0.25,797394.188076213,2035.086760334773,2182.481386983472
2020-09-28,1000000.0,40000.0,-553065.4131919566,0.0,0.0,0.0,95.11130256914555,95.11130256914555,486839.47550547426,17023623.989394344,1.2767749911420536,125,7500.0,0.0,0.25,792594.188076213,2035.086760334773,2182.481386983472
2020-09-29,0.0,5000.0,3803.3579832906917,0.0,0.0,0.0,95.03930256914555,95.03930256914555,8708.318680721546,17032332.308075067,1.2774281166759216,125,7500.0,0.0,0.25,791994.188076213,2035.086760334773,2182.481386983472
2020-09-30,0.0,-27500.0,8477.886244098407,0.0,0.0,0.0,95.43530256914555,95.43530256914555,-19117.549058470737,17013214.759016596,1.275994296911987,125,7500.0,0.0,0.25,795294.188076213,2035.086760334773,2182.481386983472
2020-10-09,0.0,65000.0,1003.4436709894834,0.0,1691.0,0.0,94.49930256914556,1785.4993025691456,64217.944368420336,17077432.703385018,1.2808106547805134,125,7500.0,0.0,0.25,787494.188076213,2035.086760334773,2182.481386983472
2020-10-12,0.0,-85000.0,-1691.5170772552735,0.0,0.0,0.0,95.72330256914555,95.72330256914555,-86787.2403798244,16990645.463005193,1.2743015954793782,125,7500.0,0.0,0.25,797694.188076213,2035.086760334773,2182.481386983472
2020-10-13,0.0,-12500.0,5226.253740148863,0.0,0.0,0.0,95.90330256914555,95.90330256914555,-7369.649562420283,16983275.81344277,1.2737488703803836,125,7500.0,0.0,0.25,799194.188076213,2035.086760334773,2182.481386983472
2020-10-14,500000.0,57500.0,-270165.64804491523,0.0,0.0,0.0,95.07530256914555,95.07530256914555,287239.27665251563,17270515.09009529,1.2952918699868217,125,7500.0,0.0,0.25,792294.188076213,2035.086760334773,2182.481386983472
2020-10-15,0.0,85000.0,5230.465800420525,0.0,0.0,0.0,93.85130256914555,93.85130256914555,90136.61449785138,17360651.704593137,1.3020521329748178,125,7500.0,0.0,0.25,782094.188076213,2035.086760334773,2182.481386983472
2020-10-16,0.0,-17500.0,6324.335381874455,0.0,0.0,0.0,94.10330256914555,94.10330256914555,-11269.76792069469,17349381.936672445,1.301206898267679,125,7500.0,0.0,0.25,784194.188076213,2035.086760334773,2182.481386983472
2020-10-19,0.0,147500.0,-2246.507020842863,0.0,0.0,0.0,91.97930256914555,91.97930256914555,145161.513676588,17494543.450349033,1.312094039011275,125,7500.0,0.0,0.25,766494.188076213,2035.086760334773,2182.481386983472
2020-10-20,0.0,-40000.0,13198.951282024858,0.0,0.0,0.0,92.55530256914555,92.55530256914555,-26893.604020544288,17467649.84632849,1.3100770136671709,125,7500.0,0.0,0.25,771294.188076213,2035.086760334773,2182.481386983472
2020-10-21,0.0,-7500.0,32534.619383070512,0.0,0.0,0.0,92.66330256914556,92.66330256914556,24941.956080501368,17492591.80240899,1.3119476650498367,125,7500.0,0.0,0.25,772194.188076213,2035.086760334773,2182.481386983472
2020-10-22,0.0,32500.0,8236.516443713526,0.0,0.0,0.0,92.19530256914555,92.19530256914555,40644.32114114438,17533236.123550132,1.314995996756252,125,7500.0,0.0,0.25,768294.188076213,2035.086760334773,2182.481386983472
2020-10-23,0.0,55000.0,4534.547835062029,0.0,0.0,0.0,91.40330256914555,91.40330256914555,59443.14453249288,17592679.268082626,1.3194542437418064,125,7500.0,0.0,0.25,761694.188076213,2035.086760334773,2182.481386983472
2020-10-26,0.0,-27500.0,19191.375683389502,0.0,0.0,0.0,91.79930256914555,91.79930256914555,-8400.423619179643,17584278.844463445,1.3188242103952843,125,7500.0,0.0,0.25,764994.188076213,2035.086760334773,2182.481386983472
2020-10-27,0.0,-2500.0,13846.010720520426,0.0,0.0,0.0,91.83530256914555,91.83530256914555,11254.17541795128,17595533.019881397,1.319668275661794,125,7500.0,0.0,0.25,765294.188076213,2035.086760334773,2182.481386983472
2020-10-28,0.0,17500.0,39205.183086228426,0.0,0.0,0.0,91.58330256914556,91.58330256914556,56613.59978365928,17652146.619665056,1.3239143062606449,125,7500.0,0.0,0.25,763194.188076213,2035.086760334773,2182.481386983472
2020-10-29,0.0,67500.0,14049.586015319343,0.0,0.0,0.0,90.61130256914555,90.61130256914555,81458.97471275019,17733605.59437781,1.3300237446376972,125,7500.0,0.0,0.25,755094.188076213,2035.086760334773,2182.481386983472
2020-10-30,0.0,37500.0,10300.395984437731,0.0,0.0,0.0,90.07130256914556,90.07130256914556,47710.32468186859,17781315.919059675,1.3336020279345455,125,7500.0,0.0,0.25,750594.188076213,2035.086760334773,2182.481386983472
2020-11-02,0.0,-95000.0,-11487.335133050305,0.0,1606.0,0.0,91.43930256914555,1697.4393025691456,-108184.77443561945,17673131.144624054,1.325488149567178,125,7500.0,0.0,0.25,761994.188076213,2035.086760334773,2182.481386983472
2020-11-03,0.0,70000.0,9243.423372960624,0.0,0.0,0.0,90.43130256914556,90.43130256914556,79152.99207039147,17752284.136694446,1.3314246388136806,125,7500.0,0.0,0.25,753594.188076213,2035.086760334773,2182.481386983472
2020-11-04,0.0,10000.0,15138.240330481167,0.0,0.0,0.0,90.28730256914555,90.28730256914555,25047.953027912023,17777332.08972236,1.333303239987277,125,7500.0,0.0,0.25,752394.188076213,2035.086760334773,2182.481386983472
2020-11-05,0.0,52500.0,17473.43581585767,0.0,0.0,0.0,89.53130256914555,89.53130256914555,69883.90451328852,17847215.99423565,1.3385445459290386,125,7500.0,0.0,0.25,746094.188076213,2035.086760334773,2182.481386983472
2020-11-06,0.0,2500.0,20298.606853936984,0.0,0.0,0.0,89.49530256914555,89.49530256914555,22709.111551367838,17869925.105787016,1.34024773355336,125,7500.0,0.0,0.25,745794.188076213,2035.086760334773,2182.481386983472
2020-11-09,0.0,75000.0,28568.749023435594,0.0,0.0,0.0,88.41530256914555,88.41530256914555,103480.33372086645,17973405.439507883,1.3480087779850363,125,7500.0,0.0,0.25,736794.188076213,2035.086760334773,2182.481386983472
2020-11-10,0.0,-25000.0,18916.118856137433,0.0,0.0,0.0,88.77530256914555,88.77530256914555,-6172.6564464317125,17967232.783061452,1.3475458275941778,125,7500.0,0.0,0.25,739794.188076213,2035.086760334773,2182.481386983472
2020-11-11,0.0,25000.0,22922.01761362959,0.0,0.0,0.0,88.41530256914555,88.41530256914555,47833.602311060444,18015066.385372512,1.3511333567363302,125,7500.0,0.0,0.25,736794.188076213,2035.086760334773,2182.481386983472
2020-11-12,0.0,-2500.0,23476.002339935923,0.0,0.0,0.0,88.45130256914555,88.45130256914555,20887.55103736678,18035953.93640988,1.3526999269805584,125,7500.0,0.0,0.25,737094.188076213,2035.086760334773,2182.481386983472
2020-11-13,0.0,-27500.0,10109.002020251231,0.0,0.0,118.99280094631399,86.39356805677879,205.3863690030928,-17596.38434875186,18018357.552061126,1.3513801948550717,125,7500.0,0.0,0.25,719946.4004731566,2182.849260073788,2337.5019193181383
2020-11-16,0.0,-22500.0,148355.3038670575,0.0,0.0,0.0,86.71756805677879,86.71756805677879,125768.58629900072,18144126.138360128,1.3608128624091655,125,7500.0,0.0,0.25,722646.4004731566,2182.849260073788,2337.5019193181383
2020-11-17,0.0,-0.0,-3630.6032005272205,0.0,0.0,0.0,86.71756805677879,86.71756805677879,-3717.3207685839993,18140408.817591544,1.3605340626545224,125,7500.0,0.0,0.25,722646.4004731566,2182.849260073788,2337.5019193181383
2020-11-18,0.0,32500.0,-1405.882155547289,0.0,0.0,0.0,86.24956805677878,86.24956805677878,31007.868276395933,18171416.68586794,1.3628596585892419,125,7500.0,0.0,0.25,718746.4004731566,2182.849260073788,2337.5019193181383
2020-11-19,0.0,-47500.0,1758.6045798451532,0.0,0.0,0.0,86.93356805677878,86.93356805677878,-45828.32898821163,18125588.356879726,1.3594225253222927,125,7500.0,0.0,0.25,724446.4004731566,2182.849260073788,2337.5019193181383
2020-11-20,0.0,65000.0,-314.1417346476238,0.0,0.0,0.0,85.99756805677879,85.99756805677879,64599.8606972956,18190188.217577025,1.3642675269870943,125,7500.0,0.0,0.25,716646.4004731566,2182.849260073788,2337.5019193181383
2020-11-23,0.0,20000.0,-2961.704616266907,0.0,0.0,0.0,85.70956805677878,85.70956805677878,16952.585815676313,18207140.8033927,1.3655389741018877,125,7500.0,0.0,0.25,714246.4004731566,2182.849260073788,2337.5019193181383
2020-11-24,0.0,52500.0,-382.86913354385274,0.0,0.0,0.0,84.95356805677878,84.95356805677878,52032.177298399365,18259172.980691098,1.3694413971553252,125,7500.0,0.0,0.25,707946.4004731566,2182.849260073788,2337.5019193181383
2020-11-25,-4750000.0,17500.0,3096483.333513861,0.0,0.0,0.0,84.70156805677878,84.70156805677878,-1636101.3680541958,16623071.612636903,1.2467334877814873,125,7500.0,0.0,0.25,705846.4004731566,2182.849260073788,2337.5019193181383
2020-11-26,0.0,-10000.0,371.9180655437526,0.0,0.0,0.0,84.84556805677879,84.84556805677879,-9712.927502513026,16613358.68513439,1.2460050163976202,125,7500.0,0.0,0.25,707046.4004731566,2182.849260073788,2337.5019193181383
2020-11-27,0.0,-72500.0,398.4919774104867,0.0,0.0,0.0,85.88956805677878,85.88956805677878,-72187.39759064629,16541171.287543744,1.240590948043151,125,7500.0,0.0,0.25,715746.4004731566,2182.849260073788,2337.5019193181383
2020-11-30,0.0,107500.0,375.4202335427692,0.0,0.0,0.0,84.34156805677878,84.34156805677878,107791.07866548598,16648962.366209231,1.2486752991539403,125,7500.0,0.0,0.25,702846.4004731566,2182.849260073788,2337.5019193181383
2020-12-01,0.0,77500.0,383.6877509083081,0.0,1446.0,0.0,83.22556805677878,1529.2255680567787,76354.46218285154,16725316.828392083,1.2544018981341516,125,7500.0,0.0,0.25,693546.4004731566,2182.849260073788,2337.5019193181383
2020-12-02,0.0,12500.0,381.128215866795,0.0,0.0,0.0,83.04556805677879,83.04556805677879,12798.082647810015,16738114.911039893,1.2553617567323838,125,7500.0,0.0,0.25,692046.4004731566,2182.849260073788,2337.5019193181383
2020-12-03,-250000.0,-10000.0,187523.20302227134,0.0,0.0,0.0,83.18956805677878,83.18956805677878,-72559.98654578545,16665554.924494106,1.2499197441364183,125,7500.0,0.0,0.25,693246.4004731566,2182.849260073788,2337.5019193181383
2020-12-04,0.0,-0.0,407.5710619683548,0.0,0.0,0.0,83.18956805677878,83.18956805677878,324.381493911576,16665879.30598802,1.2499440728092834,125,7500.0,0.0,0.25,693246.4004731566,2182.849260073788,2337.5019193181383
2020-12-07,0.0,75000.0,407.87751758060153,0.0,0.0,0.0,82.10956805677878,82.10956805677878,75325.76794952383,16741205.073937543,1.2555935195291146,125,7500.0,0.0,0.25,684246.4004731566,2182.849260073788,2337.5019193181383
2020-12-08,0.0,-12500.0,407.97442361963476,0.0,0.0,0.0,82.28956805677879,82.28956805677879,-12174.315144437143,16729030.758793104,1.2546804436105918,125,7500.0,0.0,0.25,685746.4004731566,2182.849260073788,2337.5019193181383
2020-12-09,0.0,112500.0,408.5416126179098,0.0,0.0,0.0,80.66956805677879,80.66956805677879,112827.87204456113,16841858.630837668,1.263142555169213,125,7500.0,0.0,0.25,672246.4004731566,2182.849260073788,2337.5019193181383
2020-12-10,0.0,92500.0,408.3185779519738,0.0,0.0,0.0,79.33756805677878,79.33756805677878,92828.98100989519,16934687.61184756,1.2701047461504325,125,7500.0,0.0,0.25,661146.4004731566,2182.849260073788,2337.5019193181383
2020-12-11,0.0,20000.0,407.8598148930723,0.0,0.0,0.0,79.04956805677878,79.04956805677878,20328.810246836292,16955016.422094397,1.2716294107306065,125,7500.0,0.0,0.25,658746.4004731566,2182.849260073788,2337.5019193181383
2020-12-14,0.0,-145000.0,411.84513240395404,0.0,0.0,0.0,81.13756805677879,81.13756805677879,-144669.29243565284,16810347.129658744,1.2607791866723725,125,7500.0,0.0,0.25,676146.4004731566,2182.849260073788,2337.5019193181383
2020-12-15,0.0,7500.0,405.81131244593394,0.0,0.0,0.0,81.02956805677879,81.02956805677879,7824.781744389155,16818171.911403134,1.261366046770352,125,7500.0,0.0,0.25,675246.4004731566,2182.849260073788,2337.5019193181383
2020-12-16,-750000.0,-0.0,562438.841835977,0.0,0.0,0.0,81.02956805677879,81.02956805677879,-187642.18773207974,16630529.723671054,1.2472928475074478,125,7500.0,0.0,0.25,675246.4004731566,2182.849260073788,2337.5019193181383
2020-12-17,0.0,-323000.0,475.3890003425454,1986.6000000000001,0.0,798.7031841351298,194.11919999999998,2979.42238413513,-325504.0333837926,16305025.690287262,1.2228799839715045,475,500.0,1.0,0.95,1617660.0,0.0,0.0
2020-12-18,0.0,28500.0,0.0,0.0,0.0,0.0,193.7088,193.7088,28306.2912,16333331.981487261,1.2250029611189475,475,500.0,1.0,0.95,1614240.0,0.0,0.0
2020-12-21,0.0,-2375000.0,0.0,0.0,0.0,0.0,227.90879999999999,227.90879999999999,-2375227.9088,13958104.07268726,1.046860422602601,475,500.0,1.0,0.95,1899240.0,0.0,0.0
2020-12-22,-666700.0000000007,120000.0,0.0,2265.2000000000003,0.0,369.0057381786057,97.48830829071636,2731.6940464693225,-549431.69404647,13408672.378640791,1.0056529425304157,125,7500.0,0.0,0.25,812402.569089303,1551.56206688,1672.8126884471067
2020-12-23,0.0,-65000.0,149050.80521279565,0.0,0.0,0.0,98.42430829071635,98.42430829071635,83952.38090450493,13492624.759545296,1.0119493868393643,125,7500.0,0.0,0.25,820202.569089303,1551.56206688,1672.8126884471067
2020-12-24,0.0,-32500.0,223.61588279942168,0.0,0.0,0.0,98.89230829071636,98.89230829071636,-32375.276425491295,13460249.483119806,1.009521235037073,125,7500.0,0.0,0.25,824102.569089303,1551.56206688,1672.8126884471067
2020-12-25,0.0,17500.0,229.48168374295363,0.0,0.0,0.0,98.64030829071635,98.64030829071635,17630.841375452237,13477880.324495258,1.010843551446023,125,7500.0,0.0,0.25,822002.569089303,1551.56206688,1672.8126884471067
2020-12-28,0.0,77500.0,260.2357386153997,0.0,0.0,0.0,97.52430829071635,97.52430829071635,77662.71143032469,13555543.035925582,1.0166682693650921,125,7500.0,0.0,0.25,812702.569089303,1551.56206688,1672.8126884471067
2020-12-29,0.0,65000.0,189.0975656268168,0.0,0.0,0.0,96.58830829071636,96.58830829071636,65092.5092573361,13620635.54518292,1.0215502197642683,125,7500.0,0.0,0.25,804902.569089303,1551.56206688,1672.8126884471067
2020-12-30,0.0,-66500.0,146.63043808567977,2240.0,0.0,315.2505005559848,218.87999999999997,2774.130500555985,-69127.50006247031,13551508.045120448,1.0163656442981444,475,500.0,1.0,0.95,1824000.0,0.0,0.0
2020-12-31,0.0,-104500.0,0.0,0.0,0.0,0.0,220.38479999999998,220.38479999999998,-104720.3848,13446787.660320448,1.008511595803023,475,500.0,1.0,0.95,1836540.0,0.0,0.0
2021-01-04,0.0,19000.0,0.0,0.0,6114.200000000001,0.0,220.11119999999997,6334.311200000001,12665.6888,13459453.349120447,1.0094615248378456,475,500.0,1.0,0.95,1834260.0,0.0,0.0
2021-01-05,0.0,95000.0,0.0,0.0,0.0,0.0,218.74319999999997,218.74319999999997,94781.2568,13554234.605920449,1.0165701368693758,475,500.0,1.0,0.95,1822860.0,0.0,0.0
2021-01-06,0.0,-484500.0,0.0,0.0,0.0,0.0,225.71999999999997,225.71999999999997,-484725.72,13069508.885920448,0.980215616983076,475,500.0,1.0,0.95,1881000.0,0.0,0.0
2021-01-07,0.0,123500.0,0.0,0.0,0.0,0.0,223.9416,223.9416,123276.0584,13192784.944320448,0.9894613444773948,475,500.0,1.0,0.95,1866180.0,0.0,0.0
2021-01-08,0.0,275500.0,0.0,0.0,0.0,0.0,219.97439999999997,219.97439999999997,275280.0256,13468064.969920449,1.0101073980125288,475,500.0,1.0,0.95,1833120.0,0.0,0.0
2021-01-11,0.0,570000.0,0.0,0.0,0.0,0.0,211.76639999999998,211.76639999999998,569788.2336,14037853.203520449,1.0528416223680896,475,500.0,1.0,0.95,1764720.0,0.0,0.0
2021-01-12,0.0,47500.0,0.0,2140.6,0.0,356.7393543603907,93.5483252616235,2590.8876796220143,44909.112320377986,14082762.315840825,1.0562098142125975,125,7500.0,0.0,0.25,779569.3771801959,1551.56206688,1672.4782832497506
2021-01-13,-166599.99999999854,65000.0,256617.35992432432,0.0,0.0,0.0,92.6123252616235,92.6123252616235,154924.74759906414,14237687.06343989,1.06782919933099,125,7500.0,0.0,0.25,771769.3771801959,1551.56206688,1672.4782832497506
2021-01-14,0.0,-47500.0,-68.3757703074761,0.0,0.0,0.0,93.2963252616235,93.2963252616235,-47661.6720955691,14190025.391344322,1.0642545649872366,125,7500.0,0.0,0.25,777469.3771801959,1551.56206688,1672.4782832497506
2021-01-15,0.0,-62500.0,-132.5122588303529,0.0,0.0,0.0,94.1963252616235,94.1963252616235,-62726.708584091975,14127298.68276023,1.0595500500821424,125,7500.0,0.0,0.25,784969.3771801959,1551.56206688,1672.4782832497506
2021-01-18,266599.99999999854,-22500.0,-171840.8134669752,0.0,0.0,0.0,94.5203252616235,94.5203252616235,72164.66620776172,14199463.348967992,1.0649624135786333,125,7500.0,0.0,0.25,787669.3771801959,1551.56206688,1672.4782832497506
2021-01-19,0.0,22500.0,-3468.0224599279886,0.0,0.0,0.0,94.1963252616235,94.1963252616235,18937.781214810388,14218401.1301828,1.066382750720587,125,7500.0,0.0,0.25,784969.3771801959,1551.56206688,1672.4782832497506
2021-01-20,0.0,-90000.0,-681.1305015834446,0.0,0.0,0.0,95.49232526162349,95.49232526162349,-90776.62282684508,14127624.507355956,1.0595744869879142,125,7500.0,0.0,0.25,795769.3771801959,1551.56206688,1672.4782832497506
2021-01-21,0.0,32500.0,-1226.687628681713,0.0,0.0,0.0,95.0243252616235,95.0243252616235,31178.288046056663,14158802.795402013,1.0619128644373121,125,7500.0,0.0,0.25,791869.3771801959,1551.56206688,1672.4782832497506
2021-01-22,0.0,45000.0,-739.5822586508061,0.0,0.0,0.0,94.37632526162349,94.37632526162349,44166.041416087566,14202968.8368181,1.0652253258246722,125,7500.0,0.0,0.25,786469.3771801959,1551.56206688,1672.4782832497506
2021-01-25,0.0,-65000.0,290.33873180226874,0.0,0.0,0.0,95.3123252616235,95.3123252616235,-64804.97359345935,14138163.86322464,1.0603649406541997,125,7500.0,0.0,0.25,794269.3771801959,1551.56206688,1672.4782832497506
2021-01-26,0.0,5000.0,-1525.3885399093647,0.0,0.0,0.0,95.2403252616235,95.2403252616235,3379.3711348290117,14141543.23435947,1.0606183941229455,125,7500.0,0.0,0.25,793669.3771801959,1551.56206688,1672.4782832497506
2021-01-27,0.0,42500.0,-1221.6500765286132,0.0,0.0,0.0,94.6283252616235,94.6283252616235,41183.72159820976,14182726.955957681,1.0637071809647785,125,7500.0,0.0,0.25,788569.3771801959,1551.56206688,1672.4782832497506
2021-01-28,0.0,-110000.0,1303.8362702897732,0.0,0.0,0.0,96.21232526162349,96.21232526162349,-108792.37605497186,14073934.579902709,1.0555477323620341,125,7500.0,0.0,0.25,801769.3771801959,1551.56206688,1672.4782832497506
2021-01-29,0.0,-37500.0,-815.5161871584671,0.0,0.0,0.0,96.7523252616235,96.7523252616235,-38412.26851242009,14035522.311390288,1.0526668050212842,125,7500.0,0.0,0.25,806269.3771801959,1551.56206688,1672.4782832497506
2021-02-01,0.0,55000.0,-523.8433271764009,0.0,1596.0,0.0,95.9603252616235,1691.9603252616234,52784.19634756198,14088306.50773785,1.056625629644413,125,7500.0,0.0,0.25,799669.3771801959,1551.56206688,1672.4782832497506
2021-02-02,0.0,-45000.0,-874.7039210847518,0.0,0.0,0.0,96.60832526162349,96.60832526162349,-45971.31224634637,14042335.195491504,1.0531777726062943,125,7500.0,0.0,0.25,805069.3771801959,1551.56206688,1672.4782832497506
2021-02-03,0.0,-57500.0,-3652.4986413387373,0.0,0.0,0.0,97.4363252616235,97.4363252616235,-61249.93496660036,13981085.260524902,1.0485840159994078,125,7500.0,0.0,0.25,811969.3771801959,1551.56206688,1672.4782832497506
2021-02-04,0.0,10000.0,-1684.821261723508,0.0,0.0,0.0,97.2923252616235,97.2923252616235,8217.886413014869,13989303.146937918,1.0492003590212413,125,7500.0,0.0,0.25,810769.3771801959,1551.56206688,1672.4782832497506
2021-02-05,0.0,15000.0,-2928.249594874979,0.0,0.0,0.0,97.0763252616235,97.0763252616235,11974.674079863398,14001277.821017781,1.0500984618224882,125,7500.0,0.0,0.25,808969.3771801959,1551.56206688,1672.4782832497506
2021-02-08,0.0,-45000.0,-10179.84363482575,0.0,0.0,0.0,97.72432526162349,97.72432526162349,-55277.56796008738,13946000.253057694,1.0459526338609118,125,7500.0,0.0,0.25,814369.3771801959,1551.56206688,1672.4782832497506
2021-02-09,0.0,67500.0,-1521.7509976904141,0.0,0.0,0.0,96.7523252616235,96.7523252616235,65881.49667704797,14011881.749734743,1.050893758464502,125,7500.0,0.0,0.25,806269.3771801959,1551.56206688,1672.4782832497506
2021-02-10,0.0,50000.0,-4052.4138752019235,0.0,0.0,0.0,96.0323252616235,96.0323252616235,45851.55379953646,14057733.303534279,1.054332633596655,125,7500.0,0.0,0.25,800269.3771801959,1551.56206688,1672.4782832497506
2021-02-18,0.0,-175000.0,5549.214465248242,0.0,0.0,0.0,98.5523252616235,98.5523252616235,-169549.33786001336,13888183.965674264,1.0416164014665734,125,7500.0,0.0,0.25,821269.3771801959,1551.56206688,1672.4782832497506
2021-02-19,233400.00000000146,5000.0,-76508.97089888224,0.0,0.0,0.0,98.48032526162349,98.48032526162349,161792.54877585758,14049976.514450124,1.0537508729609417,125,7500.0,0.0,0.25,820669.3771801959,1551.56206688,1672.4782832497506
2021-02-22,0.0,-197500.0,-1699.4273367169121,0.0,0.0,0.0,101.3243252616235,101.3243252616235,-199300.75166197855,13850675.762788145,1.038803279217309,125,7500.0,0.0,0.25,844369.3771801959,1551.56206688,1672.4782832497506
2021-02-23,500000.0,-45000.0,-165624.1114093472,0.0,0.0,0.0,101.9723252616235,101.9723252616235,289273.91626539116,14139949.679053536,1.060498877176208,125,7500.0,0.0,0.25,849769.3771801959,1551.56206688,1672.4782832497506
2021-02-24,0.0,-45000.0,21083.087820761666,0.0,0.0,0.0,102.62032526162349,102.62032526162349,-24019.53250449996,14115930.146549035,1.058697407734697,125,7500.0,0.0,0.25,855169.3771801959,1551.56206688,1672.4782832497506
2021-02-25,266599.99999999854,-165000.0,-98549.74523523654,0.0,0.0,0.0,104.9963252616235,104.9963252616235,2945.258439500385,14118875.404988535,1.0589183026698967,125,7500.0,0.0,0.25,874969.3771801959,1551.56206688,1672.4782832497506
2021-02-26,0.0,27500.0,30907.043673670574,0.0,0.0,0.0,104.6003252616235,104.6003252616235,58302.44334840895,14177177.848336944,1.0632909968527628,125,7500.0,0.0,0.25,871669.3771801959,1551.56206688,1672.4782832497506
2021-03-01,0.0,-180000.0,31556.247341799004,0.0,1908.0,0.0,107.1923252616235,2015.1923252616234,-150458.94498346263,14026718.903353482,1.0520065477678806,125,7500.0,0.0,0.25,893269.3771801959,1551.56206688,1672.4782832497506
2021-03-02,0.0,2500.0,45825.05542789195,0.0,0.0,157.16479281220052,96.36985156873203,253.53464438093255,48071.52078351102,14074790.424136993,1.0556119208400765,125,7500.0,0.0,0.25,803082.0964061003,1660.7219239998092,1781.1990329699918
2021-03-03,233400.00000000146,5000.0,6287.491153652276,0.0,0.0,0.0,96.29785156873203,96.29785156873203,244591.193302085,14319381.617439078,1.0739563061986963,125,7500.0,0.0,0.25,802482.0964061003,1660.7219239998092,1781.1990329699918
2021-03-04,500000.0,142500.0,-288114.11369809444,0.0,0.0,0.0,94.24585156873204,94.24585156873204,354291.64045033685,14673673.257889414,1.1005282456623202,125,7500.0,0.0,0.25,785382.0964061003,1660.7219239998092,1781.1990329699918
2021-03-05,0.0,17500.0,1140.1340342462163,0.0,0.0,0.0,93.99385156873203,93.99385156873203,18546.140182677485,14692219.398072092,1.101919209653431,125,7500.0,0.0,0.25,783282.0964061003,1660.7219239998092,1781.1990329699918
2021-03-08,0.0,-190000.0,-1389.180555487375,0.0,0.0,0.0,96.72985156873203,96.72985156873203,-191485.9104070561,14500733.487665037,1.087557730469204,125,7500.0,0.0,0.25,806082.0964061003,1660.7219239998092,1781.1990329699918
2021-03-09,333299.9999999993,-62500.0,-191994.16678934006,0.0,0.0,0.0,97.62985156873204,97.62985156873204,78708.2033590905,14579441.691024126,1.0934608604789606,125,7500.0,0.0,0.25,813582.0964061003,1660.7219239998092,1781.1990329699918
2021-03-10,0.0,-52500.0,3106.497966872741,0.0,0.0,0.0,98.38585156873204,98.38585156873204,-49491.88788469599,14529949.803139431,1.0897489596078564,125,7500.0,0.0,0.25,819882.0964061003,1660.7219239998092,1781.1990329699918
2021-03-11,0.0,177500.0,-10281.178394718112,0.0,0.0,0.0,95.82985156873202,95.82985156873202,167122.99175371314,14697072.794893144,1.1022832153250242,125,7500.0,0.0,0.25,798582.0964061003,1660.7219239998092,1781.1990329699918
2021-03-12,0.0,32500.0,2612.541984451937,0.0,0.0,0.0,95.36185156873204,95.36185156873204,35017.1801328832,14732089.975026026,1.104909510400728,125,7500.0,0.0,0.25,794682.0964061003,1660.7219239998092,1781.1990329699918
2021-03-15,333299.9999999993,-155000.0,-199363.19893489534,0.0,0.0,0.0,97.59385156873203,97.59385156873203,-21160.792786464765,14710929.182239562,1.1033224469740845,125,7500.0,0.0,0.25,813282.0964061003,1660.7219239998092,1781.1990329699918
2021-03-16,0.0,52500.0,6325.445526359701,0.0,0.0,0.0,96.83785156873203,96.83785156873203,58728.607674790976,14769657.789914353,1.1077271035613354,125,7500.0,0.0,0.25,806982.0964061003,1660.7219239998092,1781.1990329699918
2021-03-17,333400.00000000146,-192500.0,-200305.59941723748,0.0,0.0,0.0,99.60985156873203,99.60985156873203,-59505.209268804756,14710152.580645548,1.1032642017089205,125,7500.0,0.0,0.25,830082.0964061003,1660.7219239998092,1781.1990329699918
2021-03-18,0.0,2500.0,14608.012585140174,0.0,0.0,0.0,99.57385156873202,99.57385156873202,17008.438733571442,14727161.01937912,1.1045398378030284,125,7500.0,0.0,0.25,829782.0964061003,1660.7219239998092,1781.1990329699918
2021-03-19,0.0,130000.0,-4136.822953559616,0.0,0.0,0.0,97.70185156873202,97.70185156873202,125765.47519487164,14852926.494573992,1.1139722720237295,125,7500.0,0.0,0.25,814182.0964061003,1660.7219239998092,1781.1990329699918
2021-03-22,0.0,50000.0,18926.860551665428,0.0,0.0,0.0,96.98185156873203,96.98185156873203,68829.87870009668,14921756.373274088,1.1191345258318712,125,7500.0,0.0,0.25,808182.0964061003,1660.7219239998092,1781.1990329699918
2021-03-23,0.0,2500.0,7103.407766412566,0.0,0.0,0.0,96.94585156873202,96.94585156873202,9506.461914843832,14931262.835188933,1.1198475122579505,125,7500.0,0.0,0.25,807882.0964061003,1660.7219239998092,1781.1990329699918
2021-03-24,0.0,7500.0,7630.339484270828,0.0,0.0,0.0,96.83785156873203,96.83785156873203,15033.501632702095,14946296.336821634,1.1209750276991919,125,7500.0,0.0,0.25,806982.0964061003,1660.7219239998092,1781.1990329699918
2021-03-25,0.0,82500.0,16167.655165910695,0.0,0.0,0.0,95.64985156873203,95.64985156873203,98572.00531434196,15044868.342135977,1.1283679465800647,125,7500.0,0.0,0.25,797082.0964061003,1660.7219239998092,1781.1990329699918
2021-03-26,0.0,-40000.0,8880.330299601092,0.0,0.0,0.0,96.22585156873203,96.22585156873203,-31215.895551967642,15013652.446584009,1.126026748560672,125,7500.0,0.0,0.25,801882.0964061003,1660.7219239998092,1781.1990329699918
2021-03-29,0.0,87500.0,21971.157285939178,0.0,0.0,0.0,94.96585156873203,94.96585156873203,109376.19143437044,15123028.638018379,1.134229983426337,125,7500.0,0.0,0.25,791382.0964061003,1660.7219239998092,1781.1990329699918
2021-03-30,0.0,-37500.0,9308.922232399687,0.0,0.0,0.0,95.50585156873203,95.50585156873203,-28286.583619169043,15094742.054399211,1.1321084843511517,125,7500.0,0.0,0.25,795882.0964061003,1660.7219239998092,1781.1990329699918
2021-03-31,166599.99999999854,20000.0,-91335.68932652405,0.0,0.0,0.0,95.21785156873203,95.21785156873203,95169.09282190577,15189911.147221116,1.139246184157044,125,7500.0,0.0,0.25,793482.0964061003,1660.7219239998092,1781.1990329699918
2021-04-01,0.0,-72500.0,19088.714384300863,0.0,1904.0,0.0,96.26185156873203,2000.261851568732,-55411.54746726787,15134499.599753847,1.1350903077073078,125,7500.0,0.0,0.25,802182.0964061003,1660.7219239998092,1781.1990329699918
2021-04-02,0.0,-22500.0,11922.054909930182,0.0,0.0,0.0,96.58585156873202,96.58585156873202,-10674.53094163855,15123825.06881221,1.1342897158852054,125,7500.0,0.0,0.25,804882.0964061003,1660.7219239998092,1781.1990329699918
2021-04-06,0.0,72500.0,24620.99292902362,0.0,0.0,0.0,95.54185156873203,95.54185156873203,97025.45107745488,15220850.519889664,1.141566642908332,125,7500.0,0.0,0.25,796182.0964061003,1660.7219239998092,1781.1990329699918
2021-04-07,166700.00000000073,80000.0,-103797.59626398861,0.0,0.0,0.0,94.38985156873203,94.38985156873203,142808.01388444338,15363658.533774108,1.152277270726235,125,7500.0,0.0,0.25,786582.0964061003,1660.7219239998092,1781.1990329699918
2021-04-08,0.0,25000.0,8652.672021702905,0.0,0.0,0.0,94.02985156873203,94.02985156873203,33558.642170134175,15397217.175944243,1.154794175181256,125,7500.0,0.0,0.25,783582.0964061003,1660.7219239998092,1781.1990329699918
2021-04-09,0.0,-177500.0,5558.664940647304,0.0,0.0,0.0,96.58585156873202,96.58585156873202,-172037.9209109214,15225179.25503332,1.1418912988557461,125,7500.0,0.0,0.25,804882.0964061003,1660.7219239998092,1781.1990329699918
2021-04-12,0.0,55000.0,4318.129707897107,0.0,0.0,0.0,95.79385156873202,95.79385156873202,59222.33585632838,15284401.59088965,1.1463329851491866,125,7500.0,0.0,0.25,798282.0964061003,1660.7219239998092,1781.1990329699918
2021-04-13,0.0,-40000.0,1565.63229385263,0.0,0.0,0.0,96.36985156873203,96.36985156873203,-38530.73755771611,15245870.853331933,1.1434431726078265,125,7500.0,0.0,0.25,803082.0964061003,1660.7219239998092,1781.1990329699918
2021-04-14,0.0,-12500.0,-85.36361549285942,0.0,0.0,148.4910230836413,98.26146138501832,246.75248446865962,-12832.116099961519,15233038.737231972,1.1424807614943016,125,7500.0,0.0,0.25,818845.5115418194,1863.630802072836,1997.6520617566994
2021-04-15,0.0,97500.0,144090.46711088237,0.0,0.0,0.0,96.85746138501833,96.85746138501833,241493.60964949735,15474532.346881468,1.160592827498179,125,7500.0,0.0,0.25,807145.5115418194,1863.630802072836,1997.6520617566994
2021-04-16,0.0,-77500.0,927.6612520197248,0.0,0.0,0.0,97.97346138501833,97.97346138501833,-76670.3122093653,15397862.034672104,1.154842539706757,125,7500.0,0.0,0.25,816445.5115418194,1863.630802072836,1997.6520617566994
2021-04-19,0.0,-160000.0,1302.7686001432137,0.0,0.0,0.0,100.27746138501833,100.27746138501833,-158797.5088612418,15239064.525810862,1.1429326967675566,125,7500.0,0.0,0.25,835645.5115418194,1863.630802072836,1997.6520617566994
2021-04-20,0.0,-20000.0,-1321.1382972694175,0.0,0.0,0.0,100.56546138501832,100.56546138501832,-21421.703758654436,15217642.822052207,1.141326064969078,125,7500.0,0.0,0.25,838045.5115418194,1863.630802072836,1997.6520617566994
2021-04-21,0.0,102500.0,997.1669353483747,0.0,0.0,0.0,99.08946138501832,99.08946138501832,103398.07747396335,15321040.899526171,1.1490809401668132,125,7500.0,0.0,0.25,825745.5115418194,1863.630802072836,1997.6520617566994
2021-04-22,0.0,5000.0,-920.5812460868934,0.0,0.0,0.0,99.01746138501832,99.01746138501832,3980.4012925280886,15325021.300818698,1.14937947101008,125,7500.0,0.0,0.25,825145.5115418194,1863.630802072836,1997.6520617566994
2021-04-23,0.0,25000.0,-2187.5313984078025,0.0,0.0,0.0,98.65746138501832,98.65746138501832,22713.81114020718,15347735.111958906,1.1510830111044457,125,7500.0,0.0,0.25,822145.5115418194,1863.630802072836,1997.6520617566994
2021-04-26,0.0,-60000.0,-772.5557861549603,0.0,0.0,0.0,99.52146138501833,99.52146138501833,-60872.07724753998,15286863.034711367,1.1465175938973373,125,7500.0,0.0,0.25,829345.5115418194,1863.630802072836,1997.6520617566994
2021-04-27,0.0,-135000.0,-330.2271465097917,0.0,0.0,0.0,101.46546138501833,101.46546138501833,-135431.69260789483,15151431.34210347,1.136360191558239,125,7500.0,0.0,0.25,845545.5115418194,1863.630802072836,1997.6520617566994
2021-04-28,0.0,-10000.0,-1342.1237775070426,0.0,0.0,0.0,101.60946138501832,101.60946138501832,-11443.73323889206,15139987.60886458,1.135501909419617,125,7500.0,0.0,0.25,846745.5115418194,1863.630802072836,1997.6520617566994
2021-04-29,0.0,-100000.0,-504.1609937595748,0.0,0.0,0.0,103.04946138501832,103.04946138501832,-100607.2104551446,15039380.398409434,1.1279563497715819,125,7500.0,0.0,0.25,858745.5115418194,1863.630802072836,1997.6520617566994
2021-04-30,0.0,-105000.0,-869.6191314322732,0.0,0.0,0.0,104.56146138501832,104.56146138501832,-105974.1805928173,14933406.217816617,1.1200082663569122,125,7500.0,0.0,0.25,871345.5115418194,1863.630802072836,1997.6520617566994
2021-05-06,400000.0,-257500.0,-203238.64293430664,0.0,2190.0,0.0,108.26946138501832,2298.2694613850185,-63036.91239569166,14870369.305420926,1.1152804861077847,125,7500.0,0.0,0.25,902245.5115418194,1863.630802072836,1997.6520617566994
2021-05-07,0.0,70000.0,1381.4433294450623,0.0,0.0,0.0,107.26146138501832,107.26146138501832,71274.18186806004,14941643.487288985,1.1206260631118317,125,7500.0,0.0,0.25,893845.5115418194,1863.630802072836,1997.6520617566994
2021-05-10,0.0,-25000.0,2688.14939619304,0.0,0.0,0.0,107.62146138501832,107.62146138501832,-22419.472065191978,14919224.015223794,1.1189445985032809,125,7500.0,0.0,0.25,896845.5115418194,1863.630802072836,1997.6520617566994
2021-05-11,0.0,50000.0,1018.7480266267013,0.0,0.0,0.0,106.90146138501832,106.90146138501832,50911.846565241685,14970135.861789035,1.122762996541669,125,7500.0,0.0,0.25,890845.5115418194,1863.630802072836,1997.6520617566994
2021-05-12,0.0,-242500.0,397.08127675704753,0.0,0.0,0.0,110.39346138501833,110.39346138501833,-242213.31218462795,14727922.549604407,1.1045969527127122,125,7500.0,0.0,0.25,919945.5115418194,1863.630802072836,1997.6520617566994
2021-05-13,0.0,95000.0,958.3704172445983,0.0,0.0,0.0,109.02546138501832,109.02546138501832,95849.34495585959,14823771.894560266,1.111785671556199,125,7500.0,0.0,0.25,908545.5115418194,1863.630802072836,1997.6520617566994
2021-05-14,0.0,25000.0,1342.7841941049844,0.0,0.0,0.0,108.66546138501832,108.66546138501832,26234.118732719966,14850006.013292987,1.1137532353800625,125,7500.0,0.0,0.25,905545.5115418194,1863.630802072836,1997.6520617566994
2021-05-17,0.0,-92500.0,1709.9324778893622,0.0,0.0,0.0,109.99746138501833,109.99746138501833,-90900.06498349566,14759105.94830949,1.1069357134624955,125,7500.0,0.0,0.25,916645.5115418194,1863.630802072836,1997.6520617566994
2021-05-18,0.0,22500.0,3722.276055417275,0.0,0.0,0.0,109.67346138501833,109.67346138501833,26112.602594032258,14785218.550903523,1.108894163553173,125,7500.0,0.0,0.25,913945.5115418194,1863.630802072836,1997.6520617566994
2021-05-19,0.0,245000.0,-3402.6420032106853,0.0,0.0,0.0,106.14546138501832,106.14546138501832,241491.21253540428,15026709.763438927,1.1270060497730439,125,7500.0,0.0,0.25,884545.5115418194,1863.630802072836,1997.6520617566994
2021-05-20,0.0,125000.0,2714.8662710741078,0.0,0.0,0.0,104.34546138501833,104.34546138501833,127610.52080968909,15154320.284248617,1.136576862760803,125,7500.0,0.0,0.25,869545.5115418194,1863.630802072836,1997.6520617566994
2021-05-21,0.0,-15000.0,3068.014112827555,0.0,0.0,0.0,104.56146138501832,104.56146138501832,-12036.547348557462,15142283.73690006,1.135674119452803,125,7500.0,0.0,0.25,871345.5115418194,1863.630802072836,1997.6520617566994
2021-05-24,366700.0000000007,-35000.0,-140922.38066914407,0.0,0.0,0.0,105.06546138501832,105.06546138501832,190672.55386947162,15332956.29076953,1.1499745967442065,125,7500.0,0.0,0.25,875545.5115418194,1863.630802072836,1997.6520617566994
2021-05-25,0.0,-92500.0,15328.598786343513,0.0,0.0,0.0,106.39746138501832,106.39746138501832,-77277.7986750415,15255678.492094489,1.144178747353955,125,7500.0,0.0,0.25,886645.5115418194,1863.630802072836,1997.6520617566994
2021-05-26,0.0,7500.0,22064.021874101592,0.0,0.0,0.0,106.28946138501833,106.28946138501833,29457.732412716574,15285136.224507205,1.1463880828082473,125,7500.0,0.0,0.25,885745.5115418194,1863.630802072836,1997.6520617566994
2021-05-27,0.0,15000.0,30452.589909229337,0.0,0.0,0.0,106.07346138501832,106.07346138501832,45346.51644784432,15330482.740955051,1.149789080044329,125,7500.0,0.0,0.25,883945.5115418194,1863.630802072836,1997.6520617566994
2021-05-28,0.0,-117500.0,48558.771894345766,0.0,0.0,0.0,107.76546138501833,107.76546138501833,-69048.99356703926,15261433.74738801,1.1446103925800823,125,7500.0,0.0,0.25,898045.5115418194,1863.630802072836,1997.6520617566994
2021-05-31,0.0,-12500.0,73087.89146378364,0.0,0.0,210.61096533003445,112.50069391978633,323.1116592498208,60264.77980453382,15321698.527192544,1.1491302623650967,125,7500.0,0.0,0.25,937505.7826648862,1938.3943985787978,2080.164074149914
2021-06-01,166599.99999999854,-270000.0,68709.43648745542,0.0,2289.0,0.0,116.38869391978633,2405.3886939197864,-37095.95220646582,15284602.574986078,1.1463480589941033,125,7500.0,0.0,0.25,969905.7826648862,1938.3943985787978,2080.164074149914
2021-06-02,0.0,2500.0,91.79287414237791,0.0,0.0,0.0,116.35269391978633,116.35269391978633,2475.4401802225916,15287078.015166301,1.1465337174717662,125,7500.0,0.0,0.25,969605.7826648862,1938.3943985787978,2080.164074149914
2021-06-03,0.0,57500.0,0.885458624289015,0.0,0.0,0.0,115.52469391978633,115.52469391978633,57385.3607647045,15344463.375931006,1.1508376302889012,125,7500.0,0.0,0.25,962705.7826648862,1938.3943985787978,2080.164074149914
2021-06-04,0.0,50000.0,-70.30662586403835,0.0,0.0,0.0,114.80469391978633,114.80469391978633,49814.88868021617,15394278.264611222,1.1545737562802323,125,7500.0,0.0,0.25,956705.7826648862,1938.3943985787978,2080.164074149914
2021-06-07,0.0,25000.0,-67.99302991044698,0.0,0.0,0.0,114.44469391978633,114.44469391978633,24817.562276169767,15419095.826887392,1.1564350781042496,125,7500.0,0.0,0.25,953705.7826648862,1938.3943985787978,2080.164074149914
2021-06-08,0.0,-22500.0,-132.9353036904024,0.0,0.0,0.0,114.76869391978633,114.76869391978633,-22747.703997610188,15396348.122889781,1.1547289960392237,125,7500.0,0.0,0.25,956405.7826648862,1938.3943985787978,2080.164074149914
2021-06-09,0.0,117500.0,-896.4643531323802,0.0,0.0,0.0,113.07669391978634,113.07669391978634,116490.45895294783,15512838.58184273,1.1634658023027105,125,7500.0,0.0,0.25,942305.7826648862,1938.3943985787978,2080.164074149914
2021-06-10,0.0,137500.0,-2.874781733037679,0.0,0.0,0.0,111.09669391978633,111.09669391978633,137386.02852434717,15650224.610367076,1.1737697802019813,125,7500.0,0.0,0.25,925805.7826648862,1938.3943985787978,2080.164074149914
2021-06-11,0.0,-82500.0,-73.9155072131581,0.0,0.0,0.0,112.28469391978633,112.28469391978633,-82686.20020113295,15567538.410165943,1.1675682996831949,125,7500.0,0.0,0.25,935705.7826648862,1938.3943985787978,2080.164074149914
2021-06-15,0.0,17500.0,-530.3164013627714,0.0,0.0,0.0,112.03269391978634,112.03269391978634,16857.65090471744,15584396.061070662,1.1688326266618663,125,7500.0,0.0,0.25,933605.7826648862,1938.3943985787978,2080.164074149914
2021-06-16,500000.0,-15000.0,-263568.03942152776,0.0,0.0,0.0,112.24869391978633,112.24869391978633,221319.71188455244,15805715.772955213,1.1854316465507573,125,7500.0,0.0,0.25,935405.7826648862,1938.3943985787978,2080.164074149914
2021-06-17,0.0,-120000.0,13159.828485308233,0.0,0.0,0.0,113.97669391978634,113.97669391978634,-106954.14820861156,15698761.624746602,1.1774100653811586,125,7500.0,0.0,0.25,949805.7826648862,1938.3943985787978,2080.164074149914
2021-06-18,0.0,92500.0,5306.594373126838,0.0,0.0,0.0,112.64469391978633,112.64469391978633,97693.94967920704,15796455.57442581,1.1847371299247604,125,7500.0,0.0,0.25,938705.7826648862,1938.3943985787978,2080.164074149914
2021-06-21,0.0,-10000.0,3004.2412490783568,0.0,0.0,0.0,112.78869391978634,112.78869391978634,-7108.547444841429,15789347.026980968,1.1842039875335415,125,7500.0,0.0,0.25,939905.7826648862,1938.3943985787978,2080.164074149914
2021-06-22,0.0,-57500.0,2853.6022311809097,0.0,0.0,0.0,113.61669391978633,113.61669391978633,-54760.01446273888,15734587.012518229,1.1800969761813076,125,7500.0,0.0,0.25,946805.7826648862,1938.3943985787978,2080.164074149914
2021-06-23,66700.00000000073,92500.0,-28711.075795973607,0.0,0.0,0.0,112.28469391978633,112.28469391978633,130376.63951010733,15864963.652028337,1.1898752485902468,125,7500.0,0.0,0.25,935705.7826648862,1938.3943985787978,2080.164074149914
2021-06-24,0.0,-157500.0,-2263.5937987192187,0.0,0.0,0.0,114.55269391978634,114.55269391978634,-159878.146492639,15705085.505535698,1.1778843576260714,125,7500.0,0.0,0.25,954605.7826648862,1938.3943985787978,2080.164074149914
2021-06-25,0.0,-112500.0,2534.6334036721796,0.0,0.0,0.0,116.17269391978634,116.17269391978634,-110081.5392902476,15595003.96624545,1.1696282215389626,125,7500.0,0.0,0.25,968105.7826648862,1938.3943985787978,2080.164074149914
2021-06-28,0.0,135000.0,2608.397085857961,0.0,0.0,0.0,114.22869391978634,114.22869391978634,137494.16839193818,15732498.134637387,1.179940309948579,125,7500.0,0.0,0.25,951905.7826648862,1938.3943985787978,2080.164074149914
2021-06-29,500000.0,85000.0,-237041.3185908767,0.0,0.0,0.0,113.00469391978633,113.00469391978633,347845.6767152035,16080343.811352592,1.2060288009234468,125,7500.0,0.0,0.25,941705.7826648862,1938.3943985787978,2080.164074149914
2021-06-30,0.0,-92500.0,46985.48954890448,0.0,0.0,0.0,114.33669391978634,114.33669391978634,-45628.84714501531,16034714.964207577,1.2026066288321404,125,7500.0,0.0,0.25,952805.7826648862,1938.3943985787978,2080.164074149914
2021-07-01,0.0,112500.0,6285.582202358171,0.0,2187.0,0.0,112.71669391978634,2299.7166939197864,116485.86550843838,16151200.829716016,1.2113430905864275,125,7500.0,0.0,0.25,939305.7826648862,1938.3943985787978,2080.164074149914
2021-07-02,500000.0,-197500.0,-271304.5257537409,0.0,0.0,0.0,115.56069391978633,115.56069391978633,31079.913552339294,16182280.743268354,1.2136740899303513,125,7500.0,0.0,0.25,963005.7826648862,1938.3943985787978,2080.164074149914
2021-07-05,0.0,-7500.0,18301.799942986534,0.0,0.0,0.0,115.66869391978634,115.66869391978634,10686.131249066748,16192966.87451742,1.214475551777686,125,7500.0,0.0,0.25,963905.7826648862,1938.3943985787978,2080.164074149914
2021-07-06,0.0,-125000.0,13300.500606673182,0.0,0.0,0.0,117.46869391978633,117.46869391978633,-111816.9680872466,16081149.906430174,1.2060892582054086,125,7500.0,0.0,0.25,978905.7826648862,1938.3943985787978,2080.164074149914
2021-07-07,0.0,127500.0,14814.970517274978,0.0,0.0,0.0,115.63269391978633,115.63269391978633,142199.3378233552,16223349.24425353,1.2167542352046028,125,7500.0,0.0,0.25,963605.7826648862,1938.3943985787978,2080.164074149914
2021-07-08,0.0,-12500.0,28965.07596270265,0.0,0.0,0.0,115.81269391978634,115.81269391978634,16349.263268782863,16239698.507522311,1.217980433015256,125,7500.0,0.0,0.25,965105.7826648862,1938.3943985787978,2080.164074149914
2021-07-09,0.0,2500.0,29158.251994350052,0.0,0.0,0.0,115.77669391978634,115.77669391978634,31542.475300430266,16271240.982822742,1.220346124577017,125,7500.0,0.0,0.25,964805.7826648862,1938.3943985787978,2080.164074149914
2021-07-12,0.0,5000.0,19360.176822686946,0.0,0.0,0.0,115.70469391978634,115.70469391978634,24244.47212876716,16295485.45495151,1.2221644645325245,125,7500.0,0.0,0.25,964205.7826648862,1938.3943985787978,2080.164074149914
2021-07-13,0.0,-67500.0,5452.656240406455,0.0,0.0,177.5040492027527,116.56224295216506,294.06629215491773,-62341.41005174846,16233144.044899762,1.2174888470896,125,7500.0,0.0,0.25,971352.0246013756,2108.7707216190447,2260.820783515353
2021-07-14,0.0,7500.0,171217.37870728626,0.0,0.0,0.0,116.45424295216506,116.45424295216506,178600.9244643341,16411744.969364095,1.230883949912182,125,7500.0,0.0,0.25,970452.0246013756,2108.7707216190447,2260.820783515353
2021-07-15,0.0,55000.0,-1611.3932526272379,0.0,0.0,0.0,115.66224295216506,115.66224295216506,53272.94450442059,16465017.913868517,1.2348794307387156,125,7500.0,0.0,0.25,963852.0246013756,2108.7707216190447,2260.820783515353
2021-07-16,0.0,-152500.0,-0.12546900340026923,0.0,0.0,0.0,117.85824295216506,117.85824295216506,-152617.98371195557,16312399.93015656,1.2234330533443754,125,7500.0,0.0,0.25,982152.0246013756,2108.7707216190447,2260.820783515353
2021-07-19,0.0,55000.0,-309.588462804804,0.0,0.0,0.0,117.06624295216506,117.06624295216506,54573.34529424304,16366973.275450803,1.2275260644739714,125,7500.0,0.0,0.25,975552.0246013756,2108.7707216190447,2260.820783515353
2021-07-20,0.0,-15000.0,-1100.105311341526,0.0,0.0,0.0,117.28224295216506,117.28224295216506,-16217.387554293691,16350755.88789651,1.2263097573666317,125,7500.0,0.0,0.25,977352.0246013756,2108.7707216190447,2260.820783515353
2021-07-21,333299.9999999993,-157500.0,-179604.43418897066,0.0,0.0,0.0,119.55024295216506,119.55024295216506,-3923.9844319235194,16346831.903464586,1.2260154577984883,125,7500.0,0.0,0.25,996252.0246013756,2108.7707216190447,2260.820783515353
2021-07-22,0.0,-35000.0,1218.5918998572731,0.0,0.0,0.0,120.05424295216505,120.05424295216505,-33901.46234309489,16312930.441121493,1.2234728417662164,125,7500.0,0.0,0.25,1000452.0246013756,2108.7707216190447,2260.820783515353
2021-07-23,0.0,137500.0,-79.36921058419699,0.0,0.0,0.0,118.07424295216505,118.07424295216505,137302.55654646363,16450232.997667955,1.2337705592514947,125,7500.0,0.0,0.25,983952.0246013756,2108.7707216190447,2260.820783515353
2021-07-26,333400.00000000146,10000.0,-168866.86820777584,0.0,0.0,0.0,117.93024295216506,117.93024295216506,174415.20154927345,16624648.199217228,1.2468517320706223,125,7500.0,0.0,0.25,982752.0246013756,2108.7707216190447,2260.820783515353
2021-07-27,0.0,162500.0,-2256.6114553105886,0.0,0.0,0.0,115.59024295216506,115.59024295216506,160127.79830173723,16784775.997518964,1.2588613469672898,125,7500.0,0.0,0.25,963252.0246013756,2108.7707216190447,2260.820783515353
2021-07-28,666599.9999999986,-105000.0,-349609.7773898251,0.0,0.0,0.0,117.10224295216506,117.10224295216506,211873.12036722136,16996649.117886186,1.2747518707211407,125,7500.0,0.0,0.25,975852.0246013756,2108.7707216190447,2260.820783515353
2021-07-29,0.0,-32500.0,14431.241330697909,0.0,0.0,0.0,117.57024295216506,117.57024295216506,-18186.32891225426,16978462.788973935,1.2733878926427766,125,7500.0,0.0,0.25,979752.0246013756,2108.7707216190447,2260.820783515353
2021-07-30,500000.0,-752500.0,-407858.08692746074,0.0,0.0,0.0,128.40624295216506,128.40624295216506,-660486.493170413,16317976.29580352,1.2238512818134686,125,7500.0,0.0,0.25,1070052.0246013757,2108.7707216190447,2260.820783515353
2021-08-02,0.0,135000.0,2487.856925992311,0.0,2572.0,0.0,126.46224295216507,2698.462242952165,134789.39468304015,16452765.69048656,1.2339605116877712,125,7500.0,0.0,0.25,1053852.0246013757,2108.7707216190447,2260.820783515353
2021-08-03,0.0,152500.0,3993.805834558408,0.0,0.0,0.0,124.26624295216506,124.26624295216506,156369.53959160624,16609135.230078166,1.2456882564765037,125,7500.0,0.0,0.25,1035552.0246013756,2108.7707216190447,2260.820783515353
2021-08-04,0.0,-132500.0,10624.274204653972,0.0,0.0,0.0,126.17424295216507,126.17424295216507,-122001.90003829819,16487133.330039868,1.2365380910982178,125,7500.0,0.0,0.25,1051452.0246013757,2108.7707216190447,2260.820783515353
2021-08-05,0.0,147500.0,3856.737089561655,0.0,0.0,0.0,124.05024295216506,124.05024295216506,151232.6868466095,16638366.016886478,1.2478805709679133,125,7500.0,0.0,0.25,1033752.0246013756,2108.7707216190447,2260.820783515353
2021-08-06,666700.0000000007,-292500.0,-411522.049954047,0.0,0.0,0.0,128.26224295216508,128.26224295216508,-37450.312196998486,16600915.70468948,1.2450717905311874,125,7500.0,0.0,0.25,1068852.0246013757,2108.7707216190447,2260.820783515353
2021-08-09,0.0,-27500.0,12596.043049447871,0.0,0.0,0.0,128.65824295216507,128.65824295216507,-15032.615193504294,16585883.089495976,1.243944341573052,125,7500.0,0.0,0.25,1072152.0246013757,2108.7707216190447,2260.820783515353
2021-08-10,833299.9999999993,-57500.0,-522063.7678929406,0.0,0.0,0.0,129.48624295216507,129.48624295216507,253606.74586410652,16839489.83536008,1.2629648950642436,125,7500.0,0.0,0.25,1079052.0246013757,2108.7707216190447,2260.820783515353
2021-08-11,0.0,-57500.0,15389.1773360278,0.0,0.0,0.0,130.31424295216507,130.31424295216507,-42241.13690692437,16797248.69845316,1.2597968018759915,125,7500.0,0.0,0.25,1085952.0246013757,2108.7707216190447,2260.820783515353
2021-08-12,0.0,52500.0,16495.788831053345,0.0,0.0,0.0,129.55824295216507,129.55824295216507,68866.23058810119,16866114.92904126,1.2649617820825496,125,7500.0,0.0,0.25,1079652.0246013757,2108.7707216190447,2260.820783515353
2021-08-13,0.0,-185000.0,17244.32536742803,0.0,0.0,0.0,132.22224295216506,132.22224295216506,-167887.89687552414,16698227.032165734,1.252370158337826,125,7500.0,0.0,0.25,1101852.0246013757,2108.7707216190447,2260.820783515353
2021-08-16,0.0,-62500.0,20539.967963211155,0.0,0.0,0.0,133.12224295216507,133.12224295216507,-42093.154279741015,16656133.877885994,1.249213163874359,125,7500.0,0.0,0.25,1109352.0246013757,2108.7707216190447,2260.820783515353
2021-08-17,0.0,82500.0,18078.61960727074,0.0,0.0,0.0,131.93424295216508,131.93424295216508,100446.68536431858,16756580.563250313,1.2567466841104837,125,7500.0,0.0,0.25,1099452.0246013757,2108.7707216190447,2260.820783515353
2021-08-18,0.0,70000.0,21250.832855161334,0.0,0.0,0.0,130.92624295216507,130.92624295216507,91119.90661220918,16847700.46986252,1.2635806941914245,125,7500.0,0.0,0.25,1091052.0246013757,2108.7707216190447,2260.820783515353
2021-08-19,0.0,-0.0,20304.998984180285,0.0,0.0,0.0,130.92624295216507,130.92624295216507,20174.07274122812,16867874.54260375,1.265093753429665,125,7500.0,0.0,0.25,1091052.0246013757,2108.7707216190447,2260.820783515353
2021-08-20,0.0,-115000.0,18113.209348031985,0.0,0.0,0.0,132.58224295216507,132.58224295216507,-97019.37289492018,16770855.16970883,1.2578172822713678,125,7500.0,0.0,0.25,1104852.0246013757,2108.7707216190447,2260.820783515353
2021-08-23,-83299.99999999927,25000.0,70091.8301535684,0.0,0.0,0.0,132.22224295216506,132.22224295216506,11659.607910616964,16782514.777619448,1.2586917550508463,125,7500.0,0.0,0.25,1101852.0246013757,2108.7707216190447,2260.820783515353
2021-08-24,416700.0000000007,-7500.0,-311921.6254001576,0.0,0.0,424.5371549251519,151.11226529550913,575.6494202206611,96702.72517962244,16879217.502799068,1.265944477571124,125,7500.0,0.0,0.25,1259268.8774625761,2466.735150588996,2653.8715546335743
2021-08-25,333299.9999999993,12500.0,18688.749389462344,0.0,0.0,0.0,150.93226529550913,150.93226529550913,364337.8171241661,17243555.319923233,1.293269882168948,125,7500.0,0.0,0.25,1257768.8774625761,2466.735150588996,2653.8715546335743
2021-08-26,0.0,207500.0,-624.644690430145,0.0,0.0,0.0,147.94426529550913,147.94426529550913,206727.41104427434,17450282.73096751,1.3087744767587552,125,7500.0,0.0,0.25,1232868.8774625761,2466.735150588996,2653.8715546335743
2021-08-27,0.0,-117500.0,11910.711901240098,0.0,0.0,0.0,149.63626529550913,149.63626529550913,-105738.92436405542,17344543.806603454,1.3008440376053532,125,7500.0,0.0,0.25,1246968.8774625761,2466.735150588996,2653.8715546335743
2021-08-30,0.0,-60000.0,443.8569093134781,0.0,0.0,0.0,150.50026529550914,150.50026529550914,-59706.64335598203,17284837.163247474,1.296366028158631,125,7500.0,0.0,0.25,1254168.8774625761,2466.735150588996,2653.8715546335743
2021-08-31,0.0,72500.0,372.19593666511844,0.0,0.0,0.0,149.45626529550913,149.45626529550913,72722.7396713696,17357559.90291884,1.3018202472695313,125,7500.0,0.0,0.25,1245468.8774625761,2466.735150588996,2653.8715546335743
2021-09-01,0.0,-37500.0,180.43261675810385,0.0,2704.0,0.0,149.99626529550912,2853.996265295509,-40173.563648537405,17317386.339270305,1.298807222463329,125,7500.0,0.0,0.25,1249968.8774625761,2466.735150588996,2653.8715546335743
2021-09-02,0.0,42500.0,109.21103994370185,0.0,0.0,0.0,149.38426529550912,149.38426529550912,42459.826774648194,17359846.16604495,1.301991717432665,125,7500.0,0.0,0.25,1244868.8774625761,2466.735150588996,2653.8715546335743
2021-09-03,0.0,-100000.0,-881.5406554567406,0.0,0.0,0.0,150.82426529550912,150.82426529550912,-101032.36492075225,17258813.8011242,1.2944142711199929,125,7500.0,0.0,0.25,1256868.8774625761,2466.735150588996,2653.8715546335743
2021-09-06,1000000.0,-30000.0,-453140.9638297588,0.0,0.0,0.0,151.25626529550914,151.25626529550914,516707.7799049457,17775521.581029147,1.3331674514958147,125,7500.0,0.0,0.25,1260468.8774625761,2466.735150588996,2653.8715546335743
2021-09-07,0.0,-315000.0,-38717.48773257439,0.0,0.0,0.0,155.7922652955091,155.7922652955091,-353873.2799978699,17421648.301031277,1.3066268891445687,125,7500.0,0.0,0.25,1298268.8774625761,2466.735150588996,2653.8715546335743
2021-09-08,500000.0,-95000.0,-256610.49152921274,0.0,0.0,0.0,157.16026529550913,157.16026529550913,148232.34820549175,17569880.64923677,1.3177443430536153,125,7500.0,0.0,0.25,1309668.8774625761,2466.735150588996,2653.8715546335743
2021-09-09,0.0,-202500.0,-1040.977410348809,0.0,0.0,0.0,160.07626529550913,160.07626529550913,-203701.0536756443,17366179.595561124,1.3024667258338989,125,7500.0,0.0,0.25,1333968.8774625761,2466.735150588996,2653.8715546335743
2021-09-10,0.0,50000.0,18269.238640324907,0.0,0.0,0.0,159.35626529550913,159.35626529550913,68109.8823750294,17434289.477936152,1.3075749797826608,125,7500.0,0.0,0.25,1327968.8774625761,2466.735150588996,2653.8715546335743
2021-09-13,0.0,15000.0,8997.596978021498,0.0,0.0,0.0,159.14026529550912,159.14026529550912,23838.45671272599,17458127.93464888,1.3093628685058372,125,7500.0,0.0,0.25,1326168.8774625761,2466.735150588996,2653.8715546335743
2021-09-14,0.0,190000.0,-6332.302429814867,0.0,0.0,0.0,156.40426529550913,156.40426529550913,183511.2933048896,17641639.22795377,1.3231262499121574,125,7500.0,0.0,0.25,1303368.8774625761,2466.735150588996,2653.8715546335743
2021-09-15,0.0,-15000.0,14969.44140058929,0.0,0.0,0.0,156.6202652955091,156.6202652955091,-187.1788647062187,17641452.049089063,1.3231122114622085,125,7500.0,0.0,0.25,1305168.8774625761,2466.735150588996,2653.8715546335743
2021-09-16,250000.0,-280000.0,-149881.4911523737,0.0,0.0,0.0,160.65226529550912,160.65226529550912,-180042.1434176692,17461409.90567139,1.3096090169478967,125,7500.0,0.0,0.25,1338768.8774625761,2466.735150588996,2653.8715546335743
2021-09-17,0.0,220000.0,-7980.173974894918,0.0,0.0,0.0,157.48426529550912,157.48426529550912,211862.34175980958,17673272.247431204,1.3254987323041711,125,7500.0,0.0,0.25,1312368.8774625761,2466.735150588996,2653.8715546335743
2021-09-22,416700.0000000007,-655000.0,-320559.87865179236,0.0,0.0,0.0,166.91626529550913,166.91626529550913,-559026.7949170872,17114245.452514116,1.2835716178676033,125,7500.0,0.0,0.25,1390968.8774625761,2466.735150588996,2653.8715546335743
2021-09-23,0.0,-105000.0,16243.758267375839,0.0,0.0,0.0,168.42826529550914,168.42826529550914,-88924.66999791967,17025320.782516196,1.2769022509443422,125,7500.0,0.0,0.25,1403568.8774625761,2466.735150588996,2653.8715546335743
2021-09-24,3166599.9999999986,245000.0,-2106695.6695325896,0.0,0.0,0.0,164.90026529550912,164.90026529550912,1304739.4302021135,18330060.212718308,1.3747579528487552,125,7500.0,0.0,0.25,1374168.8774625761,2466.735150588996,2653.8715546335743
2021-09-27,2166700.000000001,-665000.0,-1595914.6400497449,0.0,0.0,0.0,174.4762652955091,174.4762652955091,-94389.11631503944,18235671.09640327,1.3676787514271238,125,7500.0,0.0,0.25,1453968.8774625761,2466.735150588996,2653.8715546335743
2021-09-28,0.0,-15000.0,2154.940482685106,0.0,0.0,0.0,174.69226529550912,174.69226529550912,-13019.751782610403,18222651.34462066,1.3667022676022185,125,7500.0,0.0,0.25,1455768.8774625761,2466.735150588996,2653.8715546335743
2021-09-29,0.0,-112500.0,1454.1165036268922,0.0,0.0,0.0,176.31226529550912,176.31226529550912,-111222.19576166861,18111429.14885899,1.3583605820658795,125,7500.0,0.0,0.25,1469268.8774625761,2466.735150588996,2653.8715546335743
2021-09-30,1333299.9999999993,-192500.0,-997977.0466635324,0.0,0.0,0.0,179.0842652955091,179.0842652955091,142643.86907117142,18254073.017930165,1.3690588989920098,125,7500.0,0.0,0.25,1492368.8774625761,2466.735150588996,2653.8715546335743
2021-10-08,0.0,375000.0,-649.2461833278185,0.0,3362.0,0.0,173.68426529550914,3535.6842652955092,370815.0695513767,18624888.08748154,1.3968700987363623,125,7500.0,0.0,0.25,1447368.8774625761,2466.735150588996,2653.8715546335743
2021-10-11,1000000.0,-345000.0,-750371.3740361888,0.0,0.0,0.0,178.65226529550912,178.65226529550912,-95550.02630148432,18529338.061180055,1.3897038288480763,125,7500.0,0.0,0.25,1488768.8774625761,2466.735150588996,2653.8715546335743
2021-10-12,0.0,-207500.0,-784.389108233654,0.0,0.0,0.0,181.64026529550912,181.64026529550912,-208466.02937352916,18320872.031806525,1.3740688375575834,125,7500.0,0.0,0.25,1513668.8774625761,2466.735150588996,2653.8715546335743
2021-10-13,0.0,262500.0,-785.0886672031265,0.0,0.0,0.0,177.86026529550912,177.86026529550912,261537.05106750136,18582409.082874026,1.3936841654259655,125,7500.0,0.0,0.25,1482168.8774625761,2466.735150588996,2653.8715546335743
2021-10-14,0.0,120000.0,-785.1840167208479,0.0,0.0,671.4197976444585,201.92515185866748,873.344949503126,118341.47103377603,18700750.553907804,1.4025597979425801,125,7500.0,0.0,0.25,1682709.598822229,3462.646952680255,3728.656588623655
2021-10-15,666700.0000000007,-12500.0,-99762.91357992771,0.0,0.0,0.0,202.10515185866748,202.10515185866748,554234.9812682143,19254985.535176016,1.444127525457015,125,7500.0,0.0,0.25,1684209.598822229,3462.646952680255,3728.656588623655
2021-10-18,0.0,-337500.0,519.4269775677185,0.0,0.0,0.0,206.96515185866747,206.96515185866747,-337187.53817429097,18917797.997001726,1.4188383968711216,125,7500.0,0.0,0.25,1724709.598822229,3462.646952680255,3728.656588623655
2021-10-19,0.0,277500.0,-670.8320858019334,0.0,0.0,0.0,202.96915185866746,202.96915185866746,276626.1987623394,19194424.195764065,1.439585413645839,125,7500.0,0.0,0.25,1691409.598822229,3462.646952680255,3728.656588623655
2021-10-20,0.0,595000.0,-6717.801236327645,0.0,0.0,0.0,194.40115185866748,194.40115185866748,588087.7976118138,19782511.99337588,1.4836921087334627,125,7500.0,0.0,0.25,1620009.598822229,3462.646952680255,3728.656588623655
2021-10-21,0.0,217500.0,1534.2733569528377,0.0,0.0,0.0,191.26915185866747,191.26915185866747,218843.00420509418,20001354.997580975,1.5001053750820108,125,7500.0,0.0,0.25,1593909.598822229,3462.646952680255,3728.656588623655
2021-10-22,333299.9999999993,310000.0,-215694.5175913698,0.0,0.0,0.0,186.80515185866747,186.80515185866747,427418.67725677084,20428773.674837746,1.532161856017471,125,7500.0,0.0,0.25,1556709.598822229,3462.646952680255,3728.656588623655
2021-10-25,0.0,455000.0,-1424.8494698735926,0.0,0.0,0.0,180.25315185866748,180.25315185866748,453394.8973782677,20882168.57221601,1.5661665583325968,125,7500.0,0.0,0.25,1502109.598822229,3462.646952680255,3728.656588623655
2021-10-26,0.0,125000.0,3409.7618404650375,0.0,0.0,0.0,178.45315185866747,178.45315185866747,128231.30868860637,21010399.88090462,1.5757839305276726,125,7500.0,0.0,0.25,1487109.598822229,3462.646952680255,3728.656588623655
2021-10-27,0.0,-137500.0,16161.213096984284,0.0,0.0,0.0,180.4331518586675,180.4331518586675,-121519.22005487439,20888880.660849743,1.5666699662386463,125,7500.0,0.0,0.25,1503609.598822229,3462.646952680255,3728.656588623655
2021-10-28,0.0,-67500.0,2977.3608082486903,0.0,0.0,0.0,181.40515185866747,181.40515185866747,-64704.044343609974,20824176.616506133,1.561817150780837,125,7500.0,0.0,0.25,1511709.598822229,3462.646952680255,3728.656588623655
2021-10-29,0.0,147500.0,3671.995536297814,0.0,0.0,0.0,179.28115185866747,179.28115185866747,150992.71438443917,20975169.330890574,1.5731416326708747,125,7500.0,0.0,0.25,1494009.598822229,3462.646952680255,3728.656588623655
2021-11-01,1333400.0000000014,492500.0,-802404.7628278263,0.0,2604.0,0.0,172.1891518586675,2776.1891518586676,1020719.0480203164,21995888.37891089,1.6496957526576985,125,7500.0,0.0,0.25,1434909.598822229,3462.646952680255,3728.656588623655
2021-11-02,0.0,102500.0,9472.501220565448,0.0,0.0,0.0,170.7131518586675,170.7131518586675,111801.78806870678,22107690.166979596,1.658080907725739,125,7500.0,0.0,0.25,1422609.598822229,3462.646952680255,3728.656588623655
2021-11-03,0.0,-597500.0,-39408.57061140157,0.0,0.0,0.0,179.31715185866747,179.31715185866747,-637087.8877632603,21470602.279216334,1.6102991966892168,125,7500.0,0.0,0.25,1494309.598822229,3462.646952680255,3728.656588623655
2021-11-04,0.0,410000.0,4141.158478127451,0.0,0.0,0.0,173.41315185866748,173.41315185866748,413967.7453262688,21884570.024542607,1.6413468552078336,125,7500.0,0.0,0.25,1445109.598822229,3462.646952680255,3728.656588623655
2021-11-05,-333400.00000000146,182500.0,218966.5738385812,0.0,0.0,0.0,170.78515185866746,170.78515185866746,67895.78868672106,21952465.813229326,1.6464390520898298,125,7500.0,0.0,0.25,1423209.598822229,3462.646952680255,3728.656588623655
2021-11-08,0.0,130000.0,20374.00135515341,0.0,0.0,0.0,168.91315185866748,168.91315185866748,150205.08820329476,22102670.90143262,1.657704461868601,125,7500.0,0.0,0.25,1407609.598822229,3462.646952680255,3728.656588623655
2021-11-09,166700.00000000073,-117500.0,-89128.27843856078,0.0,0.0,0.0,170.60515185866748,170.60515185866748,-40098.88359041872,22062572.017842203,1.6546970380807604,125,7500.0,0.0,0.25,1421709.598822229,3462.646952680255,3728.656588623655
2021-11-10,-1000000.0,120000.0,606166.4228550172,0.0,0.0,0.0,168.87715185866747,168.87715185866747,-274002.4542968414,21788569.56354536,1.6341468026329087,125,7500.0,0.0,0.25,1407309.598822229,3462.646952680255,3728.656588623655
2021-11-11,0.0,-430000.0,-6784.424291689781,0.0,0.0,0.0,175.06915185866748,175.06915185866748,-436959.49344354845,21351610.070101812,1.6013747586945326,125,7500.0,0.0,0.25,1458909.598822229,3462.646952680255,3728.656588623655
2021-11-12,0.0,392500.0,3661.050007684956,0.0,0.0,0.0,169.41715185866747,169.41715185866747,395991.6328558263,21747601.702957638,1.6310742054073364,125,7500.0,0.0,0.25,1411809.598822229,3462.646952680255,3728.656588623655
2021-11-15,0.0,75000.0,13703.681634129729,0.0,0.0,0.0,168.33715185866748,168.33715185866748,88535.34448227106,21836137.04743991,1.6377143728439254,125,7500.0,0.0,0.25,1402809.598822229,3462.646952680255,3728.656588623655
2021-11-16,0.0,-117500.0,7381.692840110716,0.0,0.0,0.0,170.02915185866746,170.02915185866746,-110288.33631174796,21725848.71112816,1.6294427269414293,125,7500.0,0.0,0.25,1416909.598822229,3462.646952680255,3728.656588623655
2021-11-17,0.0,-157500.0,15133.762447696703,0.0,0.0,0.0,172.29715185866746,172.29715185866746,-142538.53470416195,21583310.176423997,1.6187523101125751,125,7500.0,0.0,0.25,1435809.598822229,3462.646952680255,3728.656588623655
2021-11-18,0.0,52500.0,14239.25260518061,0.0,0.0,0.0,171.54115185866746,171.54115185866746,66567.71145332194,21649877.887877323,1.6237449009530516,125,7500.0,0.0,0.25,1429509.598822229,3462.646952680255,3728.656588623655
2021-11-19,0.0,-282500.0,14073.61782361006,0.0,0.0,0.0,175.60915185866747,175.60915185866747,-268601.9913282486,21381275.896549072,1.6035997012404335,125,7500.0,0.0,0.25,1463409.598822229,3462.646952680255,3728.656588623655
2021-11-22,0.0,37500.0,31910.847002989816,0.0,0.0,0.0,175.06915185866748,175.06915185866748,69235.77785113115,21450511.674400203,1.6087923975610092,125,7500.0,0.0,0.25,1458909.598822229,3462.646952680255,3728.656588623655
2021-11-23,-166700.00000000073,680000.0,86013.78909567208,0.0,0.0,0.0,165.27715185866748,165.27715185866748,599148.5119438127,22049660.186344016,1.653728648297422,125,7500.0,0.0,0.25,1377309.598822229,3462.646952680255,3728.656588623655
2021-11-24,0.0,-200000.0,47221.20915497534,0.0,0.0,0.0,168.15715185866748,168.15715185866748,-152946.94799688333,21896713.238347135,1.6422575985200314,125,7500.0,0.0,0.25,1401309.598822229,3462.646952680255,3728.656588623655
2021-11-25,-333299.9999999993,57500.0,141263.35815676794,0.0,0.0,956.7849019275526,185.17109411565318,1141.9559960432057,-135678.59783927456,21761034.64050786,1.632081678242285,125,7500.0,0.0,0.25,1543092.4509637766,3527.7696,3806.710544133722
2021-11-26,0.0,257500.0,343319.3512509311,0.0,0.0,0.0,181.46309411565318,181.46309411565318,600637.8881568155,22361672.528664675,1.6771296324739318,125,7500.0,0.0,0.25,1512192.4509637766,3527.7696,3806.710544133722
2021-11-29,-1333299.9999999993,-222500.0,878402.2819152614,0.0,0.0,0.0,184.66709411565316,184.66709411565316,-677582.3851788535,21684090.14348582,1.626310826538503,125,7500.0,0.0,0.25,1538892.4509637766,3527.7696,3806.710544133722
2021-11-30,0.0,95000.0,-1364.6724092782138,0.0,0.0,0.0,183.29909411565316,183.29909411565316,93452.02849660613,21777542.171982426,1.6333197461980475,125,7500.0,0.0,0.25,1527492.4509637766,3527.7696,3806.710544133722
2021-12-01,0.0,-427500.0,-5592.778849822366,0.0,2588.0,0.0,189.45509411565317,2777.455094115653,-435870.233943938,21341671.938038487,1.6006293969263787,125,7500.0,0.0,0.25,1578792.4509637766,3527.7696,3806.710544133722
2021-12-02,-1333400.0000000014,125000.0,855544.6345079226,0.0,0.0,0.0,187.65509411565316,187.65509411565316,-353043.02058619447,20988628.917452294,1.5741511041866825,125,7500.0,0.0,0.25,1563792.4509637766,3527.7696,3806.710544133722
2021-12-03,-666599.9999999986,37500.0,424912.6567377803,0.0,0.0,0.0,187.11509411565316,187.11509411565316,-204374.45835633395,20784254.45909596,1.5588229814896506,125,7500.0,0.0,0.25,1559292.4509637766,3527.7696,3806.710544133722
2021-12-06,0.0,-95000.0,-6973.954202574646,0.0,0.0,0.0,188.48309411565316,188.48309411565316,-102162.4372966903,20682092.02179927,1.551160779536894,125,7500.0,0.0,0.25,1570692.4509637766,3527.7696,3806.710544133722
2021-12-07,0.0,22500.0,-7993.101023385236,0.0,0.0,0.0,188.15909411565318,188.15909411565318,14318.73988249911,20696410.76168177,1.552234687712852,125,7500.0,0.0,0.25,1567992.4509637766,3527.7696,3806.710544133722
2021-12-08,-833400.0000000014,435000.0,555580.0403008166,0.0,0.0,0.0,181.89509411565317,181.89509411565317,156998.14520669958,20853408.906888466,1.56400957804058,125,7500.0,0.0,0.25,1515792.4509637766,3527.7696,3806.710544133722
2021-12-09,-333299.9999999993,350000.0,198998.36532065918,0.0,0.0,0.0,176.85509411565317,176.85509411565317,215521.51022654423,21068930.41711501,1.5801737317179552,125,7500.0,0.0,0.25,1473792.4509637766,3527.7696,3806.710544133722
2021-12-10,0.0,-50000.0,-23696.032886870027,0.0,0.0,0.0,177.57509411565317,177.57509411565317,-73873.60798098569,20995056.809134025,1.574633197268045,125,7500.0,0.0,0.25,1479792.4509637766,3527.7696,3806.710544133722
2021-12-13,-500000.0,-75000.0,319234.4171411273,0.0,0.0,0.0,178.65509411565318,178.65509411565318,-255944.23795298836,20739112.571181037,1.5554373314319063,125,7500.0,0.0,0.25,1488792.4509637766,3527.7696,3806.710544133722
2021-12-14,-166700.00000000073,-40000.0,96082.91288452448,0.0,0.0,0.0,179.23109411565318,179.23109411565318,-110796.31820959189,20628316.252971444,1.5471275867918253,125,7500.0,0.0,0.25,1493592.4509637766,3527.7696,3806.710544133722
2021-12-15,0.0,202500.0,-12861.179469657032,0.0,0.0,0.0,176.31509411565318,176.31509411565318,189462.5054362273,20817778.75840767,1.5613373102238508,125,7500.0,0.0,0.25,1469292.4509637766,3527.7696,3806.710544133722
2021-12-16,0.0,-260000.0,3377.9023633709926,0.0,0.0,0.0,180.05909411565318,180.05909411565318,-256802.15673074467,20560976.601676926,1.5420771003185203,125,7500.0,0.0,0.25,1500492.4509637766,3527.7696,3806.710544133722
2021-12-17,0.0,-117500.0,-24152.846787155228,0.0,0.0,0.0,181.75109411565316,181.75109411565316,-141834.5978812709,20419142.003795657,1.5314394788833714,125,7500.0,0.0,0.25,1514592.4509637766,3527.7696,3806.710544133722
2021-12-20,0.0,222500.0,-9416.1938013454,0.0,0.0,0.0,178.54709411565318,178.54709411565318,212905.25910453894,20632047.262900196,1.5474074132360478,125,7500.0,0.0,0.25,1487892.4509637766,3527.7696,3806.710544133722
2021-12-21,0.0,-125000.0,-81690.41882612617,0.0,0.0,0.0,180.34709411565316,180.34709411565316,-206870.76592024183,20425176.49697995,1.531892067003664,125,7500.0,0.0,0.25,1502892.4509637766,3527.7696,3806.710544133722
2021-12-22,0.0,15000.0,-25582.221548479396,0.0,0.0,0.0,180.13109411565318,180.13109411565318,-10762.35264259505,20414414.14433736,1.5310848885375232,125,7500.0,0.0,0.25,1501092.4509637766,3527.7696,3806.710544133722
2021-12-23,-833299.9999999993,27500.0,556990.9777388336,0.0,0.0,0.0,179.73509411565317,179.73509411565317,-248988.75735528133,20165425.386982076,1.5124106850503682,125,7500.0,0.0,0.25,1497792.4509637766,3527.7696,3806.710544133722
2021-12-24,0.0,62500.0,-21310.078907085597,0.0,0.0,0.0,178.83509411565316,178.83509411565316,41011.08599879875,20206436.472980876,1.515486524189876,125,7500.0,0.0,0.25,1490292.4509637766,3527.7696,3806.710544133722
2021-12-27,0.0,20000.0,-18879.16278045367,0.0,0.0,0.0,178.54709411565318,178.54709411565318,942.2901254306776,20207378.76310631,1.5155571961259635,125,7500.0,0.0,0.25,1487892.4509637766,3527.7696,3806.710544133722
2021-12-28,0.0,-0.0,-10748.372335010572,0.0,0.0,0.0,178.54709411565318,178.54709411565318,-10926.919429126225,20196451.84367718,1.5147376751199764,125,7500.0,0.0,0.25,1487892.4509637766,3527.7696,3806.710544133722
2021-12-29,0.0,-2500.0,-19964.241926317074,0.0,0.0,0.0,178.58309411565318,178.58309411565318,-22642.825020432727,20173809.01865675,1.5130394589979037,125,7500.0,0.0,0.25,1488192.4509637766,3527.7696,3806.710544133722
2021-12-30,-666700.0000000007,107500.0,494481.22520809906,0.0,0.0,0.0,177.03509411565318,177.03509411565318,-64895.80988601729,20108913.20877073,1.5081722610884574,125,7500.0,0.0,0.25,1475292.4509637766,3527.7696,3806.710544133722
2021-12-31,0.0,150000.0,-181.14856053756512,0.0,0.0,0.0,174.87509411565318,174.87509411565318,149643.97634534677,20258557.18511608,1.5193955873726743,125,7500.0,0.0,0.25,1457292.4509637766,3527.7696,3806.710544133722
2022-01-04,0.0,-95000.0,235.37418108475094,0.0,2221.0,0.0,176.24309411565318,2397.243094115653,-97161.86891303089,20161395.316203047,1.512108428986301,125,7500.0,0.0,0.25,1468692.4509637766,3527.7696,3806.710544133722
2022-01-05,-1666599.9999999986,-72500.0,1250134.3208699857,0.0,0.0,0.0,177.28709411565316,177.28709411565316,-489142.9662241285,19672252.34997892,1.475422614804956,125,7500.0,0.0,0.25,1477392.4509637766,3527.7696,3806.710544133722
2022-01-06,-1166700.0000000007,-155000.0,875600.2676848815,0.0,0.0,0.0,179.51909411565316,179.51909411565316,-446279.2514092349,19225973.098569684,1.4419515872716944,125,7500.0,0.0,0.25,1495992.4509637766,3527.7696,3806.710544133722
2022-01-07,0.0,-62500.0,783.6762088237492,0.0,0.0,271.43211669599503,129.03792700175967,400.4700436977547,-62116.793834874006,19163856.30473481,1.437292816087151,125,7500.0,0.0,0.25,1075316.0583479973,2598.7710593035576,2788.376365788084
2022-01-10,0.0,-190000.0,222120.5662345855,0.0,0.0,0.0,131.77392700175966,131.77392700175966,31988.79230758375,19195845.097042393,1.4396919815081333,125,7500.0,0.0,0.25,1098116.0583479973,2598.7710593035576,2788.376365788084
2022-01-11,-1166700.0000000007,-142500.0,686696.1585288709,0.0,0.0,0.0,133.82592700175965,133.82592700175965,-622637.6673981316,18573207.429644264,1.392994039708419,125,7500.0,0.0,0.25,1115216.0583479973,2598.7710593035576,2788.376365788084
2022-01-12,0.0,-40000.0,-3555.4688279146517,0.0,0.0,0.0,134.40192700175965,134.40192700175965,-43689.87075491641,18529517.558889344,1.389717291209929,125,7500.0,0.0,0.25,1120016.0583479973,2598.7710593035576,2788.376365788084
2022-01-13,0.0,62500.0,-19425.311233231747,0.0,0.0,0.0,133.50192700175967,133.50192700175967,42941.186839766495,18572458.74572911,1.3929378882744041,125,7500.0,0.0,0.25,1112516.0583479973,2598.7710593035576,2788.376365788084
2022-01-14,0.0,-330000.0,2667.1066141872047,0.0,0.0,0.0,138.25392700175965,138.25392700175965,-327471.1473128146,18244987.5984163,1.3683774908249495,125,7500.0,0.0,0.25,1152116.0583479973,2598.7710593035576,2788.376365788084
2022-01-17,0.0,100000.0,-2472.8141601541156,0.0,0.0,0.0,136.81392700175965,136.81392700175965,97390.37191284413,18342377.970329143,1.375681786979153,125,7500.0,0.0,0.25,1140116.0583479973,2598.7710593035576,2788.376365788084
2022-01-18,0.0,-12500.0,-29428.890294228295,0.0,0.0,0.0,136.99392700175966,136.99392700175966,-42065.88422123005,18300312.086107913,1.372526837775188,125,7500.0,0.0,0.25,1141616.0583479973,2598.7710593035576,2788.376365788084
2022-01-19,0.0,-95000.0,-8193.748551789176,0.0,0.0,0.0,138.36192700175965,138.36192700175965,-103332.11047879094,18196979.97562912,1.3647769101144593,125,7500.0,0.0,0.25,1153016.0583479973,2598.7710593035576,2788.376365788084
2022-01-20,0.0,55000.0,-3606.380076192828,0.0,0.0,0.0,137.56992700175965,137.56992700175965,51256.049996805414,18248236.02562593,1.3686211234747534,125,7500.0,0.0,0.25,1146416.0583479973,2598.7710593035576,2788.376365788084
2022-01-21,0.0,-345000.0,22031.61074391261,0.0,0.0,0.0,142.53792700175967,142.53792700175967,-323110.92718308914,17925125.098442838,1.3443877433525713,125,7500.0,0.0,0.25,1187816.0583479973,2598.7710593035576,2788.376365788084
2022-01-24,0.0,67500.0,-6374.295383580986,0.0,0.0,0.0,141.56592700175966,141.56592700175966,60984.138689417254,17986109.23713226,1.3489615651888325,125,7500.0,0.0,0.25,1179716.0583479973,2598.7710593035576,2788.376365788084
2022-01-25,0.0,-37500.0,-8099.589450656133,0.0,0.0,0.0,142.10592700175965,142.10592700175965,-45741.69537765789,17940367.5417546,1.3455309294589186,125,7500.0,0.0,0.25,1184216.0583479973,2598.7710593035576,2788.376365788084
2022-01-26,0.0,-170000.0,-4748.379613416525,0.0,0.0,0.0,144.55392700175966,144.55392700175966,-174892.93354041828,17765474.60821418,1.33241392665088,125,7500.0,0.0,0.25,1204616.0583479973,2598.7710593035576,2788.376365788084
2022-01-27,0.0,-202500.0,-4347.880255223906,0.0,0.0,0.0,147.46992700175966,147.46992700175966,-206995.35018222567,17558479.258031957,1.3168892365754883,125,7500.0,0.0,0.25,1228916.0583479973,2598.7710593035576,2788.376365788084
2022-01-28,1666700.0000000007,-77500.0,-897570.1982744875,0.0,0.0,0.0,148.58592700175967,148.58592700175967,691481.2157985114,18249960.473830465,1.3687504574134284,125,7500.0,0.0,0.25,1238216.0583479973,2598.7710593035576,2788.376365788084
2022-02-07,0.0,-220000.0,4670.476363849225,0.0,2968.0,0.0,151.75392700175965,3119.7539270017596,-218449.27756315254,18031511.196267314,1.3523667206368502,125,7500.0,0.0,0.25,1264616.0583479973,2598.7710593035576,2788.376365788084
2022-02-08,0.0,-47500.0,1222.846864697207,0.0,0.0,0.0,152.43792700175965,152.43792700175965,-46429.59106230456,17985081.605205007,1.348884492601607,125,7500.0,0.0,0.25,1270316.0583479973,2598.7710593035576,2788.376365788084
2022-02-09,0.0,75000.0,87.9949294607485,0.0,0.0,0.0,151.35792700175966,151.35792700175966,74936.63700245899,18060018.242207468,1.3545047544274462,125,7500.0,0.0,0.25,1261316.0583479973,2598.7710593035576,2788.376365788084
2022-02-10,0.0,-420000.0,-1560.7450930970756,0.0,0.0,0.0,157.40592700175966,157.40592700175966,-421718.1510200988,17638300.09118737,1.3228758140285877,125,7500.0,0.0,0.25,1311716.0583479973,2598.7710593035576,2788.376365788084
2022-02-11,0.0,380000.0,-4798.989431215564,0.0,0.0,0.0,151.93392700175966,151.93392700175966,375049.07664178265,18013349.167829152,1.3510045650985991,125,7500.0,0.0,0.25,1266116.0583479973,2598.7710593035576,2788.376365788084
2022-02-14,100000.0,47500.0,-48132.519817565364,0.0,0.0,0.0,151.24992700175966,151.24992700175966,99216.23025543288,18112565.398084585,1.3584458009708462,125,7500.0,0.0,0.25,1260416.0583479973,2598.7710593035576,2788.376365788084
2022-02-15,0.0,217500.0,872.9585622876357,0.0,0.0,0.0,148.11792700175965,148.11792700175965,218224.8406352859,18330790.23871987,1.3748127049357526,125,7500.0,0.0,0.25,1234316.0583479973,2598.7710593035576,2788.376365788084
2022-02-16,100000.0,-112500.0,-44627.161937757795,0.0,0.0,0.0,149.73792700175966,149.73792700175966,-57276.89986475956,18273513.33885511,1.37051692670645,125,7500.0,0.0,0.25,1247816.0583479973,2598.7710593035576,2788.376365788084
2022-02-17,0.0,390000.0,-2415.962918012653,0.0,0.0,0.0,144.12192700175964,144.12192700175964,387439.9151549856,18660953.254010096,1.3995749929882397,125,7500.0,0.0,0.25,1201016.0583479973,2598.7710593035576,2788.376365788084
2022-02-18,0.0,-446500.0,13321.599297246607,3924.2000000000003,0.0,107.79325203344374,383.45039999999995,4415.443652033444,-437593.84435478685,18223359.40965531,1.3667553726125798,475,500.0,1.0,0.95,3195420.0,0.0,0.0
2022-02-21,900000.0,-1035500.0,0.0,0.0,0.0,0.0,398.36159999999995,398.36159999999995,-135898.3616,18087461.04805531,1.3565629700115733,475,500.0,1.0,0.95,3319680.0,0.0,0.0
2022-02-22,0.0,551000.0,0.0,0.0,0.0,0.0,390.42719999999997,390.42719999999997,550609.5728,18638070.62085531,1.3978587912111262,475,500.0,1.0,0.95,3253560.0,0.0,0.0
2022-02-23,0.0,-209000.0,0.0,0.0,0.0,0.0,393.43679999999995,393.43679999999995,-209393.4368,18428677.18405531,1.3821542441897587,475,500.0,1.0,0.95,3278640.0,0.0,0.0
2022-02-24,0.0,845500.0,0.0,0.0,0.0,0.0,381.2616,381.2616,845118.7384,19273795.92245531,1.4455383080299185,475,500.0,1.0,0.95,3177180.0,0.0,0.0
2022-02-25,0.0,1729000.0,0.0,0.0,0.0,0.0,356.364,356.364,1728643.636,21002439.55845531,1.5751869048514104,475,500.0,1.0,0.95,2969700.0,0.0,0.0
2022-02-28,650000.0,114000.0,0.0,0.0,0.0,0.0,354.7224,354.7224,763645.2776,21766084.83605531,1.6324604438552577,475,500.0,1.0,0.95,2956020.0,0.0,0.0
2022-03-01,0.0,-114000.0,0.0,0.0,9899.0,0.0,356.364,10255.364,-124255.364,21641829.47205531,1.6231412682573187,475,500.0,1.0,0.95,2969700.0,0.0,0.0
2022-03-02,0.0,-608000.0,0.0,0.0,0.0,0.0,365.1192,365.1192,-608365.1192,21033464.35285531,1.5775137702485738,475,500.0,1.0,0.95,3042660.0,0.0,0.0
2022-03-03,0.0,-636500.0,0.0,0.0,0.0,0.0,374.28479999999996,374.28479999999996,-636874.2848,20396590.06805531,1.529748079474347,475,500.0,1.0,0.95,3119040.0,0.0,0.0
2022-03-04,0.0,70000.0,0.0,3791.2000000000003,0.0,493.5003864659522,158.14802318795714,4442.84840965391,65557.1515903461,20462147.219645657,1.5346648781356196,125,7500.0,0.0,0.25,1317900.1932329761,2817.890167718249,3032.039492291701
2022-03-07,0.0,-102500.0,260333.1284732036,0.0,0.0,0.0,159.62402318795714,159.62402318795714,157673.50445001564,20619820.724095672,1.5464904205332268,125,7500.0,0.0,0.25,1330200.1932329761,2817.890167718249,3032.039492291701
2022-03-08,-250000.0,242500.0,156464.09753373588,0.0,0.0,0.0,156.13202318795712,156.13202318795712,148807.96551054792,20768628.68960622,1.557651045848081,125,7500.0,0.0,0.25,1301100.1932329761,2817.890167718249,3032.039492291701
2022-03-09,0.0,367500.0,1311.4060526822868,0.0,0.0,0.0,150.84002318795712,150.84002318795712,368660.56602949434,21137289.255635716,1.5853006574243222,125,7500.0,0.0,0.25,1257000.1932329761,2817.890167718249,3032.039492291701
2022-03-10,0.0,-342500.0,-728.9468774597196,0.0,0.0,0.0,155.77202318795713,155.77202318795713,-343384.71890064765,20793904.536735065,1.5595467391219777,125,7500.0,0.0,0.25,1298100.1932329761,2817.890167718249,3032.039492291701
2022-03-11,0.0,172500.0,-1864.4986133202933,0.0,0.0,0.0,153.28802318795712,153.28802318795712,170482.21336349176,20964386.750098556,1.5723329370897345,125,7500.0,0.0,0.25,1277400.1932329761,2817.890167718249,3032.039492291701
2022-03-14,0.0,307500.0,701.4721099879396,0.0,0.0,0.0,148.86002318795713,148.86002318795713,308052.6120868,21272439.36218536,1.5954369407562539,125,7500.0,0.0,0.25,1240500.1932329761,2817.890167718249,3032.039492291701
2022-03-15,0.0,2500.0,-1149.76953356571,0.0,0.0,0.0,148.82402318795712,148.82402318795712,1201.4064432463329,21273640.768628605,1.5955270464647615,125,7500.0,0.0,0.25,1240200.1932329761,2817.890167718249,3032.039492291701
2022-03-16,0.0,-38000.0,-1408.700393568054,3434.2000000000003,0.0,425.1560367860825,335.57039999999995,4194.926436786082,-43603.62683035414,21230037.14179825,1.5922567662767844,475,500.0,1.0,0.95,2796420.0,0.0,0.0
2022-03-17,0.0,-38000.0,0.0,0.0,0.0,0.0,336.1176,336.1176,-38336.1176,21191701.02419825,1.5893815502687443,475,500.0,1.0,0.95,2800980.0,0.0,0.0
2022-03-18,0.0,-655500.0,0.0,0.0,0.0,0.0,345.55679999999995,345.55679999999995,-655845.5568,20535855.46739825,1.5401930105373949,475,500.0,1.0,0.95,2879640.0,0.0,0.0
2022-03-21,-166700.00000000073,712500.0,0.0,0.0,0.0,0.0,335.29679999999996,335.29679999999996,545464.7031999993,21081320.17059825,1.5811029655522826,475,500.0,1.0,0.95,2794140.0,0.0,0.0
2022-03-22,0.0,-75000.0,0.0,3473.4,0.0,468.5834343834406,148.03097006300646,4090.0144044464473,-79090.01440444645,21002230.156193804,1.5751711996425344,125,7500.0,0.0,0.25,1233591.4171917206,2777.1837875371157,2987.462526434654
2022-03-23,0.0,-195000.0,255490.37841090822,0.0,0.0,0.0,150.83897006300646,150.83897006300646,60339.53944084521,21062569.69563465,1.5796966764142897,125,7500.0,0.0,0.25,1256991.4171917206,2777.1837875371157,2987.462526434654
2022-03-24,0.0,-130000.0,-65.37479587436223,0.0,0.0,0.0,152.71097006300644,152.71097006300644,-130218.08576593737,20932351.609868713,1.5699302955658925,125,7500.0,0.0,0.25,1272591.4171917206,2777.1837875371157,2987.462526434654
2022-03-25,0.0,-735000.0,-26.395170404782675,0.0,0.0,0.0,163.29497006300645,163.29497006300645,-735189.6901404678,20197161.91972824,1.5147909309569456,125,7500.0,0.0,0.25,1360791.4171917206,2777.1837875371157,2987.462526434654
2022-03-28,0.0,-5000.0,146.1847107848513,0.0,0.0,0.0,163.36697006300645,163.36697006300645,-5017.182259278155,20192144.737468965,1.5144146413467758,125,7500.0,0.0,0.25,1361391.4171917206,2777.1837875371157,2987.462526434654
2022-03-29,0.0,-157500.0,88.38219778418477,0.0,0.0,0.0,165.63497006300645,165.63497006300645,-157577.25277227882,20034567.484696686,1.5025963178430461,125,7500.0,0.0,0.25,1380291.4171917206,2777.1837875371157,2987.462526434654
2022-03-30,0.0,-137500.0,70.41413814370401,0.0,0.0,0.0,167.61497006300647,167.61497006300647,-137597.2008319193,19896970.283864766,1.4922765019811124,125,7500.0,0.0,0.25,1396791.4171917206,2777.1837875371157,2987.462526434654
2022-03-31,0.0,27500.0,4.044566737846367,0.0,0.0,0.0,167.21897006300645,167.21897006300645,27336.82559667484,19924307.10946144,1.4943267690265307,125,7500.0,0.0,0.25,1393491.4171917206,2777.1837875371157,2987.462526434654
2022-04-01,0.0,-65000.0,-71.31319510229162,0.0,3040.0,0.0,168.15497006300646,3208.1549700630067,-68279.46816516531,19856027.641296275,1.4892057961117109,125,7500.0,0.0,0.25,1401291.4171917206,2777.1837875371157,2987.462526434654
2022-04-06,166700.00000000073,247500.0,-104464.82410483825,0.0,0.0,0.0,164.59097006300647,164.59097006300647,309570.58492509945,20165598.226221375,1.5124236480257232,125,7500.0,0.0,0.25,1371591.4171917206,2777.1837875371157,2987.462526434654
2022-04-07,0.0,62500.0,657.6017120634958,0.0,0.0,0.0,163.69097006300646,163.69097006300646,62993.91074200049,20228592.136963375,1.517148203142761,125,7500.0,0.0,0.25,1364091.4171917206,2777.1837875371157,2987.462526434654
2022-04-08,0.0,-70000.0,632.1413185180447,0.0,0.0,0.0,164.69897006300644,164.69897006300644,-69532.55765154496,20159059.579311833,1.5119332482815082,125,7500.0,0.0,0.25,1372491.4171917206,2777.1837875371157,2987.462526434654
2022-04-11,0.0,-7500.0,-155.14091059905866,0.0,0.0,0.0,164.80697006300645,164.80697006300645,-7819.9478806620655,20151239.63143117,1.5113467507242146,125,7500.0,0.0,0.25,1373391.4171917206,2777.1837875371157,2987.462526434654
2022-04-12,0.0,-380000.0,-51.933426238264246,0.0,0.0,0.0,170.27897006300645,170.27897006300645,-380222.2123963013,19771017.41903487,1.4828300135026489,125,7500.0,0.0,0.25,1418991.4171917206,2777.1837875371157,2987.462526434654
2022-04-13,0.0,45000.0,-1296.434761296581,0.0,0.0,0.0,169.63097006300646,169.63097006300646,43533.93426864041,19814551.353303507,1.4860950667354298,125,7500.0,0.0,0.25,1413591.4171917206,2777.1837875371157,2987.462526434654
2022-04-14,0.0,-142500.0,-611.6015616022707,0.0,0.0,0.0,171.68297006300645,171.68297006300645,-143283.28453166527,19671268.068771843,1.4753487935298721,125,7500.0,0.0,0.25,1430691.4171917206,2777.1837875371157,2987.462526434654
2022-04-15,166700.00000000073,7500.0,-94653.58671772531,0.0,0.0,0.0,171.57497006300645,171.57497006300645,79374.8383122124,19750642.907084055,1.4813019212861074,125,7500.0,0.0,0.25,1429791.4171917206,2777.1837875371157,2987.462526434654
2022-04-18,0.0,-272500.0,202.17041027436267,0.0,0.0,0.0,175.49897006300645,175.49897006300645,-272473.32855978864,19478169.578524265,1.4608663705552463,125,7500.0,0.0,0.25,1462491.4171917206,2777.1837875371157,2987.462526434654
2022-04-19,0.0,77500.0,173.13428303065592,0.0,0.0,0.0,174.38297006300644,174.38297006300644,77498.75131296765,19555668.329837233,1.466678791434771,125,7500.0,0.0,0.25,1453191.4171917206,2777.1837875371157,2987.462526434654
2022-04-20,0.0,265000.0,123.50815596299469,0.0,0.0,0.0,170.56697006300647,170.56697006300647,264952.94118589995,19820621.271023132,1.486550311702514,125,7500.0,0.0,0.25,1421391.4171917206,2777.1837875371157,2987.462526434654
2022-04-21,0.0,-7500.0,53.661539868485875,0.0,0.0,0.0,170.67497006300644,170.67497006300644,-7617.01343019452,19813004.25759294,1.485979034267056,125,7500.0,0.0,0.25,1422291.4171917206,2777.1837875371157,2987.462526434654
2022-04-22,0.0,10000.0,-105.90777560873121,0.0,0.0,0.0,170.53097006300646,170.53097006300646,9723.561254328262,19822727.81884727,1.4867083031843031,125,7500.0,0.0,0.25,1421091.4171917206,2777.1837875371157,2987.462526434654
2022-04-25,0.0,532500.0,109.76888000547191,0.0,0.0,0.0,162.86297006300646,162.86297006300646,532446.9059099425,20355174.72475721,1.5266419209615931,125,7500.0,0.0,0.25,1357191.4171917206,2777.1837875371157,2987.462526434654
2022-04-26,0.0,22500.0,-3207.443282054889,0.0,0.0,0.0,162.53897006300645,162.53897006300645,19130.017747882102,20374304.742505092,1.5280766758795716,125,7500.0,0.0,0.25,1354491.4171917206,2777.1837875371157,2987.462526434654
2022-04-27,0.0,-205000.0,-954.6532414314157,0.0,0.0,0.0,165.49097006300644,165.49097006300644,-206120.14421149442,20168184.598293595,1.5126176264160858,125,7500.0,0.0,0.25,1379091.4171917206,2777.1837875371157,2987.462526434654
2022-04-28,0.0,-115000.0,-2292.835594920657,0.0,0.0,0.0,167.14697006300645,167.14697006300645,-117459.98256498367,20050724.615728613,1.5038081056999102,125,7500.0,0.0,0.25,1392891.4171917206,2777.1837875371157,2987.462526434654
2022-04-29,166599.99999999854,20000.0,-66546.71463275964,0.0,0.0,0.0,166.85897006300647,166.85897006300647,119886.42639717589,20170611.042125788,1.5127996101584595,125,7500.0,0.0,0.25,1390491.4171917206,2777.1837875371157,2987.462526434654
2022-05-05,166700.00000000073,-142500.0,-53401.759750099714,0.0,3061.0,0.0,168.91097006300646,3229.9109700630065,-32431.670720161994,20138179.371405628,1.510367228773494,125,7500.0,0.0,0.25,1407591.4171917206,2777.1837875371157,2987.462526434654
2022-05-06,0.0,197500.0,13966.556907037959,0.0,0.0,0.0,166.06697006300647,166.06697006300647,211300.48993697498,20349479.8613426,1.526214805137708,125,7500.0,0.0,0.25,1383891.4171917206,2777.1837875371157,2987.462526434654
2022-05-09,0.0,135000.0,27493.95618574686,0.0,0.0,0.0,164.12297006300645,164.12297006300645,162329.83321568384,20511809.694558285,1.5383895730658042,125,7500.0,0.0,0.25,1367691.4171917206,2777.1837875371157,2987.462526434654
2022-05-10,0.0,375000.0,28694.015503690785,0.0,0.0,431.12908031132986,157.19574481867986,588.3248251300097,403105.6906785608,20914915.385236844,1.568622575449202,125,7500.0,0.0,0.25,1309964.5401556655,2842.903990626994,3056.0524625775483
2022-05-11,500000.0,-192500.0,-51352.82858162043,0.0,0.0,0.0,159.96774481867985,159.96774481867985,255987.2036735609,21170902.58891041,1.5878216637224398,125,7500.0,0.0,0.25,1333064.5401556655,2842.903990626994,3056.0524625775483
2022-05-12,0.0,185000.0,55.82900133553892,0.0,0.0,0.0,157.30374481867983,157.30374481867983,184898.52525651688,21355801.114166923,1.6016890877852388,125,7500.0,0.0,0.25,1310864.5401556655,2842.903990626994,3056.0524625775483
2022-05-13,0.0,-65000.0,5021.338514527649,0.0,0.0,0.0,158.23974481867984,158.23974481867984,-60136.901230291034,21295664.212936632,1.5971788089172698,125,7500.0,0.0,0.25,1318664.5401556655,2842.903990626994,3056.0524625775483
2022-05-16,0.0,-167500.0,-304.2157049629779,0.0,0.0,0.0,160.65174481867984,160.65174481867984,-167964.86744978168,21127699.34548685,1.5845814123650446,125,7500.0,0.0,0.25,1338764.5401556655,2842.903990626994,3056.0524625775483
2022-05-17,0.0,57500.0,1624.5194796866613,0.0,0.0,0.0,159.82374481867984,159.82374481867984,58964.695734867986,21186664.04122172,1.589003775601068,125,7500.0,0.0,0.25,1331864.5401556655,2842.903990626994,3056.0524625775483
2022-05-18,0.0,82500.0,868.7692476688014,0.0,0.0,0.0,158.63574481867985,158.63574481867985,83210.13350285012,21269874.17472457,1.595244551215721,125,7500.0,0.0,0.25,1321964.5401556655,2842.903990626994,3056.0524625775483
2022-05-19,333299.9999999993,-322500.0,-200285.0965139336,0.0,0.0,0.0,163.27974481867983,163.27974481867983,-189648.37625875298,21080225.79846582,1.581020887437155,125,7500.0,0.0,0.25,1360664.5401556655,2842.903990626994,3056.0524625775483
2022-05-20,0.0,-97500.0,1259.7548541158687,0.0,0.0,0.0,164.68374481867986,164.68374481867986,-96404.92889070281,20983820.869575113,1.5737904996943828,125,7500.0,0.0,0.25,1372364.5401556655,2842.903990626994,3056.0524625775483
2022-05-23,166700.00000000073,145000.0,-94785.46911365814,0.0,0.0,0.0,162.59574481867983,162.59574481867983,216751.9351415239,21200572.80471664,1.5900469354710867,125,7500.0,0.0,0.25,1354964.5401556655,2842.903990626994,3056.0524625775483
2022-05-24,0.0,65000.0,2807.797097816156,0.0,0.0,0.0,161.65974481867985,161.65974481867985,67646.13735299748,21268218.942069635,1.5951204084562438,125,7500.0,0.0,0.25,1347164.5401556655,2842.903990626994,3056.0524625775483
2022-05-25,0.0,-212500.0,-632.6240257844163,0.0,0.0,0.0,164.71974481867986,164.71974481867986,-213297.3437706031,21054921.598299034,1.5791230676800967,125,7500.0,0.0,0.25,1372664.5401556655,2842.903990626994,3056.0524625775483
2022-05-26,166700.00000000073,-30000.0,-67613.31996287419,0.0,0.0,0.0,165.15174481867984,165.15174481867984,68921.52829230786,21123843.12659134,1.5842921952248386,125,7500.0,0.0,0.25,1376264.5401556655,2842.903990626994,3056.0524625775483
2022-05-27,0.0,-105000.0,3747.8893879051966,0.0,0.0,0.0,166.66374481867985,166.66374481867985,-101418.77435691349,21022424.352234427,1.5766857681320023,125,7500.0,0.0,0.25,1388864.5401556655,2842.903990626994,3056.0524625775483
2022-05-30,0.0,-77500.0,9135.469370986424,0.0,0.0,0.0,167.77974481867983,167.77974481867983,-68532.31037383225,20953892.041860595,1.5715458320041247,125,7500.0,0.0,0.25,1398164.5401556655,2842.903990626994,3056.0524625775483
2022-05-31,0.0,-15000.0,6762.584762352261,0.0,0.0,0.0,167.99574481867984,167.99574481867984,-8405.41098246642,20945486.630878128,1.570915424604421,125,7500.0,0.0,0.25,1399964.5401556655,2842.903990626994,3056.0524625775483
2022-06-01,0.0,-47500.0,5711.3588646393155,0.0,3097.0,0.0,168.67974481867984,3265.67974481868,-45054.32088017936,20900432.309997946,1.5675363420907011,125,7500.0,0.0,0.25,1405664.5401556655,2842.903990626994,3056.0524625775483
2022-06-02,0.0,-75000.0,8225.222396569621,0.0,0.0,0.0,169.75974481867985,169.75974481867985,-66944.53734824907,20833487.772649698,1.5625154892374504,125,7500.0,0.0,0.25,1414664.5401556655,2842.903990626994,3056.0524625775483
2022-06-06,333299.9999999993,235000.0,-168471.39673784972,0.0,0.0,0.0,166.37574481867983,166.37574481867983,399662.22751733096,21233150.00016703,1.5924902312381055,125,7500.0,0.0,0.25,1386464.5401556655,2842.903990626994,3056.0524625775483
2022-06-07,333299.9999999993,-77500.0,-159972.00698927048,0.0,0.0,0.0,167.49174481867985,167.49174481867985,95660.50126591015,21328810.50143294,1.5996647867694374,125,7500.0,0.0,0.25,1395764.5401556655,2842.903990626994,3056.0524625775483
2022-06-08,0.0,-85000.0,70804.40531392697,0.0,0.0,0.0,168.71574481867984,168.71574481867984,-14364.310430891712,21314446.19100205,1.5985874607938055,125,7500.0,0.0,0.25,1405964.5401556655,2842.903990626994,3056.0524625775483
2022-06-09,0.0,125000.0,19518.56668473031,0.0,0.0,0.0,166.91574481867985,166.91574481867985,144351.65093991163,21458797.84194196,1.6094138616803013,125,7500.0,0.0,0.25,1390964.5401556655,2842.903990626994,3056.0524625775483
2022-06-10,333400.00000000146,95000.0,-132191.08934134565,0.0,0.0,0.0,165.54774481867983,165.54774481867983,296043.36291383713,21754841.2048558,1.6316171694071084,125,7500.0,0.0,0.25,1379564.5401556655,2842.903990626994,3056.0524625775483
2022-06-13,166599.99999999854,-37500.0,-64452.478204882165,0.0,0.0,0.0,166.08774481867985,166.08774481867985,64481.4340502977,21819322.638906095,1.6364532890511798,125,7500.0,0.0,0.25,1384064.5401556655,2842.903990626994,3056.0524625775483
2022-06-14,0.0,277500.0,-507.0573572342596,0.0,0.0,0.0,162.09174481867984,162.09174481867984,276830.8508979471,22096153.489804044,1.6572156547744403,125,7500.0,0.0,0.25,1350764.5401556655,2842.903990626994,3056.0524625775483
2022-06-15,0.0,15000.0,31987.95364367239,0.0,0.0,0.0,161.87574481867983,161.87574481867983,46826.077898853706,22142979.567702897,1.6607276193967657,125,7500.0,0.0,0.25,1348964.5401556655,2842.903990626994,3056.0524625775483
2022-06-16,0.0,-5000.0,37906.4555942087,0.0,0.0,0.0,161.94774481867984,161.94774481867984,32744.507849390022,22175724.075552285,1.6631834636250804,125,7500.0,0.0,0.25,1349564.5401556655,2842.903990626994,3056.0524625775483
2022-06-17,0.0,57500.0,72698.34412906348,0.0,0.0,0.0,161.11974481867983,161.11974481867983,130037.2243842448,22305761.299936533,1.6729362798359395,125,7500.0,0.0,0.25,1342664.5401556655,2842.903990626994,3056.0524625775483
2022-06-20,0.0,37500.0,37056.11771554256,0.0,0.0,0.0,160.57974481867984,160.57974481867984,74395.53797072388,22380156.837907255,1.678515959132942,125,7500.0,0.0,0.25,1338164.5401556655,2842.903990626994,3056.0524625775483
2022-06-21,0.0,280000.0,26053.40350158038,0.0,0.0,0.0,156.54774481867983,156.54774481867983,305896.8557567617,22686053.693664014,1.7014582806705028,125,7500.0,0.0,0.25,1304564.5401556655,2842.903990626994,3056.0524625775483
2022-06-22,-383299.9999999993,247500.0,307215.2723047037,0.0,0.0,277.9020894471238,145.8961253668274,423.7982148139512,170991.47408989046,22857045.167753905,1.7142826732882261,125,7500.0,0.0,0.25,1215801.0447235617,3035.4734436238914,3255.2867057769386
2022-06-23,0.0,-215000.0,251588.00147813009,0.0,0.0,0.0,148.9921253668274,148.9921253668274,36439.009352763256,22893484.17710667,1.717015605822015,125,7500.0,0.0,0.25,1241601.0447235617,3035.4734436238914,3255.2867057769386
2022-06-24,0.0,90000.0,-914.7613761955497,0.0,0.0,0.0,147.6961253668274,147.6961253668274,88937.54249843763,22982421.71960511,1.7236859381852287,125,7500.0,0.0,0.25,1230801.0447235617,3035.4734436238914,3255.2867057769386
2022-06-27,-750000.0,-110000.0,421602.97555705527,0.0,0.0,0.0,149.2801253668274,149.2801253668274,-438546.30456831155,22543875.415036798,1.6907948831149675,125,7500.0,0.0,0.25,1244001.0447235617,3035.4734436238914,3255.2867057769386
2022-06-28,0.0,-220000.0,8116.564969183848,0.0,0.0,0.0,152.44812536682738,152.44812536682738,-212035.88315618297,22331839.531880617,1.6748921521214266,125,7500.0,0.0,0.25,1270401.0447235617,3035.4734436238914,3255.2867057769386
2022-06-29,0.0,-75000.0,-1688.6626033389973,0.0,0.0,0.0,153.5281253668274,153.5281253668274,-76842.19072870581,22254997.341151908,1.6691289734088266,125,7500.0,0.0,0.25,1279401.0447235617,3035.4734436238914,3255.2867057769386
2022-06-30,0.0,27500.0,-4475.5238417032215,0.0,0.0,0.0,153.13212536682738,153.13212536682738,22871.34403292995,22277868.68518484,1.6708443284996843,125,7500.0,0.0,0.25,1276101.0447235617,3035.4734436238914,3255.2867057769386
2022-07-01,0.0,295000.0,6788.327443131088,0.0,2744.0,0.0,148.8841253668274,2892.8841253668274,298895.44331776426,22576764.128502604,1.6932615427915523,125,7500.0,0.0,0.25,1240701.0447235617,3035.4734436238914,3255.2867057769386
2022-07-04,0.0,80000.0,-8921.35423363481,0.0,0.0,0.0,147.7321253668274,147.7321253668274,70930.91364099836,22647695.042143602,1.6985813746142067,125,7500.0,0.0,0.25,1231101.0447235617,3035.4734436238914,3255.2867057769386
2022-07-05,0.0,95000.0,-6238.280391897107,0.0,0.0,0.0,146.3641253668274,146.3641253668274,88615.35548273606,22736310.39762634,1.7052275428908328,125,7500.0,0.0,0.25,1219701.0447235617,3035.4734436238914,3255.2867057769386
2022-07-06,0.0,45000.0,-8133.647939010302,0.0,0.0,0.0,145.71612536682738,145.71612536682738,36720.635935622864,22773031.03356196,1.7079815974711408,125,7500.0,0.0,0.25,1214301.0447235617,3035.4734436238914,3255.2867057769386
2022-07-07,-250000.0,-37500.0,134713.93139968193,0.0,0.0,0.0,146.2561253668274,146.2561253668274,-152932.3247256849,22620098.708836276,1.6965116444418318,125,7500.0,0.0,0.25,1218801.0447235617,3035.4734436238914,3255.2867057769386
2022-07-08,0.0,290000.0,9846.17899558014,0.0,0.0,0.0,142.0801253668274,142.0801253668274,299704.0988702133,22919802.80770649,1.718989508051757,125,7500.0,0.0,0.25,1184001.0447235617,3035.4734436238914,3255.2867057769386
2022-07-11,0.0,7500.0,-7991.299441792954,0.0,0.0,0.0,141.97212536682738,141.97212536682738,-633.2715671597814,22919169.53613933,1.7189420125654813,125,7500.0,0.0,0.25,1183101.0447235617,3035.4734436238914,3255.2867057769386
2022-07-12,0.0,265000.0,-3566.7421296347256,0.0,0.0,0.0,138.15612536682738,138.15612536682738,261295.10174499845,23180464.637884326,1.73853919418931,125,7500.0,0.0,0.25,1151301.0447235617,3035.4734436238914,3255.2867057769386
2022-07-13,0.0,-87500.0,-2513.450014154337,0.0,0.0,0.0,139.4161253668274,139.4161253668274,-90152.86613952117,23090311.771744806,1.7317777123251412,125,7500.0,0.0,0.25,1161801.0447235617,3035.4734436238914,3255.2867057769386
2022-07-14,-125000.0,115000.0,61059.604405998085,0.0,0.0,0.0,137.7601253668274,137.7601253668274,50921.84428063126,23141233.616025437,1.7355968601940583,125,7500.0,0.0,0.25,1148001.0447235617,3035.4734436238914,3255.2867057769386
2022-07-15,0.0,-42500.0,-7009.94387798314,0.0,0.0,0.0,138.3721253668274,138.3721253668274,-49648.316003349966,23091585.300022088,1.7318732271847246,125,7500.0,0.0,0.25,1153101.0447235617,3035.4734436238914,3255.2867057769386
2022-07-18,-75000.0,-305000.0,62984.96890742762,0.0,0.0,0.0,142.7641253668274,142.7641253668274,-317157.7952179392,22774427.50480415,1.708086333076144,125,7500.0,0.0,0.25,1189701.0447235617,3035.4734436238914,3255.2867057769386
2022-07-19,-550000.0,315000.0,310545.4971812286,0.0,0.0,0.0,138.22812536682738,138.22812536682738,75407.26905586176,22849834.773860008,1.7137418923942316,125,7500.0,0.0,0.25,1151901.0447235617,3035.4734436238914,3255.2867057769386
2022-07-20,0.0,-147500.0,-17778.273148583354,0.0,0.0,0.0,140.3521253668274,140.3521253668274,-165418.6252739502,22684416.148586057,1.7013354644826155,125,7500.0,0.0,0.25,1169601.0447235617,3035.4734436238914,3255.2867057769386
2022-07-21,0.0,77500.0,-31475.483737286537,0.0,0.0,0.0,139.2361253668274,139.2361253668274,45885.280137346635,22730301.428723406,1.7047768690964282,125,7500.0,0.0,0.25,1160301.0447235617,3035.4734436238914,3255.2867057769386
2022-07-22,100000.0,-162500.0,-67116.11810688836,0.0,0.0,0.0,141.5761253668274,141.5761253668274,-129757.69423225519,22600543.73449115,1.6950450176993805,125,7500.0,0.0,0.25,1179801.0447235617,3035.4734436238914,3255.2867057769386
2022-07-25,0.0,27500.0,-27100.444701331624,0.0,0.0,0.0,141.18012536682738,141.18012536682738,258.37517330154867,22600802.109664455,1.6950643958858238,125,7500.0,0.0,0.25,1176501.0447235617,3035.4734436238914,3255.2867057769386
2022-07-26,0.0,-125000.0,-34905.209047844604,0.0,0.0,0.0,142.9801253668274,142.9801253668274,-160048.18917321143,22440753.92049124,1.6830607516887224,125,7500.0,0.0,0.25,1191501.0447235617,3035.4734436238914,3255.2867057769386
2022-07-27,0.0,17500.0,-33668.71679052416,0.0,0.0,0.0,142.72812536682738,142.72812536682738,-16311.444915890987,22424442.47557535,1.6818373902616268,125,7500.0,0.0,0.25,1189401.0447235617,3035.4734436238914,3255.2867057769386
2022-07-28,-300000.0,-100000.0,144763.22692953105,0.0,0.0,0.0,144.16812536682738,144.16812536682738,-255380.94119583577,22169061.534379512,1.6626837717878928,125,7500.0,0.0,0.25,1201401.0447235617,3035.4734436238914,3255.2867057769386
2022-07-29,0.0,-27500.0,-51715.59114977782,0.0,0.0,0.0,144.5641253668274,144.5641253668274,-79360.15527514464,22089701.37910437,1.6567317452621908,125,7500.0,0.0,0.25,1204701.0447235617,3035.4734436238914,3255.2867057769386
2022-08-01,0.0,80000.0,-38017.24995834064,0.0,2592.0,0.0,143.41212536682738,2735.4121253668272,39247.337916292534,22128948.71702066,1.659675302964807,125,7500.0,0.0,0.25,1195101.0447235617,3035.4734436238914,3255.2867057769386
2022-08-02,200000.0,480000.0,-157036.80212639662,0.0,0.0,0.0,136.5001253668274,136.5001253668274,522826.69774823653,22651775.414768897,1.6988874033261756,125,7500.0,0.0,0.25,1137501.0447235617,3035.4734436238914,3255.2867057769386
2022-08-03,0.0,20000.0,-35690.895471445074,0.0,0.0,457.0623192255552,145.07173915353331,602.1340583790885,-16293.029529824162,22635482.385239072,1.697665423056488,125,7500.0,0.0,0.25,1208931.1596127776,2862.334242958038,3077.934419435286
2022-08-04,-600000.0,315000.0,637465.8311473117,0.0,0.0,0.0,140.5357391535333,140.5357391535333,352325.2954081582,22987807.68064723,1.724089886273258,125,7500.0,0.0,0.25,1171131.1596127776,2862.334242958038,3077.934419435286
2022-08-05,-60000.0,5000.0,33114.207620094654,0.0,0.0,0.0,140.4637391535333,140.4637391535333,-22026.25611905888,22965781.42452817,1.7224379129343952,125,7500.0,0.0,0.25,1170531.1596127776,2862.334242958038,3077.934419435286
2022-08-08,-40000.0,-315000.0,30990.15481989305,0.0,0.0,0.0,144.9997391535333,144.9997391535333,-324154.8449192605,22641626.57960891,1.6981262387862652,125,7500.0,0.0,0.25,1208331.1596127776,2862.334242958038,3077.934419435286
2022-08-09,0.0,25000.0,-4992.126830237815,0.0,0.0,0.0,144.6397391535333,144.6397391535333,19863.233430608652,22661489.81303952,1.6996159850179264,125,7500.0,0.0,0.25,1205331.1596127776,2862.334242958038,3077.934419435286
2022-08-10,0.0,122500.0,-1632.6165732183285,0.0,0.0,0.0,142.87573915353332,142.87573915353332,120724.50768762814,22782214.320727147,1.7086703457304004,125,7500.0,0.0,0.25,1190631.1596127776,2862.334242958038,3077.934419435286
2022-08-11,-100000.0,-135000.0,60835.731730222025,0.0,0.0,0.0,144.8197391535333,144.8197391535333,-174309.0880089315,22607905.232718214,1.6955971314466947,125,7500.0,0.0,0.25,1206831.1596127776,2862.334242958038,3077.934419435286
2022-08-12,0.0,27500.0,-2499.6517346290757,0.0,0.0,0.0,144.4237391535333,144.4237391535333,24855.924526217394,22632761.157244433,1.6974613304466586,125,7500.0,0.0,0.25,1203531.1596127776,2862.334242958038,3077.934419435286
2022-08-15,0.0,62500.0,-11100.387373706795,0.0,0.0,0.0,143.5237391535333,143.5237391535333,51256.088887139675,22684017.246131573,1.7013055467237348,125,7500.0,0.0,0.25,1196031.1596127776,2862.334242958038,3077.934419435286
2022-08-16,0.0,15000.0,-12420.622697737044,0.0,0.0,0.0,143.3077391535333,143.3077391535333,2436.0695631094222,22686453.315694682,1.7014882523977322,125,7500.0,0.0,0.25,1194231.1596127776,2862.334242958038,3077.934419435286
2022-08-17,0.0,150000.0,-4835.96540053572,0.0,0.0,0.0,141.1477391535333,141.1477391535333,145022.88686031074,22831476.202554993,1.7123649961041147,125,7500.0,0.0,0.25,1176231.1596127776,2862.334242958038,3077.934419435286
2022-08-18,0.0,-52500.0,-3461.8831246902814,0.0,0.0,0.0,141.9037391535333,141.9037391535333,-56103.786863843816,22775372.415691152,1.7081572015698403,125,7500.0,0.0,0.25,1182531.1596127776,2862.334242958038,3077.934419435286
2022-08-19,0.0,165000.0,-6394.22116073245,0.0,0.0,0.0,139.5277391535333,139.5277391535333,158466.25110011402,22933838.666791264,1.720042200114845,125,7500.0,0.0,0.25,1162731.1596127776,2862.334242958038,3077.934419435286
2022-08-22,0.0,-300000.0,11119.056724766666,0.0,0.0,0.0,143.8477391535333,143.8477391535333,-289024.79101438686,22644813.87577688,1.6983652865964824,125,7500.0,0.0,0.25,1198731.1596127776,2862.334242958038,3077.934419435286
2022-08-23,0.0,-37500.0,-6712.412187947833,0.0,0.0,0.0,144.38773915353332,144.38773915353332,-44356.79992710137,22600457.07584978,1.6950385182850292,125,7500.0,0.0,0.25,1203231.1596127776,2862.334242958038,3077.934419435286
2022-08-24,0.0,20000.0,-5344.494530680137,0.0,0.0,0.0,144.0997391535333,144.0997391535333,14511.405730166329,22614968.481579944,1.696126876435687,125,7500.0,0.0,0.25,1200831.1596127776,2862.334242958038,3077.934419435286
2022-08-25,16700.000000000728,-20000.0,-17205.031951905312,0.0,0.0,0.0,144.38773915353332,144.38773915353332,-20649.419691058116,22594319.061888885,1.6945781660870816,125,7500.0,0.0,0.25,1203231.1596127776,2862.334242958038,3077.934419435286
2022-08-26,0.0,-112500.0,-4282.507946456278,0.0,0.0,0.0,146.0077391535333,146.0077391535333,-116928.5156856098,22477390.546203274,1.6858085054865093,125,7500.0,0.0,0.25,1216731.1596127776,2862.334242958038,3077.934419435286
2022-08-29,0.0,80000.0,-7289.286563372954,0.0,0.0,0.0,144.8557391535333,144.8557391535333,72565.85769747352,22549956.40390075,1.6912509584199522,125,7500.0,0.0,0.25,1207131.1596127776,2862.334242958038,3077.934419435286
2022-08-30,0.0,120000.0,-44363.186324353665,0.0,0.0,0.0,143.1277391535333,143.1277391535333,75493.6859364928,22625450.08983724,1.6969129990202905,125,7500.0,0.0,0.25,1192731.1596127776,2862.334242958038,3077.934419435286
2022-08-31,0.0,-72500.0,-9619.839284982845,0.0,0.0,0.0,144.1717391535333,144.1717391535333,-82264.01102413639,22543186.078813106,1.6907431827689399,125,7500.0,0.0,0.25,1201431.1596127776,2862.334242958038,3077.934419435286
2022-09-01,0.0,130000.0,-39225.463939649926,0.0,2315.0,0.0,142.2997391535333,2457.299739153533,88317.23632119654,22631503.3151343,1.6973669920525527,125,7500.0,0.0,0.25,1185831.1596127776,2862.334242958038,3077.934419435286
2022-09-02,-333400.00000000146,32500.0,153344.12027403453,0.0,0.0,0.0,141.8317391535333,141.8317391535333,-147697.71146512046,22483805.60366918,1.6862896359992785,125,7500.0,0.0,0.25,1181931.1596127776,2862.334242958038,3077.934419435286
2022-09-05,333400.00000000146,-107500.0,-227403.6652827711,0.0,0.0,0.0,143.3797391535333,143.3797391535333,-1647.045021923186,22482158.558647256,1.6861661073138126,125,7500.0,0.0,0.25,1194831.1596127776,2862.334242958038,3077.934419435286
2022-09-06,0.0,142500.0,-13371.450042810018,0.0,0.0,0.0,141.32773915353332,141.32773915353332,128987.22221803645,22611145.780865293,1.6958401731653299,125,7500.0,0.0,0.25,1177731.1596127776,2862.334242958038,3077.934419435286
2022-09-07,0.0,22500.0,-33675.829785224385,0.0,0.0,0.0,141.0037391535333,141.0037391535333,-11316.833524377918,22599828.947340913,1.6949914085290898,125,7500.0,0.0,0.25,1175031.1596127776,2862.334242958038,3077.934419435286
2022-09-08,83299.99999999927,7500.0,-80416.77630334442,0.0,0.0,0.0,140.8957391535333,140.8957391535333,10242.327957501318,22610071.275298417,1.6957595850463438,125,7500.0,0.0,0.25,1174131.1596127776,2862.334242958038,3077.934419435286
2022-09-09,0.0,-75000.0,-36463.70212318951,0.0,0.0,0.0,141.9757391535333,141.9757391535333,-111605.67786234306,22498465.597436074,1.6873891382805513,125,7500.0,0.0,0.25,1183131.1596127776,2862.334242958038,3077.934419435286
2022-09-13,0.0,-135000.0,-45459.16965130143,0.0,0.0,0.0,143.9197391535333,143.9197391535333,-180603.08939045496,22317862.50804562,1.6738438727131033,125,7500.0,0.0,0.25,1199331.1596127776,2862.334242958038,3077.934419435286
2022-09-14,0.0,135000.0,-68586.61421107648,0.0,0.0,0.0,141.9757391535333,141.9757391535333,66271.41004976998,22384133.918095388,1.6788142408927562,125,7500.0,0.0,0.25,1183131.1596127776,2862.334242958038,3077.934419435286
2022-09-15,0.0,12500.0,-147605.3751064823,0.0,0.0,270.87265720002847,129.8683594320017,400.7410166320302,-135506.11612311433,22248627.801972277,1.6686512567760627,125,7500.0,0.0,0.25,1082236.3286000143,2795.0685956005323,2998.1053521191984
2022-09-16,-83299.99999999927,47500.0,281100.20279565995,0.0,0.0,0.0,129.1843594320017,129.1843594320017,245171.01843622868,22493798.820408504,1.6870391291284605,125,7500.0,0.0,0.25,1076536.3286000143,2795.0685956005323,2998.1053521191984
2022-09-19,-116700.00000000073,-62500.0,60862.05552823273,0.0,0.0,0.0,130.08435943200172,130.08435943200172,-118468.02883119999,22375330.791577302,1.6781540047533094,125,7500.0,0.0,0.25,1084036.3286000143,2795.0685956005323,2998.1053521191984
2022-09-20,0.0,-30000.0,-25981.050795082883,0.0,0.0,0.0,130.5163594320017,130.5163594320017,-56111.56715451489,22319219.22442279,1.673945626695776,125,7500.0,0.0,0.25,1087636.3286000143,2795.0685956005323,2998.1053521191984
2022-09-21,0.0,2500.0,-3028.8102439761387,0.0,0.0,0.0,130.4803594320017,130.4803594320017,-659.2906034081404,22318559.93381938,1.673896179776903,125,7500.0,0.0,0.25,1087336.3286000143,2795.0685956005323,2998.1053521191984
2022-09-22,0.0,-202500.0,11563.481033068418,0.0,0.0,0.0,133.3963594320017,133.3963594320017,-191069.91532636358,22127490.018493015,1.659565900301727,125,7500.0,0.0,0.25,1111636.3286000143,2795.0685956005323,2998.1053521191984
2022-09-23,0.0,5000.0,-2335.2548702233557,0.0,0.0,0.0,133.3243594320017,133.3243594320017,2531.4207703446427,22130021.43926336,1.6597557573341453,125,7500.0,0.0,0.25,1111036.3286000143,2795.0685956005323,2998.1053521191984
2022-09-26,0.0,-70000.0,-4706.441321849439,0.0,0.0,0.0,134.3323594320017,134.3323594320017,-74840.77368128144,22055180.66558208,1.6541426852753691,125,7500.0,0.0,0.25,1119436.3286000143,2795.0685956005323,2998.1053521191984
2022-09-27,0.0,-102500.0,-2119.5881106284096,0.0,0.0,0.0,135.8083594320017,135.8083594320017,-104755.39647006041,21950425.26911202,1.6462860108984287,125,7500.0,0.0,0.25,1131736.3286000143,2795.0685956005323,2998.1053521191984
2022-09-28,0.0,-2500.0,-9005.344898709725,0.0,0.0,0.0,135.8443594320017,135.8443594320017,-11641.189258141727,21938784.079853877,1.6454129195213396,125,7500.0,0.0,0.25,1132036.3286000143,2795.0685956005323,2998.1053521191984
2022-09-29,0.0,-52500.0,-4053.983181528444,0.0,0.0,0.0,136.6003594320017,136.6003594320017,-56690.58354096044,21882093.496312916,1.6411611151262566,125,7500.0,0.0,0.25,1138336.3286000143,2795.0685956005323,2998.1053521191984
2022-09-30,0.0,-122500.0,-9650.50139580617,0.0,0.0,0.0,138.36435943200172,138.36435943200172,-132288.86575523816,21749804.63055768,1.6312394253903895,125,7500.0,0.0,0.25,1153036.3286000143,2795.0685956005323,2998.1053521191984
2022-10-10,-383299.9999999993,17500.0,177264.7627245912,0.0,2530.0,0.0,138.1123594320017,2668.1123594320015,-191203.34963484012,21558601.280922838,1.6168991383170586,125,7500.0,0.0,0.25,1150936.3286000143,2795.0685956005323,2998.1053521191984
2022-10-11,0.0,115000.0,311.5604578465181,0.0,0.0,0.0,136.4563594320017,136.4563594320017,115175.10409841451,21673776.385021254,1.625537292719826,125,7500.0,0.0,0.25,1137136.3286000143,2795.0685956005323,2998.1053521191984
2022-10-12,0.0,-62500.0,-27951.687166032003,0.0,0.0,0.0,137.3563594320017,137.3563594320017,-90589.043525464,21583187.34149579,1.618743097469928,125,7500.0,0.0,0.25,1144636.3286000143,2795.0685956005323,2998.1053521191984
2022-10-13,0.0,60000.0,-3980.593930963465,0.0,0.0,0.0,136.4923594320017,136.4923594320017,55882.91370960454,21639070.255205393,1.6229343264762206,125,7500.0,0.0,0.25,1137436.3286000143,2795.0685956005323,2998.1053521191984
2022-10-14,0.0,-2500.0,-9024.662013182799,0.0,0.0,0.0,136.5283594320017,136.5283594320017,-11661.190372614801,21627409.064832777,1.6220597350117958,125,7500.0,0.0,0.25,1137736.3286000143,2795.0685956005323,2998.1053521191984
2022-10-17,133299.99999999927,10000.0,-69819.96781665816,0.0,0.0,0.0,136.3843594320017,136.3843594320017,73343.64782390911,21700752.712656688,1.6275605223505574,125,7500.0,0.0,0.25,1136536.3286000143,2795.0685956005323,2998.1053521191984
2022-10-18,0.0,62500.0,-16677.871945099465,0.0,0.0,0.0,135.4843594320017,135.4843594320017,45686.64369546853,21746439.356352158,1.6309870291939847,125,7500.0,0.0,0.25,1129036.3286000143,2795.0685956005323,2998.1053521191984
2022-10-19,0.0,22500.0,-32398.073551306847,0.0,0.0,0.0,135.1603594320017,135.1603594320017,-10033.233910738849,21736406.12244142,1.6302345347694434,125,7500.0,0.0,0.25,1126336.3286000143,2795.0685956005323,2998.1053521191984
2022-10-20,-600000.0,30000.0,257746.43388922917,0.0,0.0,0.0,134.7283594320017,134.7283594320017,-312388.2944702028,21424017.827971213,1.6068053541112262,125,7500.0,0.0,0.25,1122736.3286000143,2795.0685956005323,2998.1053521191984
2022-10-21,0.0,38000.0,-19210.004795283665,3404.8,0.0,111.4593041470452,332.69759999999997,3848.9569041470454,14941.03830056929,21438958.866271783,1.6079259347852206,475,500.0,1.0,0.95,2772480.0,0.0,0.0
2022-10-24,266700.0000000007,389500.0,0.0,0.0,0.0,0.0,327.0888,327.0888,655872.9112000007,22094831.77747178,1.657116526101699,475,500.0,1.0,0.95,2725740.0,0.0,0.0
2022-10-25,0.0,85500.0,0.0,0.0,0.0,0.0,325.8576,325.8576,85174.1424,22180005.919871785,1.6635046027518907,475,500.0,1.0,0.95,2715480.0,0.0,0.0
2022-10-26,0.0,-247000.0,0.0,0.0,0.0,0.0,329.41439999999994,329.41439999999994,-247329.4144,21932676.50547178,1.6449548502975093,475,500.0,1.0,0.95,2745120.0,0.0,0.0
2022-10-27,83299.99999999927,47500.0,0.0,0.0,0.0,0.0,328.7304,328.7304,130471.26959999927,22063147.77507178,1.6547402199809336,475,500.0,1.0,0.95,2739420.0,0.0,0.0
2022-10-28,0.0,285000.0,0.0,0.0,0.0,0.0,324.6264,324.6264,284675.3736,22347823.148671784,1.6760909263776997,475,500.0,1.0,0.95,2705220.0,0.0,0.0
2022-10-31,-83299.99999999927,627000.0,0.0,0.0,0.0,0.0,315.5976,315.5976,543384.4024000007,22891207.55107178,1.7168448584425298,475,500.0,1.0,0.95,2629980.0,0.0,0.0
2022-11-01,33299.99999999927,-437000.0,0.0,0.0,8941.4,0.0,321.8904,9263.2904,-412963.2904000007,22478244.26067178,1.6858725342317191,475,500.0,1.0,0.95,2682420.0,0.0,0.0
2022-11-02,0.0,237500.0,0.0,0.0,0.0,0.0,318.4704,318.4704,237181.5296,22715425.79027178,1.7036611934233672,475,500.0,1.0,0.95,2653920.0,0.0,0.0
2022-11-03,0.0,161500.0,0.0,0.0,0.0,0.0,316.1448,316.1448,161183.8552,22876609.64547178,1.7157500127854155,475,500.0,1.0,0.95,2634540.0,0.0,0.0
2022-11-04,-33299.99999999927,-893000.0,0.0,0.0,0.0,0.0,329.00399999999996,329.00399999999996,-926629.0039999993,21949980.64147178,1.646252663742043,475,500.0,1.0,0.95,2741700.0,0.0,0.0
2022-11-07,0.0,10000.0,0.0,3361.4,0.0,173.95762965501316,126.80749377930054,3662.1651234343135,6337.8348765656865,21956318.476348348,1.6467280025461324,125,7500.0,0.0,0.25,1056729.1148275046,2718.954973712447,2912.6833815022464
2022-11-08,0.0,-170000.0,210797.9529996039,0.0,0.0,0.0,129.25549377930054,129.25549377930054,40668.6975058246,21996987.173854172,1.6497781624844692,125,7500.0,0.0,0.25,1077129.1148275046,2718.954973712447,2912.6833815022464
2022-11-09,0.0,-50000.0,-1354.3189459164219,0.0,0.0,0.0,129.97549377930054,129.97549377930054,-51484.294439695725,21945502.879414476,1.6459168307481626,125,7500.0,0.0,0.25,1083129.1148275046,2718.954973712447,2912.6833815022464
2022-11-10,0.0,-72500.0,-955.6318189586932,0.0,0.0,0.0,131.01949377930055,131.01949377930055,-73586.65131273799,21871916.228101738,1.6403978181021757,125,7500.0,0.0,0.25,1091829.1148275046,2718.954973712447,2912.6833815022464
2022-11-11,0.0,-5000.0,-1272.769433138823,0.0,0.0,0.0,131.09149377930055,131.09149377930055,-6403.860926918123,21865512.36717482,1.6399175273319297,125,7500.0,0.0,0.25,1092429.1148275046,2718.954973712447,2912.6833815022464
2022-11-14,0.0,57000.0,-1332.5544151943802,3519.6000000000004,0.0,168.05552110004615,343.91519999999997,4031.5707211000463,51635.87486370557,21917148.242038526,1.6437902276284584,475,500.0,1.0,0.95,2865960.0,0.0,0.0
2022-11-15,-383400.00000000146,-228000.0,0.0,0.0,0.0,0.0,347.1984,347.1984,-611747.1984000014,21305401.043638524,1.5979090730455718,475,500.0,1.0,0.95,2893320.0,0.0,0.0
2022-11-16,0.0,-351500.0,0.0,0.0,0.0,0.0,352.26,352.26,-351852.26,20953548.783638522,1.5715200875731081,475,500.0,1.0,0.95,2935500.0,0.0,0.0
2022-11-17,0.0,-152000.0,0.0,0.0,0.0,0.0,354.44879999999995,354.44879999999995,-152354.4488,20801194.334838524,1.5600934753465776,475,500.0,1.0,0.95,2953740.0,0.0,0.0
2022-11-18,0.0,-180500.0,0.0,0.0,0.0,0.0,357.04799999999994,357.04799999999994,-180857.048,20620337.286838524,1.5465291628357964,475,500.0,1.0,0.95,2975400.0,0.0,0.0
2022-11-21,0.0,-95000.0,0.0,0.0,0.0,0.0,358.416,358.416,-95358.416,20524978.870838523,1.5393772637560486,475,500.0,1.0,0.95,2986800.0,0.0,0.0
2022-11-22,0.0,104500.0,0.0,0.0,0.0,0.0,356.91119999999995,356.91119999999995,104143.0888,20629121.95963852,1.5471880149429265,475,500.0,1.0,0.95,2974260.0,0.0,0.0
2022-11-23,0.0,-247000.0,0.0,0.0,0.0,0.0,360.46799999999996,360.46799999999996,-247360.468,20381761.491638523,1.5286359334627229,475,500.0,1.0,0.95,3003900.0,0.0,0.0
2022-11-24,0.0,-503500.0,0.0,0.0,0.0,0.0,367.7184,367.7184,-503867.7184,19877893.77323852,1.4908457601072893,475,500.0,1.0,0.95,3064320.0,0.0,0.0
2022-11-25,0.0,-209000.0,0.0,0.0,0.0,0.0,370.72799999999995,370.72799999999995,-209370.728,19668523.04523852,1.4751429162501797,475,500.0,1.0,0.95,3089400.0,0.0,0.0
2022-11-28,0.0,27500.0,0.0,3778.6000000000004,0.0,134.91969052555305,134.77914543153312,4048.2988359570863,23451.701164042912,19691974.746402565,1.476901798234688,125,7500.0,0.0,0.25,1123159.545262776,2681.641550617045,2871.151926546195
2022-11-29,0.0,-2500.0,189675.85182044274,0.0,0.0,0.0,134.81514543153313,134.81514543153313,187041.03667501122,19879015.783077575,1.4909299110555958,125,7500.0,0.0,0.25,1123459.545262776,2681.641550617045,2871.151926546195
2022-11-30,0.0,7500.0,-5074.655562502057,0.0,0.0,0.0,134.70714543153312,134.70714543153312,2290.6372920664094,19881306.42036964,1.4911017092819963,125,7500.0,0.0,0.25,1122559.545262776,2681.641550617045,2871.151926546195
2022-12-01,0.0,-52500.0,-5444.42111088431,0.0,2718.0,0.0,135.46314543153312,2853.463145431533,-60797.88425631584,19820508.536113326,1.4865418565631408,125,7500.0,0.0,0.25,1128859.545262776,2681.641550617045,2871.151926546195
2022-12-02,0.0,345000.0,22783.701827115212,0.0,0.0,0.0,130.49514543153313,130.49514543153313,367653.20668168366,20188161.74279501,1.5141159159994158,125,7500.0,0.0,0.25,1087459.545262776,2681.641550617045,2871.151926546195
2022-12-05,0.0,152500.0,3075.491857621113,0.0,0.0,0.0,128.2991454315331,128.2991454315331,155447.1927121896,20343608.9355072,1.5257744845992516,125,7500.0,0.0,0.25,1069159.545262776,2681.641550617045,2871.151926546195
2022-12-06,0.0,-2500.0,-5735.294534958637,0.0,0.0,0.0,128.3351454315331,128.3351454315331,-8363.62968039017,20335245.30582681,1.5251472108050377,125,7500.0,0.0,0.25,1069459.545262776,2681.641550617045,2871.151926546195
2022-12-07,0.0,-2500.0,-1929.047385312721,0.0,0.0,0.0,128.3711454315331,128.3711454315331,-4557.418530744254,20330687.887296066,1.524805403560714,125,7500.0,0.0,0.25,1069759.545262776,2681.641550617045,2871.151926546195
2022-12-08,166700.00000000073,-122500.0,-84108.67064869267,0.0,0.0,0.0,130.13514543153312,130.13514543153312,-40038.80579412347,20290649.081501942,1.5218024856188597,125,7500.0,0.0,0.25,1084459.545262776,2681.641550617045,2871.151926546195
2022-12-09,0.0,-175000.0,1259.854677701906,0.0,0.0,0.0,132.65514543153313,132.65514543153313,-173872.80046772963,20116776.281034213,1.5087619929825484,125,7500.0,0.0,0.25,1105459.545262776,2681.641550617045,2871.151926546195
2022-12-12,-166700.00000000073,-35000.0,83545.60373571033,0.0,0.0,0.0,133.15914543153312,133.15914543153312,-118287.55540972193,19998488.72562449,1.4998904041478471,125,7500.0,0.0,0.25,1109659.545262776,2681.641550617045,2871.151926546195
2022-12-13,0.0,-15000.0,-2230.954309097193,0.0,0.0,0.0,133.37514543153313,133.37514543153313,-17364.329454528724,19981124.39616996,1.4985880761829375,125,7500.0,0.0,0.25,1111459.545262776,2681.641550617045,2871.151926546195
2022-12-14,0.0,-5000.0,-3180.6390357787427,0.0,0.0,0.0,133.44714543153313,133.44714543153313,-8314.086181210276,19972810.309988752,1.4979645181604517,125,7500.0,0.0,0.25,1112059.545262776,2681.641550617045,2871.151926546195
2022-12-15,0.0,-212500.0,3218.461865312161,0.0,0.0,0.0,136.5071454315331,136.5071454315331,-209418.04528011938,19763392.26470863,1.482258125498461,125,7500.0,0.0,0.25,1137559.545262776,2681.641550617045,2871.151926546195
2022-12-16,0.0,-17500.0,-2482.8521527786406,0.0,0.0,0.0,136.7591454315331,136.7591454315331,-20119.611298210173,19743272.65341042,1.4807491508786588,125,7500.0,0.0,0.25,1139659.545262776,2681.641550617045,2871.151926546195
2022-12-19,0.0,192500.0,2648.232923840883,0.0,0.0,0.0,133.98714543153312,133.98714543153312,195014.24577840933,19938286.89918883,1.4953752558773021,125,7500.0,0.0,0.25,1116559.545262776,2681.641550617045,2871.151926546195
2022-12-20,0.0,-117500.0,-1550.4383158293144,0.0,0.0,0.0,135.67914543153313,135.67914543153313,-119186.11746126086,19819100.78172757,1.4864362747202546,125,7500.0,0.0,0.25,1130659.545262776,2681.641550617045,2871.151926546195
2022-12-21,0.0,-40000.0,-3225.457730280796,0.0,0.0,0.0,136.25514543153312,136.25514543153312,-43361.71287571233,19775739.06885186,1.4831841381242348,125,7500.0,0.0,0.25,1135459.545262776,2681.641550617045,2871.151926546195
2022-12-22,0.0,230000.0,1013.5517919501335,0.0,0.0,0.0,132.9431454315331,132.9431454315331,230880.6086465186,20006619.677498378,1.500500227062946,125,7500.0,0.0,0.25,1107859.545262776,2681.641550617045,2871.151926546195
2022-12-23,0.0,-10000.0,-4013.809033433917,0.0,0.0,0.0,133.08714543153312,133.08714543153312,-14146.89617886545,19992472.78131951,1.4994392071969813,125,7500.0,0.0,0.25,1109059.545262776,2681.641550617045,2871.151926546195
2022-12-26,0.0,-90000.0,-3201.903113317757,0.0,0.0,0.0,134.3831454315331,134.3831454315331,-93336.2862587493,19899136.49506076,1.4924389682269776,125,7500.0,0.0,0.25,1119859.545262776,2681.641550617045,2871.151926546195
2022-12-27,0.0,-105000.0,-3574.322397073857,0.0,0.0,0.0,135.8951454315331,135.8951454315331,-108710.2175425054,19790426.277518254,1.484285681528073,125,7500.0,0.0,0.25,1132459.545262776,2681.641550617045,2871.151926546195
2022-12-28,0.0,-2500.0,-5676.587414394367,0.0,0.0,0.0,135.9311454315331,135.9311454315331,-8312.518559825901,19782113.75895843,1.483662241077485,125,7500.0,0.0,0.25,1132759.545262776,2681.641550617045,2871.151926546195
2022-12-29,0.0,57500.0,-6702.947420448835,0.0,0.0,0.0,135.1031454315331,135.1031454315331,50661.94943411963,19832775.70839255,1.487461896784183,125,7500.0,0.0,0.25,1125859.545262776,2681.641550617045,2871.151926546195
2022-12-30,0.0,-80000.0,-30896.406384243783,0.0,0.0,0.0,136.25514543153312,136.25514543153312,-111032.66152967532,19721743.046862874,1.4791344263507815,125,7500.0,0.0,0.25,1135459.545262776,2681.641550617045,2871.151926546195
2023-01-03,-333299.9999999993,-72500.0,89842.32750032331,0.0,2769.0,0.0,137.2991454315331,2906.299145431533,-318863.97164510755,19402879.075217765,1.455219568690254,125,7500.0,0.0,0.25,1144159.545262776,2681.641550617045,2871.151926546195
2023-01-04,0.0,-10000.0,-24168.042809961713,0.0,0.0,0.0,137.4431454315331,137.4431454315331,-34305.48595539325,19368573.589262374,1.452646650811305,125,7500.0,0.0,0.25,1145359.545262776,2681.641550617045,2871.151926546195
2023-01-05,0.0,-10000.0,-30341.45325444051,0.0,0.0,0.0,137.58714543153312,137.58714543153312,-40479.04039987204,19328094.548862502,1.4496107151914757,125,7500.0,0.0,0.25,1146559.545262776,2681.641550617045,2871.151926546195
2023-01-06,666700.0000000007,-105000.0,-164361.98997242295,0.0,0.0,0.0,139.09914543153312,139.09914543153312,397198.9108821462,19725293.459744647,1.4794007079826186,125,7500.0,0.0,0.25,1159159.545262776,2681.641550617045,2871.151926546195
2023-01-09,166599.99999999854,65000.0,-11725.14371786826,0.0,0.0,0.0,138.1631454315331,138.1631454315331,219736.69313669877,19945030.152881347,1.495881001168604,125,7500.0,0.0,0.25,1151359.545262776,2681.641550617045,2871.151926546195
2023-01-10,0.0,25000.0,2561.9583036998274,0.0,0.0,180.66707493566287,141.08798849613947,321.75506343180234,27240.203240268023,19972270.356121615,1.497924021519175,125,7500.0,0.0,0.25,1175733.2374678291,2730.34528155697,2925.1383675890606
2023-01-11,0.0,-200000.0,213543.25360485978,0.0,0.0,0.0,143.9679884961395,143.9679884961395,13399.285616363644,19985669.641737975,1.4989289704527742,125,7500.0,0.0,0.25,1199733.2374678291,2730.34528155697,2925.1383675890606
2023-01-12,0.0,-102500.0,-535.3928616642811,0.0,0.0,0.0,145.4439884961395,145.4439884961395,-103180.83685016043,19882488.804887816,1.491190388342557,125,7500.0,0.0,0.25,1212033.2374678291,2730.34528155697,2925.1383675890606
2023-01-13,0.0,-130000.0,-4810.2552837587355,0.0,0.0,0.0,147.31598849613948,147.31598849613948,-134957.5712722549,19747531.233615562,1.48106854519253,125,7500.0,0.0,0.25,1227633.2374678291,2730.34528155697,2925.1383675890606
2023-01-16,0.0,92500.0,456.2153903997057,0.0,0.0,0.0,145.9839884961395,145.9839884961395,92810.23140190357,19840341.465017464,1.4880293299496348,125,7500.0,0.0,0.25,1216533.2374678291,2730.34528155697,2925.1383675890606
2023-01-17,0.0,-20000.0,-9985.829343983141,0.0,0.0,0.0,146.27198849613947,146.27198849613947,-30132.10133247928,19810209.363684986,1.4857694166999156,125,7500.0,0.0,0.25,1218933.2374678291,2730.34528155697,2925.1383675890606
2023-01-18,0.0,-67500.0,-3286.4696187629947,0.0,0.0,0.0,147.24398849613948,147.24398849613948,-70933.71360725912,19739275.650077727,1.4804493748792666,125,7500.0,0.0,0.25,1227033.2374678291,2730.34528155697,2925.1383675890606
2023-01-19,0.0,-82500.0,-1341.2804256458433,0.0,0.0,0.0,148.4319884961395,148.4319884961395,-83989.71241414199,19655285.937663585,1.4741501307000957,125,7500.0,0.0,0.25,1236933.2374678291,2730.34528155697,2925.1383675890606
2023-01-20,0.0,-87500.0,-27436.155097814528,0.0,0.0,0.0,149.6919884961395,149.6919884961395,-115085.84708631066,19540200.090577275,1.465518670589972,125,7500.0,0.0,0.25,1247433.2374678291,2730.34528155697,2925.1383675890606
2023-01-30,466700.0000000007,80000.0,-188963.89750605338,0.0,0.0,0.0,148.53998849613947,148.53998849613947,357587.56250545115,19897787.653082725,1.4923378048257163,125,7500.0,0.0,0.25,1237833.2374678291,2730.34528155697,2925.1383675890606
2023-01-31,50000.0,7500.0,-19451.611279895056,0.0,0.0,0.0,148.4319884961395,148.4319884961395,37899.95673160881,19935687.609814335,1.495180308686847,125,7500.0,0.0,0.25,1236933.2374678291,2730.34528155697,2925.1383675890606
2023-02-01,0.0,-62500.0,1763.404754773523,0.0,3012.0,0.0,149.33198849613947,3161.3319884961393,-63897.927233722614,19871789.682580613,1.4903879521634265,125,7500.0,0.0,0.25,1244433.2374678291,2730.34528155697,2925.1383675890606
2023-02-02,16700.000000000728,95000.0,-7667.543013408666,0.0,0.0,0.0,147.96398849613948,147.96398849613948,103884.49299809593,19975674.175578706,1.4981793086166746,125,7500.0,0.0,0.25,1233033.2374678291,2730.34528155697,2925.1383675890606
2023-02-03,400000.0,-50000.0,-152272.2804862171,0.0,0.0,0.0,148.68398849613948,148.68398849613948,197579.03552528677,20173253.211103994,1.5129977733272328,125,7500.0,0.0,0.25,1239033.2374678291,2730.34528155697,2925.1383675890606
2023-02-06,83299.99999999927,62500.0,-31857.412600604497,0.0,0.0,0.0,147.78398849613947,147.78398849613947,113794.80341089863,20287048.014514893,1.5215324049196293,125,7500.0,0.0,0.25,1231533.2374678291,2730.34528155697,2925.1383675890606
2023-02-07,200000.0,100000.0,-84738.4951142075,0.0,0.0,0.0,146.34398849613947,146.34398849613947,215115.16089729636,20502163.17541219,1.53766608232112,125,7500.0,0.0,0.25,1219533.2374678291,2730.34528155697,2925.1383675890606
2023-02-08,0.0,-70000.0,6494.719957821165,0.0,0.0,0.0,147.35198849613948,147.35198849613948,-63652.63203067498,20438510.543381512,1.532892122983921,125,7500.0,0.0,0.25,1227933.2374678291,2730.34528155697,2925.1383675890606
2023-02-09,83299.99999999927,70000.0,-32171.012340636105,0.0,0.0,0.0,146.34398849613947,146.34398849613947,120982.64367086702,20559493.18705238,1.5419658439435384,125,7500.0,0.0,0.25,1219533.2374678291,2730.34528155697,2925.1383675890606
2023-02-10,0.0,75000.0,10754.370192618535,0.0,0.0,0.0,145.2639884961395,145.2639884961395,85609.10620412239,20645102.293256503,1.5483865429605952,125,7500.0,0.0,0.25,1210533.2374678291,2730.34528155697,2925.1383675890606
2023-02-13,0.0,7500.0,15603.174159334827,0.0,0.0,0.0,145.15598849613949,145.15598849613949,22958.018170838688,20668060.31142734,1.550108398628047,125,7500.0,0.0,0.25,1209633.2374678291,2730.34528155697,2925.1383675890606
2023-02-14,16700.000000000728,-100000.0,1432.8655518482237,0.0,0.0,0.0,146.59598849613948,146.59598849613948,-82013.73043664718,20586046.580990694,1.5439573534676858,125,7500.0,0.0,0.25,1221633.2374678291,2730.34528155697,2925.1383675890606
2023-02-15,333299.9999999993,147500.0,-116945.24418861824,0.0,0.0,0.0,144.4719884961395,144.4719884961395,363710.2838228849,20949756.86481358,1.571235692950251,125,7500.0,0.0,0.25,1203933.2374678291,2730.34528155697,2925.1383675890606
2023-02-16,0.0,-80000.0,20585.71717710789,0.0,0.0,0.0,145.62398849613948,145.62398849613948,-59559.90681138825,20890196.95800219,1.5667686887718864,125,7500.0,0.0,0.25,1213533.2374678291,2730.34528155697,2925.1383675890606
2023-02-17,0.0,-47500.0,31990.98302855523,0.0,0.0,0.0,146.30798849613947,146.30798849613947,-15655.324959940908,20874541.63304225,1.5655945364645099,125,7500.0,0.0,0.25,1219233.2374678291,2730.34528155697,2925.1383675890606
2023-02-20,0.0,92500.0,19308.851644267834,0.0,0.0,0.0,144.97598849613948,144.97598849613948,111663.8756557717,20986205.508698024,1.573969348075722,125,7500.0,0.0,0.25,1208133.2374678291,2730.34528155697,2925.1383675890606
2023-02-21,0.0,-235000.0,-18746.90592855503,0.0,0.0,0.0,148.3599884961395,148.3599884961395,-253895.26591705118,20732310.24278097,1.5549271555264614,125,7500.0,0.0,0.25,1236333.2374678291,2730.34528155697,2925.1383675890606
2023-02-22,0.0,7500.0,30037.571851602766,0.0,0.0,0.0,148.2519884961395,148.2519884961395,37389.31986310663,20769699.56264408,1.5577313615267097,125,7500.0,0.0,0.25,1235433.2374678291,2730.34528155697,2925.1383675890606
2023-02-23,0.0,65000.0,33185.03087200549,0.0,0.0,0.0,147.31598849613948,147.31598849613948,98037.71488350935,20867737.277527586,1.5650842085250902,125,7500.0,0.0,0.25,1227633.2374678291,2730.34528155697,2925.1383675890606
2023-02-24,0.0,95000.0,37863.81580962914,0.0,0.0,0.0,145.9479884961395,145.9479884961395,132717.867821133,21000455.14534872,1.5750380734963378,125,7500.0,0.0,0.25,1216233.2374678291,2730.34528155697,2925.1383675890606
2023-02-27,0.0,40000.0,47456.99141984398,0.0,0.0,0.0,145.3719884961395,145.3719884961395,87311.61943134783,21087766.764780067,1.5815864613246584,125,7500.0,0.0,0.25,1211433.2374678291,2730.34528155697,2925.1383675890606
2023-02-28,-166599.99999999854,-67500.0,180745.57659308912,0.0,0.0,152.06374671188777,146.2298608027132,298.293607514601,-53652.71701442402,21034114.047765642,1.5775624974886668,125,7500.0,0.0,0.25,1218582.1733559435,2876.1705509790468,3079.742786351771
2023-03-01,0.0,-85000.0,208630.87400121323,0.0,2963.0,0.0,147.45386080271322,3110.4538608027133,120520.42014041053,21154634.467906054,1.586601551596833,125,7500.0,0.0,0.25,1228782.1733559435,2876.1705509790468,3079.742786351771
2023-03-02,0.0,-17500.0,-3259.3417962045733,0.0,0.0,0.0,147.7058608027132,147.7058608027132,-20907.047657007286,21133727.420249045,1.585033519102476,125,7500.0,0.0,0.25,1230882.1733559435,2876.1705509790468,3079.742786351771
2023-03-03,100000.0,-40000.0,-50017.614681547064,0.0,0.0,0.0,148.2818608027132,148.2818608027132,9834.103457650222,21143561.523706697,1.585771078705699,125,7500.0,0.0,0.25,1235682.1733559435,2876.1705509790468,3079.742786351771
2023-03-06,250000.0,120000.0,-119979.31025420861,0.0,0.0,0.0,146.55386080271322,146.55386080271322,249874.13588498865,21393435.659591686,1.6045116857485908,125,7500.0,0.0,0.25,1221282.1733559435,2876.1705509790468,3079.742786351771
2023-03-07,250000.0,47500.0,-118302.42418542979,0.0,0.0,0.0,145.86986080271322,145.86986080271322,179051.7059537675,21572487.36554545,1.6179405972674021,125,7500.0,0.0,0.25,1215582.1733559435,2876.1705509790468,3079.742786351771
2023-03-08,0.0,77500.0,1190.5684539645556,0.0,0.0,0.0,144.7538608027132,144.7538608027132,78545.81459316185,21651033.180138614,1.6238315480892662,125,7500.0,0.0,0.25,1206282.1733559435,2876.1705509790468,3079.742786351771
2023-03-09,0.0,-27500.0,1662.682018658792,0.0,0.0,0.0,145.14986080271322,145.14986080271322,-25982.46784214392,21625050.71229647,1.6218828581293807,125,7500.0,0.0,0.25,1209582.1733559435,2876.1705509790468,3079.742786351771
2023-03-10,0.0,15000.0,2109.7246866800924,0.0,0.0,0.0,144.9338608027132,144.9338608027132,16964.79082587738,21642015.50312235,1.6231552206222277,125,7500.0,0.0,0.25,1207782.1733559435,2876.1705509790468,3079.742786351771
2023-03-13,0.0,80000.0,340.3309428814882,0.0,0.0,0.0,143.7818608027132,143.7818608027132,80196.54908207877,21722212.052204426,1.629169976840274,125,7500.0,0.0,0.25,1198182.1733559435,2876.1705509790468,3079.742786351771
2023-03-14,0.0,85000.0,2360.020763963382,0.0,0.0,0.0,142.5578608027132,142.5578608027132,87217.46290316067,21809429.515107587,1.6357113029113264,125,7500.0,0.0,0.25,1187982.1733559435,2876.1705509790468,3079.742786351771
2023-03-15,0.0,-70000.0,3784.6633250744776,0.0,0.0,0.0,143.56586080271322,143.56586080271322,-66358.90253572824,21743070.612571858,1.6307343727788213,125,7500.0,0.0,0.25,1196382.1733559435,2876.1705509790468,3079.742786351771
2023-03-16,0.0,117500.0,691.7994528252702,0.0,0.0,0.0,141.8738608027132,141.8738608027132,118049.92559202256,21861120.538163878,1.6395881393326392,125,7500.0,0.0,0.25,1182282.1733559435,2876.1705509790468,3079.742786351771
2023-03-17,0.0,-72500.0,978.4383338507218,0.0,0.0,0.0,142.91786080271322,142.91786080271322,-71664.479526952,21789456.058636926,1.6342132899309942,125,7500.0,0.0,0.25,1190982.1733559435,2876.1705509790468,3079.742786351771
2023-03-20,-83400.00000000146,-15000.0,35964.21531659307,0.0,0.0,0.0,143.1338608027132,143.1338608027132,-62578.9185442111,21726877.140092716,1.629519859306602,125,7500.0,0.0,0.25,1192782.1733559435,2876.1705509790468,3079.742786351771
2023-03-21,0.0,92500.0,8050.46851424057,0.0,0.0,0.0,141.8018608027132,141.8018608027132,100408.66665343785,21827285.806746155,1.637050528132282,125,7500.0,0.0,0.25,1181682.1733559435,2876.1705509790468,3079.742786351771
2023-03-22,0.0,-72500.0,-206.25812109448916,0.0,0.0,0.0,142.84586080271322,142.84586080271322,-72849.1039818972,21754436.702764258,1.6315868316743984,125,7500.0,0.0,0.25,1190382.1733559435,2876.1705509790468,3079.742786351771
2023-03-23,0.0,-7500.0,1458.3782569447924,0.0,0.0,0.0,142.95386080271322,142.95386080271322,-6184.575603857921,21748252.1271604,1.6311229873444983,125,7500.0,0.0,0.25,1191282.1733559435,2876.1705509790468,3079.742786351771
2023-03-24,0.0,-92500.0,763.1369407102139,0.0,0.0,0.0,144.28586080271322,144.28586080271322,-91881.1489200925,21656370.978240307,1.624231883947733,125,7500.0,0.0,0.25,1202382.1733559435,2876.1705509790468,3079.742786351771
2023-03-27,0.0,862500.0,-34622.66625052865,0.0,0.0,0.0,131.8658608027132,131.8658608027132,827745.4678886686,22484116.446128976,1.6863129492420463,125,7500.0,0.0,0.25,1098882.1733559435,2876.1705509790468,3079.742786351771
2023-03-28,0.0,57500.0,2245.7917775912506,0.0,0.0,0.0,131.0378608027132,131.0378608027132,59614.75391678853,22543731.200045764,1.6907840669635998,125,7500.0,0.0,0.25,1091982.1733559435,2876.1705509790468,3079.742786351771
2023-03-29,0.0,137500.0,2339.773556548046,0.0,0.0,0.0,129.0578608027132,129.0578608027132,139710.71569574534,22683441.91574151,1.7012623968366054,125,7500.0,0.0,0.25,1075482.1733559435,2876.1705509790468,3079.742786351771
2023-03-30,-333299.9999999993,-35000.0,176776.2146623454,0.0,0.0,0.0,129.5618608027132,129.5618608027132,-191653.3471984566,22491788.568543054,1.6868883598616287,125,7500.0,0.0,0.25,1079682.1733559435,2876.1705509790468,3079.742786351771
2023-03-31,0.0,7500.0,-2512.9164448029683,0.0,0.0,0.0,129.45386080271322,129.45386080271322,4857.629694394319,22496646.19823745,1.6872526829995163,125,7500.0,0.0,0.25,1078782.1733559435,2876.1705509790468,3079.742786351771
2023-04-03,0.0,75000.0,-3196.1981359198253,0.0,2433.0,0.0,128.3738608027132,2561.3738608027134,69242.42800327745,22565888.626240727,1.6924458780827496,125,7500.0,0.0,0.25,1069782.1733559435,2876.1705509790468,3079.742786351771
2023-04-04,0.0,-17500.0,-4101.745132062487,0.0,0.0,0.0,128.62586080271322,128.62586080271322,-21730.3709928652,22544158.25524786,1.69081609618383,125,7500.0,0.0,0.25,1071882.1733559435,2876.1705509790468,3079.742786351771
2023-04-06,0.0,80000.0,-6029.13463473044,0.0,0.0,0.0,127.47386080271322,127.47386080271322,73843.39150446685,22618001.646752328,1.6963543643923356,125,7500.0,0.0,0.25,1062282.1733559435,2876.1705509790468,3079.742786351771
2023-04-07,0.0,-62500.0,-8688.897131541591,0.0,0.0,0.0,128.3738608027132,128.3738608027132,-71317.27099234432,22546684.37575998,1.6910055556958878,125,7500.0,0.0,0.25,1069782.1733559435,2876.1705509790468,3079.742786351771
2023-04-10,0.0,142500.0,-14606.833121627024,0.0,0.0,0.0,126.32186080271322,126.32186080271322,127766.84501757027,22674451.220777556,1.7005880930285493,125,7500.0,0.0,0.25,1052682.1733559435,2876.1705509790468,3079.742786351771
2023-04-11,-83299.99999999927,82500.0,-10598.738038250147,0.0,0.0,0.0,125.13386080271322,125.13386080271322,-11523.871899052132,22662927.348878503,1.699723800475389,125,7500.0,0.0,0.25,1042782.1733559435,2876.1705509790468,3079.742786351771
2023-04-12,0.0,32500.0,-73225.0030761419,0.0,0.0,466.3225388460654,143.62938833076393,609.9519271768294,-41334.95500331873,22621592.39387518,1.6966236710998164,125,7500.0,0.0,0.25,1196911.569423033,2883.5313460737534,3100.983166302385
2023-04-13,0.0,40000.0,263382.00302133727,0.0,0.0,0.0,143.05338833076394,143.05338833076394,303238.94963300653,22924831.34350819,1.7193666491797372,125,7500.0,0.0,0.25,1192111.569423033,2883.5313460737534,3100.983166302385
2023-04-14,0.0,-85000.0,2.4090304965795895,0.0,0.0,0.0,144.27738833076393,144.27738833076393,-85141.86835783419,22839689.475150354,1.7129809930887594,125,7500.0,0.0,0.25,1202311.569423033,2883.5313460737534,3100.983166302385
2023-04-17,0.0,-52500.0,-222.68045686047344,0.0,0.0,0.0,145.03338833076393,145.03338833076393,-52867.71384519123,22786821.761305165,1.709015904637649,125,7500.0,0.0,0.25,1208611.569423033,2883.5313460737534,3100.983166302385
2023-04-18,0.0,7500.0,-282.00211706757017,0.0,0.0,0.0,144.92538833076395,144.92538833076395,7073.072494601666,22793894.833799765,1.7095463864009484,125,7500.0,0.0,0.25,1207711.569423033,2883.5313460737534,3100.983166302385
2023-04-19,0.0,122500.0,-249.8813333241401,0.0,0.0,0.0,143.16138833076394,143.16138833076394,122106.9572783451,22916001.791078113,1.7187044310919362,125,7500.0,0.0,0.25,1193011.569423033,2883.5313460737534,3100.983166302385
2023-04-20,0.0,242500.0,-63.92324071978095,0.0,0.0,0.0,139.66938833076395,139.66938833076395,242296.40737094946,23158298.19844906,1.7368767070754472,125,7500.0,0.0,0.25,1163911.569423033,2883.5313460737534,3100.983166302385
2023-04-21,0.0,-15000.0,-365.5769440500478,0.0,0.0,0.0,139.88538833076393,139.88538833076393,-15505.462332380812,23142792.736116678,1.735713794493237,125,7500.0,0.0,0.25,1165711.569423033,2883.5313460737534,3100.983166302385
2023-04-24,-83400.00000000146,232500.0,50198.7051706859,0.0,0.0,0.0,136.53738833076395,136.53738833076395,199162.16778235367,23341954.903899033,1.7506509944199136,125,7500.0,0.0,0.25,1137811.569423033,2883.5313460737534,3100.983166302385
2023-04-25,0.0,30000.0,-48271.25200598544,0.0,0.0,0.0,136.10538833076393,136.10538833076393,-18407.35739431621,23323547.546504717,1.7492704391639518,125,7500.0,0.0,0.25,1134211.569423033,2883.5313460737534,3100.983166302385
2023-04-26,0.0,-55000.0,919.2405915962177,0.0,0.0,0.0,136.89738833076393,136.89738833076393,-54217.65679673455,23269329.889707983,1.7452041047383606,125,7500.0,0.0,0.25,1140811.569423033,2883.5313460737534,3100.983166302385
2023-04-27,-83299.99999999927,5000.0,35234.86757516603,0.0,0.0,0.0,136.82538833076393,136.82538833076393,-43201.95781316401,23226127.931894816,1.7419639498019857,125,7500.0,0.0,0.25,1140211.569423033,2883.5313460737534,3100.983166302385
2023-04-28,0.0,117500.0,-3210.769526672124,0.0,0.0,0.0,135.13338833076395,135.13338833076395,114154.0970849971,23340282.028979816,1.7505255284873074,125,7500.0,0.0,0.25,1126111.569423033,2883.5313460737534,3100.983166302385
2023-05-04,0.0,107500.0,-2888.565542043864,0.0,2051.0,0.0,133.58538833076395,2184.585388330764,102426.84906962537,23442708.87804944,1.7582075613726116,125,7500.0,0.0,0.25,1113211.569423033,2883.5313460737534,3100.983166302385
2023-05-05,-83299.99999999927,40000.0,34377.57447701575,0.0,0.0,0.0,133.00938833076393,133.00938833076393,-9055.434911314289,23433653.443138126,1.7575284020563646,125,7500.0,0.0,0.25,1108411.569423033,2883.5313460737534,3100.983166302385
2023-05-08,-83400.00000000146,-87500.0,41708.52626793938,0.0,0.0,0.0,134.26938833076395,134.26938833076395,-129325.74312039284,23304327.700017735,1.7478289470736978,125,7500.0,0.0,0.25,1118911.569423033,2883.5313460737534,3100.983166302385
2023-05-09,0.0,205000.0,7262.04377578064,0.0,0.0,0.0,131.31738833076395,131.31738833076395,212130.7263874499,23516458.426405184,1.7637387913273672,125,7500.0,0.0,0.25,1094311.569423033,2883.5313460737534,3100.983166302385
2023-05-10,-666599.9999999986,40000.0,312945.741092086,0.0,0.0,0.0,130.74138833076393,130.74138833076393,-313785.00029624335,23202673.42610894,1.7402048574703144,125,7500.0,0.0,0.25,1089511.569423033,2883.5313460737534,3100.983166302385
2023-05-11,-166700.00000000073,127500.0,75115.16059239738,0.0,0.0,0.0,128.90538833076394,128.90538833076394,35786.25520406589,23238459.681313008,1.742888833320559,125,7500.0,0.0,0.25,1074211.569423033,2883.5313460737534,3100.983166302385
2023-05-12,0.0,117500.0,-9600.15490163542,0.0,0.0,0.0,127.21338833076393,127.21338833076393,107772.6317100338,23346232.313023042,1.7509718009062305,125,7500.0,0.0,0.25,1060111.569423033,2883.5313460737534,3100.983166302385
2023-05-15,0.0,50000.0,-16090.099600768433,0.0,0.0,0.0,126.49338833076393,126.49338833076393,33783.40701090081,23380015.720033944,1.7535055627664526,125,7500.0,0.0,0.25,1054111.569423033,2883.5313460737534,3100.983166302385
2023-05-16,-83299.99999999927,10000.0,27624.325689442237,0.0,0.0,0.0,126.34938833076394,126.34938833076394,-45802.0236988878,23334213.696335055,1.750070402401135,125,7500.0,0.0,0.25,1052911.569423033,2883.5313460737534,3100.983166302385
2023-05-17,0.0,77500.0,-35769.27375017057,0.0,0.0,0.0,125.23338833076394,125.23338833076394,41605.492861498664,23375819.189196553,1.753190822166797,125,7500.0,0.0,0.25,1043611.5694230329,2883.5313460737534,3100.983166302385
2023-05-18,0.0,10000.0,-30370.877461841344,0.0,0.0,0.0,125.08938833076394,125.08938833076394,-20495.96685017211,23355323.22234638,1.7516536208100306,125,7500.0,0.0,0.25,1042411.5694230329,2883.5313460737534,3100.983166302385
2023-05-19,0.0,180000.0,-10631.609004828562,0.0,0.0,0.0,122.49738833076394,122.49738833076394,169245.8936068407,23524569.115953222,1.7643470945642281,125,7500.0,0.0,0.25,1020811.5694230329,2883.5313460737534,3100.983166302385
2023-05-22,-500000.0,355000.0,333490.59163290734,0.0,0.0,0.0,117.38538833076394,117.38538833076394,188373.20624457658,23712942.3221978,1.7784751203526359,125,7500.0,0.0,0.25,978211.5694230329,2883.5313460737534,3100.983166302385
2023-05-23,0.0,-52500.0,-28564.099778599113,0.0,0.0,0.0,118.14138833076395,118.14138833076395,-81182.24116692987,23631760.081030868,1.7723864370434077,125,7500.0,0.0,0.25,984511.5694230329,2883.5313460737534,3100.983166302385
2023-05-24,0.0,12500.0,-37280.16556513978,0.0,0.0,0.0,117.96138833076394,117.96138833076394,-24898.126953470546,23606861.954077397,1.770519072853487,125,7500.0,0.0,0.25,983011.5694230329,2883.5313460737534,3100.983166302385
2023-05-25,0.0,117500.0,-40935.086003907134,0.0,0.0,0.0,116.26938833076395,116.26938833076395,76448.6446077621,23683310.59868516,1.7762527355332258,125,7500.0,0.0,0.25,968911.5694230329,2883.5313460737534,3100.983166302385
2023-05-26,0.0,-100000.0,-27841.57442827375,0.0,0.0,0.0,117.70938833076394,117.70938833076394,-127959.28381660451,23555351.314868554,1.7666557652545547,125,7500.0,0.0,0.25,980911.5694230329,2883.5313460737534,3100.983166302385
2023-05-29,0.0,-202500.0,-13163.50170181149,0.0,0.0,400.73162647583234,114.79993358855005,515.5315600643823,-216179.03326187588,23339172.281606678,1.750442297226244,125,7500.0,0.0,0.25,956666.1132379172,2712.2801679995623,2915.1782327737096
2023-05-30,-333400.00000000146,220000.0,451334.22091339354,0.0,0.0,0.0,111.63193358855005,111.63193358855005,337822.58897980355,23676994.87058648,1.775779054741623,125,7500.0,0.0,0.25,930266.1132379172,2712.2801679995623,2915.1782327737096
2023-05-31,-500000.0,-35000.0,309225.9441968384,0.0,0.0,0.0,112.13593358855006,112.13593358855006,-225886.19173675013,23451108.67884973,1.7588375480075997,125,7500.0,0.0,0.25,934466.1132379172,2712.2801679995623,2915.1782327737096
2023-06-01,-1666599.9999999986,-80000.0,1047638.9092458211,0.0,1649.0,0.0,113.28793358855005,1762.28793358855,-700723.378687766,22750385.300161965,1.7062831632200555,125,7500.0,0.0,0.25,944066.1132379172,2712.2801679995623,2915.1782327737096
2023-06-02,-1500000.0,-155000.0,987613.5491277778,0.0,0.0,0.0,115.51993358855005,115.51993358855005,-667501.9708058108,22082883.329356156,1.6562203902526873,125,7500.0,0.0,0.25,962666.1132379172,2712.2801679995623,2915.1782327737096
2023-06-05,-833400.0000000014,77500.0,550741.8220867125,0.0,0.0,0.0,114.40393358855005,114.40393358855005,-205272.5818468775,21877610.74750928,1.6408249081254662,125,7500.0,0.0,0.25,953366.1132379172,2712.2801679995623,2915.1782327737096
2023-06-06,-166599.99999999854,62500.0,102166.73280002581,0.0,0.0,0.0,113.50393358855005,113.50393358855005,-2046.7711335612819,21875563.976375714,1.6406713999066782,125,7500.0,0.0,0.25,945866.1132379172,2712.2801679995623,2915.1782327737096
2023-06-07,0.0,52500.0,-5296.149435533551,0.0,0.0,0.0,112.74793358855005,112.74793358855005,47091.1026308779,21922655.079006594,1.644203241433598,125,7500.0,0.0,0.25,939566.1132379172,2712.2801679995623,2915.1782327737096
2023-06-08,0.0,20000.0,-7492.172061316609,0.0,0.0,0.0,112.45993358855006,112.45993358855006,12395.36800509484,21935050.447011687,1.6451328963581173,125,7500.0,0.0,0.25,937166.1132379172,2712.2801679995623,2915.1782327737096
2023-06-09,-166700.00000000073,-75000.0,112199.10888479732,0.0,0.0,0.0,113.53993358855006,113.53993358855006,-129614.43104879196,21805436.0159629,1.6354117897266918,125,7500.0,0.0,0.25,946166.1132379172,2712.2801679995623,2915.1782327737096
2023-06-12,-83299.99999999927,167500.0,59581.06119369134,0.0,0.0,0.0,111.12793358855005,111.12793358855005,143669.9332601035,21949105.949223,1.6461870616593792,125,7500.0,0.0,0.25,926066.1132379172,2712.2801679995623,2915.1782327737096
2023-06-13,0.0,-227500.0,15544.182162036861,0.0,0.0,0.0,114.40393358855005,114.40393358855005,-212070.2217715517,21737035.72745145,1.630281755263247,125,7500.0,0.0,0.25,953366.1132379172,2712.2801679995623,2915.1782327737096
2023-06-14,0.0,-20000.0,-6934.501701940121,0.0,0.0,0.0,114.69193358855006,114.69193358855006,-27049.19363552867,21709986.53381592,1.6282530606688457,125,7500.0,0.0,0.25,955766.1132379172,2712.2801679995623,2915.1782327737096
2023-06-15,0.0,15000.0,-6718.148429793302,0.0,0.0,0.0,114.47593358855005,114.47593358855005,8167.375636618148,21718153.90945254,1.6288656153729788,125,7500.0,0.0,0.25,953966.1132379172,2712.2801679995623,2915.1782327737096
2023-06-16,0.0,-37500.0,-13293.988807773616,0.0,0.0,0.0,115.01593358855006,115.01593358855006,-50909.004741362165,21667244.904711176,1.6250474304719145,125,7500.0,0.0,0.25,958466.1132379172,2712.2801679995623,2915.1782327737096
2023-06-19,0.0,15000.0,-41473.04690461624,0.0,0.0,0.0,114.79993358855005,114.79993358855005,-26587.84683820479,21640657.057872973,1.6230533369738154,125,7500.0,0.0,0.25,956666.1132379172,2712.2801679995623,2915.1782327737096
2023-06-20,-666700.0000000007,-65000.0,481396.65282573574,0.0,0.0,0.0,115.73593358855005,115.73593358855005,-250419.0831078535,21390237.97476512,1.6042718587870308,125,7500.0,0.0,0.25,964466.1132379172,2712.2801679995623,2915.1782327737096
2023-06-21,0.0,115000.0,-358.3439117610965,0.0,0.0,0.0,114.07993358855005,114.07993358855005,114527.57615465035,21504765.550919767,1.6128614484726038,125,7500.0,0.0,0.25,950666.1132379172,2712.2801679995623,2915.1782327737096
2023-06-26,0.0,-10000.0,-4161.529414164988,0.0,0.0,0.0,114.22393358855005,114.22393358855005,-14275.753347753538,21490489.797572017,1.611790764294812,125,7500.0,0.0,0.25,951866.1132379172,2712.2801679995623,2915.1782327737096
2023-06-27,0.0,-17500.0,-2278.3789864590176,0.0,0.0,0.0,114.47593358855005,114.47593358855005,-19892.854920047568,21470596.94265197,1.6102987964458888,125,7500.0,0.0,0.25,953966.1132379172,2712.2801679995623,2915.1782327737096
2023-06-28,0.0,120000.0,-2430.7727936090373,0.0,0.0,0.0,112.74793358855005,112.74793358855005,117456.47927280242,21588053.42192477,1.6191080544144938,125,7500.0,0.0,0.25,939566.1132379172,2712.2801679995623,2915.1782327737096
2023-06-29,0.0,-132500.0,-1126.2241260342876,0.0,0.0,0.0,114.65593358855006,114.65593358855006,-133740.88005962284,21454312.541865148,1.6090774633335445,125,7500.0,0.0,0.25,955466.1132379172,2712.2801679995623,2915.1782327737096
2023-06-30,0.0,-9500.0,177.42464998974583,2363.2000000000003,0.0,805.2129996842273,230.9184,3399.3313996842276,-12721.906749694483,21441590.635115452,1.6081233179419538,475,500.0,1.0,0.95,1924320.0,0.0,0.0
2023-07-03,0.0,-19000.0,0.0,0.0,6422.0,0.0,231.19199999999998,6653.192,-25653.192,21415937.44311545,1.606199323731968,475,500.0,1.0,0.95,1926600.0,0.0,0.0
2023-07-04,0.0,-123500.0,0.0,0.0,0.0,0.0,232.97039999999998,232.97039999999998,-123732.9704,21292204.472715452,1.5969193277519782,475,500.0,1.0,0.95,1941420.0,0.0,0.0
2023-07-05,0.0,161500.0,0.0,0.0,0.0,0.0,230.64479999999998,230.64479999999998,161269.3552,21453473.827915452,1.609014559630058,475,500.0,1.0,0.95,1922040.0,0.0,0.0
2023-07-06,0.0,-19000.0,0.0,0.0,0.0,0.0,230.9184,230.9184,-19230.9184,21434242.90951545,1.6075722371442518,475,500.0,1.0,0.95,1924320.0,0.0,0.0
2023-07-07,0.0,-76000.0,0.0,0.0,0.0,0.0,232.01279999999997,232.01279999999997,-76232.0128,21358010.896715455,1.6018548218907138,475,500.0,1.0,0.95,1933440.0,0.0,0.0
2023-07-10,0.0,-80000.0,0.0,2419.2000000000003,0.0,222.51211732827733,99.04872703969663,2740.760844367974,-82740.76084436798,21275270.135871086,1.5956492493134546,125,7500.0,0.0,0.25,825406.0586641387,2132.9556811783905,2288.563972499373
2023-07-11,0.0,-165000.0,182432.65260553232,0.0,0.0,0.0,101.42472703969663,101.42472703969663,17331.227878492624,21292601.36374958,1.596949094653955,125,7500.0,0.0,0.25,845206.0586641387,2132.9556811783905,2288.563972499373
2023-07-12,0.0,-85000.0,-4226.282538100037,0.0,0.0,0.0,102.64872703969662,102.64872703969662,-89328.93126513972,21203272.432484437,1.5902494080598528,125,7500.0,0.0,0.25,855406.0586641387,2132.9556811783905,2288.563972499373
2023-07-13,0.0,-20000.0,-9552.576608615056,0.0,0.0,0.0,102.93672703969663,102.93672703969663,-29655.513335654752,21173616.919148784,1.5880252389992564,125,7500.0,0.0,0.25,857806.0586641387,2132.9556811783905,2288.563972499373
2023-07-14,0.0,-45000.0,-883.7616164915829,0.0,0.0,0.0,103.58472703969663,103.58472703969663,-45987.34634353128,21127629.572805252,1.5845761794008424,125,7500.0,0.0,0.25,863206.0586641387,2132.9556811783905,2288.563972499373
2023-07-17,0.0,110000.0,2398.6707251249227,0.0,0.0,0.0,102.00072703969663,102.00072703969663,112296.66999808521,21239926.242803335,1.5929984507063768,125,7500.0,0.0,0.25,850006.0586641387,2132.9556811783905,2288.563972499373
2023-07-18,0.0,-87500.0,-184.73486254482197,0.0,0.0,0.0,103.26072703969663,103.26072703969663,-87787.99558958452,21152138.24721375,1.5864143345768678,125,7500.0,0.0,0.25,860506.0586641387,2132.9556811783905,2288.563972499373
2023-07-19,0.0,-130000.0,677.4596839408175,0.0,0.0,0.0,105.13272703969663,105.13272703969663,-129427.67304309888,21022710.574170653,1.576707234830886,125,7500.0,0.0,0.25,876106.0586641387,2132.9556811783905,2288.563972499373
2023-07-20,0.0,-195000.0,2507.3142054128184,0.0,0.0,0.0,107.94072703969663,107.94072703969663,-192600.6265216269,20830109.94764903,1.5622621517290565,125,7500.0,0.0,0.25,899506.0586641387,2132.9556811783905,2288.563972499373
2023-07-21,0.0,-37500.0,-5536.050005205446,0.0,0.0,0.0,108.48072703969663,108.48072703969663,-43144.53073224515,20786965.41691678,1.559026303834518,125,7500.0,0.0,0.25,904006.0586641387,2132.9556811783905,2288.563972499373
2023-07-24,0.0,-50000.0,-1558.05923002033,0.0,0.0,0.0,109.20072703969663,109.20072703969663,-51667.25995706002,20735298.15695972,1.5551512496501032,125,7500.0,0.0,0.25,910006.0586641387,2132.9556811783905,2288.563972499373
2023-07-25,83299.99999999927,-25000.0,-43897.43572556592,0.0,0.0,0.0,109.56072703969663,109.56072703969663,14293.003547393657,20749591.160507116,1.5562232275961028,125,7500.0,0.0,0.25,913006.0586641387,2132.9556811783905,2288.563972499373
2023-07-26,0.0,-305000.0,722.6194471133773,0.0,0.0,0.0,113.95272703969663,113.95272703969663,-304391.33327992633,20445199.82722719,1.5333938205265907,125,7500.0,0.0,0.25,949606.0586641387,2132.9556811783905,2288.563972499373
2023-07-27,0.0,-12500.0,-1969.1250220366462,0.0,0.0,0.0,114.13272703969663,114.13272703969663,-14583.257749076341,20430616.569478113,1.5323000734610421,125,7500.0,0.0,0.25,951106.0586641387,2132.9556811783905,2288.563972499373
2023-07-28,166700.00000000073,579500.0,-83168.50263721969,2920.4,0.0,133.51296841144097,285.3648,3339.277768411441,659692.2195943695,21090308.789072484,1.5817771136232204,475,500.0,1.0,0.95,2378040.0,0.0,0.0
2023-07-31,0.0,9500.0,0.0,0.0,0.0,0.0,285.22799999999995,285.22799999999995,9214.772,21099523.561072484,1.5824682232509943,475,500.0,1.0,0.95,2376900.0,0.0,0.0
2023-08-01,0.0,-399000.0,0.0,0.0,8082.6,0.0,290.9736,8373.5736,-407373.5736,20692149.987472482,1.5519151288482582,475,500.0,1.0,0.95,2424780.0,0.0,0.0
2023-08-02,333299.9999999993,30000.0,0.0,2961.0,0.0,218.5893102683039,113.37532261609822,3292.9646328844024,360007.0353671149,21052157.0228396,1.57891572400228,125,7500.0,0.0,0.25,944794.3551341519,2190.2350793459595,2349.6035865997856
2023-08-03,0.0,197500.0,187750.03935915837,0.0,0.0,0.0,110.53132261609822,110.53132261609822,385139.5080365423,21437296.53087614,1.6078012593188589,125,7500.0,0.0,0.25,921094.3551341519,2190.2350793459595,2349.6035865997856
2023-08-04,333400.00000000146,1142500.0,-241146.79846284803,0.0,0.0,0.0,94.07932261609821,94.07932261609821,1234659.1222145373,22671955.65309068,1.7004009249841132,125,7500.0,0.0,0.25,783994.3551341519,2190.2350793459595,2349.6035865997856
2023-08-07,0.0,132500.0,1186.1928338979055,0.0,0.0,0.0,92.17132261609822,92.17132261609822,133594.0215112818,22805549.674601957,1.710420501646401,125,7500.0,0.0,0.25,768094.3551341519,2190.2350793459595,2349.6035865997856
2023-08-08,83299.99999999927,-114000.0,-54863.57865967655,2153.2000000000003,0.0,767.817321868203,210.39839999999998,3131.415721868203,-88694.99438154548,22716854.680220414,1.703768360437432,475,500.0,1.0,0.95,1753320.0,0.0,0.0
2023-08-09,0.0,-209000.0,0.0,0.0,0.0,0.0,213.408,213.408,-209213.408,22507641.272220414,1.68807731560982,475,500.0,1.0,0.95,1778400.0,0.0,0.0
2023-08-10,0.0,28500.0,0.0,0.0,0.0,0.0,212.99759999999998,212.99759999999998,28287.0024,22535928.274620414,1.6901988460936463,475,500.0,1.0,0.95,1774980.0,0.0,0.0
2023-08-11,0.0,-475000.0,0.0,0.0,0.0,0.0,219.83759999999998,219.83759999999998,-475219.8376,22060708.437020414,1.654557269169704,475,500.0,1.0,0.95,1831980.0,0.0,0.0
2023-08-14,0.0,218500.0,0.0,0.0,0.0,0.0,216.69119999999998,216.69119999999998,218283.3088,22278991.745820414,1.6709285582579267,475,500.0,1.0,0.95,1805760.0,0.0,0.0
2023-08-15,0.0,47500.0,0.0,0.0,0.0,0.0,216.00719999999998,216.00719999999998,47283.9928,22326275.738620415,1.6744748665836977,475,500.0,1.0,0.95,1800060.0,0.0,0.0
2023-08-16,0.0,-104500.0,0.0,0.0,0.0,0.0,217.51199999999997,217.51199999999997,-104717.512,22221558.226620413,1.666621033549115,475,500.0,1.0,0.95,1812600.0,0.0,0.0
2023-08-17,83299.99999999927,-883500.0,0.0,0.0,0.0,0.0,230.2344,230.2344,-800430.2344000007,21421127.992220413,1.6065886158880707,475,500.0,1.0,0.95,1918620.0,0.0,0.0
2023-08-18,0.0,-76000.0,0.0,0.0,0.0,0.0,231.32879999999997,231.32879999999997,-76231.3288,21344896.663420413,1.6008712519346608,475,500.0,1.0,0.95,1927740.0,0.0,0.0
2023-08-21,166700.00000000073,-1396500.0,0.0,0.0,0.0,0.0,251.43839999999997,251.43839999999997,-1230051.4383999994,20114845.225020412,1.5086171634194394,475,500.0,1.0,0.95,2095320.0,0.0,0.0
2023-08-22,250000.0,-47500.0,0.0,2599.8,0.0,902.7546754725915,146.12728052835544,3648.6819560009476,198851.31804399905,20313696.54306441,1.5235310495574548,125,7500.0,0.0,0.25,1217727.3377362955,2278.3512,2466.8156054125307
2023-08-23,0.0,40000.0,231492.08203108402,0.0,0.0,0.0,145.55128052835545,145.55128052835545,271346.5307505556,20585043.07381497,1.5438820902413484,125,7500.0,0.0,0.25,1212927.3377362955,2278.3512,2466.8156054125307
2023-08-24,583299.9999999993,-202500.0,-397221.4697335484,0.0,0.0,0.0,148.46728052835545,148.46728052835545,-16569.937014077463,20568473.136800893,1.5426393418584217,125,7500.0,0.0,0.25,1237227.3377362955,2278.3512,2466.8156054125307
2023-08-25,500000.0,-145000.0,-339212.54954326415,0.0,0.0,0.0,150.55528052835544,150.55528052835544,15636.895176207498,20584110.0319771,1.5438121119285622,125,7500.0,0.0,0.25,1254627.3377362955,2278.3512,2466.8156054125307
2023-08-28,3166700.000000001,205000.0,-2170586.6500021513,0.0,0.0,0.0,147.60328052835544,147.60328052835544,1200965.7467173212,21785075.77869442,1.6338847681140019,125,7500.0,0.0,0.25,1230027.3377362955,2278.3512,2466.8156054125307
2023-08-29,1666700.0000000007,335000.0,-1158286.8569836842,0.0,0.0,0.0,142.77928052835546,142.77928052835546,843270.3637357882,22628346.14243021,1.6971302035077744,125,7500.0,0.0,0.25,1189827.3377362955,2278.3512,2466.8156054125307
2023-08-30,0.0,-327500.0,-5617.25549236769,0.0,0.0,0.0,147.49528052835547,147.49528052835547,-333264.75077289605,22295081.39165731,1.6721352847125102,125,7500.0,0.0,0.25,1229127.3377362955,2278.3512,2466.8156054125307
2023-08-31,0.0,25000.0,10039.52237571994,0.0,0.0,0.0,147.13528052835545,147.13528052835545,34892.38709519159,22329973.778752506,1.6747522202869887,125,7500.0,0.0,0.25,1226127.3377362955,2278.3512,2466.8156054125307
2023-09-01,0.0,-420000.0,216667.44284587906,0.0,2053.0,0.0,153.18328052835545,2206.1832805283557,-205538.74043464928,22124435.038317855,1.6593367762157798,125,7500.0,0.0,0.25,1276527.3377362955,2278.3512,2466.8156054125307
2023-09-04,0.0,375000.0,-22552.742702992247,0.0,0.0,0.0,147.78328052835545,147.78328052835545,352299.4740164794,22476734.512334336,1.6857593028233322,125,7500.0,0.0,0.25,1231527.3377362955,2278.3512,2466.8156054125307
2023-09-05,750000.0,-130000.0,-509767.36261859984,0.0,0.0,0.0,149.65528052835546,149.65528052835546,110082.9821008718,22586817.494435206,1.6940155471215081,125,7500.0,0.0,0.25,1247127.3377362955,2278.3512,2466.8156054125307
2023-09-06,333299.9999999993,107500.0,-228023.60626423536,0.0,0.0,0.0,148.10728052835546,148.10728052835546,212628.2864552356,22799445.780890442,1.7099627084735545,125,7500.0,0.0,0.25,1234227.3377362955,2278.3512,2466.8156054125307
2023-09-07,0.0,110000.0,5518.415145827759,0.0,0.0,0.0,146.52328052835546,146.52328052835546,115371.8918652994,22914817.672755744,1.7186156219957358,125,7500.0,0.0,0.25,1221027.3377362955,2278.3512,2466.8156054125307
2023-09-08,583299.9999999993,187500.0,-407044.8121871803,0.0,0.0,0.0,143.82328052835544,143.82328052835544,363611.36453229067,23278429.037288032,1.7458865425129588,125,7500.0,0.0,0.25,1198527.3377362955,2278.3512,2466.8156054125307
2023-09-11,250000.0,-110000.0,-165751.577308385,0.0,0.0,0.0,145.40728052835544,145.40728052835544,-25896.984588913347,23252532.05269912,1.7439442638130935,125,7500.0,0.0,0.25,1211727.3377362955,2278.3512,2466.8156054125307
2023-09-12,83400.00000000146,55000.0,-49614.881655395206,0.0,0.0,0.0,144.61528052835544,144.61528052835544,88640.5030640779,23341172.5557632,1.7505923181630354,125,7500.0,0.0,0.25,1205127.3377362955,2278.3512,2466.8156054125307
2023-09-13,0.0,60000.0,9440.34695151032,0.0,0.0,0.0,143.75128052835547,143.75128052835547,69296.59567098196,23410469.15143418,1.755789575831503,125,7500.0,0.0,0.25,1197927.3377362955,2278.3512,2466.8156054125307
2023-09-14,333299.9999999993,-55000.0,-218153.65601788356,0.0,0.0,0.0,144.54328052835544,144.54328052835544,60001.80070158738,23470470.952135764,1.7602897221344875,125,7500.0,0.0,0.25,1204527.3377362955,2278.3512,2466.8156054125307
2023-09-15,0.0,-70000.0,9785.596134321395,0.0,0.0,0.0,145.55128052835545,145.55128052835545,-60359.955146206965,23410110.99698956,1.7557627141810024,125,7500.0,0.0,0.25,1212927.3377362955,2278.3512,2466.8156054125307
2023-09-18,416700.0000000007,-80000.0,-275858.25717976573,0.0,0.0,0.0,146.70328052835546,146.70328052835546,60695.03953970662,23470806.036529265,1.7603148535268287,125,7500.0,0.0,0.25,1222527.3377362955,2278.3512,2466.8156054125307
2023-09-19,0.0,-75000.0,6548.223283134859,0.0,0.0,0.0,147.78328052835545,147.78328052835545,-68599.55999739349,23402206.47653187,1.7551698736645744,125,7500.0,0.0,0.25,1231527.3377362955,2278.3512,2466.8156054125307
2023-09-20,0.0,22500.0,6438.449580806207,0.0,0.0,0.0,147.45928052835546,147.45928052835546,28790.990300277852,23430997.46683215,1.7573292033354195,125,7500.0,0.0,0.25,1228827.3377362955,2278.3512,2466.8156054125307
2023-09-21,0.0,175000.0,6287.065823835575,0.0,0.0,0.0,144.93928052835545,144.93928052835545,181142.12654330724,23612139.59337546,1.7709148967904014,125,7500.0,0.0,0.25,1207827.3377362955,2278.3512,2466.8156054125307
2023-09-22,0.0,-72500.0,5124.959142341651,0.0,0.0,0.0,145.98328052835546,145.98328052835546,-67521.0241381867,23544618.56923727,1.7658508073198136,125,7500.0,0.0,0.25,1216527.3377362955,2278.3512,2466.8156054125307
2023-09-25,0.0,130000.0,3621.5460027489144,0.0,0.0,0.0,144.11128052835545,144.11128052835545,133477.43472222055,23678096.00395949,1.7758616399510618,125,7500.0,0.0,0.25,1200927.3377362955,2278.3512,2466.8156054125307
2023-09-26,0.0,-0.0,2822.2053690601,0.0,0.0,0.0,144.11128052835545,144.11128052835545,2678.0940885317445,23680774.098048024,1.7760624975098456,125,7500.0,0.0,0.25,1200927.3377362955,2278.3512,2466.8156054125307
2023-09-27,0.0,42500.0,48.934592984437586,0.0,0.0,0.0,143.49928052835546,143.49928052835546,42405.43531245608,23723179.53336048,1.7792429131093188,125,7500.0,0.0,0.25,1195827.3377362955,2278.3512,2466.8156054125307
2023-09-28,0.0,110000.0,-613.0170649635147,0.0,0.0,0.0,141.91528052835545,141.91528052835545,109245.06765450814,23832424.601014987,1.7874363136669082,125,7500.0,0.0,0.25,1182627.3377362955,2278.3512,2466.8156054125307
2023-10-09,-333400.00000000146,-20000.0,249346.6461873544,0.0,1748.0,0.0,142.20328052835546,1890.2032805283554,-105943.5570931754,23726481.043921813,1.7794905270204535,125,7500.0,0.0,0.25,1185027.3377362955,2278.3512,2466.8156054125307
2023-10-10,0.0,112500.0,-617.3133015605003,0.0,0.0,0.0,140.58328052835546,140.58328052835546,111742.10341791114,23838223.147339724,1.7878712057284936,125,7500.0,0.0,0.25,1171527.3377362955,2278.3512,2466.8156054125307
2023-10-11,0.0,22500.0,-617.3868166519014,0.0,0.0,298.24867448797374,112.98888446927842,411.2375589572522,21471.375624390846,23859694.522964112,1.7894815629262157,125,7500.0,0.0,0.25,941574.0372439869,3097.470837811983,3322.3929037541743
2023-10-12,0.0,-75000.0,259614.8235339282,0.0,0.0,0.0,114.06888446927842,114.06888446927842,184500.75464945892,24044195.277613573,1.8033191541189033,125,7500.0,0.0,0.25,950574.0372439869,3097.470837811983,3322.3929037541743
2023-10-13,0.0,-0.0,-1907.24340903202,0.0,0.0,0.0,114.06888446927842,114.06888446927842,-2021.3122935012984,24042173.96532007,1.8031675553178934,125,7500.0,0.0,0.25,950574.0372439869,3097.470837811983,3322.3929037541743
2023-10-16,-250000.0,-45000.0,130448.86818674098,0.0,0.0,0.0,114.71688446927841,114.71688446927841,-164665.8486977283,23877508.116622344,1.7908175857906403,125,7500.0,0.0,0.25,955974.0372439869,3097.470837811983,3322.3929037541743
2023-10-17,0.0,80000.0,-6298.3593357902555,0.0,0.0,0.0,113.56488446927841,113.56488446927841,73588.07577974047,23951096.19240208,1.7963367052719192,125,7500.0,0.0,0.25,946374.0372439869,3097.470837811983,3322.3929037541743
2023-10-18,-83299.99999999927,17500.0,41373.825940835864,0.0,0.0,0.0,113.31288446927842,113.31288446927842,-24539.486943632688,23926556.705458447,1.7944962391499815,125,7500.0,0.0,0.25,944274.0372439869,3097.470837811983,3322.3929037541743
2023-10-19,-333299.9999999993,-72500.0,179225.23961822139,0.0,0.0,0.0,114.35688446927841,114.35688446927841,-226689.1172662472,23699867.588192202,1.7774945128506974,125,7500.0,0.0,0.25,952974.0372439869,3097.470837811983,3322.3929037541743
2023-10-20,-166700.00000000073,57500.0,84126.35186275221,0.0,0.0,0.0,113.52888446927841,113.52888446927841,-25187.17702171779,23674680.411170483,1.7756054698514607,125,7500.0,0.0,0.25,946074.0372439869,3097.470837811983,3322.3929037541743
2023-10-23,-250000.0,47500.0,123515.70739826804,0.0,0.0,0.0,112.84488446927841,112.84488446927841,-79097.13748620123,23595583.273684286,1.7696731697092456,125,7500.0,0.0,0.25,940374.0372439869,3097.470837811983,3322.3929037541743
2023-10-24,0.0,-0.0,-17838.81019290444,0.0,0.0,0.0,112.84488446927841,112.84488446927841,-17951.655077373718,23577631.61860691,1.7683267922124988,125,7500.0,0.0,0.25,940374.0372439869,3097.470837811983,3322.3929037541743
2023-10-25,-916700.0000000007,-5000.0,489978.3172081033,0.0,0.0,0.0,112.91688446927841,112.91688446927841,-431834.59967636666,23145797.018930543,1.7359391162675815,125,7500.0,0.0,0.25,940974.0372439869,3097.470837811983,3322.3929037541743
2023-10-26,0.0,67500.0,-5560.016086266372,0.0,0.0,0.0,111.9448844692784,111.9448844692784,61828.03902926434,23207625.05795981,1.7405762307875627,125,7500.0,0.0,0.25,932874.0372439869,3097.470837811983,3322.3929037541743
2023-10-27,0.0,-57500.0,-34477.55396431894,0.0,0.0,0.0,112.77288446927841,112.77288446927841,-92090.32684878822,23115534.73111102,1.733669439006924,125,7500.0,0.0,0.25,939774.0372439869,3097.470837811983,3322.3929037541743
2023-10-30,-833299.9999999993,-152500.0,542568.7832416414,0.0,0.0,0.0,114.96888446927841,114.96888446927841,-443346.18564282724,22672188.545468193,1.7004183919560942,125,7500.0,0.0,0.25,958074.0372439869,3097.470837811983,3322.3929037541743
2023-10-31,0.0,50000.0,-24064.635863879645,0.0,0.0,0.0,114.24888446927841,114.24888446927841,25821.115251651077,22698009.66071984,1.7023549804414393,125,7500.0,0.0,0.25,952074.0372439869,3097.470837811983,3322.3929037541743
2023-11-01,0.0,-2500.0,-8143.8946132310975,0.0,1730.0,0.0,114.28488446927841,1844.2848844692785,-12488.179497700376,22685521.481222145,1.7014183646375725,125,7500.0,0.0,0.25,952374.0372439869,3097.470837811983,3322.3929037541743
2023-11-02,-500000.0,-20000.0,330923.4316547829,0.0,0.0,0.0,114.5728844692784,114.5728844692784,-189191.14122968636,22496330.339992456,1.6872289935719182,125,7500.0,0.0,0.25,954774.0372439869,3097.470837811983,3322.3929037541743
2023-11-03,-1500000.0,-122500.0,1084034.3209551,0.0,0.0,0.0,116.33688446927842,116.33688446927842,-538582.0159293693,21957748.324063085,1.6468352413928349,125,7500.0,0.0,0.25,969474.0372439869,3097.470837811983,3322.3929037541743
2023-11-06,-333299.9999999993,-172500.0,249853.8380327763,0.0,0.0,0.0,118.82088446927841,118.82088446927841,-256064.9828516923,21701683.341211393,1.6276303196666537,125,7500.0,0.0,0.25,990174.0372439869,3097.470837811983,3322.3929037541743
2023-11-07,-2616700.000000001,-62500.0,1956617.3628226803,0.0,0.0,0.0,119.72088446927842,119.72088446927842,-722702.3580617899,20978980.983149603,1.5734275073049886,125,7500.0,0.0,0.25,997674.0372439869,3097.470837811983,3322.3929037541743
2023-11-08,-200000.0,-82500.0,150460.44929337257,0.0,0.0,0.0,120.9088844692784,120.9088844692784,-132160.4595910967,20846820.52355851,1.5635154480555082,125,7500.0,0.0,0.25,1007574.0372439869,3097.470837811983,3322.3929037541743
2023-11-09,-200000.0,-160000.0,150496.9835282006,0.0,0.0,0.0,123.2128844692784,123.2128844692784,-209626.22935626868,20637194.29420224,1.5477934415487717,125,7500.0,0.0,0.25,1026774.0372439869,3097.470837811983,3322.3929037541743
2023-11-10,0.0,-370000.0,680.5211078062712,0.0,0.0,0.0,128.54088446927844,128.54088446927844,-369448.01977666304,20267746.274425577,1.5200847707938452,125,7500.0,0.0,0.25,1071174.037243987,3097.470837811983,3322.3929037541743
2023-11-13,0.0,170000.0,676.9324727770254,0.0,0.0,0.0,126.09288446927843,126.09288446927843,170550.83958830775,20438297.114013884,1.5328761157413306,125,7500.0,0.0,0.25,1050774.037243987,3097.470837811983,3322.3929037541743
2023-11-14,200000.0,65000.0,-149221.44603369504,0.0,0.0,0.0,125.15688446927841,125.15688446927841,115653.39708183568,20553950.51109572,1.5415501422075346,125,7500.0,0.0,0.25,1042974.0372439869,3097.470837811983,3322.3929037541743
2023-11-15,100000.0,-60000.0,-74298.91849778272,0.0,0.0,0.0,126.02088446927843,126.02088446927843,-34424.939382252,20519525.57171347,1.5389682652991734,125,7500.0,0.0,0.25,1050174.037243987,3097.470837811983,3322.3929037541743
2023-11-16,0.0,5000.0,648.9257242023427,0.0,0.0,0.0,125.94888446927843,125.94888446927843,5522.9768397330645,20525048.548553202,1.5393824895977142,125,7500.0,0.0,0.25,1049574.037243987,3097.470837811983,3322.3929037541743
2023-11-17,0.0,-140000.0,649.2443790077118,0.0,0.0,0.0,127.96488446927843,127.96488446927843,-139478.72050546156,20385569.82804774,1.5289215594074792,125,7500.0,0.0,0.25,1066374.037243987,3097.470837811983,3322.3929037541743
2023-11-20,400000.0,-315000.0,-299279.2457341091,0.0,0.0,0.0,132.50088446927842,132.50088446927842,-214411.74661857836,20171158.08142916,1.5128406382087827,125,7500.0,0.0,0.25,1104174.037243987,3097.470837811983,3322.3929037541743
2023-11-21,400000.0,75000.0,-299350.5841933603,0.0,0.0,0.0,131.42088446927843,131.42088446927843,175517.99492217042,20346676.076351333,1.5260045207376518,125,7500.0,0.0,0.25,1095174.037243987,3097.470837811983,3322.3929037541743
2023-11-22,400000.0,-337500.0,-299421.93544695445,0.0,0.0,359.07701347042814,132.71262080822584,491.789634278654,-237413.7250812331,20109262.351270102,1.5081984468413747,125,7500.0,0.0,0.25,1105938.5067352154,2441.0613446383527,2623.6020857894505
2023-11-23,0.0,-30000.0,219391.9399929689,0.0,0.0,0.0,133.14462080822585,133.14462080822585,189258.79537216068,20298521.14664226,1.5223928919803995,125,7500.0,0.0,0.25,1109538.5067352154,2441.0613446383527,2623.6020857894505
2023-11-24,0.0,75000.0,218.61717525265334,0.0,0.0,0.0,132.06462080822584,132.06462080822584,75086.55255444442,20373607.699196704,1.5280243975007466,125,7500.0,0.0,0.25,1100538.5067352154,2441.0613446383527,2623.6020857894505
2023-11-27,700000.0,-1529500.0,-430765.74355745857,3477.6000000000004,0.0,368.8287559240228,339.8112,4186.239955924023,-1264451.9835133825,19109155.715683322,1.4331902616519032,475,500.0,1.0,0.95,2831760.0,0.0,0.0
2023-11-28,700000.0,1662500.0,0.0,0.0,0.0,0.0,315.8712,315.8712,2362184.1288,21471339.844483323,1.6103545142225348,475,500.0,1.0,0.95,2632260.0,0.0,0.0
2023-11-29,400000.0,-722000.0,0.0,0.0,0.0,0.0,326.268,326.268,-322326.268,21149013.576483324,1.5861799836862085,475,500.0,1.0,0.95,2718900.0,0.0,0.0
2023-11-30,600000.0,-142500.0,0.0,3418.8,0.0,525.4933361090475,148.92560016653815,4093.2189362755857,453406.7810637244,21602420.35754705,1.6201855772799718,125,7500.0,0.0,0.25,1241046.6680544848,2675.335944937931,2881.160728538563
2023-12-01,400000.0,-280000.0,-4393.22915025869,0.0,2554.0,0.0,152.95760016653816,2706.957600166538,112899.81324957477,21715320.17079662,1.6286530844424578,125,7500.0,0.0,0.25,1274646.6680544848,2675.335944937931,2881.160728538563
2023-12-04,500000.0,-207500.0,-317509.5995270961,0.0,0.0,0.0,155.94560016653816,155.94560016653816,-25165.545127262623,21690154.62566936,1.6267656638393617,125,7500.0,0.0,0.25,1299546.6680544848,2675.335944937931,2881.160728538563
2023-12-05,200000.0,1280000.0,-196032.9762814377,0.0,0.0,0.0,137.51360016653817,137.51360016653817,1283829.5101183956,22973984.135787755,1.7230531178168762,125,7500.0,0.0,0.25,1145946.6680544848,2675.335944937931,2881.160728538563
2023-12-06,300000.0,102500.0,-202825.13506838455,0.0,0.0,0.0,136.03760016653817,136.03760016653817,199538.8273314489,23173522.963119205,1.7380185672803585,125,7500.0,0.0,0.25,1133646.6680544848,2675.335944937931,2881.160728538563
2023-12-07,0.0,-487500.0,-3016.471961256144,0.0,0.0,0.0,143.05760016653815,143.05760016653815,-490659.52956142265,22682863.433557782,1.70121901056436,125,7500.0,0.0,0.25,1192146.6680544848,2675.335944937931,2881.160728538563
2023-12-08,0.0,-132500.0,6942.024005236646,0.0,0.0,0.0,144.96560016653817,144.96560016653817,-125702.9415949299,22557160.49196285,1.6917912663753798,125,7500.0,0.0,0.25,1208046.6680544848,2675.335944937931,2881.160728538563
2023-12-11,0.0,90000.0,4151.638777195075,0.0,0.0,0.0,143.66960016653815,143.66960016653815,94007.96917702853,22651168.46113988,1.6988418816901953,125,7500.0,0.0,0.25,1197246.6680544848,2675.335944937931,2881.160728538563
2023-12-12,400000.0,2500.0,-267960.16080147715,0.0,0.0,0.0,143.63360016653817,143.63360016653817,134396.20559835632,22785564.666738234,1.7089216223094235,125,7500.0,0.0,0.25,1196946.6680544848,2675.335944937931,2881.160728538563
2023-12-13,0.0,202500.0,2272.467005266847,0.0,0.0,0.0,140.71760016653815,140.71760016653815,204631.7494051003,22990196.416143335,1.7242690418833548,125,7500.0,0.0,0.25,1172646.6680544848,2675.335944937931,2881.160728538563
2023-12-14,0.0,75000.0,4006.584788264931,0.0,0.0,0.0,139.63760016653816,139.63760016653816,78866.94718809839,23069063.363331437,1.7301840777100521,125,7500.0,0.0,0.25,1163646.6680544848,2675.335944937931,2881.160728538563
2023-12-15,0.0,-57500.0,5131.794500851896,0.0,0.0,0.0,140.46560016653817,140.46560016653817,-52508.67109931464,23016554.69223212,1.726245917532203,125,7500.0,0.0,0.25,1170546.6680544848,2675.335944937931,2881.160728538563
2023-12-18,0.0,285000.0,8383.502138969874,3047.8,0.0,795.4116735661065,297.81359999999995,4141.025273566107,289242.47686540376,23305797.169097524,1.7479391575302081,475,500.0,1.0,0.95,2481780.0,0.0,0.0
2023-12-19,0.0,532000.0,0.0,0.0,0.0,0.0,290.15279999999996,290.15279999999996,531709.8472,23837507.016297527,1.787817495766054,475,500.0,1.0,0.95,2417940.0,0.0,0.0
2023-12-20,0.0,-28500.0,0.0,0.0,0.0,0.0,290.5632,290.5632,-28790.5632,23808716.453097522,1.7856581981278095,475,500.0,1.0,0.95,2421360.0,0.0,0.0
2023-12-21,0.0,-110000.0,0.0,3035.2000000000003,0.0,1050.1836344038834,172.48701806423298,4257.8706524681165,-114257.87065246812,23694458.582445055,1.7770888364054702,125,7500.0,0.0,0.25,1437391.8172019417,2851.61376,3085.0901650941223
2023-12-22,0.0,-30000.0,286064.1248724596,0.0,0.0,0.0,172.919018064233,172.919018064233,255891.20585439538,23950349.78829945,1.7962807248242707,125,7500.0,0.0,0.25,1440991.8172019417,2851.61376,3085.0901650941223
2023-12-25,0.0,175000.0,3302.1337027470563,0.0,0.0,0.0,170.399018064233,170.399018064233,178131.73468468283,24128481.522984132,1.8096406383254058,125,7500.0,0.0,0.25,1419991.8172019417,2851.61376,3085.0901650941223
2023-12-26,0.0,22500.0,3064.5262543610843,0.0,0.0,0.0,170.075018064233,170.075018064233,25394.451236296853,24153875.974220432,1.8115452269295997,125,7500.0,0.0,0.25,1417291.8172019417,2851.61376,3085.0901650941223
2023-12-27,0.0,55000.0,1649.1476046593334,0.0,0.0,0.0,169.283018064233,169.283018064233,56479.8645865951,24210355.838807024,1.8157812273635952,125,7500.0,0.0,0.25,1410691.8172019417,2851.61376,3085.0901650941223
2023-12-28,0.0,60000.0,1395.7951963510595,0.0,0.0,0.0,168.419018064233,168.419018064233,61227.376178286824,24271583.21498531,1.8203732920571285,125,7500.0,0.0,0.25,1403491.8172019417,2851.61376,3085.0901650941223
2023-12-29,0.0,27500.0,2042.6424604737292,0.0,0.0,0.0,168.02301806423299,168.02301806423299,29374.619442409497,24300957.83442772,1.8225763940230642,125,7500.0,0.0,0.25,1400191.8172019417,2851.61376,3085.0901650941223
2024-01-02,-400000.0,65000.0,227354.26578078035,0.0,2018.0,0.0,167.087018064233,2185.0870180642332,-109830.82123728389,24191127.013190437,1.8143390618369373,125,7500.0,0.0,0.25,1392391.8172019417,2851.61376,3085.0901650941223
2024-01-03,-100000.0,-140000.0,48397.27074897631,0.0,0.0,0.0,169.103018064233,169.103018064233,-191771.8322690879,23999355.18092135,1.7999561384594474,125,7500.0,0.0,0.25,1409191.8172019417,2851.61376,3085.0901650941223
2024-01-04,-200000.0,205000.0,97305.21077900377,0.0,0.0,0.0,166.151018064233,166.151018064233,102139.05976093953,24101494.24068229,1.8076165870926395,125,7500.0,0.0,0.25,1384591.8172019417,2851.61376,3085.0901650941223
2024-01-05,0.0,130000.0,7465.621856320368,0.0,0.0,0.0,164.279018064233,164.279018064233,137301.34283825613,24238795.583520547,1.817914213549575,125,7500.0,0.0,0.25,1368991.8172019417,2851.61376,3085.0901650941223
2024-01-08,-400000.0,-20000.0,237687.3567203021,0.0,0.0,0.0,164.567018064233,164.567018064233,-182477.21029776213,24056318.373222783,1.8042283885626802,125,7500.0,0.0,0.25,1371391.8172019417,2851.61376,3085.0901650941223
2024-01-09,-200000.0,52500.0,83972.62478835252,0.0,0.0,0.0,163.811018064233,163.811018064233,-63691.18622971171,23992627.18699307,1.7994515376533244,125,7500.0,0.0,0.25,1365091.8172019417,2851.61376,3085.0901650941223
2024-01-10,0.0,197500.0,17417.746057970264,0.0,0.0,0.0,160.967018064233,160.967018064233,214756.77903990605,24207383.96603298,1.8155583363483143,125,7500.0,0.0,0.25,1341391.8172019417,2851.61376,3085.0901650941223
2024-01-11,-700000.0,-35000.0,311545.1856329364,0.0,0.0,0.0,161.471018064233,161.471018064233,-423616.2853851278,23783767.68064785,1.7837870355161776,125,7500.0,0.0,0.25,1345591.8172019417,2851.61376,3085.0901650941223
2024-01-12,-100000.0,87500.0,104497.56287168902,0.0,0.0,0.0,160.211018064233,160.211018064233,91837.35185362479,23875605.032501474,1.790674854124746,125,7500.0,0.0,0.25,1335091.8172019417,2851.61376,3085.0901650941223
2024-01-15,-300000.0,-27500.0,89744.31569192404,0.0,0.0,0.0,160.607018064233,160.607018064233,-237916.2913261402,23637688.74117533,1.772831087665869,125,7500.0,0.0,0.25,1338391.8172019417,2851.61376,3085.0901650941223
2024-01-16,-200000.0,-185000.0,124197.4158843999,0.0,0.0,0.0,163.271018064233,163.271018064233,-260965.85513366433,23376722.88604167,1.7532585995996244,125,7500.0,0.0,0.25,1360591.8172019417,2851.61376,3085.0901650941223
2024-01-17,0.0,47500.0,26781.30565658691,0.0,0.0,0.0,162.587018064233,162.587018064233,74118.71863852267,23450841.60468019,1.758817517394808,125,7500.0,0.0,0.25,1354891.8172019417,2851.61376,3085.0901650941223
2024-01-18,-200000.0,-30000.0,76230.10344316946,0.0,0.0,0.0,163.019018064233,163.019018064233,-153932.91557489478,23296908.689105295,1.7472725198641967,125,7500.0,0.0,0.25,1358491.8172019417,2851.61376,3085.0901650941223
2024-01-19,0.0,-5000.0,-1518.3381995748846,0.0,0.0,0.0,163.091018064233,163.091018064233,-6681.429217639117,23290227.259887658,1.746771411420103,125,7500.0,0.0,0.25,1359091.8172019417,2851.61376,3085.0901650941223
2024-01-22,-1600000.0,-445000.0,1118115.9302948546,0.0,0.0,0.0,169.49901806423298,169.49901806423298,-927053.5687232097,22363173.69116445,1.6772422199428836,125,7500.0,0.0,0.25,1412491.8172019417,2851.61376,3085.0901650941223
2024-01-23,0.0,-120000.0,-3.1171880407043773,0.0,0.0,0.0,171.227018064233,171.227018064233,-120174.34420610494,22242999.346958347,1.66822912159468,125,7500.0,0.0,0.25,1426891.8172019417,2851.61376,3085.0901650941223
2024-01-24,0.0,47500.0,5898.640703336042,0.0,0.0,0.0,170.543018064233,170.543018064233,53228.09768527181,22296227.444643617,1.6722212389013684,125,7500.0,0.0,0.25,1421191.8172019417,2851.61376,3085.0901650941223
2024-01-25,0.0,112500.0,-9016.995623583596,0.0,0.0,0.0,168.923018064233,168.923018064233,103314.08135835217,22399541.526001967,1.6799698143746835,125,7500.0,0.0,0.25,1407691.8172019417,2851.61376,3085.0901650941223
2024-01-26,0.0,190000.0,3533.5911873713144,0.0,0.0,0.0,166.187018064233,166.187018064233,193367.4041693071,22592908.930171277,1.6944724059438607,125,7500.0,0.0,0.25,1384891.8172019417,2851.61376,3085.0901650941223
2024-01-29,0.0,-62500.0,-5387.682155191414,0.0,0.0,0.0,167.087018064233,167.087018064233,-68054.76917325566,22524854.160998024,1.6893682854955656,125,7500.0,0.0,0.25,1392391.8172019417,2851.61376,3085.0901650941223
2024-01-30,0.0,212500.0,-620.1110029189749,0.0,0.0,0.0,164.027018064233,164.027018064233,211715.8619790168,22736570.02297704,1.705247014840815,125,7500.0,0.0,0.25,1366891.8172019417,2851.61376,3085.0901650941223
2024-01-31,0.0,-22500.0,307.1188246769907,0.0,0.0,0.0,164.351018064233,164.351018064233,-22357.232193387244,22714212.79078365,1.7035702182343195,125,7500.0,0.0,0.25,1369591.8172019417,2851.61376,3085.0901650941223
2024-02-01,0.0,72500.0,339.10089478496275,0.0,1913.0,0.0,163.307018064233,2076.307018064233,70762.79387672072,22784975.584660374,1.7088774410431307,125,7500.0,0.0,0.25,1360891.8172019417,2851.61376,3085.0901650941223
2024-02-02,0.0,-132500.0,340.70626082197464,0.0,0.0,295.4295810097481,115.17777486058486,410.607355870333,-132569.90109504835,22652405.683565326,1.6989346736040836,125,7500.0,0.0,0.25,959814.790504874,2423.425416533333,2598.943478465764
2024-02-05,0.0,62500.0,209070.07449122454,0.0,0.0,0.0,114.27777486058487,114.27777486058487,271455.796716364,22923861.48028169,1.7192939092558999,125,7500.0,0.0,0.25,952314.790504874,2423.425416533333,2598.943478465764
2024-02-06,0.0,2500.0,97.3354724101938,0.0,0.0,0.0,114.24177486058487,114.24177486058487,2483.093697549609,22926344.573979236,1.719480141748797,125,7500.0,0.0,0.25,952014.790504874,2423.425416533333,2598.943478465764
2024-02-07,0.0,-15000.0,1891.154167812914,0.0,0.0,0.0,114.45777486058486,114.45777486058486,-13223.30360704767,22913121.27037219,1.7184883914988929,125,7500.0,0.0,0.25,953814.790504874,2423.425416533333,2598.943478465764
2024-02-08,0.0,-5000.0,-809.3811138845552,0.0,0.0,0.0,114.52977486058487,114.52977486058487,-5923.910888745139,22907197.359483443,1.718044097071501,125,7500.0,0.0,0.25,954414.790504874,2423.425416533333,2598.943478465764
2024-02-19,0.0,267500.0,-13514.209984107665,0.0,0.0,0.0,110.67777486058486,110.67777486058486,253875.11224103175,23161072.471724477,1.737084778091281,125,7500.0,0.0,0.25,922314.790504874,2423.425416533333,2598.943478465764
2024-02-20,-600000.0,-12500.0,359248.8589599971,0.0,0.0,0.0,110.85777486058487,110.85777486058487,-253361.9988148635,22907710.472909614,1.7180825806746727,125,7500.0,0.0,0.25,923814.790504874,2423.425416533333,2598.943478465764
2024-02-21,0.0,17500.0,-5459.041582837259,0.0,0.0,0.0,110.60577486058487,110.60577486058487,11930.352642302156,22919640.825551912,1.718977359359792,125,7500.0,0.0,0.25,921714.790504874,2423.425416533333,2598.943478465764
2024-02-22,0.0,-32500.0,-5319.821498352298,0.0,0.0,0.0,111.07377486058486,111.07377486058486,-37930.89527321288,22881709.930278704,1.7161325351022405,125,7500.0,0.0,0.25,925614.790504874,2423.425416533333,2598.943478465764
2024-02-23,-100000.0,17500.0,42649.83162722689,0.0,0.0,0.0,110.82177486058487,110.82177486058487,-39960.99014763369,22841748.94013107,1.7131354533484635,125,7500.0,0.0,0.25,923514.790504874,2423.425416533333,2598.943478465764
2024-02-26,-300000.0,172500.0,165977.57829347873,0.0,0.0,0.0,108.33777486058487,108.33777486058487,38369.24051861814,22880118.180649687,1.7160131535816106,125,7500.0,0.0,0.25,902814.790504874,2423.425416533333,2598.943478465764
2024-02-27,0.0,-32500.0,-12856.903134551487,0.0,0.0,0.0,108.80577486058486,108.80577486058486,-45465.708909412075,22834652.471740276,1.712603216888563,125,7500.0,0.0,0.25,906714.790504874,2423.425416533333,2598.943478465764
2024-02-28,-100000.0,75000.0,49507.92953384102,0.0,0.0,0.0,107.72577486058486,107.72577486058486,24400.20375898044,22859052.675499253,1.714433236745536,125,7500.0,0.0,0.25,897714.790504874,2423.425416533333,2598.943478465764
2024-02-29,0.0,-52500.0,-6037.886946561351,0.0,0.0,0.0,108.48177486058486,108.48177486058486,-58646.36872142194,22800406.306777835,1.7100347480952078,125,7500.0,0.0,0.25,904014.790504874,2423.425416533333,2598.943478465764
2024-03-01,-200000.0,-40000.0,110784.73433688661,0.0,1796.0,0.0,109.05777486058487,1905.057774860585,-131120.32343797397,22669285.98333986,1.7002006992522376,125,7500.0,0.0,0.25,908814.790504874,2423.425416533333,2598.943478465764
2024-03-04,0.0,-90000.0,-13653.40762152421,0.0,0.0,0.0,110.35377486058486,110.35377486058486,-103763.7613963848,22565522.221943475,1.6924183976917548,125,7500.0,0.0,0.25,919614.790504874,2423.425416533333,2598.943478465764
2024-03-05,0.0,-132500.0,36660.28525288386,0.0,0.0,0.0,112.26177486058486,112.26177486058486,-95951.97652197673,22469570.2454215,1.685221981461566,125,7500.0,0.0,0.25,935514.790504874,2423.425416533333,2598.943478465764
2024-03-06,-600000.0,-27500.0,324404.5854569024,0.0,0.0,0.0,112.65777486058487,112.65777486058487,-303208.07231795817,22166362.17310354,1.6624813191860635,125,7500.0,0.0,0.25,938814.790504874,2423.425416533333,2598.943478465764
2024-03-07,-600000.0,-95000.0,353439.27248047834,0.0,0.0,0.0,114.02577486058486,114.02577486058486,-341674.75329438224,21824687.41980916,1.6368556486248085,125,7500.0,0.0,0.25,950214.790504874,2423.425416533333,2598.943478465764
2024-03-08,0.0,-15000.0,-12476.209013221862,0.0,0.0,0.0,114.24177486058487,114.24177486058487,-27590.450788082446,21797096.969021074,1.6347863596424796,125,7500.0,0.0,0.25,952014.790504874,2423.425416533333,2598.943478465764
2024-03-11,-400000.0,130000.0,267703.22700664203,0.0,0.0,0.0,112.36977486058487,112.36977486058487,-2409.1427682185536,21794687.826252855,1.6346056734831478,125,7500.0,0.0,0.25,936414.790504874,2423.425416533333,2598.943478465764
2024-03-12,0.0,57500.0,1895.82981799866,0.0,0.0,0.0,111.54177486058487,111.54177486058487,59284.288043138076,21853972.114295997,1.6390520062022154,125,7500.0,0.0,0.25,929514.790504874,2423.425416533333,2598.943478465764
2024-03-13,0.0,-133000.0,-12894.101687193071,2630.6,0.0,368.2802220095352,257.0472,3255.927422009535,-149150.0291092026,21704822.085186794,1.6278657260533247,475,500.0,1.0,0.95,2142060.0,0.0,0.0
2024-03-14,-700000.0,636500.0,0.0,0.0,0.0,0.0,247.8816,247.8816,-63747.8816,21641074.203586794,1.623084622980567,475,500.0,1.0,0.95,2065680.0,0.0,0.0
2024-03-15,0.0,28500.0,0.0,0.0,0.0,0.0,247.47119999999998,247.47119999999998,28252.5288,21669326.732386794,1.6252035679379293,475,500.0,1.0,0.95,2062260.0,0.0,0.0
2024-03-18,0.0,-142500.0,0.0,0.0,0.0,0.0,249.52319999999997,249.52319999999997,-142749.5232,21526577.209186792,1.6144973269323268,475,500.0,1.0,0.95,2079360.0,0.0,0.0
2024-03-19,0.0,-418000.0,0.0,0.0,0.0,0.0,255.5424,255.5424,-418255.5424,21108321.666786794,1.5831280828292167,475,500.0,1.0,0.95,2129520.0,0.0,0.0
2024-03-20,0.0,570000.0,0.0,0.0,0.0,0.0,247.3344,247.3344,569752.6656,21678074.33238679,1.6258596395781084,475,500.0,1.0,0.95,2061120.0,0.0,0.0
2024-03-21,-100000.0,-127500.0,0.0,2602.6,0.0,228.38001256361227,103.30680075381655,2934.2868133174284,-230434.28681331742,21447640.045573477,1.6085770248605729,125,7500.0,0.0,0.25,860890.0062818046,2053.3087008,2215.9148455806826
2024-03-22,0.0,256500.0,171974.86256219528,2564.8,0.0,203.29071603055482,250.61759999999998,3018.708316030555,425456.1542461647,21873096.19981964,1.6404863162022634,475,500.0,1.0,0.95,2088480.0,0.0,0.0
2024-03-25,0.0,541500.0,0.0,0.0,0.0,0.0,242.81999999999996,242.81999999999996,541257.18,22414353.37981964,1.6810807061882385,475,500.0,1.0,0.95,2023500.0,0.0,0.0
2024-03-26,0.0,-38000.0,0.0,0.0,0.0,0.0,243.36719999999997,243.36719999999997,-38243.3672,22376110.01261964,1.6782124464775892,475,500.0,1.0,0.95,2028060.0,0.0,0.0
2024-03-27,-100000.0,408500.0,0.0,0.0,0.0,0.0,237.48479999999998,237.48479999999998,308262.5152,22684372.52781964,1.7013321929169554,475,500.0,1.0,0.95,1979040.0,0.0,0.0
2024-03-28,0.0,-76000.0,0.0,0.0,0.0,0.0,238.5792,238.5792,-76238.5792,22608133.94861964,1.695614285182186,475,500.0,1.0,0.95,1988160.0,0.0,0.0
2024-03-29,0.0,-427500.0,0.0,0.0,0.0,0.0,244.7352,244.7352,-427744.7352,22180389.213419642,1.6635333498398477,475,500.0,1.0,0.95,2039460.0,0.0,0.0
2024-04-01,0.0,57000.0,0.0,0.0,6775.400000000001,0.0,243.91439999999997,7019.3144,49980.6856,22230369.899019644,1.6672819106312498,475,500.0,1.0,0.95,2032620.0,0.0,0.0
2024-04-02,0.0,-190000.0,0.0,0.0,0.0,0.0,246.6504,246.6504,-190246.6504,22040123.248619642,1.6530133761799135,475,500.0,1.0,0.95,2055420.0,0.0,0.0
2024-04-03,0.0,-218500.0,0.0,0.0,0.0,0.0,249.7968,249.7968,-218749.7968,21821373.451819643,1.6366071004042242,475,500.0,1.0,0.95,2081640.0,0.0,0.0
2024-04-08,-100000.0,-160000.0,0.0,2646.0,0.0,194.13447529959316,102.15206851797558,2942.286543817569,-262942.28654381755,21558431.165275823,1.6168863796116357,125,7500.0,0.0,0.25,851267.2376497965,2043.6278997333334,2184.265256168043
2024-04-09,0.0,-72500.0,172083.88072840412,0.0,0.0,0.0,103.19606851797558,103.19606851797558,99480.68465988614,21657911.84993571,1.6243474496138024,125,7500.0,0.0,0.25,859967.2376497965,2043.6278997333334,2184.265256168043
2024-04-10,0.0,-65000.0,-748.5155311001001,0.0,0.0,0.0,104.13206851797557,104.13206851797557,-65852.64759961808,21592059.20233609,1.6194084886964286,125,7500.0,0.0,0.25,867767.2376497965,2043.6278997333334,2184.265256168043
2024-04-11,0.0,97500.0,-780.1399443341417,0.0,0.0,0.0,102.72806851797557,102.72806851797557,96617.13198714789,21688676.334323242,1.6266547917112224,125,7500.0,0.0,0.25,856067.2376497965,2043.6278997333334,2184.265256168043
2024-04-12,0.0,-22500.0,620.6114335217983,0.0,0.0,0.0,103.05206851797557,103.05206851797557,-21982.44063499618,21666693.893688243,1.6250061045418795,125,7500.0,0.0,0.25,858767.2376497965,2043.6278997333334,2184.265256168043
2024-04-15,0.0,-42500.0,-1168.670630422053,0.0,0.0,0.0,103.66406851797558,103.66406851797558,-43772.33469894002,21622921.558989305,1.621723171232126,125,7500.0,0.0,0.25,863867.2376497965,2043.6278997333334,2184.265256168043
2024-04-16,0.0,82500.0,-848.5359869099618,0.0,0.0,0.0,102.47606851797558,102.47606851797558,81548.98794457206,21704470.546933874,1.627839360618442,125,7500.0,0.0,0.25,853967.2376497965,2043.6278997333334,2184.265256168043
2024-04-17,0.0,-85000.0,-1628.541445836067,0.0,0.0,0.0,103.70006851797558,103.70006851797558,-86732.24151435404,21617738.305419523,1.6213344262425298,125,7500.0,0.0,0.25,864167.2376497965,2043.6278997333334,2184.265256168043
2024-04-18,0.0,-342500.0,5100.647166772969,0.0,0.0,0.0,108.63206851797557,108.63206851797557,-337507.984901745,21280230.32051778,1.5960212640919935,125,7500.0,0.0,0.25,905267.2376497965,2043.6278997333334,2184.265256168043
2024-04-19,0.0,-77500.0,2403.30866932263,0.0,0.0,0.0,109.74806851797557,109.74806851797557,-75206.43939919534,21205023.88111858,1.5903807670358112,125,7500.0,0.0,0.25,914567.2376497965,2043.6278997333334,2184.265256168043
2024-04-22,0.0,-122500.0,284.198033272709,0.0,0.0,0.0,111.51206851797558,111.51206851797558,-122327.31403524526,21082696.567083336,1.5812061955467391,125,7500.0,0.0,0.25,929267.2376497965,2043.6278997333334,2184.265256168043
2024-04-23,300000.0,97500.0,-174605.91590054642,0.0,0.0,0.0,110.10806851797557,110.10806851797557,222783.97603093562,21305480.543114275,1.5979150355211593,125,7500.0,0.0,0.25,917567.2376497965,2043.6278997333334,2184.265256168043
2024-04-24,400000.0,-92500.0,-214142.3738958351,0.0,0.0,0.0,111.44006851797558,111.44006851797558,93246.18603564693,21398726.72914992,1.6049085169575363,125,7500.0,0.0,0.25,928667.2376497965,2043.6278997333334,2184.265256168043
2024-04-25,0.0,-307500.0,500.8713928942932,0.0,0.0,0.0,115.86806851797557,115.86806851797557,-307114.9966756237,21091611.732474297,1.5818748346226588,125,7500.0,0.0,0.25,965567.2376497965,2043.6278997333334,2184.265256168043
2024-04-26,0.0,-52500.0,-17638.8788385937,0.0,0.0,0.0,116.62406851797557,116.62406851797557,-70255.50290711167,21021356.229567185,1.5766056587316857,125,7500.0,0.0,0.25,971867.2376497965,2043.6278997333334,2184.265256168043
2024-04-29,600000.0,112500.0,-311011.5107120101,0.0,0.0,0.0,115.00406851797557,115.00406851797557,401373.4852194719,21422729.714786656,1.6067087453808626,125,7500.0,0.0,0.25,958367.2376497965,2043.6278997333334,2184.265256168043
2024-04-30,0.0,177500.0,11531.900271726023,0.0,0.0,0.0,112.44806851797557,112.44806851797557,188919.45220320803,21611649.166989863,1.620877739718589,125,7500.0,0.0,0.25,937067.2376497965,2043.6278997333334,2184.265256168043
2024-05-06,0.0,-215000.0,1151.3222667327127,0.0,2262.0,0.0,115.54406851797557,2377.5440685179756,-216226.22180178526,21395422.94518808,1.6046607325409372,125,7500.0,0.0,0.25,962867.2376497965,2043.6278997333334,2184.265256168043
2024-05-07,0.0,87500.0,418.61827228331094,0.0,0.0,0.0,114.28406851797557,114.28406851797557,87804.33420376535,21483227.279391848,1.6112460740695738,125,7500.0,0.0,0.25,952367.2376497965,2043.6278997333334,2184.265256168043
2024-05-08,200000.0,100000.0,-92029.87105287133,0.0,0.0,0.0,112.84406851797557,112.84406851797557,207857.2848786107,21691084.564270455,1.6268354094088078,125,7500.0,0.0,0.25,940367.2376497965,2043.6278997333334,2184.265256168043
2024-05-09,0.0,-62500.0,3743.251566301318,0.0,0.0,0.0,113.74406851797558,113.74406851797558,-58870.49250221666,21632214.07176824,1.6224201114328964,125,7500.0,0.0,0.25,947867.2376497965,2043.6278997333334,2184.265256168043
2024-05-10,0.0,100000.0,15744.865015521584,0.0,0.0,0.0,112.30406851797558,112.30406851797558,115632.56094700361,21747846.632715244,1.6310925751850813,125,7500.0,0.0,0.25,935867.2376497965,2043.6278997333334,2184.265256168043
2024-05-13,0.0,-110000.0,14797.013579087165,0.0,0.0,0.0,113.88806851797557,113.88806851797557,-95316.87448943082,21652529.758225814,1.6239437917264152,125,7500.0,0.0,0.25,949067.2376497965,2043.6278997333334,2184.265256168043
2024-05-14,0.0,212500.0,32558.319492001254,0.0,0.0,0.0,110.82806851797558,110.82806851797558,244947.4914234833,21897477.249649294,1.6423148995109458,125,7500.0,0.0,0.25,923567.2376497965,2043.6278997333334,2184.265256168043
2024-05-15,0.0,-7500.0,2762.5639549384573,0.0,0.0,0.0,110.93606851797557,110.93606851797557,-4848.372113579518,21892628.877535716,1.6419512706933554,125,7500.0,0.0,0.25,924467.2376497965,2043.6278997333334,2184.265256168043
2024-05-16,0.0,-65000.0,25734.970528519127,0.0,0.0,0.0,111.87206851797558,111.87206851797558,-39376.90153999884,21853251.97599572,1.638997995694668,125,7500.0,0.0,0.25,932267.2376497965,2043.6278997333334,2184.265256168043
2024-05-17,0.0,-352500.0,8214.06413529754,0.0,0.0,0.0,116.94806851797557,116.94806851797557,-344402.8839332204,21508849.092062496,1.6131677148239743,125,7500.0,0.0,0.25,974567.2376497965,2043.6278997333334,2184.265256168043
2024-05-20,400000.0,-202500.0,-200078.91916705368,0.0,0.0,0.0,119.86406851797557,119.86406851797557,-2698.7832355716578,21506150.308826927,1.6129653055752835,125,7500.0,0.0,0.25,998867.2376497965,2043.6278997333334,2184.265256168043
2024-05-21,0.0,47500.0,46567.22048000301,0.0,0.0,0.0,119.18006851797557,119.18006851797557,93948.04041148504,21600098.34923841,1.6200114262214464,125,7500.0,0.0,0.25,993167.2376497965,2043.6278997333334,2184.265256168043
2024-05-22,0.0,-155000.0,16374.094587581496,0.0,0.0,0.0,121.41206851797557,121.41206851797557,-138747.31748093647,21461351.031757474,1.6096053513951891,125,7500.0,0.0,0.25,1011767.2376497965,2043.6278997333334,2184.265256168043
2024-05-23,0.0,122500.0,11079.572791652161,0.0,0.0,226.51788259851025,123.64307295590297,350.16095555441325,133229.41183609774,21594580.443593573,1.6195975822634736,125,7500.0,0.0,0.25,1030358.9412991914,2214.6634049066665,2399.363661411137
2024-05-24,0.0,-65000.0,184980.37881165204,0.0,0.0,0.0,124.57907295590296,124.57907295590296,119855.79973869614,21714436.243332267,1.6285867897168944,125,7500.0,0.0,0.25,1038158.9412991914,2214.6634049066665,2399.363661411137
2024-05-27,0.0,-100000.0,4665.14004563141,0.0,0.0,0.0,126.01907295590296,126.01907295590296,-95460.87902732448,21618975.364304945,1.6214272058908856,125,7500.0,0.0,0.25,1050158.9412991914,2214.6634049066665,2399.363661411137
2024-05-28,0.0,202500.0,-7688.370460491676,0.0,0.0,0.0,123.10307295590296,123.10307295590296,194688.5264665524,21813663.890771497,1.636028881880067,125,7500.0,0.0,0.25,1025858.9412991914,2214.6634049066665,2399.363661411137
2024-05-29,0.0,-180000.0,-9121.804079448984,0.0,0.0,0.0,125.69507295590296,125.69507295590296,-189247.49915240487,21624416.391619094,1.621835283959642,125,7500.0,0.0,0.25,1047458.9412991914,2214.6634049066665,2399.363661411137
2024-05-30,0.0,222500.0,4916.275890054607,0.0,0.0,0.0,122.49107295590296,122.49107295590296,227293.78481709873,21851710.176436193,1.6388823604386156,125,7500.0,0.0,0.25,1020758.9412991914,2214.6634049066665,2399.363661411137
2024-05-31,0.0,97500.0,-3655.52828051932,0.0,0.0,0.0,121.08707295590297,121.08707295590297,93723.38464652476,21945433.561082717,1.6459116318602833,125,7500.0,0.0,0.25,1009058.9412991914,2214.6634049066665,2399.363661411137
2024-06-03,0.0,262500.0,1063.2728711696159,0.0,2200.0,0.0,117.30707295590297,2317.307072955903,261245.9657982137,22206679.52688093,1.6655051282788906,125,7500.0,0.0,0.25,977558.9412991914,2214.6634049066665,2399.363661411137
2024-06-04,400000.0,-82500.0,-219501.0245104933,0.0,0.0,0.0,118.49507295590297,118.49507295590297,97880.4804165508,22304560.007297482,1.6728461826627679,125,7500.0,0.0,0.25,987458.9412991914,2214.6634049066665,2399.363661411137
2024-06-05,0.0,95000.0,4883.4888239468555,0.0,0.0,0.0,117.12707295590296,117.12707295590296,99766.36175099095,22404326.369048472,1.6803286785003317,125,7500.0,0.0,0.25,976058.9412991914,2214.6634049066665,2399.363661411137
2024-06-06,0.0,-92500.0,-2101.845603212027,0.0,0.0,0.0,118.45907295590297,118.45907295590297,-94720.30467616793,22309606.064372305,1.6732246378895177,125,7500.0,0.0,0.25,987158.9412991914,2214.6634049066665,2399.363661411137
2024-06-07,0.0,22500.0,815.7059341794693,0.0,0.0,0.0,118.13507295590296,118.13507295590296,23197.57086122357,22332803.63523353,1.6749644600536648,125,7500.0,0.0,0.25,984458.9412991914,2214.6634049066665,2399.363661411137
2024-06-11,-200000.0,132500.0,101096.01966649265,0.0,0.0,0.0,116.22707295590297,116.22707295590297,33479.792593536746,22366283.427827068,1.677475450775657,125,7500.0,0.0,0.25,968558.9412991914,2214.6634049066665,2399.363661411137
2024-06-12,0.0,-12500.0,3773.504847260334,0.0,0.0,0.0,116.40707295590296,116.40707295590296,-8842.902225695569,22357440.525601372,1.6768122314506815,125,7500.0,0.0,0.25,970058.9412991914,2214.6634049066665,2399.363661411137
2024-06-13,0.0,70000.0,-2209.113439203101,0.0,0.0,0.0,115.39907295590297,115.39907295590297,67675.487487841,22425116.01308921,1.681887905701455,125,7500.0,0.0,0.25,961658.9412991914,2214.6634049066665,2399.363661411137
2024-06-14,0.0,-22500.0,-2810.622368586024,0.0,0.0,0.0,115.72307295590296,115.72307295590296,-25426.345441541926,22399689.667647667,1.6799809250258877,125,7500.0,0.0,0.25,964358.9412991914,2214.6634049066665,2399.363661411137
2024-06-17,-600000.0,90000.0,299340.577616791,0.0,0.0,0.0,114.42707295590296,114.42707295590296,-210773.8494561649,22188915.818191506,1.66417284679648,125,7500.0,0.0,0.25,953558.9412991914,2214.6634049066665,2399.363661411137
2024-06-18,0.0,110000.0,-24811.465770460527,0.0,0.0,0.0,112.84307295590297,112.84307295590297,85075.69115658358,22273991.509348087,1.6705535395849556,125,7500.0,0.0,0.25,940358.9412991914,2214.6634049066665,2399.363661411137
2024-06-19,0.0,2500.0,-2524.559842055769,0.0,0.0,0.0,112.80707295590297,112.80707295590297,-137.36691501167195,22273854.142433077,1.6705432370405733,125,7500.0,0.0,0.25,940058.9412991914,2214.6634049066665,2399.363661411137
2024-06-20,0.0,-112500.0,-12226.769278199328,0.0,0.0,0.0,114.42707295590296,114.42707295590296,-124841.19635115523,22149012.94608192,1.6611801239064539,125,7500.0,0.0,0.25,953558.9412991914,2214.6634049066665,2399.363661411137
2024-06-21,0.0,27500.0,4784.6526708508645,0.0,0.0,0.0,114.03107295590296,114.03107295590296,32170.621597894962,22181183.567679815,1.6635929265583025,125,7500.0,0.0,0.25,950258.9412991914,2214.6634049066665,2399.363661411137
2024-06-24,0.0,215000.0,-23525.24013213575,0.0,0.0,0.0,110.93507295590297,110.93507295590297,191363.82479490835,22372547.392474726,1.6779452492987277,125,7500.0,0.0,0.25,924458.9412991914,2214.6634049066665,2399.363661411137
2024-06-25,0.0,-12500.0,-3130.538686097424,0.0,0.0,0.0,111.11507295590296,111.11507295590296,-15741.653759053328,22356805.73871567,1.676764622315231,125,7500.0,0.0,0.25,925958.9412991914,2214.6634049066665,2399.363661411137
2024-06-26,0.0,-102500.0,-16456.916514535198,0.0,0.0,0.0,112.59107295590296,112.59107295590296,-119069.5075874911,22237736.23112818,1.6678343869205807,125,7500.0,0.0,0.25,938258.9412991914,2214.6634049066665,2399.363661411137
2024-06-27,0.0,117500.0,-5957.5080547892685,0.0,0.0,0.0,110.89907295590297,110.89907295590297,111431.59287225483,22349167.824000433,1.6761917772794757,125,7500.0,0.0,0.25,924158.9412991914,2214.6634049066665,2399.363661411137
2024-06-28,0.0,-177500.0,-42798.63801728928,0.0,0.0,0.0,113.45507295590296,113.45507295590296,-220412.09309024518,22128755.73091019,1.6596608289703367,125,7500.0,0.0,0.25,945458.9412991914,2214.6634049066665,2399.363661411137
2024-07-01,-200000.0,-82500.0,59002.147341429554,0.0,2126.0,0.0,114.64307295590297,2240.643072955903,-225738.49573152635,21903017.235178664,1.6427303994643985,125,7500.0,0.0,0.25,955358.9412991914,2214.6634049066665,2399.363661411137
2024-07-02,0.0,-155000.0,-23833.433130972495,0.0,0.0,0.0,116.87507295590297,116.87507295590297,-178950.3082039284,21724066.926974736,1.6293090927958371,125,7500.0,0.0,0.25,973958.9412991914,2214.6634049066665,2399.363661411137
2024-07-03,0.0,-90000.0,-51551.0948144627,0.0,0.0,0.0,118.17107295590296,118.17107295590296,-141669.26588741862,21582397.661087316,1.6186838712912268,125,7500.0,0.0,0.25,984758.9412991914,2214.6634049066665,2399.363661411137
2024-07-04,0.0,55000.0,-51945.27580085217,0.0,0.0,0.0,117.37907295590297,117.37907295590297,2937.3451261919267,21585335.00621351,1.618904172726445,125,7500.0,0.0,0.25,978158.9412991914,2214.6634049066665,2399.363661411137
2024-07-05,0.0,207500.0,-128495.87893629067,0.0,0.0,209.87126660031672,112.744275996019,322.61554259633573,78681.505521113,21664016.51173462,1.6248053003933474,125,7500.0,0.0,0.25,939535.6333001584,2169.10039632,2323.149713906872
2024-07-08,0.0,197500.0,184766.7897910183,0.0,0.0,0.0,109.900275996019,109.900275996019,382156.8895150223,22046173.401249643,1.6534671387615703,125,7500.0,0.0,0.25,915835.6333001584,2169.10039632,2323.149713906872
2024-07-09,0.0,-22500.0,-3969.0536845238357,0.0,0.0,0.0,110.224275996019,110.224275996019,-26579.277960519852,22019594.123289123,1.651473687930904,125,7500.0,0.0,0.25,918535.6333001584,2169.10039632,2323.149713906872
2024-07-10,0.0,242500.0,-2642.9131581295273,0.0,0.0,0.0,106.732275996019,106.732275996019,239750.35456587447,22259344.477854997,1.6694550094766485,125,7500.0,0.0,0.25,889435.6333001584,2169.10039632,2323.149713906872
2024-07-11,0.0,-0.0,-979.602038092704,0.0,0.0,0.0,106.732275996019,106.732275996019,-1086.334314088723,22258258.143540908,1.6693735341994036,125,7500.0,0.0,0.25,889435.6333001584,2169.10039632,2323.149713906872
2024-07-12,0.0,-37500.0,3872.561598088513,0.0,0.0,0.0,107.272275996019,107.272275996019,-33734.710677907504,22224523.432863,1.6668434245732864,125,7500.0,0.0,0.25,893935.6333001584,2169.10039632,2323.149713906872
2024-07-15,0.0,12500.0,4997.433789287946,0.0,0.0,0.0,107.092275996019,107.092275996019,17390.341513291925,22241913.77437629,1.6681477034474805,125,7500.0,0.0,0.25,892435.6333001584,2169.10039632,2323.149713906872
2024-07-16,-300000.0,52500.0,152977.66510702943,0.0,0.0,0.0,106.336275996019,106.336275996019,-94628.67116896658,22147285.103207327,1.661050535366888,125,7500.0,0.0,0.25,886135.6333001584,2169.10039632,2323.149713906872
2024-07-17,0.0,30000.0,-1899.1160072204138,0.0,0.0,0.0,105.904275996019,105.904275996019,27994.979716783568,22175280.08292411,1.6631501640947184,125,7500.0,0.0,0.25,882535.6333001584,2169.10039632,2323.149713906872
2024-07-18,-100000.0,-72500.0,48037.38760256673,0.0,0.0,0.0,106.948275996019,106.948275996019,-124569.5606734293,22050710.522250682,1.6538074236873603,125,7500.0,0.0,0.25,891235.6333001584,2169.10039632,2323.149713906872
2024-07-19,0.0,50000.0,-7695.436197745469,0.0,0.0,0.0,106.22827599601901,106.22827599601901,42198.33552625851,22092908.85777694,1.6569723067640374,125,7500.0,0.0,0.25,885235.6333001584,2169.10039632,2323.149713906872
2024-07-22,0.0,110000.0,-1905.514322497801,0.0,0.0,0.0,104.644275996019,104.644275996019,107989.84140150619,22200898.699178442,1.665071565117296,125,7500.0,0.0,0.25,872035.6333001584,2169.10039632,2323.149713906872
2024-07-23,0.0,100000.0,-8730.040347709131,0.0,0.0,0.0,103.204275996019,103.204275996019,91166.75537629485,22292065.454554737,1.6719090888643273,125,7500.0,0.0,0.25,860035.6333001584,2169.10039632,2323.149713906872
2024-07-24,0.0,-35000.0,-5709.107643229494,0.0,0.0,0.0,103.708275996019,103.708275996019,-40812.81591922551,22251252.638635512,1.6688481200179635,125,7500.0,0.0,0.25,864235.6333001584,2169.10039632,2323.149713906872
2024-07-25,0.0,22500.0,-7997.631633637799,0.0,0.0,0.0,103.384275996019,103.384275996019,14398.984090366182,22265651.622725878,1.6699280465245572,125,7500.0,0.0,0.25,861535.6333001584,2169.10039632,2323.149713906872
2024-07-26,0.0,62500.0,-5687.626219230424,0.0,0.0,0.0,102.48427599601901,102.48427599601901,56709.88950477356,22322361.51223065,1.6741812988705458,125,7500.0,0.0,0.25,854035.6333001584,2169.10039632,2323.149713906872
2024-07-29,-100000.0,155000.0,40006.828417403376,0.0,0.0,0.0,100.25227599601901,100.25227599601901,94906.57614140736,22417268.08837206,1.681299309876179,125,7500.0,0.0,0.25,835435.6333001584,2169.10039632,2323.149713906872
2024-07-30,0.0,80000.0,688.7338284804656,0.0,0.0,0.0,99.10027599601901,99.10027599601901,80589.63355248445,22497857.721924543,1.6873435475032095,125,7500.0,0.0,0.25,825835.6333001584,2169.10039632,2323.149713906872
2024-07-31,-200000.0,-72500.0,99270.06529698103,0.0,0.0,0.0,100.144275996019,100.144275996019,-173330.078979015,22324527.642945528,1.6743437590803123,125,7500.0,0.0,0.25,834535.6333001584,2169.10039632,2323.149713906872
2024-08-01,-200000.0,50000.0,72962.29824209026,0.0,1749.0,0.0,99.424275996019,1848.424275996019,-78886.12603390576,22245641.516911622,1.6684272848365838,125,7500.0,0.0,0.25,828535.6333001584,2169.10039632,2323.149713906872
2024-08-02,0.0,-160000.0,10622.112296257135,0.0,0.0,0.0,101.72827599601901,101.72827599601901,-149479.61597973888,22096161.900931884,1.6572162856106052,125,7500.0,0.0,0.25,847735.6333001584,2169.10039632,2323.149713906872
2024-08-05,0.0,57500.0,41558.067159867314,0.0,0.0,0.0,100.900275996019,100.900275996019,98957.16688387131,22195119.067815755,1.6646380916814107,125,7500.0,0.0,0.25,840835.6333001584,2169.10039632,2323.149713906872
2024-08-06,0.0,117500.0,-2780.793532034309,0.0,0.0,0.0,99.208275996019,99.208275996019,114619.99819196967,22309739.066007726,1.673234613037112,125,7500.0,0.0,0.25,826735.6333001584,2169.10039632,2323.149713906872
2024-08-07,0.0,65000.0,-100637.5580184126,0.0,0.0,0.0,98.272275996019,98.272275996019,-35735.83029440862,22274003.235713318,1.6705544190645465,125,7500.0,0.0,0.25,818935.6333001584,2169.10039632,2323.149713906872
2024-08-08,0.0,25000.0,-48613.692745154505,0.0,0.0,0.0,97.912275996019,97.912275996019,-23711.605021150524,22250291.630692165,1.668776044242023,125,7500.0,0.0,0.25,815935.6333001584,2169.10039632,2323.149713906872
2024-08-09,0.0,-5000.0,11486.36394437613,0.0,0.0,0.0,97.98427599601901,97.98427599601901,6388.37966838011,22256680.010360546,1.6692551739149757,125,7500.0,0.0,0.25,816535.6333001584,2169.10039632,2323.149713906872
2024-08-12,-100000.0,65000.0,35530.9404106843,0.0,0.0,0.0,97.048275996019,97.048275996019,433.8921346882804,22257113.902495235,1.6692877159064323,125,7500.0,0.0,0.25,808735.6333001584,2169.10039632,2323.149713906872
2024-08-13,0.0,62500.0,1670.3016136816727,0.0,0.0,0.0,96.14827599601901,96.14827599601901,64074.15333768565,22321188.05583292,1.6740932894206924,125,7500.0,0.0,0.25,801235.6333001584,2169.10039632,2323.149713906872
2024-08-14,0.0,207500.0,-33390.80455894681,0.0,0.0,0.0,93.16027599601901,93.16027599601901,174016.03516505717,22495204.090997975,1.6871445246861598,125,7500.0,0.0,0.25,776335.6333001584,2169.10039632,2323.149713906872
2024-08-15,0.0,-25000.0,-24534.631757153205,0.0,0.0,0.0,93.52027599601901,93.52027599601901,-49628.15203314922,22445575.93896483,1.683422403978372,125,7500.0,0.0,0.25,779335.6333001584,2169.10039632,2323.149713906872
2024-08-16,0.0,7500.0,-8021.054834093988,0.0,0.0,206.90139329252906,92.15408359755173,299.0554768900808,-820.1103109840685,22444755.828653842,1.683360895551277,125,7500.0,0.0,0.25,767950.6966462645,2073.2200442133335,2215.916144560732
2024-08-19,-100000.0,-35000.0,221715.85898563103,0.0,0.0,0.0,92.65808359755174,92.65808359755174,86623.20090203348,22531379.029555876,1.6898576518608204,125,7500.0,0.0,0.25,772150.6966462645,2073.2200442133335,2215.916144560732
2024-08-20,0.0,-50000.0,6920.777461898737,0.0,0.0,0.0,93.37808359755174,93.37808359755174,-43172.60062169881,22488206.42893418,1.6866196987193103,125,7500.0,0.0,0.25,778150.6966462645,2073.2200442133335,2215.916144560732
2024-08-21,0.0,-72500.0,-993.9032736125774,0.0,0.0,0.0,94.42208359755173,94.42208359755173,-73588.32535721014,22414618.103576966,1.6811005605196738,125,7500.0,0.0,0.25,786850.6966462645,2073.2200442133335,2215.916144560732
2024-08-22,0.0,200000.0,-5838.4399329861835,0.0,0.0,0.0,91.54208359755174,91.54208359755174,194070.01798341627,22608688.121560384,1.6956558482566495,125,7500.0,0.0,0.25,762850.6966462645,2073.2200442133335,2215.916144560732
2024-08-23,0.0,47500.0,3189.8969638401377,0.0,0.0,0.0,90.85808359755174,90.85808359755174,50599.03888024259,22659287.160440624,1.699450785660011,125,7500.0,0.0,0.25,757150.6966462645,2073.2200442133335,2215.916144560732
2024-08-26,-100000.0,-82500.0,56398.47323411681,0.0,0.0,0.0,92.04608359755173,92.04608359755173,-126193.57284948074,22533093.587591145,1.689986244034946,125,7500.0,0.0,0.25,767050.6966462645,2073.2200442133335,2215.916144560732
2024-08-27,0.0,-87500.0,-6896.185548803935,0.0,0.0,0.0,93.30608359755173,93.30608359755173,-94489.49163240148,22438604.095958743,1.6828995144456917,125,7500.0,0.0,0.25,777550.6966462645,2073.2200442133335,2215.916144560732
2024-08-28,0.0,115000.0,4772.993490233848,0.0,0.0,0.0,91.65008359755173,91.65008359755173,119681.3434066363,22558285.43936538,1.6918756376414976,125,7500.0,0.0,0.25,763750.6966462645,2073.2200442133335,2215.916144560732
2024-08-29,0.0,-70000.0,-5757.0475695172445,0.0,0.0,0.0,92.65808359755174,92.65808359755174,-75849.7056531148,22482435.733712263,1.6861868954956585,125,7500.0,0.0,0.25,772150.6966462645,2073.2200442133335,2215.916144560732
2024-08-30,0.0,-0.0,-4717.985196004371,0.0,0.0,0.0,92.65808359755174,92.65808359755174,-4810.643279601923,22477625.090432663,1.6858260963476905,125,7500.0,0.0,0.25,772150.6966462645,2073.2200442133335,2215.916144560732
2024-09-02,-200000.0,232500.0,108012.55117335134,0.0,1503.0,0.0,89.31008359755174,1592.3100835975517,138920.2410897538,22616545.331522416,1.6962451404770325,125,7500.0,0.0,0.25,744250.6966462645,2073.2200442133335,2215.916144560732
2024-09-03,0.0,10000.0,7499.089843176918,0.0,0.0,0.0,89.16608359755173,89.16608359755173,17409.923759579364,22633955.255281996,1.6975508880233698,125,7500.0,0.0,0.25,743050.6966462645,2073.2200442133335,2215.916144560732
2024-09-04,0.0,35000.0,-8322.868887857772,0.0,0.0,0.0,88.66208359755173,88.66208359755173,26588.469028544674,22660543.72431054,1.6995450281858608,125,7500.0,0.0,0.25,738850.6966462645,2073.2200442133335,2215.916144560732
2024-09-05,0.0,132500.0,-5339.122017784827,0.0,0.0,0.0,86.75408359755174,86.75408359755174,127074.12389861762,22787617.848209158,1.709075611304715,125,7500.0,0.0,0.25,722950.6966462645,2073.2200442133335,2215.916144560732
2024-09-06,0.0,5000.0,3002.5876021308486,0.0,0.0,0.0,86.68208359755174,86.68208359755174,7915.905518533297,22795533.753727693,1.7096693057028411,125,7500.0,0.0,0.25,722350.6966462645,2073.2200442133335,2215.916144560732
2024-09-09,-100000.0,97500.0,52061.07007080689,0.0,0.0,0.0,85.27808359755174,85.27808359755174,49475.79198720934,22845009.5457149,1.7133799993786158,125,7500.0,0.0,0.25,710650.6966462645,2073.2200442133335,2215.916144560732
2024-09-10,0.0,77500.0,-4713.231989918682,0.0,0.0,0.0,84.16208359755174,84.16208359755174,72702.60592648377,22917712.151641384,1.718832708454875,125,7500.0,0.0,0.25,701350.6966462645,2073.2200442133335,2215.916144560732
2024-09-11,-400000.0,-122500.0,203596.88124160827,0.0,0.0,0.0,85.92608359755174,85.92608359755174,-318989.04484198923,22598723.106799394,1.6949084702811303,125,7500.0,0.0,0.25,716050.6966462645,2073.2200442133335,2215.916144560732
2024-09-12,0.0,55000.0,5933.293613125059,0.0,0.0,0.0,85.13408359755174,85.13408359755174,60848.15952952751,22659571.266328923,1.6994720936549035,125,7500.0,0.0,0.25,709450.6966462645,2073.2200442133335,2215.916144560732
2024-09-13,0.0,90000.0,-10506.025973251632,0.0,0.0,0.0,83.83808359755173,83.83808359755173,79410.13594315082,22738981.402272075,1.7054278687400775,125,7500.0,0.0,0.25,698650.6966462645,2073.2200442133335,2215.916144560732
2024-09-18,-200000.0,-17500.0,105591.69728104422,0.0,0.0,0.0,84.09008359755174,84.09008359755174,-111992.39280255332,22626989.00946952,1.6970284182812598,125,7500.0,0.0,0.25,700750.6966462645,2073.2200442133335,2215.916144560732
2024-09-19,-1100000.0,-50000.0,682646.1356726766,0.0,0.0,0.0,84.81008359755174,84.81008359755174,-467438.67441092094,22159550.3350586,1.66197043005547,125,7500.0,0.0,0.25,706750.6966462645,2073.2200442133335,2215.916144560732
2024-09-20,0.0,92500.0,-12340.79871744477,0.0,0.0,0.0,83.47808359755173,83.47808359755173,80075.72319895768,22239626.058257557,1.6679761243096276,125,7500.0,0.0,0.25,695650.6966462645,2073.2200442133335,2215.916144560732
2024-09-23,-300000.0,-50000.0,211355.29683209746,0.0,0.0,0.0,84.19808359755173,84.19808359755173,-138728.9012515001,22100897.157006055,1.6575714307040308,125,7500.0,0.0,0.25,701650.6966462645,2073.2200442133335,2215.916144560732
2024-09-24,0.0,-202500.0,-957.0751719612502,0.0,0.0,0.0,87.11408359755174,87.11408359755174,-203544.1892555588,21897352.967750497,1.6423055783452332,125,7500.0,0.0,0.25,725950.6966462645,2073.2200442133335,2215.916144560732
2024-09-25,0.0,-80000.0,-5999.720803954816,0.0,0.0,0.0,88.26608359755174,88.26608359755174,-86087.98688755237,21811264.980862945,1.635848963187129,125,7500.0,0.0,0.25,735550.6966462645,2073.2200442133335,2215.916144560732
2024-09-26,-900000.0,-102500.0,673061.2464030002,0.0,0.0,0.0,89.74208359755174,89.74208359755174,-329528.4956805974,21481736.48518235,1.6111342642243367,125,7500.0,0.0,0.25,747850.6966462645,2073.2200442133335,2215.916144560732
2024-09-27,0.0,-160000.0,243.29137348530594,0.0,0.0,0.0,92.04608359755173,92.04608359755173,-159848.75471011226,21321887.730472237,1.599145577649362,125,7500.0,0.0,0.25,767050.6966462645,2073.2200442133335,2215.916144560732
2024-09-30,100000.0,-300000.0,-74730.19257949559,0.0,0.0,0.0,96.36608359755174,96.36608359755174,-274826.55866309314,21047061.171809144,1.5785335342195215,125,7500.0,0.0,0.25,803050.6966462645,2073.2200442133335,2215.916144560732
2024-10-08,100000.0,510000.0,-74738.21197962791,0.0,1495.0,245.8612384390977,87.90367430634599,1828.7649127454436,533433.0231076266,21580494.19491677,1.618541110971535,125,7500.0,0.0,0.25,732530.6192195499,1759.2357330133334,1881.3297316241733
2024-10-09,0.0,-0.0,176659.48378904225,0.0,0.0,0.0,87.90367430634599,87.90367430634599,176571.5801147359,21757065.775031507,1.6317840125873946,125,7500.0,0.0,0.25,732530.6192195499,1759.2357330133334,1881.3297316241733
2024-10-10,0.0,57500.0,-14172.716510905819,0.0,0.0,0.0,87.07567430634599,87.07567430634599,43240.207814787835,21800305.982846294,1.6350270362810628,125,7500.0,0.0,0.25,725630.6192195499,1759.2357330133334,1881.3297316241733
2024-10-11,0.0,-112500.0,-4816.218265883823,0.0,0.0,0.0,88.69567430634598,88.69567430634598,-117404.91394019018,21682901.068906102,1.626221645722072,125,7500.0,0.0,0.25,739130.6192195499,1759.2357330133334,1881.3297316241733
2024-10-14,0.0,-32500.0,-4266.305637291339,0.0,0.0,0.0,89.16367430634598,89.16367430634598,-36855.469311597684,21646045.599594504,1.6234574786132843,125,7500.0,0.0,0.25,743030.6192195499,1759.2357330133334,1881.3297316241733
2024-10-15,0.0,-107500.0,7483.2065335684565,0.0,0.0,0.0,90.71167430634598,90.71167430634598,-100107.50514073789,21545938.094453767,1.615949396957525,125,7500.0,0.0,0.25,755930.6192195499,1759.2357330133334,1881.3297316241733
2024-10-16,0.0,62500.0,34.50382832541621,0.0,0.0,0.0,89.81167430634598,89.81167430634598,62444.692154019074,21608382.786607787,1.6206327605774855,125,7500.0,0.0,0.25,748430.6192195499,1759.2357330133334,1881.3297316241733
2024-10-17,0.0,280000.0,-857.3284186221031,0.0,0.0,0.0,85.77967430634598,85.77967430634598,279056.8919070716,21887439.67851486,1.641562079793814,125,7500.0,0.0,0.25,714830.6192195499,1759.2357330133334,1881.3297316241733
2024-10-18,0.0,-133000.0,80.84731694081526,2030.0,0.0,213.26751427080674,198.35999999999999,2441.627514270807,-135360.78019733,21752078.89831753,1.6314099958988046,475,500.0,1.0,0.95,1653000.0,0.0,0.0
2024-10-21,-400000.0,-294500.0,0.0,0.0,0.0,0.0,202.6008,202.6008,-694702.6008,21057376.29751753,1.5793071705817412,475,500.0,1.0,0.95,1688340.0,0.0,0.0
2024-10-22,0.0,-380000.0,0.0,0.0,0.0,0.0,208.07279999999997,208.07279999999997,-380208.0728,20677168.224717528,1.550791493832549,475,500.0,1.0,0.95,1733940.0,0.0,0.0
2024-10-23,0.0,22500.0,0.0,2116.8,0.0,212.95688748418905,86.10941324905134,2415.86630073324,20084.13369926676,20697252.358416796,1.5522978076257787,125,7500.0,0.0,0.25,717578.4437420946,1715.9443746666668,1842.4976794779666
2024-10-24,0.0,-115000.0,155245.44506106045,0.0,0.0,0.0,87.76541324905133,87.76541324905133,40157.679647811405,20737410.038064606,1.5553096411289482,125,7500.0,0.0,0.25,731378.4437420946,1715.9443746666668,1842.4976794779666
2024-10-25,0.0,100000.0,-4319.628329575967,0.0,0.0,0.0,86.32541324905134,86.32541324905134,95594.04625717498,20833004.084321782,1.562479212522165,125,7500.0,0.0,0.25,719378.4437420946,1715.9443746666668,1842.4976794779666
2024-10-28,0.0,-105000.0,4650.2487999597615,0.0,0.0,0.0,87.83741324905134,87.83741324905134,-100437.58861328929,20732566.49570849,1.5549463745440733,125,7500.0,0.0,0.25,731978.4437420946,1715.9443746666668,1842.4976794779666
2024-10-29,0.0,107500.0,-1565.6650982164422,0.0,0.0,0.0,86.28941324905134,86.28941324905134,105848.04548853451,20838414.541197028,1.5628849978022716,125,7500.0,0.0,0.25,719078.4437420946,1715.9443746666668,1842.4976794779666
2024-10-30,0.0,-107500.0,-2120.1959832948523,0.0,0.0,0.0,87.83741324905134,87.83741324905134,-109708.0333965439,20728706.507800482,1.554656874727223,125,7500.0,0.0,0.25,731978.4437420946,1715.9443746666668,1842.4976794779666
2024-10-31,0.0,-37500.0,3800.945771792197,0.0,0.0,0.0,88.37741324905134,88.37741324905134,-33787.43164145685,20694919.076159026,1.5521228110189544,125,7500.0,0.0,0.25,736478.4437420946,1715.9443746666668,1842.4976794779666
2024-11-01,0.0,90000.0,-8051.991358752595,0.0,1539.0,0.0,87.08141324905134,1626.0814132490514,80321.92722799836,20775241.003387026,1.5581469706214535,125,7500.0,0.0,0.25,725678.4437420946,1715.9443746666668,1842.4976794779666
2024-11-04,-800000.0,35000.0,452975.91731419513,0.0,0.0,0.0,86.57741324905135,86.57741324905135,-312110.66009905393,20463130.34328797,1.5347386125931293,125,7500.0,0.0,0.25,721478.4437420946,1715.9443746666668,1842.4976794779666
2024-11-05,0.0,-45000.0,18757.771313232184,0.0,0.0,0.0,87.22541324905134,87.22541324905134,-26329.45410001687,20436800.889187954,1.532763898598843,125,7500.0,0.0,0.25,726878.4437420946,1715.9443746666668,1842.4976794779666
2024-11-06,0.0,65000.0,-30784.006172560403,0.0,0.0,0.0,86.28941324905134,86.28941324905134,34129.70441419054,20470930.593602143,1.5353236328292428,125,7500.0,0.0,0.25,719078.4437420946,1715.9443746666668,1842.4976794779666
2024-11-07,0.0,-72500.0,-4380.39107077504,0.0,0.0,0.0,87.33341324905133,87.33341324905133,-76967.7244840241,20393962.86911812,1.5295510390614566,125,7500.0,0.0,0.25,727778.4437420946,1715.9443746666668,1842.4976794779666
2024-11-08,0.0,304000.0,-4016.8602179668155,2119.6,0.0,158.76968975194194,207.1152,2485.484889751942,297497.6548922812,20691460.5240104,1.5518634189593274,475,500.0,1.0,0.95,1725960.0,0.0,0.0
2024-11-11,0.0,275500.0,0.0,0.0,0.0,0.0,203.148,203.148,275296.852,20966757.376010403,1.5725107344776164,475,500.0,1.0,0.95,1692900.0,0.0,0.0
2024-11-12,0.0,-114000.0,0.0,0.0,0.0,0.0,204.78959999999998,204.78959999999998,-114204.7896,20852552.586410403,1.5639453538441648,475,500.0,1.0,0.95,1706580.0,0.0,0.0
2024-11-13,0.0,-256500.0,0.0,0.0,0.0,0.0,208.48319999999998,208.48319999999998,-256708.4832,20595844.103210405,1.544692169471204,475,500.0,1.0,0.95,1737360.0,0.0,0.0
2024-11-14,0.0,228000.0,0.0,0.0,0.0,0.0,205.2,205.2,227794.8,20823638.9032104,1.5617768221828356,475,500.0,1.0,0.95,1710000.0,0.0,0.0
2024-11-15,0.0,285000.0,0.0,0.0,0.0,0.0,201.09599999999998,201.09599999999998,284798.904,21108437.8072104,1.5831367933827636,475,500.0,1.0,0.95,1675800.0,0.0,0.0
2024-11-18,0.0,-123500.0,0.0,0.0,0.0,0.0,202.87439999999998,202.87439999999998,-123702.8744,20984734.932810403,1.5738590546084168,475,500.0,1.0,0.95,1690620.0,0.0,0.0
2024-11-19,0.0,28500.0,0.0,0.0,0.0,0.0,202.46399999999997,202.46399999999997,28297.536,21013032.4688104,1.575981375114218,475,500.0,1.0,0.95,1687200.0,0.0,0.0
2024-11-20,0.0,142500.0,0.0,0.0,0.0,0.0,200.41199999999998,200.41199999999998,142299.588,21155332.0568104,1.5866538708954574,475,500.0,1.0,0.95,1670100.0,0.0,0.0
2024-11-21,0.0,-408500.0,0.0,0.0,0.0,0.0,206.2944,206.2944,-408706.2944,20746625.762410402,1.5560008221828356,475,500.0,1.0,0.95,1719120.0,0.0,0.0
2024-11-22,0.0,256500.0,0.0,0.0,0.0,0.0,202.6008,202.6008,256297.3992,21002923.161610402,1.575223175178718,475,500.0,1.0,0.95,1688340.0,0.0,0.0
2024-11-25,0.0,-52500.0,0.0,2102.8,0.0,179.76939195002257,82.89416351699958,2365.463555467022,-54865.463555467024,20948057.698054936,1.571108255124758,125,7500.0,0.0,0.25,690784.6959749965,1639.31379008,1755.8444482520463
2024-11-26,0.0,-0.0,137425.73591168373,0.0,0.0,0.0,82.89416351699958,82.89416351699958,137342.84174816674,21085400.539803103,1.5814089940077176,125,7500.0,0.0,0.25,690784.6959749965,1639.31379008,1755.8444482520463
2024-11-27,0.0,-7500.0,-3992.6031105722436,0.0,0.0,0.0,83.00216351699957,83.00216351699957,-11575.605274089243,21073824.934529014,1.5805408214417296,125,7500.0,0.0,0.25,691684.6959749965,1639.31379008,1755.8444482520463
2024-11-28,0.0,45000.0,-2064.019056328954,0.0,0.0,0.0,82.35416351699958,82.35416351699958,42853.62678015405,21116678.561309166,1.5837548514853161,125,7500.0,0.0,0.25,686284.6959749965,1639.31379008,1755.8444482520463
2024-11-29,0.0,85500.0,-2204.9466277583106,2069.2000000000003,0.0,112.10847882441946,202.19039999999998,2383.4988788244195,80911.55449341726,21197590.115802586,1.5898232332432771,475,500.0,1.0,0.95,1684920.0,0.0,0.0
2024-12-02,0.0,-38000.0,0.0,0.0,5631.6,0.0,202.7376,5834.337600000001,-43834.3376,21153755.778202586,1.5865356497043182,475,500.0,1.0,0.95,1689480.0,0.0,0.0
2024-12-03,0.0,95000.0,0.0,0.0,0.0,0.0,201.3696,201.3696,94798.6304,21248554.408602584,1.5936455647591057,475,500.0,1.0,0.95,1678080.0,0.0,0.0
2024-12-04,0.0,465500.0,0.0,0.0,0.0,0.0,194.66639999999998,194.66639999999998,465305.3336,21713859.742202584,1.6285435520240739,475,500.0,1.0,0.95,1622220.0,0.0,0.0
2024-12-05,0.0,47500.0,0.0,0.0,0.0,0.0,193.98239999999998,193.98239999999998,47306.0176,21761165.759802584,1.6320915122139743,475,500.0,1.0,0.95,1616520.0,0.0,0.0
2024-12-06,0.0,-95000.0,0.0,0.0,0.0,0.0,195.35039999999998,195.35039999999998,-95195.3504,21665970.409402583,1.6249518430848013,475,500.0,1.0,0.95,1627920.0,0.0,0.0
2024-12-09,-200000.0,76000.0,0.0,0.0,0.0,0.0,194.25599999999997,194.25599999999997,-124194.256,21541776.15340258,1.61563725059832,475,500.0,1.0,0.95,1618800.0,0.0,0.0
2024-12-10,0.0,-123500.0,0.0,0.0,0.0,0.0,196.03439999999998,196.03439999999998,-123696.0344,21418080.119002584,1.6063600248252559,475,500.0,1.0,0.95,1633620.0,0.0,0.0
2024-12-11,0.0,-66500.0,0.0,0.0,0.0,0.0,196.992,196.992,-66696.992,21351383.127002582,1.6013577379195385,475,500.0,1.0,0.95,1641600.0,0.0,0.0
2024-12-12,0.0,-798000.0,0.0,0.0,0.0,0.0,208.48319999999998,208.48319999999998,-798208.4832,20553174.643802583,1.5414919520150738,475,500.0,1.0,0.95,1737360.0,0.0,0.0
2024-12-13,0.0,80000.0,0.0,2088.8,0.0,122.90237842530257,78.90614270551801,2290.608521130821,77709.39147886918,20630884.035281453,1.5473201709465363,125,7500.0,0.0,0.25,657551.1892126502,1618.3881648000001,1734.674999308146
2024-12-16,0.0,72500.0,129429.35800685528,0.0,0.0,0.0,77.86214270551801,77.86214270551801,201851.4958641498,20832735.531145602,1.5624590709835977,125,7500.0,0.0,0.25,648851.1892126502,1618.3881648000001,1734.674999308146
2024-12-17,0.0,9500.0,-1351.990497250357,2046.8000000000002,0.0,121.53856599948135,200.0016,2368.3401659994815,5779.669336750161,20838515.200482354,1.5628925472675448,475,500.0,1.0,0.95,1666680.0,0.0,0.0
2024-12-18,0.0,266000.0,0.0,0.0,0.0,0.0,196.17119999999997,196.17119999999997,265803.8288,21104319.029282354,1.5828278842658872,475,500.0,1.0,0.95,1634760.0,0.0,0.0
2024-12-19,0.0,-266000.0,0.0,0.0,0.0,0.0,200.0016,200.0016,-266200.0016,20838119.027682353,1.562862834233262,475,500.0,1.0,0.95,1666680.0,0.0,0.0
2024-12-20,0.0,-0.0,0.0,0.0,0.0,0.0,200.0016,200.0016,-200.0016,20837919.02608235,1.5628478340757617,475,500.0,1.0,0.95,1666680.0,0.0,0.0
2024-12-23,0.0,95000.0,0.0,0.0,0.0,0.0,198.63359999999997,198.63359999999997,94801.3664,20932720.392482355,1.5699579543310624,475,500.0,1.0,0.95,1655280.0,0.0,0.0
2024-12-24,0.0,-323000.0,0.0,0.0,0.0,0.0,203.2848,203.2848,-323203.2848,20609517.107682355,1.545717647370295,475,500.0,1.0,0.95,1694040.0,0.0,0.0
2024-12-25,0.0,47500.0,0.0,2053.8,0.0,113.16974653040272,77.42218479182397,2244.391931322227,45255.60806867777,20654772.71575103,1.5491118264608934,125,7500.0,0.0,0.25,645184.8732651998,1618.2799864,1734.532875349896
2024-12-26,0.0,5000.0,126395.6262449282,0.0,0.0,0.0,77.35018479182398,77.35018479182398,131318.27606013636,20786090.991811167,1.558960721787642,125,7500.0,0.0,0.25,644584.8732651998,1618.2799864,1734.532875349896
2024-12-27,0.0,133000.0,-1951.7830626597465,2031.4,0.0,106.28008708753804,198.49679999999998,2336.176887087538,128712.04005025272,20914803.031861417,1.5686141489249785,475,500.0,1.0,0.95,1654140.0,0.0,0.0
2024-12-30,0.0,76000.0,0.0,0.0,0.0,0.0,197.40239999999997,197.40239999999997,75802.5976,20990605.62946142,1.5742993579580014,475,500.0,1.0,0.95,1645020.0,0.0,0.0
2024-12-31,0.0,95000.0,0.0,0.0,0.0,0.0,196.03439999999998,196.03439999999998,94803.9656,21085409.595061418,1.5814096731537892,475,500.0,1.0,0.95,1633620.0,0.0,0.0
2025-01-02,-100000.0,-104500.0,0.0,0.0,5487.2,0.0,197.5392,5684.7392,-210184.7392,20875224.855861418,1.565645778304052,475,500.0,1.0,0.95,1646160.0,0.0,0.0
2025-01-03,0.0,266000.0,0.0,0.0,0.0,0.0,193.7088,193.7088,265806.2912,21141031.14706142,1.5855812999828565,475,500.0,1.0,0.95,1614240.0,0.0,0.0
2025-01-06,0.0,-0.0,0.0,0.0,0.0,0.0,193.7088,193.7088,-193.7088,21140837.43826142,1.5855667717865358,475,500.0,1.0,0.95,1614240.0,0.0,0.0
2025-01-07,0.0,114000.0,0.0,0.0,0.0,0.0,192.06719999999999,192.06719999999999,113807.9328,21254645.37106142,1.5941023880855765,475,500.0,1.0,0.95,1600560.0,0.0,0.0
2025-01-08,0.0,171000.0,0.0,0.0,0.0,0.0,189.60479999999998,189.60479999999998,170810.3952,21425455.766261417,1.6069131997526056,475,500.0,1.0,0.95,1580040.0,0.0,0.0
2025-01-09,0.0,-209000.0,0.0,0.0,0.0,0.0,192.6144,192.6144,-209192.6144,21216263.151861418,1.5912237144488925,475,500.0,1.0,0.95,1605120.0,0.0,0.0
2025-01-10,0.0,38000.0,0.0,0.0,0.0,0.0,192.06719999999999,192.06719999999999,37807.9328,21254071.084661417,1.5940593164978976,475,500.0,1.0,0.95,1600560.0,0.0,0.0
2025-01-13,-200000.0,-218500.0,0.0,0.0,0.0,0.0,195.21359999999999,195.21359999999999,-418695.2136,20835375.87106142,1.5626570969723488,475,500.0,1.0,0.95,1626780.0,0.0,0.0
2025-01-14,0.0,-323000.0,0.0,0.0,0.0,0.0,199.86479999999997,199.86479999999997,-323199.8648,20512176.006261416,1.5384170465122224,475,500.0,1.0,0.95,1665540.0,0.0,0.0
2025-01-15,0.0,22500.0,0.0,2032.8000000000002,0.0,90.72877644053871,75.21172658643225,2198.740503026971,20301.259496973027,20532477.26575839,1.5399396447809912,125,7500.0,0.0,0.25,626764.3882202688,1589.277195918194,1702.0501582525756
2025-01-16,0.0,-67500.0,116806.22105651765,0.0,0.0,0.0,76.18372658643224,76.18372658643224,49230.03732993122,20581707.303088322,1.5436319068113913,125,7500.0,0.0,0.25,634864.3882202688,1589.277195918194,1702.0501582525756
2025-01-17,0.0,-80000.0,-323.55052417255337,0.0,0.0,0.0,77.33572658643224,77.33572658643224,-80400.88625075898,20501306.416837562,1.5376018252673802,125,7500.0,0.0,0.25,644464.3882202688,1589.277195918194,1702.0501582525756
2025-01-20,0.0,55000.0,625.3496261049918,0.0,0.0,0.0,76.54372658643224,76.54372658643224,55548.805899518564,20556855.22273708,1.5417679961252715,125,7500.0,0.0,0.25,637864.3882202688,1589.277195918194,1702.0501582525756
2025-01-21,0.0,7500.0,-1147.9651119519829,0.0,0.0,0.0,76.43572658643224,76.43572658643224,6275.599161461585,20563130.821898542,1.5422386672390587,125,7500.0,0.0,0.25,636964.3882202688,1589.277195918194,1702.0501582525756
2025-01-22,0.0,5000.0,-4226.323483016427,0.0,0.0,0.0,76.36372658643225,76.36372658643225,697.3127903971404,20563828.13468894,1.542290965829085,125,7500.0,0.0,0.25,636364.3882202688,1589.277195918194,1702.0501582525756
2025-01-23,0.0,-17500.0,-2262.995309348903,0.0,0.0,0.0,76.61572658643225,76.61572658643225,-19839.611035935333,20543988.523653004,1.5408029912814536,125,7500.0,0.0,0.25,638464.3882202688,1589.277195918194,1702.0501582525756
2025-01-24,0.0,-42500.0,-365.1794768993222,0.0,0.0,0.0,77.22772658643224,77.22772658643224,-42942.40720348575,20501046.11644952,1.5375823026894708,125,7500.0,0.0,0.25,643564.3882202688,1589.277195918194,1702.0501582525756
2025-01-27,-300000.0,67500.0,144075.5734197143,0.0,0.0,0.0,76.25572658643225,76.25572658643225,-88500.68230687214,20412545.43414265,1.530944734922536,125,7500.0,0.0,0.25,635464.3882202688,1589.277195918194,1702.0501582525756
2025-02-05,0.0,82500.0,4612.019796753941,0.0,1448.0,0.0,75.06772658643224,1523.0677265864322,85588.9520701675,20498134.386212815,1.5373639223757671,125,7500.0,0.0,0.25,625564.3882202688,1589.277195918194,1702.0501582525756
2025-02-06,0.0,142500.0,-1997.9750881071113,2006.2,0.0,82.31503459219851,196.03439999999998,2284.5494345921984,138217.4754773007,20636351.861690115,1.547730258952406,475,500.0,1.0,0.95,1633620.0,0.0,0.0
2025-02-07,-300000.0,-199500.0,0.0,0.0,0.0,0.0,198.9072,198.9072,-499698.9072,20136652.954490114,1.5102527472186267,475,500.0,1.0,0.95,1657560.0,0.0,0.0
2025-02-10,-300000.0,-85500.0,0.0,0.0,0.0,0.0,200.1384,200.1384,-385700.1384,19750952.816090114,1.48132516451967,475,500.0,1.0,0.95,1667820.0,0.0,0.0
2025-02-11,0.0,76000.0,0.0,0.0,0.0,0.0,199.04399999999998,199.04399999999998,75800.956,19826753.772090115,1.4870102504323848,475,500.0,1.0,0.95,1658700.0,0.0,0.0
2025-02-12,0.0,-142500.0,0.0,0.0,0.0,0.0,201.09599999999998,201.09599999999998,-142701.096,19684052.676090114,1.4763076414758622,475,500.0,1.0,0.95,1675800.0,0.0,0.0
2025-02-13,0.0,427500.0,0.0,0.0,0.0,0.0,194.93999999999997,194.93999999999997,427305.06,20111357.736090116,1.5083556010957615,475,500.0,1.0,0.95,1624500.0,0.0,0.0
2025-02-14,0.0,-313500.0,0.0,0.0,0.0,0.0,199.4544,199.4544,-313699.4544,19797658.281690113,1.4848280831969665,475,500.0,1.0,0.95,1662120.0,0.0,0.0
2025-02-17,0.0,-532000.0,0.0,0.0,0.0,0.0,207.1152,207.1152,-532207.1152,19265451.166490115,1.4449124497678831,475,500.0,1.0,0.95,1725960.0,0.0,0.0
2025-02-18,0.0,22500.0,0.0,2107.0,0.0,123.64116168067028,78.12246970084013,2308.7636313815105,20191.23636861849,19285642.402858734,1.4464267962813957,125,7500.0,0.0,0.25,651020.5808403344,1500.6811560501328,1608.7728373989653
2025-02-19,0.0,2500.0,120075.7178967916,0.0,0.0,0.0,78.08646970084013,78.08646970084013,122497.63142709076,19408140.034285825,1.455614141606791,125,7500.0,0.0,0.25,650720.5808403344,1500.6811560501328,1608.7728373989653
2025-02-20,-340000.0,-70000.0,186000.76481407785,0.0,0.0,0.0,79.09446970084012,79.09446970084012,-224078.329655623,19184061.704630204,1.4388082248678273,125,7500.0,0.0,0.25,659120.5808403344,1500.6811560501328,1608.7728373989653
2025-02-21,0.0,42500.0,-2454.3286342189676,0.0,0.0,0.0,78.48246970084013,78.48246970084013,39967.188896080195,19224028.893526282,1.4418057715288999,125,7500.0,0.0,0.25,654020.5808403344,1500.6811560501328,1608.7728373989653
2025-02-24,0.0,-20000.0,-5220.866685596874,0.0,0.0,0.0,78.77046970084012,78.77046970084012,-25299.637155297714,19198729.256370984,1.4399082939985588,125,7500.0,0.0,0.25,656420.5808403344,1500.6811560501328,1608.7728373989653
2025-02-25,0.0,65000.0,-1209.760545813321,0.0,0.0,0.0,77.83446970084012,77.83446970084012,63712.40498448584,19262441.66135547,1.444686736318501,125,7500.0,0.0,0.25,648620.5808403344,1500.6811560501328,1608.7728373989653
2025-02-26,100000.0,-95000.0,-54980.39605740553,2109.8,0.0,103.06752823339814,206.15759999999997,2419.0251282333984,-52399.42118563893,19210042.24016983,1.440756769904662,475,500.0,1.0,0.95,1717980.0,0.0,0.0
2025-02-27,0.0,-465500.0,0.0,0.0,0.0,0.0,212.86079999999998,212.86079999999998,-465712.8608,18744329.379369833,1.4058282180232824,475,500.0,1.0,0.95,1773840.0,0.0,0.0
2025-02-28,320000.0,-123500.0,0.0,0.0,0.0,0.0,214.6392,214.6392,196285.3608,18940614.74016983,1.4205496568868796,475,500.0,1.0,0.95,1788660.0,0.0,0.0
2025-03-03,200000.0,199500.0,0.0,0.0,5882.400000000001,0.0,211.76639999999998,6094.1664,393405.8336,19334020.57376983,1.4500551681706577,475,500.0,1.0,0.95,1764720.0,0.0,0.0
2025-03-04,0.0,247000.0,0.0,0.0,0.0,0.0,208.2096,208.2096,246791.7904,19580812.364169832,1.4685645987242342,475,500.0,1.0,0.95,1735080.0,0.0,0.0
2025-03-05,0.0,532000.0,0.0,0.0,0.0,0.0,200.54879999999997,200.54879999999997,531799.4512,20112611.815369833,1.5084496572768806,475,500.0,1.0,0.95,1671240.0,0.0,0.0
2025-03-06,0.0,-28500.0,0.0,0.0,0.0,0.0,200.95919999999998,200.95919999999998,-28700.9592,20083910.85616983,1.5062970799554372,475,500.0,1.0,0.95,1674660.0,0.0,0.0
2025-03-07,0.0,77500.0,0.0,2013.2,0.0,145.82884851118564,77.34413091067113,2236.3729794218566,75263.62702057815,20159174.48319041,1.5119418660939459,125,7500.0,0.0,0.25,644534.4242555927,1527.9883794987556,1638.888070082963
2025-03-10,0.0,10000.0,127304.21698752411,0.0,0.0,0.0,77.20013091067112,77.20013091067112,137227.01685661345,20296401.500047024,1.522233918088322,125,7500.0,0.0,0.25,643334.4242555927,1527.9883794987556,1638.888070082963
2025-03-11,0.0,7500.0,-481.9023568720837,0.0,0.0,0.0,77.09213091067112,77.09213091067112,6941.005512217245,20303342.50555924,1.52275449480318,125,7500.0,0.0,0.25,642434.4242555927,1527.9883794987556,1638.888070082963
2025-03-12,0.0,-9500.0,-711.0116256179033,2004.8000000000002,0.0,133.43173711333546,195.89759999999998,2334.1293371133356,-12545.140962731239,20290797.36459651,1.5218136068787553,475,500.0,1.0,0.95,1632480.0,0.0,0.0
2025-03-13,0.0,-85500.0,0.0,0.0,0.0,0.0,197.12879999999998,197.12879999999998,-85697.1288,20205100.23579651,1.5153863061505037,475,500.0,1.0,0.95,1642740.0,0.0,0.0
2025-03-14,0.0,-57000.0,0.0,0.0,0.0,0.0,197.94959999999998,197.94959999999998,-57197.9496,20147902.286196508,1.5110964492058612,475,500.0,1.0,0.95,1649580.0,0.0,0.0
2025-03-17,0.0,161500.0,0.0,0.0,0.0,0.0,195.624,195.624,161304.376,20309206.66219651,1.5231943076505075,475,500.0,1.0,0.95,1630200.0,0.0,0.0
2025-03-18,0.0,123500.0,0.0,0.0,0.0,0.0,193.8456,193.8456,123306.1544,20432512.816596508,1.532442292350469,475,500.0,1.0,0.95,1615380.0,0.0,0.0
2025-03-19,0.0,-19000.0,0.0,0.0,0.0,0.0,194.11919999999998,194.11919999999998,-19194.1192,20413318.69739651,1.5310027298115627,475,500.0,1.0,0.95,1617660.0,0.0,0.0
2025-03-20,0.0,-114000.0,0.0,0.0,0.0,0.0,195.7608,195.7608,-114195.7608,20299122.93659651,1.522438026339804,475,500.0,1.0,0.95,1631340.0,0.0,0.0
2025-03-21,0.0,199500.0,0.0,0.0,0.0,0.0,192.88799999999998,192.88799999999998,199307.112,20498430.04859651,1.5373860971099809,475,500.0,1.0,0.95,1607400.0,0.0,0.0
2025-03-24,-200000.0,-370500.0,0.0,0.0,0.0,0.0,198.2232,198.2232,-570698.2232,19927731.825396508,1.4945836233637966,475,500.0,1.0,0.95,1651860.0,0.0,0.0
2025-03-25,0.0,95000.0,0.0,0.0,0.0,0.0,196.8552,196.8552,94803.1448,20022534.970196508,1.5016938769994306,475,500.0,1.0,0.95,1640460.0,0.0,0.0
2025-03-26,0.0,114000.0,0.0,0.0,0.0,0.0,195.21359999999999,195.21359999999999,113804.7864,20136339.75659651,1.5102292573178815,475,500.0,1.0,0.95,1626780.0,0.0,0.0
2025-03-27,0.0,85500.0,0.0,0.0,0.0,0.0,193.98239999999998,193.98239999999998,85306.0176,20221645.77419651,1.5166272246327999,475,500.0,1.0,0.95,1616520.0,0.0,0.0
2025-03-28,0.0,237500.0,0.0,0.0,0.0,0.0,190.5624,190.5624,237309.4376,20458955.211796507,1.5344254769484305,475,500.0,1.0,0.95,1588020.0,0.0,0.0
2025-03-31,0.0,190000.0,0.0,0.0,0.0,0.0,187.82639999999998,187.82639999999998,189812.1736,20648767.38539651,1.5486614255583022,475,500.0,1.0,0.95,1565220.0,0.0,0.0
2025-04-01,-400000.0,-37500.0,0.0,1943.2,1388.0,85.76921825391598,71.2925530952349,3488.2617713491504,-440988.2617713492,20207779.12362516,1.515587223239945,125,7500.0,0.0,0.25,594104.6091269575,1469.575704998667,1573.9344751552399
2025-04-02,295000.0,-15000.0,-35831.621062856575,0.0,0.0,0.0,71.50855309523489,71.50855309523489,244096.87038404818,20451875.994009208,1.5338945342870263,125,7500.0,0.0,0.25,595904.6091269575,1469.575704998667,1573.9344751552399
2025-04-03,0.0,32500.0,363.7810784795281,0.0,0.0,0.0,71.0405530952349,71.0405530952349,32792.740525384295,20484668.73453459,1.5363539959750843,125,7500.0,0.0,0.25,592004.6091269575,1469.575704998667,1573.9344751552399
2025-04-07,-125000.0,57500.0,57474.39259150117,0.0,0.0,0.0,70.2125530952349,70.2125530952349,-10095.819961594063,20474572.914573,1.535596807584994,125,7500.0,0.0,0.25,585104.6091269575,1469.575704998667,1573.9344751552399
2025-04-08,0.0,85000.0,439.65378581031445,0.0,0.0,0.0,68.98855309523489,68.98855309523489,85370.66523271508,20559943.579805713,1.5419996234844873,125,7500.0,0.0,0.25,574904.6091269575,1469.575704998667,1573.9344751552399
2025-04-09,0.0,27500.0,-110.11292261640548,0.0,0.0,0.0,68.59255309523489,68.59255309523489,27321.29452428836,20587264.874330003,1.5440487256965645,125,7500.0,0.0,0.25,571604.6091269575,1469.575704998667,1573.9344751552399
2025-04-10,-125000.0,-17500.0,57512.222877722335,0.0,0.0,0.0,68.84455309523489,68.84455309523489,-85056.6216753729,20502208.252654627,1.5376694631227548,125,7500.0,0.0,0.25,573704.6091269575,1469.575704998667,1573.9344751552399
2025-04-11,0.0,-17500.0,-958.1871641515382,0.0,0.0,0.0,69.0965530952349,69.0965530952349,-18527.283717246773,20483680.968937382,1.536279913370087,125,7500.0,0.0,0.25,575804.6091269575,1469.575704998667,1573.9344751552399
2025-04-14,0.0,-125000.0,6290.79460692394,0.0,0.0,0.0,70.89655309523489,70.89655309523489,-118780.1019461713,20364900.86699121,1.5273713834527995,125,7500.0,0.0,0.25,590804.6091269575,1469.575704998667,1573.9344751552399
2025-04-15,0.0,22500.0,-1010.1774479521275,0.0,0.0,0.0,70.5725530952349,70.5725530952349,21419.24999895264,20386320.116990164,1.5289778312188402,125,7500.0,0.0,0.25,588104.6091269575,1469.575704998667,1573.9344751552399
2025-04-16,0.0,40000.0,-679.2062293373924,0.0,0.0,0.0,69.99655309523489,69.99655309523489,39250.79721756738,20425570.91420773,1.5319216483697007,125,7500.0,0.0,0.25,583304.6091269575,1469.575704998667,1573.9344751552399
2025-04-17,0.0,-15000.0,-786.7961607559959,0.0,0.0,0.0,70.2125530952349,70.2125530952349,-15857.00871385123,20409713.905493878,1.5307323697429651,125,7500.0,0.0,0.25,585104.6091269575,1469.575704998667,1573.9344751552399
2025-04-18,0.0,85000.0,324.484637182616,0.0,0.0,0.0,68.98855309523489,68.98855309523489,85255.49608408738,20494969.401577964,1.5371265479347171,125,7500.0,0.0,0.25,574904.6091269575,1469.575704998667,1573.9344751552399
2025-04-21,0.0,-40000.0,-690.7312198562554,0.0,0.0,0.0,69.56455309523488,69.56455309523488,-40760.29577295149,20454209.105805017,1.5340695181091715,125,7500.0,0.0,0.25,579704.6091269575,1469.575704998667,1573.9344751552399
2025-04-22,0.0,62500.0,-3997.9085332243126,0.0,0.0,0.0,68.6645530952349,68.6645530952349,58433.42691368045,20512642.532718696,1.5384520360839924,125,7500.0,0.0,0.25,572204.6091269575,1469.575704998667,1573.9344751552399
2025-04-23,0.0,-145000.0,5958.182930631319,0.0,0.0,0.0,70.75255309523489,70.75255309523489,-139112.5696224639,20373529.96309623,1.5280185672786355,125,7500.0,0.0,0.25,589604.6091269575,1469.575704998667,1573.9344751552399
2025-04-24,0.0,-17500.0,-1163.8333439637538,0.0,0.0,0.0,71.0045530952349,71.0045530952349,-18734.837897058987,20354795.125199173,1.5266134509235652,125,7500.0,0.0,0.25,591704.6091269575,1469.575704998667,1573.9344751552399
2025-04-25,0.0,37500.0,-1170.7191660997562,0.0,0.0,0.0,70.46455309523489,70.46455309523489,36258.81628080501,20391053.941479977,1.5293328689431707,125,7500.0,0.0,0.25,587204.6091269575,1469.575704998667,1573.9344751552399
2025-04-28,0.0,2500.0,-2270.0609638958013,0.0,0.0,0.0,70.42855309523489,70.42855309523489,159.51048300896386,20391213.451962985,1.5293448322593046,125,7500.0,0.0,0.25,586904.6091269575,1469.575704998667,1573.9344751552399
2025-04-29,0.0,-30000.0,-2111.038867450059,0.0,0.0,0.0,70.86055309523489,70.86055309523489,-32181.89942054529,20359031.55254244,1.5269311837686426,125,7500.0,0.0,0.25,590504.6091269575,1469.575704998667,1573.9344751552399
2025-04-30,0.0,60000.0,-1531.4772301596013,0.0,0.0,0.0,69.99655309523489,69.99655309523489,58398.526216745166,20417430.078759186,1.5313110841846493,125,7500.0,0.0,0.25,583304.6091269575,1469.575704998667,1573.9344751552399
2025-05-06,0.0,55000.0,-1772.79726255414,0.0,1330.0,0.0,69.20455309523489,1399.2045530952348,51827.998184350625,20469258.07694354,1.5351981937662498,125,7500.0,0.0,0.25,576704.6091269575,1469.575704998667,1573.9344751552399
2025-05-07,-400000.0,17500.0,170436.60238531587,0.0,0.0,0.0,68.95255309523489,68.95255309523489,-212132.35016777937,20257125.726775758,1.5192882277287512,125,7500.0,0.0,0.25,574604.6091269575,1469.575704998667,1573.9344751552399
2025-05-08,0.0,-0.0,-11562.218253747787,0.0,0.0,0.0,68.95255309523489,68.95255309523489,-11631.170806843022,20245494.555968914,1.518415887737388,125,7500.0,0.0,0.25,574604.6091269575,1469.575704998667,1573.9344751552399
2025-05-09,0.0,45000.0,-15650.074936675739,0.0,0.0,0.0,68.3045530952349,68.3045530952349,29281.62051022903,20274776.176479146,1.520612014765973,125,7500.0,0.0,0.25,569204.6091269575,1469.575704998667,1573.9344751552399
2025-05-12,0.0,-32500.0,-12520.635930830374,0.0,0.0,0.0,68.7725530952349,68.7725530952349,-45089.40848392561,20229686.76799522,1.517230300675393,125,7500.0,0.0,0.25,573104.6091269575,1469.575704998667,1573.9344751552399
2025-05-13,0.0,67500.0,-11604.979025342343,0.0,0.0,0.0,67.80055309523489,67.80055309523489,55827.22042156242,20285513.98841678,1.5214173526746402,125,7500.0,0.0,0.25,565004.6091269575,1469.575704998667,1573.9344751552399
2025-05-14,0.0,-135000.0,-4520.086063075209,0.0,0.0,0.0,69.74455309523489,69.74455309523489,-139589.83061617042,20145924.15780061,1.510948089205269,125,7500.0,0.0,0.25,581204.6091269575,1469.575704998667,1573.9344751552399
2025-05-15,0.0,37500.0,-37044.91373571328,0.0,0.0,0.0,69.20455309523489,69.20455309523489,385.88171119148654,20146310.0395118,1.510977030405961,125,7500.0,0.0,0.25,576704.6091269575,1469.575704998667,1573.9344751552399
2025-05-16,0.0,102500.0,-30280.716534786567,0.0,0.0,0.0,67.72855309523489,67.72855309523489,72151.5549121182,20218461.59442392,1.5163884105528205,125,7500.0,0.0,0.25,564404.6091269575,1469.575704998667,1573.9344751552399
2025-05-19,0.0,12500.0,-68464.0353485243,0.0,0.0,135.21662099625868,70.13199725977549,205.34861825603417,-56169.38396678033,20162292.21045714,1.512175696223526,125,7500.0,0.0,0.25,584433.3104981291,1434.3410586239524,1538.3732294436857
2025-05-20,0.0,10000.0,119185.8726812078,0.0,0.0,0.0,69.98799725977548,69.98799725977548,129115.88468394802,20291408.095141087,1.5218594117841109,125,7500.0,0.0,0.25,583233.3104981291,1434.3410586239524,1538.3732294436857
2025-05-21,0.0,-20000.0,-1253.2277478523924,0.0,0.0,0.0,70.2759972597755,70.2759972597755,-21323.503745112168,20270084.591395974,1.5202601450050606,125,7500.0,0.0,0.25,585633.3104981291,1434.3410586239524,1538.3732294436857
2025-05-22,0.0,5000.0,-868.8597245321095,0.0,0.0,0.0,70.20399725977549,70.20399725977549,4060.936278208115,20274145.527674183,1.5205647159873537,125,7500.0,0.0,0.25,585033.3104981291,1434.3410586239524,1538.3732294436857
2025-05-23,0.0,82500.0,46.123590292168615,0.0,0.0,0.0,69.01599725977549,69.01599725977549,82477.10759303239,20356622.635267217,1.5267505145213276,125,7500.0,0.0,0.25,575133.3104981291,1434.3410586239524,1538.3732294436857
2025-05-26,0.0,-2500.0,-6610.553080301375,0.0,0.0,0.0,69.05199725977549,69.05199725977549,-9179.605077561151,20347443.030189656,1.5260620424193303,125,7500.0,0.0,0.25,575433.3104981291,1434.3410586239524,1538.3732294436857
2025-05-27,-125000.0,57500.0,63493.53021056489,0.0,0.0,0.0,68.22399725977549,68.22399725977549,-4074.6937866948874,20343368.33640296,1.525756439621321,125,7500.0,0.0,0.25,568533.3104981291,1434.3410586239524,1538.3732294436857
2025-05-28,0.0,40000.0,-1236.4796884858897,0.0,0.0,0.0,67.6479972597755,67.6479972597755,38695.87231425434,20382064.208717216,1.5286586373003845,125,7500.0,0.0,0.25,563733.3104981291,1434.3410586239524,1538.3732294436857
2025-05-29,0.0,30000.0,-1594.0240617080103,0.0,0.0,0.0,67.21599725977549,67.21599725977549,28338.759941032215,20410402.968658246,1.5307840496094924,125,7500.0,0.0,0.25,560133.3104981291,1434.3410586239524,1538.3732294436857
2025-05-30,0.0,10000.0,-3203.12323165556,0.0,0.0,0.0,67.07199725977549,67.07199725977549,6729.804771084665,20417132.77342933,1.5312887862291653,125,7500.0,0.0,0.25,558933.3104981291,1434.3410586239524,1538.3732294436857
2025-06-03,-200000.0,35000.0,96799.86854596983,0.0,1185.0,0.0,66.56799725977548,1251.5679972597754,-69451.69945128994,20347681.07397804,1.5260798957480923,125,7500.0,0.0,0.25,554733.3104981291,1434.3410586239524,1538.3732294436857
2025-06-04,-550000.0,-100000.0,312090.54651466187,0.0,0.0,0.0,68.0079972597755,68.0079972597755,-337977.4614825979,20009703.612495445,1.5007315227659652,125,7500.0,0.0,0.25,566733.3104981291,1434.3410586239524,1538.3732294436857
2025-06-05,0.0,55000.0,-1957.678191341543,0.0,0.0,0.0,67.21599725977549,67.21599725977549,52975.10581139869,20062678.718306843,1.5047046656346774,125,7500.0,0.0,0.25,560133.3104981291,1434.3410586239524,1538.3732294436857
2025-06-06,0.0,-22500.0,-3049.7335243534353,0.0,0.0,0.0,67.53999725977549,67.53999725977549,-25617.273521613213,20037061.44478523,1.5027833653173055,125,7500.0,0.0,0.25,562833.3104981291,1434.3410586239524,1538.3732294436857
2025-06-09,-50000.0,25000.0,23308.92566699486,0.0,0.0,0.0,67.17999725977549,67.17999725977549,-1758.2543302649165,20035303.190454964,1.502651495912862,125,7500.0,0.0,0.25,559833.3104981291,1434.3410586239524,1538.3732294436857
2025-06-10,0.0,-15000.0,-6616.513802489266,0.0,0.0,0.0,67.39599725977548,67.39599725977548,-21683.909799749043,20013619.280655213,1.5010251986121375,125,7500.0,0.0,0.25,561633.3104981291,1434.3410586239524,1538.3732294436857
2025-06-11,0.0,15000.0,-9053.381223335322,0.0,0.0,0.0,67.17999725977549,67.17999725977549,5879.438779404903,20019498.71943462,1.5014661576229904,125,7500.0,0.0,0.25,559833.3104981291,1434.3410586239524,1538.3732294436857
2025-06-12,0.0,67500.0,-32384.17523594869,0.0,0.0,0.0,66.20799725977548,66.20799725977548,35049.616766791536,20054548.33620141,1.5040948854523195,125,7500.0,0.0,0.25,551733.3104981291,1434.3410586239524,1538.3732294436857
2025-06-13,0.0,47500.0,-4344.482919456212,0.0,0.0,0.0,65.52399725977548,65.52399725977548,43089.99308328401,20097638.329284698,1.50732664301296,125,7500.0,0.0,0.25,546033.3104981291,1434.3410586239524,1538.3732294436857
2025-06-16,0.0,-45000.0,-8708.362242489684,0.0,0.0,0.0,66.17199725977548,66.17199725977548,-53774.53423974946,20043863.795044947,1.5032935428622283,125,7500.0,0.0,0.25,551433.3104981291,1434.3410586239524,1538.3732294436857
2025-06-17,0.0,37500.0,-4889.031255439704,0.0,0.0,0.0,65.63199725977549,65.63199725977549,32545.336747300524,20076409.131792247,1.5057344492205416,125,7500.0,0.0,0.25,546933.3104981291,1434.3410586239524,1538.3732294436857
2025-06-18,0.0,-27500.0,-3387.2859588554147,0.0,0.0,0.0,66.02799725977549,66.02799725977549,-30953.313956115187,20045455.817836132,1.5034129448700722,125,7500.0,0.0,0.25,550233.3104981291,1434.3410586239524,1538.3732294436857
2025-06-19,0.0,-15000.0,-6708.65202451985,0.0,0.0,0.0,66.24399725977548,66.24399725977548,-21774.896021779623,20023680.921814352,1.5017798235856354,125,7500.0,0.0,0.25,552033.3104981291,1434.3410586239524,1538.3732294436857
2025-06-20,0.0,7500.0,-6595.310955453506,0.0,0.0,0.0,66.1359972597755,66.1359972597755,838.5530472867187,20024519.474861637,1.5018427152214109,125,7500.0,0.0,0.25,551133.3104981291,1434.3410586239524,1538.3732294436857
2025-06-23,-200000.0,-0.0,127497.55991167543,0.0,0.0,0.0,66.1359972597755,66.1359972597755,-72568.57608558434,19951950.898776054,1.49640005840835,125,7500.0,0.0,0.25,551133.3104981291,1434.3410586239524,1538.3732294436857
2025-06-24,0.0,30000.0,-2815.8774110800878,0.0,0.0,0.0,65.70399725977549,65.70399725977549,27118.41859166014,19979069.317367714,1.4984339448874409,125,7500.0,0.0,0.25,547533.3104981291,1434.3410586239524,1538.3732294436857
2025-06-25,-125000.0,-12500.0,89698.0129077246,0.0,0.0,0.0,65.88399725977548,65.88399725977548,-47867.87108953518,19931201.44627818,1.4948438455804776,125,7500.0,0.0,0.25,549033.3104981291,1434.3410586239524,1538.3732294436857
2025-06-26,0.0,-35000.0,-530.4502700451508,0.0,0.0,0.0,66.38799725977549,66.38799725977549,-35596.83826730493,19895604.608010873,1.4921740760360056,125,7500.0,0.0,0.25,553233.3104981291,1434.3410586239524,1538.3732294436857
2025-06-27,0.0,-40000.0,-147.6343967222249,0.0,0.0,0.0,66.96399725977548,66.96399725977548,-40214.598393982,19855390.009616893,1.489157973616201,125,7500.0,0.0,0.25,558033.3104981291,1434.3410586239524,1538.3732294436857
2025-06-30,-125000.0,37500.0,93794.71981931974,0.0,0.0,0.0,66.42399725977549,66.42399725977549,6228.295822059965,19861618.30543895,1.4896250969706637,125,7500.0,0.0,0.25,553533.3104981291,1434.3410586239524,1538.3732294436857
2025-07-01,0.0,40000.0,97.61677729592577,0.0,1165.0,77.68695216684145,60.91121713001041,1303.5981692968517,38794.018607999074,19900412.32404695,1.4925346556401604,125,7500.0,0.0,0.25,507593.4760834201,1299.8436056940063,1392.2266704678677
2025-07-02,-725000.0,-100000.0,485517.85264524684,0.0,0.0,0.0,62.351217130010404,62.351217130010404,-339544.4985718832,19560867.825475067,1.4670687545825165,125,7500.0,0.0,0.25,519593.4760834201,1299.8436056940063,1392.2266704678677
2025-07-03,0.0,55000.0,-2242.242578690501,0.0,0.0,0.0,61.55921713001041,61.55921713001041,52696.19820417949,19613564.02367925,1.471020979328392,125,7500.0,0.0,0.25,512993.4760834201,1299.8436056940063,1392.2266704678677
2025-07-04,0.0,22500.0,-3106.4046757192186,0.0,0.0,0.0,61.235217130010405,61.235217130010405,19332.36010715077,19632896.3837864,1.4724709099612547,125,7500.0,0.0,0.25,510293.4760834201,1299.8436056940063,1392.2266704678677
2025-07-07,0.0,15000.0,-3205.77741194386,0.0,0.0,0.0,61.019217130010404,61.019217130010404,11733.20337092613,19644629.587157324,1.4733509024140554,125,7500.0,0.0,0.25,508493.4760834201,1299.8436056940063,1392.2266704678677
2025-07-08,0.0,-95000.0,-1753.215130776873,1649.2,0.0,107.11252941678812,161.1504,1917.4629294167883,-98670.67806019366,19545958.90909713,1.4659505830587425,475,500.0,1.0,0.95,1342920.0,0.0,0.0
2025-07-09,-50000.0,-152000.0,0.0,0.0,0.0,0.0,163.33919999999998,163.33919999999998,-202163.3392,19343795.56989713,1.4507882947130215,475,500.0,1.0,0.95,1361160.0,0.0,0.0
2025-07-10,0.0,-92500.0,0.0,1723.4,0.0,80.42322342976811,62.61439340578597,1866.437616835554,-94366.43761683555,19249429.132280298,1.4437107941980079,125,7500.0,0.0,0.25,521786.6117148831,1223.756455279154,1311.0404509753162
2025-07-11,0.0,35000.0,93150.45585275361,0.0,0.0,0.0,62.11039340578597,62.11039340578597,128088.34545934782,19377517.477739643,1.4533174441240835,125,7500.0,0.0,0.25,517586.6117148831,1223.756455279154,1311.0404509753162
2025-07-14,0.0,-60000.0,-126.43304024523516,0.0,0.0,0.0,62.97439340578597,62.97439340578597,-60189.40743365102,19317328.070305992,1.4488032272810176,125,7500.0,0.0,0.25,524786.6117148831,1223.756455279154,1311.0404509753162
2025-07-15,0.0,67500.0,628.9074470358447,0.0,0.0,0.0,62.002393405785966,62.002393405785966,68066.90505363006,19385394.975359622,1.4539082579226166,125,7500.0,0.0,0.25,516686.6117148831,1223.756455279154,1311.0404509753162
2025-07-16,0.0,15000.0,-608.2167846363884,0.0,0.0,0.0,61.78639340578597,61.78639340578597,14329.996821957826,19399724.97218158,1.4549830103711445,125,7500.0,0.0,0.25,514886.6117148831,1223.756455279154,1311.0404509753162
2025-07-17,25000.0,-42500.0,-13098.811899665561,0.0,0.0,0.0,62.39839340578597,62.39839340578597,-30661.210293071348,19369063.761888508,1.4526834138501727,125,7500.0,0.0,0.25,519986.6117148831,1223.756455279154,1311.0404509753162
2025-07-18,0.0,22500.0,-370.597670684969,0.0,0.0,0.0,62.07439340578597,62.07439340578597,22067.327935909245,19391131.089824416,1.4543384675830002,125,7500.0,0.0,0.25,517286.6117148831,1223.756455279154,1311.0404509753162
2025-07-21,0.0,-197500.0,5317.026598602954,0.0,0.0,0.0,64.91839340578596,64.91839340578596,-192247.89179480285,19198883.198029615,1.4399198396518202,125,7500.0,0.0,0.25,540986.6117148831,1223.756455279154,1311.0404509753162
2025-07-22,0.0,-200000.0,1632.8935180591486,0.0,0.0,0.0,67.79839340578597,67.79839340578597,-198434.90487534666,19000448.29315427,1.4250371845795318,125,7500.0,0.0,0.25,564986.6117148831,1223.756455279154,1311.0404509753162
2025-07-23,200000.0,92500.0,-116039.92080461473,0.0,0.0,0.0,66.46639340578596,66.46639340578596,176393.6128019795,19176841.905956246,1.438266738613565,125,7500.0,0.0,0.25,553886.6117148831,1223.756455279154,1311.0404509753162
2025-07-24,25000.0,-175000.0,-15593.937506429096,0.0,0.0,0.0,68.98639340578598,68.98639340578598,-165662.9238998349,19011178.982056413,1.4258419882592017,125,7500.0,0.0,0.25,574886.6117148831,1223.756455279154,1311.0404509753162
2025-07-25,425000.0,-80000.0,-250520.0864675308,0.0,0.0,0.0,70.13839340578596,70.13839340578596,94409.77513906341,19105588.757195476,1.4329227390965085,125,7500.0,0.0,0.25,584486.6117148831,1223.756455279154,1311.0404509753162
2025-07-28,0.0,310000.0,-17484.73751442475,0.0,0.0,0.0,65.67439340578596,65.67439340578596,292449.5880921695,19398038.345287647,1.4548565130378561,125,7500.0,0.0,0.25,547286.6117148831,1223.756455279154,1311.0404509753162
2025-07-29,0.0,-5000.0,2834.6478856065182,0.0,0.0,0.0,65.74639340578597,65.74639340578597,-2231.0985077992677,19395807.246779848,1.4546891802314392,125,7500.0,0.0,0.25,547886.6117148831,1223.756455279154,1311.0404509753162
2025-07-30,0.0,17500.0,3642.712493341218,0.0,0.0,0.0,65.49439340578597,65.49439340578597,21077.218099935435,19416884.46487978,1.4562699755409225,125,7500.0,0.0,0.25,545786.6117148831,1223.756455279154,1311.0404509753162
2025-07-31,0.0,160000.0,-1405.9083862826328,0.0,0.0,0.0,63.19039340578597,63.19039340578597,158530.90122031159,19575415.366100095,1.4681598228570643,125,7500.0,0.0,0.25,526586.6117148831,1223.756455279154,1311.0404509753162
2025-08-01,0.0,-22500.0,2948.974138909719,0.0,1256.0,0.0,63.51439340578597,1319.514393405786,-20870.540254496067,19554544.8258456,1.466594528424741,125,7500.0,0.0,0.25,529286.6117148831,1223.756455279154,1311.0404509753162
2025-08-04,0.0,7500.0,3125.1043669153055,0.0,0.0,0.0,63.40639340578597,63.40639340578597,10561.69797350952,19565106.523819108,1.4673866577530774,125,7500.0,0.0,0.25,528386.6117148831,1223.756455279154,1311.0404509753162
2025-08-05,0.0,-45000.0,3224.1346458154217,0.0,0.0,0.0,64.05439340578597,64.05439340578597,-41839.919747590364,19523266.604071517,1.4642486559270036,125,7500.0,0.0,0.25,533786.6117148831,1223.756455279154,1311.0404509753162
2025-08-06,-125000.0,-247500.0,72002.94242451845,0.0,0.0,0.0,67.61839340578597,67.61839340578597,-300564.67596888734,19222701.928102627,1.4417062488733192,125,7500.0,0.0,0.25,563486.6117148831,1223.756455279154,1311.0404509753162
2025-08-07,0.0,123500.0,3648.751851500496,1899.8000000000002,0.0,142.0838429908463,185.6376,2227.5214429908465,124921.23040850964,19347623.15851114,1.451075364576747,475,500.0,1.0,0.95,1546980.0,0.0,0.0
2025-08-08,0.0,237500.0,0.0,0.0,0.0,0.0,182.21759999999998,182.21759999999998,237317.7824,19584940.940911137,1.468874242753942,475,500.0,1.0,0.95,1518480.0,0.0,0.0
2025-08-11,0.0,-123500.0,0.0,0.0,0.0,0.0,183.99599999999998,183.99599999999998,-123683.996,19461256.944911137,1.459597919863135,475,500.0,1.0,0.95,1533300.0,0.0,0.0
2025-08-12,0.0,-608000.0,0.0,0.0,0.0,0.0,192.75119999999998,192.75119999999998,-608192.7512,18853064.19371114,1.4139833494867091,475,500.0,1.0,0.95,1606260.0,0.0,0.0
2025-08-13,0.0,247000.0,0.0,0.0,0.0,0.0,189.19439999999997,189.19439999999997,246810.8056,19099874.999311138,1.4324942061838508,475,500.0,1.0,0.95,1576620.0,0.0,0.0
2025-08-14,-125000.0,-42500.0,0.0,1960.0,0.0,284.4109846768927,81.39665908061366,2325.8076437575064,-169825.8076437575,18930049.19166738,1.4197572387681505,125,7500.0,0.0,0.25,678305.4923384472,1264.11744,1362.4631757540792
2025-08-15,0.0,12500.0,120665.27805813856,0.0,0.0,0.0,81.21665908061367,81.21665908061367,133084.06139905794,19063133.25306644,1.4297385683264037,125,7500.0,0.0,0.25,676805.4923384472,1264.11744,1362.4631757540792
2025-08-18,0.0,22500.0,429.3109915411719,0.0,0.0,0.0,80.89265908061367,80.89265908061367,22848.41833246056,19085981.6713989,1.4314522039854276,125,7500.0,0.0,0.25,674105.4923384472,1264.11744,1362.4631757540792
2025-08-19,0.0,70000.0,167.2233982531779,0.0,0.0,0.0,79.88465908061366,79.88465908061366,70087.33873917256,19156069.010138072,1.4367087675322743,125,7500.0,0.0,0.25,665705.4923384472,1264.11744,1362.4631757540792
2025-08-20,0.0,122500.0,14.459986632502364,0.0,0.0,0.0,78.12065908061366,78.12065908061366,122436.33932755189,19278505.349465623,1.4458915159387116,125,7500.0,0.0,0.25,651005.4923384472,1264.11744,1362.4631757540792
2025-08-21,0.0,7500.0,-156.7515655944618,0.0,0.0,0.0,78.01265908061366,78.01265908061366,7265.235775324924,19285770.58524095,1.446436409984096,125,7500.0,0.0,0.25,650105.4923384472,1264.11744,1362.4631757540792
2025-08-22,0.0,-50000.0,-120.93687805037945,0.0,0.0,0.0,78.73265908061366,78.73265908061366,-50199.66953713099,19235570.91570382,1.4426714253563497,125,7500.0,0.0,0.25,656105.4923384472,1264.11744,1362.4631757540792
2025-08-25,0.0,-27500.0,-2668.6731041168164,0.0,0.0,0.0,79.12865908061366,79.12865908061366,-30247.80176319743,19205323.11394062,1.4404028345526327,125,7500.0,0.0,0.25,659405.4923384472,1264.11744,1362.4631757540792
2025-08-26,0.0,65000.0,-142.2986987374486,0.0,0.0,0.0,78.19265908061367,78.19265908061367,64779.50864218194,19270102.6225828,1.4452613098469846,125,7500.0,0.0,0.25,651605.4923384472,1264.11744,1362.4631757540792
2025-08-27,0.0,10000.0,-428.272825128122,0.0,0.0,0.0,78.04865908061366,78.04865908061366,9493.678515791264,19279596.301098593,1.4459733375157382,125,7500.0,0.0,0.25,650405.4923384472,1264.11744,1362.4631757540792
2025-08-28,0.0,-10000.0,-2689.3417040441836,0.0,0.0,0.0,78.19265908061367,78.19265908061367,-12767.534363124798,19266828.766735468,1.4450157700445851,125,7500.0,0.0,0.25,651605.4923384472,1264.11744,1362.4631757540792
2025-08-29,0.0,37500.0,-486.47940484141117,0.0,0.0,0.0,77.65265908061366,77.65265908061366,36935.86793607797,19303764.634671547,1.4477859670652837,125,7500.0,0.0,0.25,647105.4923384472,1264.11744,1362.4631757540792
2025-09-01,0.0,62500.0,-271.08835483375947,0.0,1271.0,0.0,76.75265908061367,1347.7526590806137,60881.158986085626,19364645.79365763,1.452352065404486,125,7500.0,0.0,0.25,639605.4923384472,1264.11744,1362.4631757540792
2025-09-02,-275000.0,10000.0,150573.657861471,0.0,0.0,0.0,76.60865908061366,76.60865908061366,-114502.9507976096,19250142.84286002,1.443764322625308,125,7500.0,0.0,0.25,638405.4923384472,1264.11744,1362.4631757540792
2025-09-03,0.0,-22500.0,-31726.75176743983,0.0,0.0,0.0,76.93265908061366,76.93265908061366,-54303.68442652044,19195839.1584335,1.439691536111353,125,7500.0,0.0,0.25,641105.4923384472,1264.11744,1362.4631757540792
2025-09-04,0.0,-2500.0,-3617.7969716842285,0.0,0.0,0.0,76.96865908061366,76.96865908061366,-6194.765630764843,19189644.392802738,1.4392269275275242,125,7500.0,0.0,0.25,641405.4923384472,1264.11744,1362.4631757540792
2025-09-05,0.0,-62500.0,-2191.548343000118,0.0,0.0,0.0,77.86865908061367,77.86865908061367,-64769.41700208073,19124874.975800656,1.434369209108072,125,7500.0,0.0,0.25,648905.4923384472,1264.11744,1362.4631757540792
2025-09-08,0.0,22500.0,-4924.2572745350535,0.0,0.0,0.0,77.54465908061367,77.54465908061367,17498.19806638433,19142373.17386704,1.435681577243971,125,7500.0,0.0,0.25,646205.4923384472,1264.11744,1362.4631757540792
2025-09-09,0.0,37500.0,-32503.915539721806,0.0,0.0,0.0,77.00465908061366,77.00465908061366,4919.079801197581,19147292.253668237,1.4360505091513907,125,7500.0,0.0,0.25,641705.4923384472,1264.11744,1362.4631757540792
2025-09-10,0.0,-7500.0,-8016.87599070962,0.0,0.0,0.0,77.11265908061367,77.11265908061367,-15593.988649790235,19131698.26501845,1.4348809570787764,125,7500.0,0.0,0.25,642605.4923384472,1264.11744,1362.4631757540792
2025-09-11,0.0,-15000.0,-9222.975494243527,0.0,0.0,0.0,77.32865908061366,77.32865908061366,-24300.304153324138,19107397.960865125,1.4330584297109588,125,7500.0,0.0,0.25,644405.4923384472,1264.11744,1362.4631757540792
2025-09-12,0.0,-7500.0,-6039.766425743158,0.0,0.0,0.0,77.43665908061367,77.43665908061367,-13617.20308482377,19093780.7577803,1.4320371369263647,125,7500.0,0.0,0.25,645305.4923384472,1264.11744,1362.4631757540792
2025-09-15,0.0,-45000.0,-2815.1989114439857,0.0,0.0,0.0,78.08465908061366,78.08465908061366,-47893.283570524596,19045887.474209774,1.4284451316785622,125,7500.0,0.0,0.25,650705.4923384472,1264.11744,1362.4631757540792
2025-09-16,0.0,-77500.0,-4126.738968209942,0.0,0.0,0.0,79.20065908061366,79.20065908061366,-81705.93962729056,18964181.534582485,1.4223171708866136,125,7500.0,0.0,0.25,660005.4923384472,1264.11744,1362.4631757540792
2025-09-17,0.0,12500.0,-31949.77863787991,0.0,0.0,0.0,79.02065908061367,79.02065908061367,-19528.799296960522,18944652.735285524,1.4208525072776825,125,7500.0,0.0,0.25,658505.4923384472,1264.11744,1362.4631757540792
2025-09-18,0.0,70000.0,-2142.55688462619,0.0,0.0,0.0,78.01265908061366,78.01265908061366,67779.4304562932,19012432.165741816,1.4259359772705793,125,7500.0,0.0,0.25,650105.4923384472,1264.11744,1362.4631757540792
2025-09-19,0.0,-30000.0,-14421.871861455702,0.0,0.0,0.0,78.44465908061366,78.44465908061366,-44500.31652053631,18967931.84922128,1.4225984451877092,125,7500.0,0.0,0.25,653705.4923384472,1264.11744,1362.4631757540792
2025-09-22,0.0,62500.0,-10591.85697755849,0.0,0.0,0.0,77.54465908061367,77.54465908061367,51830.59836336089,19019762.447584644,1.4264857497832228,125,7500.0,0.0,0.25,646205.4923384472,1264.11744,1362.4631757540792
2025-09-23,0.0,50000.0,-18646.596135263244,0.0,0.0,0.0,76.82465908061366,76.82465908061366,31276.579205656144,19051039.0267903,1.4288314990880202,125,7500.0,0.0,0.25,640205.4923384472,1264.11744,1362.4631757540792
2025-09-24,0.0,-85000.0,-16725.812643754984,0.0,0.0,0.0,78.04865908061366,78.04865908061366,-101803.86130283559,18949235.16548746,1.4211961904020356,125,7500.0,0.0,0.25,650405.4923384472,1264.11744,1362.4631757540792
2025-09-25,0.0,-20000.0,-53090.98893341075,0.0,0.0,75.4865709231817,65.5041942553908,140.9907651785725,-73231.97969858933,18876003.185788874,1.415703778193611,125,7500.0,0.0,0.25,545868.28546159,1238.5184101001819,1326.605096144968
2025-09-26,0.0,55000.0,93584.58853521867,0.0,0.0,0.0,64.7121942553908,64.7121942553908,148519.8763409633,19024523.062129837,1.4268427967667296,125,7500.0,0.0,0.25,539268.28546159,1238.5184101001819,1326.605096144968
2025-09-29,0.0,37500.0,-1540.6490017721808,0.0,0.0,0.0,64.1721942553908,64.1721942553908,35895.17880397243,19060418.24093381,1.4295349419073904,125,7500.0,0.0,0.25,534768.28546159,1238.5184101001819,1326.605096144968
2025-09-30,0.0,57500.0,651.7027917517293,0.0,0.0,0.0,63.344194255390796,63.344194255390796,58088.358597496335,19118506.599531304,1.433891579693797,125,7500.0,0.0,0.25,527868.28546159,1238.5184101001819,1326.605096144968
2025-10-09,0.0,47500.0,-832.4191729455422,1750.0,1250.0,70.6526448728449,170.99999999999997,3241.652644872845,43425.92818218161,19161932.527713485,1.4371485324498425,475,500.0,1.0,0.95,1425000.0,0.0,0.0
2025-10-10,0.0,95000.0,0.0,0.0,0.0,0.0,169.63199999999998,169.63199999999998,94830.368,19256762.895713486,1.444260827830581,475,500.0,1.0,0.95,1413600.0,0.0,0.0
2025-10-13,-439300.00000000064,-66500.0,0.0,0.0,0.0,0.0,170.5896,170.5896,-505970.58960000065,18750792.306113485,1.4063129387408582,475,500.0,1.0,0.95,1421580.0,0.0,0.0
2025-10-14,0.0,123500.0,0.0,0.0,0.0,0.0,168.81119999999999,168.81119999999999,123331.1888,18874123.494913485,1.415562801025514,475,500.0,1.0,0.95,1406760.0,0.0,0.0
2025-10-15,-42799.99999999972,19000.0,0.0,0.0,0.0,0.0,168.5376,168.5376,-23968.537599999723,18850154.957313485,1.413765156211402,475,500.0,1.0,0.95,1404480.0,0.0,0.0
2025-10-16,0.0,-28500.0,0.0,0.0,0.0,0.0,168.94799999999998,168.94799999999998,-28668.948,18821486.009313487,1.4116149797359607,475,500.0,1.0,0.95,1407900.0,0.0,0.0
2025-10-17,-64300.00000000064,247000.0,0.0,0.0,0.0,0.0,165.3912,165.3912,182534.60879999935,19004020.618113488,1.4253051096212856,475,500.0,1.0,0.95,1378260.0,0.0,0.0
2025-10-20,0.0,-25000.0,0.0,1706.6000000000001,0.0,74.56238475723036,61.402631085433725,1842.5650158426643,-26842.565015842665,18977178.053097643,1.4232919122121037,125,7500.0,0.0,0.25,511688.5923786144,1184.8974481040002,1269.2698302146441
2025-10-21,-42899.999999999636,22500.0,110574.24272874344,0.0,0.0,0.0,61.07863108543373,61.07863108543373,90113.16409765837,19067291.217195302,1.4300504164156886,125,7500.0,0.0,0.25,508988.5923786144,1184.8974481040002,1269.2698302146441
2025-10-22,0.0,-32500.0,-3873.214329578931,0.0,0.0,0.0,61.546631085433724,61.546631085433724,-36434.76096066436,19030856.456234638,1.427317802512104,125,7500.0,0.0,0.25,512888.5923786144,1184.8974481040002,1269.2698302146441
2025-10-23,21400.000000001,-30000.0,-10153.849971307065,0.0,0.0,0.0,61.978631085433726,61.978631085433726,-18815.8286023915,19012040.627632245,1.425906611838948,125,7500.0,0.0,0.25,516488.5923786144,1184.8974481040002,1269.2698302146441
2025-10-24,0.0,15000.0,-2644.9139902344054,0.0,0.0,0.0,61.762631085433725,61.762631085433725,12293.323378680161,19024333.951010928,1.4268286133973531,125,7500.0,0.0,0.25,514688.5923786144,1184.8974481040002,1269.2698302146441
2025-10-27,42899.999999999636,-42500.0,-20491.001435971808,0.0,0.0,0.0,62.37463108543373,62.37463108543373,-20153.376067057605,19004180.57494387,1.4253171064135564,125,7500.0,0.0,0.25,519788.5923786144,1184.8974481040002,1269.2698302146441
2025-10-28,0.0,17500.0,-2066.9411836640174,0.0,0.0,0.0,62.122631085433724,62.122631085433724,15370.936185250548,19019551.51112912,1.4264699295095076,125,7500.0,0.0,0.25,517688.5923786144,1184.8974481040002,1269.2698302146441
2025-10-29,0.0,-50000.0,-224.40333276037893,0.0,0.0,0.0,62.84263108543372,62.84263108543372,-50287.24596384581,18969264.265165277,1.4226983766333374,125,7500.0,0.0,0.25,523688.5923786144,1184.8974481040002,1269.2698302146441
2025-10-30,21400.000000001,60000.0,-13041.546155304219,0.0,0.0,0.0,61.978631085433726,61.978631085433726,68296.47521361134,19037560.740378886,1.4278206250799792,125,7500.0,0.0,0.25,516488.5923786144,1184.8974481040002,1269.2698302146441
2025-10-31,0.0,25000.0,-1182.1450873824047,0.0,0.0,0.0,61.61863108543373,61.61863108543373,23756.23628153216,19061316.97666042,1.4296023472553996,125,7500.0,0.0,0.25,513488.5923786144,1184.8974481040002,1269.2698302146441
2025-11-03,-78500.00000000137,57500.0,32683.587855286107,0.0,1202.0,0.0,60.79063108543372,1262.7906310854337,10420.797224199305,19071737.773884617,1.4303839090011188,125,7500.0,0.0,0.25,506588.5923786144,1184.8974481040002,1269.2698302146441
2025-11-04,-7200.000000000273,32500.0,1426.9585447296063,0.0,0.0,0.0,60.32263108543373,60.32263108543373,26666.6359136439,19098404.40979826,1.4323839116946488,125,7500.0,0.0,0.25,502688.5923786144,1184.8974481040002,1269.2698302146441
2025-11-05,0.0,-15000.0,-3480.7312517728574,0.0,0.0,0.0,60.53863108543372,60.53863108543372,-18541.26988285829,19079863.139915403,1.4309933129769377,125,7500.0,0.0,0.25,504488.5923786144,1184.8974481040002,1269.2698302146441
2025-11-06,0.0,-30000.0,-152.21333286572934,0.0,0.0,0.0,60.97063108543372,60.97063108543372,-30213.183963951164,19049649.955951452,1.4287273185146552,125,7500.0,0.0,0.25,508088.5923786144,1184.8974481040002,1269.2698302146441
2025-11-07,28600.000000001273,-7500.0,-13457.260836162579,0.0,0.0,0.0,61.07863108543373,61.07863108543373,7581.660532753261,19057231.616484206,1.4292959444761766,125,7500.0,0.0,0.25,508988.5923786144,1184.8974481040002,1269.2698302146441
2025-11-10,14299.999999998363,-40000.0,-5830.446197603223,0.0,0.0,0.0,61.65463108543372,61.65463108543372,-31592.100828690294,19025639.515655514,1.426926530990491,125,7500.0,0.0,0.25,513788.5923786144,1184.8974481040002,1269.2698302146441
2025-11-11,42800.000000002,27500.0,-18037.184941156094,0.0,0.0,0.0,61.25863108543373,61.25863108543373,52201.55642776048,19077841.072083276,1.4308416575103895,125,7500.0,0.0,0.25,510488.5923786144,1184.8974481040002,1269.2698302146441
2025-11-12,-7100.000000000364,2500.0,1015.1771681263244,0.0,0.0,0.0,61.222631085433726,61.222631085433726,-3646.0454629594733,19074195.026620314,1.430568203417032,125,7500.0,0.0,0.25,510188.5923786144,1184.8974481040002,1269.2698302146441
2025-11-13,28599.999999999,-62500.0,-9313.060972436168,0.0,0.0,0.0,62.122631085433724,62.122631085433724,-43275.18360352261,19030919.843016792,1.4273225565326508,125,7500.0,0.0,0.25,517688.5923786144,1184.8974481040002,1269.2698302146441
2025-11-14,-7200.000000000273,32500.0,-1119.549852177859,0.0,0.0,0.0,61.65463108543372,61.65463108543372,24118.795516736434,19055038.63853353,1.4291314707186915,125,7500.0,0.0,0.25,513788.5923786144,1184.8974481040002,1269.2698302146441
2025-11-17,50000.0,-12500.0,-17884.996572411674,0.0,0.0,0.0,61.83463108543373,61.83463108543373,19553.168796502894,19074591.807330035,1.4305979620446576,125,7500.0,0.0,0.25,515288.5923786144,1184.8974481040002,1269.2698302146441
2025-11-18,0.0,42500.0,-693.3397068598923,0.0,0.0,0.0,61.222631085433726,61.222631085433726,41745.437662054675,19116337.24499209,1.4337288776966008,125,7500.0,0.0,0.25,510188.5923786144,1184.8974481040002,1269.2698302146441
2025-11-19,-35699.99999999936,80000.0,11577.033493925703,0.0,0.0,0.0,60.070631085433725,60.070631085433725,55816.962862840905,19172154.207854927,1.4379151603770204,125,7500.0,0.0,0.25,500588.5923786144,1184.8974481040002,1269.2698302146441
2025-11-20,-78599.999999999,60000.0,22430.539102466235,0.0,0.0,0.0,59.20663108543373,59.20663108543373,3771.332471381805,19175925.540326312,1.438198011019501,125,7500.0,0.0,0.25,493388.5923786144,1184.8974481040002,1269.2698302146441
2025-11-21,0.0,-30000.0,-3441.3779563942358,0.0,0.0,0.0,59.63863108543372,59.63863108543372,-33501.01658747967,19142424.52373883,1.4356854284939835,125,7500.0,0.0,0.25,496988.5923786144,1184.8974481040002,1269.2698302146441
2025-11-24,7199.999999997999,-32500.0,-8240.764943636099,0.0,0.0,0.0,60.106631085433726,60.106631085433726,-33600.87157472354,19108823.65216411,1.4331653568257003,125,7500.0,0.0,0.25,500888.5923786144,1184.8974481040002,1269.2698302146441
2025-11-25,0.0,25000.0,-6522.589216615813,0.0,0.0,0.0,59.74663108543373,59.74663108543373,18417.664152298756,19127241.316316407,1.4345466850904434,125,7500.0,0.0,0.25,497888.5923786144,1184.8974481040002,1269.2698302146441
2025-11-26,0.0,-5000.0,-10818.696346373628,0.0,0.0,0.0,59.81863108543372,59.81863108543372,-15878.514977459063,19111362.80133895,1.4333557934899048,125,7500.0,0.0,0.25,498488.5923786144,1184.8974481040002,1269.2698302146441
2025-11-27,0.0,-2500.0,-11519.412566071825,0.0,0.0,0.0,59.854631085433724,59.854631085433724,-14079.26719715726,19097283.53414179,1.4322998458102487,125,7500.0,0.0,0.25,498788.5923786144,1184.8974481040002,1269.2698302146441
2025-11-28,-14299.999999998363,-2500.0,-9619.918312747448,0.0,0.0,0.0,59.890631085433725,59.890631085433725,-26479.80894383124,19070803.72519796,1.430313855174485,125,7500.0,0.0,0.25,499088.5923786144,1184.8974481040002,1269.2698302146441
2025-12-01,0.0,2500.0,-5897.980401796705,0.0,1176.0,55.74312448439844,58.71003146906389,1290.4531559534626,-4688.433557750168,19066115.291640207,1.42996222177857,125,7500.0,0.0,0.25,489250.26224219915,1183.6473126126916,1267.1316570159072
2025-12-02,28599.999999999,-17500.0,68722.19167409063,0.0,0.0,0.0,58.962031469063895,58.962031469063895,79763.22964262056,19145878.52128283,1.4359444789574096,125,7500.0,0.0,0.25,491350.26224219915,1183.6473126126916,1267.1316570159072
2025-12-03,-28599.999999999,45000.0,14056.023117908744,0.0,0.0,0.0,58.31403146906389,58.31403146906389,30397.709086440682,19176276.23036927,1.4382243128384773,125,7500.0,0.0,0.25,485950.26224219915,1183.6473126126916,1267.1316570159072
2025-12-04,-7200.000000000273,7500.0,1845.6507523566445,0.0,0.0,0.0,58.206031469063895,58.206031469063895,2087.4447208873075,19178363.675090156,1.4383808715839408,125,7500.0,0.0,0.25,485050.26224219915,1183.6473126126916,1267.1316570159072
2025-12-05,0.0,62500.0,1450.5695754693227,0.0,0.0,0.0,57.306031469063896,57.306031469063896,63893.263544000256,19242256.938634157,1.4431728783297577,125,7500.0,0.0,0.25,477550.26224219915,1183.6473126126916,1267.1316570159072
2025-12-08,0.0,10000.0,-2575.945468284826,0.0,0.0,0.0,57.16203146906389,57.16203146906389,7366.89250024611,19249623.831134405,1.443725396648572,125,7500.0,0.0,0.25,476350.26224219915,1183.6473126126916,1267.1316570159072
2025-12-09,157200.00000000026,20000.0,-72331.92628071563,0.0,0.0,0.0,56.874031469063894,56.874031469063894,104811.19968781556,19354435.030822217,1.451586256277307,125,7500.0,0.0,0.25,473950.26224219915,1183.6473126126916,1267.1316570159072
2025-12-10,14299.999999998363,77500.0,-6586.671178129095,0.0,0.0,0.0,55.758031469063894,55.758031469063894,85157.57079040022,19439592.60161262,1.4579730900536716,125,7500.0,0.0,0.25,464650.26224219915,1183.6473126126916,1267.1316570159072
2025-12-11,0.0,-22500.0,174.8941066665921,0.0,0.0,0.0,56.08203146906389,56.08203146906389,-22381.18792480247,19417211.413687818,1.4562944967628282,125,7500.0,0.0,0.25,467350.26224219915,1183.6473126126916,1267.1316570159072
2025-12-12,0.0,-57500.0,-115.23365237191108,0.0,0.0,0.0,56.910031469063895,56.910031469063895,-57672.14368384098,19359539.270003974,1.4519690751729861,125,7500.0,0.0,0.25,474250.26224219915,1183.6473126126916,1267.1316570159072
2025-12-15,0.0,-75000.0,-194.90330972293356,0.0,0.0,0.0,57.990031469063894,57.990031469063894,-75252.893341192,19284286.376662783,1.446325094062444,125,7500.0,0.0,0.25,483250.26224219915,1183.6473126126916,1267.1316570159072
2025-12-16,0.0,-35000.0,51.03283909191347,0.0,0.0,0.0,58.49403146906389,58.49403146906389,-35007.461192377144,19249278.915470406,1.4436995279091003,125,7500.0,0.0,0.25,487450.26224219915,1183.6473126126916,1267.1316570159072
2025-12-17,0.0,-0.0,224.48391654201316,0.0,0.0,0.0,58.49403146906389,58.49403146906389,165.98988507294928,19249444.90535548,1.4437119771816038,125,7500.0,0.0,0.25,487450.26224219915,1183.6473126126916,1267.1316570159072
2025-12-18,0.0,-57500.0,53.013302853686106,0.0,0.0,0.0,59.322031469063894,59.322031469063894,-57506.308728615375,19191938.596626863,1.439398993244498,125,7500.0,0.0,0.25,494350.26224219915,1183.6473126126916,1267.1316570159072
2025-12-19,0.0,42500.0,13.899684342830732,0.0,0.0,0.0,58.71003146906389,58.71003146906389,42455.18965287377,19234393.786279738,1.4425831404288314,125,7500.0,0.0,0.25,489250.26224219915,1183.6473126126916,1267.1316570159072
2025-12-22,0.0,17500.0,32.01968361404184,0.0,0.0,0.0,58.45803146906389,58.45803146906389,17473.561652144977,19251867.347931884,1.4438936608290434,125,7500.0,0.0,0.25,487150.26224219915,1183.6473126126916,1267.1316570159072
2025-12-23,0.0,-15000.0,10.272082976854335,0.0,0.0,0.0,58.67403146906389,58.67403146906389,-15048.401948492208,19236818.94598339,1.442765027861324,125,7500.0,0.0,0.25,488950.26224219915,1183.6473126126916,1267.1316570159072
2025-12-24,28500.000000001364,-22500.0,-11481.80199569806,0.0,0.0,0.0,58.998031469063896,58.998031469063896,-5540.80002716576,19231278.145956226,1.442349466820384,125,7500.0,0.0,0.25,491650.26224219915,1183.6473126126916,1267.1316570159072
2025-12-25,0.0,-0.0,330.0133628699742,0.0,0.0,0.0,58.998031469063896,58.998031469063896,271.01533140091027,19231549.161287628,1.4423697930210546,125,7500.0,0.0,0.25,491650.26224219915,1183.6473126126916,1267.1316570159072
2025-12-26,0.0,-40000.0,191.50966089890974,0.0,0.0,0.0,59.5740314690639,59.5740314690639,-39868.06437057015,19191681.096917056,1.439379680717981,125,7500.0,0.0,0.25,496450.26224219915,1183.6473126126916,1267.1316570159072
2025-12-29,0.0,47500.0,130.714703468513,0.0,0.0,0.0,58.89003146906389,58.89003146906389,47571.82467199945,19239252.921589058,1.4429475764881206,125,7500.0,0.0,0.25,490750.26224219915,1183.6473126126916,1267.1316570159072
2025-12-30,0.0,-80000.0,-116.07188859871442,0.0,0.0,0.0,60.04203146906389,60.04203146906389,-80176.11392006779,19159076.80766899,1.4369343529110565,125,7500.0,0.0,0.25,500350.26224219915,1183.6473126126916,1267.1316570159072
2025-12-31,0.0,10000.0,661.2600010179759,0.0,0.0,0.0,59.898031469063895,59.898031469063895,10601.361969548912,19169678.169638537,1.4377294570465329,125,7500.0,0.0,0.25,499150.26224219915,1183.6473126126916,1267.1316570159072
2026-01-05,-171400.000000001,80000.0,61632.63539924467,0.0,1177.0,0.0,58.746031469063894,1235.7460314690638,-31003.110632225387,19138675.059006315,1.4354042179360185,125,7500.0,0.0,0.25,489550.26224219915,1183.6473126126916,1267.1316570159072
2026-01-06,57200.00000000028,-32500.0,-24447.471049835105,0.0,0.0,0.0,59.21403146906389,59.21403146906389,193.31491869610753,19138868.373925008,1.4354187165911672,125,7500.0,0.0,0.25,493450.26224219915,1183.6473126126916,1267.1316570159072
2026-01-07,0.0,-202500.0,5356.215041702734,0.0,0.0,0.0,62.130031469063894,62.130031469063894,-197205.91498976634,18941662.458935242,1.4206282359907332,125,7500.0,0.0,0.25,517750.26224219915,1183.6473126126916,1267.1316570159072
2026-01-08,42799.99999999972,80000.0,-17260.125828551663,0.0,0.0,0.0,60.97803146906389,60.97803146906389,105478.896139979,19047141.35507522,1.4285391729785741,125,7500.0,0.0,0.25,508150.26224219915,1183.6473126126916,1267.1316570159072
2026-01-09,0.0,27500.0,-3339.7919279295584,0.0,0.0,0.0,60.58203146906389,60.58203146906389,24099.626040601375,19071240.981115825,1.4303466494503105,125,7500.0,0.0,0.25,504850.26224219915,1183.6473126126916,1267.1316570159072
2026-01-12,0.0,-27500.0,-3940.0560907532113,0.0,0.0,0.0,60.97803146906389,60.97803146906389,-31501.034122222278,19039739.9469936,1.427984065984685,125,7500.0,0.0,0.25,508150.26224219915,1183.6473126126916,1267.1316570159072
2026-01-13,-42799.99999999972,67500.0,-1122.0297746326492,0.0,0.0,0.0,60.00603146906389,60.00603146906389,23517.964193898562,19063257.9111875,1.4297479177088568,125,7500.0,0.0,0.25,500050.26224219915,1183.6473126126916,1267.1316570159072
2026-01-14,0.0,-25000.0,-11424.370459893973,0.0,0.0,123.54786958983169,64.51920417538642,188.0670737652181,-36612.43753365919,19026645.47365384,1.427001978028983,125,7500.0,0.0,0.25,537660.0347948868,1190.822179854014,1277.6690134303576
2026-01-15,0.0,72500.0,101456.93916495494,0.0,0.0,0.0,63.475204175386416,63.475204175386416,173893.46396077954,19200538.93761462,1.4400440204311475,125,7500.0,0.0,0.25,528960.0347948868,1190.822179854014,1277.6690134303576
2026-01-16,0.0,9500.0,-280.61087712554666,1668.8000000000002,0.0,123.06058612021516,163.0656,1954.9261861202153,7264.462936754238,19207803.400551375,1.4405888565134943,475,500.0,1.0,0.95,1358880.0,0.0,0.0
2026-01-19,0.0,-0.0,0.0,0.0,0.0,0.0,163.0656,163.0656,-163.0656,19207640.334951375,1.4405766265629194,475,500.0,1.0,0.95,1358880.0,0.0,0.0
2026-01-20,-100000.0,142500.0,0.0,0.0,0.0,0.0,161.0136,161.0136,42338.9864,19249979.321351375,1.4437520584814993,475,500.0,1.0,0.95,1341780.0,0.0,0.0
2026-01-21,-14300.000000000637,133000.0,0.0,0.0,0.0,0.0,159.0984,159.0984,118540.90159999936,19368520.222951375,1.452642648327974,475,500.0,1.0,0.95,1325820.0,0.0,0.0
2026-01-22,0.0,-209000.0,0.0,0.0,0.0,0.0,162.10799999999998,162.10799999999998,-209162.108,19159358.114951372,1.4369554510099805,475,500.0,1.0,0.95,1350900.0,0.0,0.0
2026-01-23,0.0,-123500.0,0.0,0.0,0.0,0.0,163.88639999999998,163.88639999999998,-123663.8864,19035694.228551373,1.4276806363429437,475,500.0,1.0,0.95,1365720.0,0.0,0.0
2026-01-26,0.0,-17500.0,0.0,1687.0,0.0,128.54575656492204,64.08363339388757,1879.6293899588097,-19379.62938995881,19016314.599161416,1.4262271605050074,125,7500.0,0.0,0.25,534030.2782823965,1179.5652351131225,1265.8521443057518
2026-01-27,0.0,27500.0,100860.20766141814,0.0,0.0,0.0,63.68763339388757,63.68763339388757,128296.52002802426,19144611.11918944,1.435849423562767,125,7500.0,0.0,0.25,530730.2782823965,1179.5652351131225,1265.8521443057518
2026-01-28,0.0,-10000.0,-513.2156275734268,0.0,0.0,0.0,63.83163339388757,63.83163339388757,-10577.047260967314,19134034.07192847,1.4350561430349928,125,7500.0,0.0,0.25,531930.2782823965,1179.5652351131225,1265.8521443057518
2026-01-29,0.0,-65000.0,-569.0449055472513,0.0,0.0,0.0,64.76763339388758,64.76763339388758,-65633.81253894114,19068400.25938953,1.4301335947882017,125,7500.0,0.0,0.25,539730.2782823965,1179.5652351131225,1265.8521443057518
2026-01-30,0.0,50000.0,-76.95333622416811,0.0,0.0,0.0,64.04763339388758,64.04763339388758,49858.99903038194,19118259.258419912,1.433873029064066,125,7500.0,0.0,0.25,533730.2782823965,1179.5652351131225,1265.8521443057518
2026-02-02,0.0,2500.0,-1242.9004864326832,0.0,1203.0,0.0,64.01163339388758,1267.0116333938877,-9.912119826570915,19118249.346300088,1.4338722856532207,125,7500.0,0.0,0.25,533430.2782823965,1179.5652351131225,1265.8521443057518
2026-02-03,-14299.999999998363,5000.0,7367.470883950613,0.0,0.0,0.0,63.939633393887576,63.939633393887576,-1996.4687494416376,19116252.877550647,1.4337225501226738,125,7500.0,0.0,0.25,532830.2782823965,1179.5652351131225,1265.8521443057518
2026-02-04,0.0,-70000.0,-10935.090649253745,0.0,0.0,0.0,64.94763339388757,64.94763339388757,-81000.03828264764,19035252.839268,1.4276475320639301,125,7500.0,0.0,0.25,541230.2782823965,1179.5652351131225,1265.8521443057518
2026-02-05,0.0,50000.0,-2695.6253665357985,0.0,0.0,0.0,64.22763339388757,64.22763339388757,47240.14700007031,19082492.98626807,1.4311905519464851,125,7500.0,0.0,0.25,535230.2782823965,1179.5652351131225,1265.8521443057518
2026-02-06,0.0,47500.0,-217.17759914510637,0.0,0.0,0.0,63.543633393887575,63.543633393887575,47219.27876746101,19129712.26503553,1.4347320067076814,125,7500.0,0.0,0.25,529530.2782823965,1179.5652351131225,1265.8521443057518
2026-02-09,0.0,85500.0,-1559.169440774939,1653.4,0.0,51.76599521435685,161.56079999999997,1866.7267952143568,82074.1037640107,19211786.36879954,1.4408875798789154,475,500.0,1.0,0.95,1346340.0,0.0,0.0
2026-02-10,0.0,95000.0,0.0,0.0,0.0,0.0,160.19279999999998,160.19279999999998,94839.8072,19306626.17599954,1.4480005832014236,475,500.0,1.0,0.95,1334940.0,0.0,0.0
2026-02-11,0.0,-66500.0,0.0,0.0,0.0,0.0,161.1504,161.1504,-66661.1504,19239965.02559954,1.4430009844224265,475,500.0,1.0,0.95,1342920.0,0.0,0.0
2026-02-12,0.0,152000.0,0.0,0.0,0.0,0.0,158.96159999999998,158.96159999999998,151841.0384,19391806.06399954,1.4543890907726924,475,500.0,1.0,0.95,1324680.0,0.0,0.0
2026-02-13,0.0,114000.0,0.0,0.0,0.0,0.0,157.32,157.32,113842.68,19505648.74399954,1.4629273131182483,475,500.0,1.0,0.95,1311000.0,0.0,0.0
2026-02-24,14299.999999998363,-180500.0,0.0,0.0,0.0,0.0,159.9192,159.9192,-166359.91920000163,19339288.824799538,1.4504502879856853,475,500.0,1.0,0.95,1332660.0,0.0,0.0
2026-02-25,0.0,-209000.0,0.0,0.0,0.0,0.0,162.9288,162.9288,-209162.9288,19130125.89599954,1.4347630291075382,475,500.0,1.0,0.95,1357740.0,0.0,0.0
2026-02-26,0.0,-0.0,0.0,1667.4,0.0,67.00627548605553,59.887264529163275,1794.293540015219,-1794.293540015219,19128331.602459524,1.4346284567556062,125,7500.0,0.0,0.25,499060.5377430273,1180.0510537046673,1263.7705442880876
2026-02-27,0.0,-7500.0,85456.05554516386,0.0,0.0,0.0,59.99526452916327,59.99526452916327,77896.0602806347,19206227.66274016,1.4404706758822017,125,7500.0,0.0,0.25,499960.5377430273,1180.0510537046673,1263.7705442880876
2026-03-02,0.0,15000.0,-1113.1599348671007,0.0,1188.0,0.0,59.77926452916327,1247.7792645291634,12639.060800603736,19218866.72354076,1.4414186078120765,125,7500.0,0.0,0.25,498160.5377430273,1180.0510537046673,1263.7705442880876
2026-03-03,0.0,-75000.0,2164.064919758064,0.0,0.0,0.0,60.859264529163276,60.859264529163276,-72896.7943447711,19145969.929195993,1.435951334568036,125,7500.0,0.0,0.25,507160.5377430273,1180.0510537046673,1263.7705442880876
2026-03-04,0.0,37500.0,-330.5826843938453,0.0,0.0,0.0,60.31926452916327,60.31926452916327,37109.09805107699,19183079.027247068,1.4387345238798397,125,7500.0,0.0,0.25,502660.5377430273,1180.0510537046673,1263.7705442880876
2026-03-05,0.0,-55000.0,526.2769774851295,0.0,0.0,0.0,61.11126452916327,61.11126452916327,-54534.83428704403,19128544.192960024,1.4346444010830044,125,7500.0,0.0,0.25,509260.5377430273,1180.0510537046673,1263.7705442880876
2026-03-06,100000.0,-42500.0,-50630.59203758707,0.0,0.0,0.0,61.72326452916327,61.72326452916327,6807.684697883767,19135351.87765791,1.4351549787117899,125,7500.0,0.0,0.25,514360.5377430273,1180.0510537046673,1263.7705442880876
2026-03-09,171400.000000001,-85000.0,-84057.59820236712,0.0,0.0,0.0,62.94726452916327,62.94726452916327,2279.454533104702,19137631.332191013,1.4353259382291714,125,7500.0,0.0,0.25,524560.5377430273,1180.0510537046673,1263.7705442880876
2026-03-10,57100.000000000364,102500.0,-32254.311197404917,0.0,0.0,0.0,61.47126452916327,61.47126452916327,127284.21753806627,19264915.54972908,1.444872278410377,125,7500.0,0.0,0.25,512260.5377430273,1180.0510537046673,1263.7705442880876
2026-03-11,0.0,-50000.0,263.9425332923384,0.0,0.0,0.0,62.19126452916327,62.19126452916327,-49798.248731236825,19215117.300997842,1.4411374004183393,125,7500.0,0.0,0.25,518260.5377430273,1180.0510537046673,1263.7705442880876
2026-03-12,35799.99999999927,-2500.0,-15299.509295501864,0.0,0.0,0.0,62.22726452916327,62.22726452916327,17938.263439968247,19233055.56443781,1.4424827735397696,125,7500.0,0.0,0.25,518560.5377430273,1180.0510537046673,1263.7705442880876
2026-03-13,114200.00000000073,-52500.0,-55118.13913739815,0.0,0.0,0.0,62.98326452916327,62.98326452916327,6518.877598073411,19239574.442035884,1.4429716905819177,125,7500.0,0.0,0.25,524860.5377430273,1180.0510537046673,1263.7705442880876
2026-03-16,0.0,52500.0,1851.6645129104604,0.0,0.0,0.0,62.22726452916327,62.22726452916327,54289.43724838129,19293863.879284266,1.4470434085548414,125,7500.0,0.0,0.25,518560.5377430273,1180.0510537046673,1263.7705442880876
2026-03-17,-21400.000000001,32500.0,12266.419281401113,0.0,0.0,0.0,61.759264529163275,61.759264529163275,23304.660016870952,19317168.539301135,1.448791262425741,125,7500.0,0.0,0.25,514660.5377430273,1180.0510537046673,1263.7705442880876
2026-03-18,0.0,80000.0,-2122.8249602699557,0.0,0.0,0.0,60.607264529163274,60.607264529163274,77816.56777520089,19394985.10707634,1.4546275195995244,125,7500.0,0.0,0.25,505060.5377430273,1180.0510537046673,1263.7705442880876
2026-03-19,-14299.999999998363,-15000.0,9390.993083765054,0.0,0.0,0.0,60.823264529163275,60.823264529163275,-19969.830180762474,19375015.276895575,1.4531297785916146,125,7500.0,0.0,0.25,506860.5377430273,1180.0510537046673,1263.7705442880876
2026-03-20,0.0,37500.0,2652.877376261431,0.0,0.0,0.0,60.283264529163276,60.283264529163276,40092.594111732265,19415107.87100731,1.4561367306673747,125,7500.0,0.0,0.25,502360.5377430273,1180.0510537046673,1263.7705442880876
2026-03-23,78599.999999999,-135000.0,-44452.09077779545,0.0,0.0,0.0,62.22726452916327,62.22726452916327,-100914.31804232563,19314193.55296498,1.4485681378927184,125,7500.0,0.0,0.25,518560.5377430273,1180.0510537046673,1263.7705442880876
2026-03-24,14300.000000000637,40000.0,-4314.000485703842,0.0,0.0,0.0,61.65126452916327,61.65126452916327,49924.34824976763,19364117.90121475,1.4523124733722896,125,7500.0,0.0,0.25,513760.5377430273,1180.0510537046673,1263.7705442880876
2026-03-25,-14300.000000000637,-10000.0,12452.203685824887,0.0,0.0,0.0,61.795264529163276,61.795264529163276,-11909.591578704913,19352208.309636045,1.4514192517708329,125,7500.0,0.0,0.25,514960.5377430273,1180.0510537046673,1263.7705442880876
2026-03-26,-57100.000000000364,47500.0,29724.656852882224,0.0,0.0,0.0,61.11126452916327,61.11126452916327,20063.545588352696,19372271.855224397,1.4529240214518835,125,7500.0,0.0,0.25,509260.5377430273,1180.0510537046673,1263.7705442880876
2026-03-27,0.0,-10000.0,4154.539324611832,0.0,0.0,0.0,61.25526452916327,61.25526452916327,-5906.7159399173315,19366365.13928448,1.4524810166488777,125,7500.0,0.0,0.25,510460.5377430273,1180.0510537046673,1263.7705442880876
2026-03-30,-28599.999999999,55000.0,15931.019025589156,0.0,0.0,0.0,60.463264529163276,60.463264529163276,42270.55576106099,19408635.69504554,1.455651316256706,125,7500.0,0.0,0.25,503860.5377430273,1180.0510537046673,1263.7705442880876
2026-03-31,0.0,75000.0,5220.467836926157,0.0,0.0,0.0,59.38326452916327,59.38326452916327,80161.08457239698,19488796.779617935,1.4616634126298766,125,7500.0,0.0,0.25,494860.5377430273,1180.0510537046673,1263.7705442880876
2026-04-01,-14300.000000000637,25000.0,12195.1123784017,0.0,1167.0,0.0,59.02326452916327,1226.0232645291633,21669.0891138719,19510465.868731808,1.4632885983763815,125,7500.0,0.0,0.25,491860.5377430273,1180.0510537046673,1263.7705442880876
2026-04-02,-21400.000000001,-12500.0,16816.794856634686,0.0,0.0,0.0,59.20326452916327,59.20326452916327,-17142.40840789548,19493323.460323915,1.46200291453158,125,7500.0,0.0,0.25,493360.5377430273,1180.0510537046673,1263.7705442880876
2026-04-03,0.0,42500.0,8886.710972467627,0.0,0.0,0.0,58.591264529163276,58.591264529163276,51328.119707938466,19544651.58003185,1.4658525331337215,125,7500.0,0.0,0.25,488260.5377430273,1180.0510537046673,1263.7705442880876
2026-04-07,-28599.999999999,25000.0,23733.89867351462,0.0,0.0,0.0,58.231264529163276,58.231264529163276,20075.667408986457,19564727.247440837,1.4673582119535926,125,7500.0,0.0,0.25,485260.5377430273,1180.0510537046673,1263.7705442880876
2026-04-08,0.0,-10000.0,16491.720842976083,0.0,0.0,0.0,58.375264529163275,58.375264529163275,6433.34557844692,19571160.593019284,1.4678407140782315,125,7500.0,0.0,0.25,486460.5377430273,1180.0510537046673,1263.7705442880876
2026-04-09,0.0,32500.0,18038.057695313884,0.0,0.0,0.0,57.90726452916327,57.90726452916327,50480.15043078472,19621640.743450068,1.4716267348255923,125,7500.0,0.0,0.25,482560.5377430273,1180.0510537046673,1263.7705442880876
2026-04-10,0.0,-25000.0,11475.332338104781,0.0,0.0,89.81577578441572,60.03694654706483,149.85272233148055,-13674.5203842267,19607966.223065842,1.4706011432327963,125,7500.0,0.0,0.25,500307.88789220696,1216.3204644673372,1303.4915558631976
2026-04-13,0.0,7500.0,94554.53433049895,0.0,0.0,0.0,59.92894654706483,59.92894654706483,101994.60538395189,19709960.828449793,1.478250757760629,125,7500.0,0.0,0.25,499407.88789220696,1216.3204644673372,1303.4915558631976
2026-04-14,0.0,-192500.0,6916.822986208793,0.0,0.0,0.0,62.70094654706483,62.70094654706483,-185645.87796033826,19524314.950489454,1.4643272821049143,125,7500.0,0.0,0.25,522507.88789220696,1216.3204644673372,1303.4915558631976
2026-04-15,0.0,-15000.0,-336.28561789159403,0.0,0.0,0.0,62.916946547064825,62.916946547064825,-15399.202564438658,19508915.747925017,1.4631723390252238,125,7500.0,0.0,0.25,524307.8878922069,1216.3204644673372,1303.4915558631976
2026-04-16,14300.000000000637,-37500.0,-9041.201164611046,0.0,0.0,0.0,63.456946547064824,63.456946547064824,-32304.65811115747,19476611.08981386,1.4607494836097483,125,7500.0,0.0,0.25,528807.8878922069,1216.3204644673372,1303.4915558631976
2026-04-17,-7200.000000000273,7500.0,3760.1547953123672,0.0,0.0,0.0,63.34894654706482,63.34894654706482,3996.8058487650296,19480607.895662624,1.4610492447978087,125,7500.0,0.0,0.25,527907.8878922069,1216.3204644673372,1303.4915558631976
2026-04-20,0.0,-22500.0,-554.781565159237,0.0,0.0,0.0,63.672946547064825,63.672946547064825,-23118.4545117063,19457489.44115092,1.4593153563747099,125,7500.0,0.0,0.25,530607.8878922069,1216.3204644673372,1303.4915558631976
2026-04-21,0.0,-0.0,-3202.780002238885,0.0,0.0,0.0,63.672946547064825,63.672946547064825,-3266.45294878595,19454222.988202132,1.4590703717910893,125,7500.0,0.0,0.25,530607.8878922069,1216.3204644673372,1303.4915558631976
2026-04-22,0.0,-47500.0,-494.9532389472555,0.0,0.0,0.0,64.35694654706482,64.35694654706482,-48059.31018549432,19406163.678016637,1.455465914516034,125,7500.0,0.0,0.25,536307.8878922069,1216.3204644673372,1303.4915558631976
2026-04-23,0.0,30000.0,-436.46062389841586,0.0,0.0,0.0,63.92494654706482,63.92494654706482,29499.61442955452,19435663.292446192,1.4576783911294422,125,7500.0,0.0,0.25,532707.8878922069,1216.3204644673372,1303.4915558631976
2026-04-24,-14200.000000000728,17500.0,6291.106198302598,0.0,0.0,0.0,63.672946547064825,63.672946547064825,9527.433251754805,19445190.725697946,1.458392950409722,125,7500.0,0.0,0.25,530607.8878922069,1216.3204644673372,1303.4915558631976
2026-04-27,0.0,-30000.0,-673.2899974016249,0.0,0.0,0.0,64.10494654706483,64.10494654706483,-30737.39494394869,19414453.330753997,1.45608764002565,125,7500.0,0.0,0.25,534207.8878922069,1216.3204644673372,1303.4915558631976
2026-04-28,0.0,55000.0,-950.3578499324483,0.0,0.0,0.0,63.312946547064826,63.312946547064826,53986.32920352049,19468439.65995752,1.4601366248383763,125,7500.0,0.0,0.25,527607.8878922069,1216.3204644673372,1303.4915558631976
2026-04-29,0.0,-2500.0,-3065.146992157195,0.0,0.0,0.0,63.34894654706482,63.34894654706482,-5628.49593870426,19462811.164018814,1.4597144865876275,125,7500.0,0.0,0.25,527907.8878922069,1216.3204644673372,1303.4915558631976
2026-04-30,0.0,-2500.0,-1585.3079144272008,0.0,0.0,0.0,63.38494654706482,63.38494654706482,-4148.692860974265,19458662.47115784,1.4594033338451726,125,7500.0,0.0,0.25,528207.8878922069,1216.3204644673372,1303.4915558631976
2026-05-06,0.0,-70000.0,-148.1110124620999,0.0,1267.0,0.0,64.39294654706482,1331.3929465470649,-71479.50395900918,19387182.96719883,1.4540423576458064,125,7500.0,0.0,0.25,536607.8878922069,1216.3204644673372,1303.4915558631976
2026-05-07,21400.000000001,2500.0,-12573.987377824895,0.0,0.0,0.0,64.35694654706482,64.35694654706482,11261.655675629041,19398444.62287446,1.4548869839330445,125,7500.0,0.0,0.25,536307.8878922069,1216.3204644673372,1303.4915558631976
2026-05-08,0.0,95000.0,1513.6788875855746,0.0,0.0,0.0,62.98894654706482,62.98894654706482,96450.68994103851,19494895.3128155,1.4621208037631719,125,7500.0,0.0,0.25,524907.8878922069,1216.3204644673372,1303.4915558631976
2026-05-11,-92899.99999999964,2500.0,42351.794985862,0.0,0.0,0.0,62.95294654706482,62.95294654706482,-48111.1579606847,19446784.15485481,1.4585124578952555,125,7500.0,0.0,0.25,524607.8878922069,1216.3204644673372,1303.4915558631976
2026-05-12,0.0,15000.0,-3329.350401879192,0.0,0.0,0.0,62.73694654706483,62.73694654706483,11607.912651573743,19458392.067506388,1.459383053520613,125,7500.0,0.0,0.25,522807.88789220696,1216.3204644673372,1303.4915558631976
2026-05-13,0.0,-2500.0,-3169.986743334765,0.0,0.0,0.0,62.77294654706483,62.77294654706483,-5732.759689881829,19452659.307816505,1.4589530954689767,125,7500.0,0.0,0.25,523107.88789220696,1216.3204644673372,1303.4915558631976
2026-05-14,0.0,35000.0,-2677.3298924841483,0.0,0.0,0.0,62.26894654706483,62.26894654706483,32260.401160968788,19484919.708977476,1.4613726316048896,125,7500.0,0.0,0.25,518907.88789220696,1216.3204644673372,1303.4915558631976
2026-05-15,-57100.000000000364,45000.0,-16086.15521197334,0.0,0.0,0.0,61.62094654706483,61.62094654706483,-28247.776158520766,19456671.932818953,1.4592540430965293,125,7500.0,0.0,0.25,513507.88789220696,1216.3204644673372,1303.4915558631976
2026-05-18,0.0,-20000.0,-6013.7816044076335,0.0,0.0,0.0,61.90894654706483,61.90894654706483,-26075.690550954696,19430596.242267996,1.4572983614160033,125,7500.0,0.0,0.25,515907.88789220696,1216.3204644673372,1303.4915558631976
2026-05-19,0.0,12500.0,-10131.73094028419,0.0,0.0,0.0,61.72894654706483,61.72894654706483,2306.540113168746,19432902.782381166,1.4574713523569682,125,7500.0,0.0,0.25,514407.88789220696,1216.3204644673372,1303.4915558631976
2026-05-20,0.0,37500.0,-6774.869197236333,0.0,0.0,0.0,61.18894654706483,61.18894654706483,30663.941856216603,19463566.724237382,1.459771153745688,125,7500.0,0.0,0.25,509907.88789220696,1216.3204644673372,1303.4915558631976
2026-05-21,0.0,-10000.0,-10772.858803326759,0.0,0.0,0.0,61.33294654706483,61.33294654706483,-20834.191749873822,19442732.53248751,1.4582085854580271,125,7500.0,0.0,0.25,511107.88789220696,1216.3204644673372,1303.4915558631976
2026-05-22,0.0,2500.0,-11728.552776722876,0.0,0.0,0.0,61.29694654706483,61.29694654706483,-9289.849723269941,19433442.68276424,1.4575118449869304,125,7500.0,0.0,0.25,510807.88789220696,1216.3204644673372,1303.4915558631976
2026-05-25,28599.999999999,-92500.0,-13337.160176447276,0.0,0.0,0.0,62.62894654706483,62.62894654706483,-77299.78912299534,19356142.893641245,1.451714346308959,125,7500.0,0.0,0.25,521907.88789220696,1216.3204644673372,1303.4915558631976
2026-05-26,-21499.999999998636,50000.0,-13849.64251331792,0.0,0.0,0.0,61.90894654706483,61.90894654706483,14588.44854013638,19370731.34218138,1.4528084826848102,125,7500.0,0.0,0.25,515907.88789220696,1216.3204644673372,1303.4915558631976
2026-05-27,0.0,-10000.0,-24454.010565412886,0.0,0.0,70.96606297255222,60.78307577835307,131.7491387509053,-34585.75970416379,19336145.582477216,1.4502145442221517,125,7500.0,0.0,0.25,506525.63148627564,1203.8495201429382,1289.3682843187355
2026-05-28,0.0,-5000.0,89093.7602747106,0.0,0.0,0.0,60.85507577835307,60.85507577835307,84032.90519893225,19420178.48767615,1.456517027868281,125,7500.0,0.0,0.25,507125.63148627564,1203.8495201429382,1289.3682843187355
2026-05-29,0.0,-27500.0,-1250.5526488721675,0.0,0.0,0.0,61.25107577835307,61.25107577835307,-28811.80372465052,19391366.683951497,1.4543561371867053,125,7500.0,0.0,0.25,510425.63148627564,1203.8495201429382,1289.3682843187355
2026-06-01,0.0,-15000.0,-496.9054304510667,0.0,1221.0,0.0,61.46707577835307,1282.467075778353,-16779.372506229418,19374587.31144527,1.453097681102598,125,7500.0,0.0,0.25,512225.63148627564,1203.8495201429382,1289.3682843187355
2026-06-02,0.0,37500.0,-83.88876991272997,0.0,0.0,0.0,60.92707577835307,60.92707577835307,37355.18415430892,19411942.49559958,1.4558993269182858,125,7500.0,0.0,0.25,507725.63148627564,1203.8495201429382,1289.3682843187355
2026-06-03,0.0,15000.0,-3869.7255593423074,0.0,0.0,0.0,60.71107577835307,60.71107577835307,11069.56336487934,19423012.058964457,1.4567295462462,125,7500.0,0.0,0.25,505925.63148627564,1203.8495201429382,1289.3682843187355
2026-06-04,-14300.000000000637,45000.0,6741.308500822738,0.0,0.0,0.0,60.063075778353074,60.063075778353074,37381.24542504375,19460393.304389503,1.4595331466620793,125,7500.0,0.0,0.25,500525.63148627564,1203.8495201429382,1289.3682843187355
2026-06-05,-71400.000000001,50000.0,26759.045624513146,0.0,0.0,0.0,59.343075778353075,59.343075778353075,5299.702548733789,19465693.006938234,1.4599306253469309,125,7500.0,0.0,0.25,494525.63148627564,1203.8495201429382,1289.3682843187355
2026-06-08,-28599.999999999,12500.0,11253.858888756284,0.0,0.0,0.0,59.16307577835307,59.16307577835307,-4905.304187021069,19460787.702751216,1.4595627266131577,125,7500.0,0.0,0.25,493025.63148627564,1203.8495201429382,1289.3682843187355
2026-06-09,0.0,12500.0,-1762.3592038073177,0.0,0.0,0.0,58.98307577835307,58.98307577835307,10678.657720414329,19471466.36047163,1.460363627944442,125,7500.0,0.0,0.25,491525.63148627564,1203.8495201429382,1289.3682843187355
2026-06-10,-14200.000000000728,-0.0,4291.414736065571,0.0,0.0,0.0,58.98307577835307,58.98307577835307,-9967.56833971351,19461498.792131916,1.4596160584500397,125,7500.0,0.0,0.25,491525.63148627564,1203.8495201429382,1289.3682843187355
2026-06-11,0.0,-15000.0,-2371.297722368517,0.0,0.0,0.0,59.19907577835307,59.19907577835307,-17430.49679814687,19444068.29533377,1.4583087679219524,125,7500.0,0.0,0.25,493325.63148627564,1203.8495201429382,1289.3682843187355
2026-06-12,0.0,20000.0,-4457.524312304661,0.0,0.0,0.0,58.91107577835307,58.91107577835307,15483.564611916987,19459551.859945685,1.4594700381710217,125,7500.0,0.0,0.25,490925.63148627564,1203.8495201429382,1289.3682843187355
2026-06-15,21400.000000001,-45000.0,-8030.078024313605,0.0,0.0,0.0,59.55907577835307,59.55907577835307,-31689.63710009096,19427862.222845595,1.4570933094466934,125,7500.0,0.0,0.25,496325.63148627564,1203.8495201429382,1289.3682843187355
2026-06-16,0.0,12500.0,-2392.719827814931,0.0,0.0,0.0,59.37907577835307,59.37907577835307,10047.901096406717,19437910.123942003,1.45784690391291,125,7500.0,0.0,0.25,494825.63148627564,1203.8495201429382,1289.3682843187355
2026-06-17,0.0,32500.0,-3029.481261134883,0.0,0.0,0.0,58.91107577835307,58.91107577835307,29411.607663086765,19467321.731605086,1.4600527800023315,125,7500.0,0.0,0.25,490925.63148627564,1203.8495201429382,1289.3682843187355
2026-06-18,-121400.000000001,57500.0,52488.18943371719,0.0,0.0,0.0,58.08307577835307,58.08307577835307,-11469.893642062167,19455851.837963026,1.4591925358285665,125,7500.0,0.0,0.25,484025.63148627564,1203.8495201429382,1289.3682843187355
2026-06-22,0.0,-2500.0,-3795.4899184063515,0.0,0.0,0.0,58.11907577835307,58.11907577835307,-6353.608994184705,19449498.22896884,1.458716013962698,125,7500.0,0.0,0.25,484325.63148627564,1203.8495201429382,1289.3682843187355
2026-06-23,0.0,-10000.0,-27625.488875442024,0.0,0.0,0.0,58.26307577835307,58.26307577835307,-37683.75195122038,19411814.47701762,1.4558897255006351,125,7500.0,0.0,0.25,485525.63148627564,1203.8495201429382,1289.3682843187355
2026-06-24,0.0,35000.0,-7155.373276490042,0.0,0.0,0.0,57.75907577835307,57.75907577835307,27786.867647731604,19439601.344665352,1.4579737457842659,125,7500.0,0.0,0.25,481325.63148627564,1203.8495201429382,1289.3682843187355
2026-06-25,-14300.000000000637,17500.0,-713.9676262720495,0.0,0.0,0.0,57.50707577835307,57.50707577835307,2428.5252979489605,19442029.8699633,1.4581558856369616,125,7500.0,0.0,0.25,479225.63148627564,1203.8495201429382,1289.3682843187355
2026-06-26,-71499.99999999863,37500.0,25465.413847130752,0.0,0.0,0.0,56.96707577835307,56.96707577835307,-8591.553228646233,19433438.316734653,1.4575115175338929,125,7500.0,0.0,0.25,474725.63148627564,1203.8495201429382,1289.3682843187355
2026-06-29,0.0,-17500.0,-7938.7417993604095,0.0,0.0,0.0,57.21907577835307,57.21907577835307,-25495.960875138764,19407942.355859514,1.4555993156877527,125,7500.0,0.0,0.25,476825.63148627564,1203.8495201429382,1289.3682843187355
2026-06-30,-42799.99999999972,42500.0,13187.776541746192,0.0,0.0,0.0,56.60707577835307,56.60707577835307,12831.169465968116,19420773.525325485,1.4565616558035508,125,7500.0,0.0,0.25,471725.63148627564,1203.8495201429382,1289.3682843187355
2026-07-01,-271400.000000001,-7500.0,153491.08466404866,0.0,1089.0,0.0,56.715075778353075,1145.7150757783531,-126554.63041173069,19294218.89491375,1.4470700347936183,125,7500.0,0.0,0.25,472625.63148627564,1203.8495201429382,1289.3682843187355
2026-07-02,0.0,-35000.0,-654.8803389545021,0.0,0.0,0.0,57.21907577835307,57.21907577835307,-35712.09941473285,19258506.79549902,1.444391620641478,125,7500.0,0.0,0.25,476825.63148627564,1203.8495201429382,1289.3682843187355
2026-07-03,0.0,-0.0,-4492.244676660064,0.0,0.0,0.0,57.21907577835307,57.21907577835307,-4549.463752438417,19253957.331746582,1.4440504100070186,125,7500.0,0.0,0.25,476825.63148627564,1203.8495201429382,1289.3682843187355
2026-07-06,-28599.999999999,5000.0,17065.252315235604,0.0,0.0,0.0,57.14707577835307,57.14707577835307,-6591.894760541748,19247365.43698604,1.4435560166639947,125,7500.0,0.0,0.25,476225.63148627564,1203.8495201429382,1289.3682843187355
2026-07-07,-28600.000000001273,77500.0,20584.132232289674,0.0,0.0,0.0,56.03107577835307,56.03107577835307,69428.10115651003,19316793.53814255,1.4487631372685346,125,7500.0,0.0,0.25,466925.63148627564,1203.8495201429382,1289.3682843187355
2026-07-08,0.0,-25000.0,-701.2183984121378,0.0,0.0,0.0,56.39107577835307,56.39107577835307,-25757.60947419049,19291035.928668357,1.4468313117284062,125,7500.0,0.0,0.25,469925.63148627564,1203.8495201429382,1289.3682843187355
2026-07-09,0.0,5000.0,-2.8983166841989316,0.0,0.0,49.653996278566055,54.29979577671395,103.95379205528,4893.147891260521,19295929.076559618,1.447198298737718,125,7500.0,0.0,0.25,452498.29813928297,1136.7233935949978,1216.730803475286
2026-07-10,14300.000000000637,-15000.0,70992.94719006399,0.0,0.0,0.0,54.51579577671395,54.51579577671395,70238.43139428792,19366167.50795391,1.4524661942620287,125,7500.0,0.0,0.25,454298.29813928297,1136.7233935949978,1216.730803475286
2026-07-13,0.0,52500.0,850.8241013645757,0.0,0.0,0.0,53.75979577671395,53.75979577671395,53297.06430558786,19419464.572259497,1.4564634840781725,125,7500.0,0.0,0.25,447998.29813928297,1136.7233935949978,1216.730803475286
2026-07-14,-42899.999999999636,-2500.0,16577.327356789174,0.0,0.0,0.0,53.79579577671395,53.79579577671395,-28876.468438987176,19390588.10382051,1.454297743530897,125,7500.0,0.0,0.25,448298.29813928297,1136.7233935949978,1216.730803475286
2026-07-15,-28500.000000001364,32500.0,12580.739892136346,0.0,0.0,0.0,53.32779577671395,53.32779577671395,16527.412096358268,19407115.515916865,1.4555373025370213,125,7500.0,0.0,0.25,444398.29813928297,1136.7233935949978,1216.730803475286
2026-07-16,0.0,42500.0,-187.6301562103988,0.0,0.0,0.0,52.715795776713954,52.715795776713954,42259.65404801289,19449375.16996488,1.4587067845143273,125,7500.0,0.0,0.25,439298.29813928297,1136.7233935949978,1216.730803475286
2026-07-17,0.0,67500.0,1013.5729417611161,0.0,0.0,0.0,51.74379577671395,51.74379577671395,68461.8291459844,19517836.999110863,1.463841434536901,125,7500.0,0.0,0.25,431198.29813928297,1136.7233935949978,1216.730803475286
2026-07-20,0.0,2500.0,-1349.1386461035759,0.0,0.0,0.0,51.70779577671395,51.70779577671395,1099.1535581197102,19518936.152668983,1.463923871259852,125,7500.0,0.0,0.25,430898.29813928297,1136.7233935949978,1216.730803475286
2026-07-21,0.0,-7500.0,-1328.1926611018457,0.0,0.0,0.0,51.815795776713955,51.815795776713955,-8880.00845687856,19510056.144212104,1.4632578689605802,125,7500.0,0.0,0.25,431798.29813928297,1136.7233935949978,1216.730803475286
2026-07-22,0.0,-10000.0,-970.8687588460751,0.0,0.0,0.0,51.95979577671395,51.95979577671395,-11022.828554622789,19499033.31565748,1.462431154752198,125,7500.0,0.0,0.25,432998.29813928297,1136.7233935949978,1216.730803475286
2026-07-23,0.0,15000.0,-1409.5537648664003,0.0,0.0,0.0,51.74379577671395,51.74379577671395,13538.702439356886,19512572.01809684,1.4634465599736628,125,7500.0,0.0,0.25,431198.29813928297,1136.7233935949978,1216.730803475286
2026-07-24,0.0,7500.0,-2282.901312796266,0.0,0.0,0.0,51.63579577671395,51.63579577671395,5165.46289142702,19517737.480988264,1.4638339706590464,125,7500.0,0.0,0.25,430298.29813928297,1136.7233935949978,1216.730803475286
2026-07-27,-85699.99999999936,22500.0,33599.3794823821,0.0,0.0,0.0,51.31179577671395,51.31179577671395,-29651.932313393972,19488085.548674874,1.461610070175791,125,7500.0,0.0,0.25,427598.29813928297,1136.7233935949978,1216.730803475286
2026-07-28,0.0,57500.0,774.4652806803654,0.0,0.0,0.0,50.483795776713954,50.483795776713954,58223.98148490365,19546309.530159775,1.4659768797041823,125,7500.0,0.0,0.25,420698.29813928297,1136.7233935949978,1216.730803475286
2026-07-29,0.0,30000.0,-2950.7848018138907,0.0,0.0,0.0,50.05179577671395,50.05179577671395,26999.163402409395,19573308.693562187,1.468001822021719,125,7500.0,0.0,0.25,417098.29813928297,1136.7233935949978,1216.730803475286
2026-07-30,-42899.999999999636,40000.0,10616.448980546398,0.0,0.0,0.0,49.47579577671395,49.47579577671395,7666.973184770048,19580975.666746955,1.4685768464481377,125,7500.0,0.0,0.25,412298.29813928297,1136.7233935949978,1216.730803475286
2026-07-31,-357100.00000000035,22500.0,167920.38843015206,0.0,0.0,0.0,49.15179577671395,49.15179577671395,-166728.763365625,19414246.90338133,1.4560721579339946,125,7500.0,0.0,0.25,409598.29813928297,1136.7233935949978,1216.730803475286
2026-08-03,-142899.99999999965,40000.0,80746.18404661355,0.0,919.0,0.0,48.57579577671395,967.5757957767139,-23121.391749162816,19391125.511632167,1.4543380492175355,125,7500.0,0.0,0.25,404798.29813928297,1136.7233935949978,1216.730803475286
2026-08-04,0.0,-7500.0,-8018.068721047982,0.0,0.0,0.0,48.68379577671395,48.68379577671395,-15566.752516824696,19375558.759115342,1.4531705398600003,125,7500.0,0.0,0.25,405698.29813928297,1136.7233935949978,1216.730803475286
2026-08-05,0.0,-37500.0,912.9596050816424,0.0,0.0,0.0,49.22379577671395,49.22379577671395,-36636.264190695074,19338922.494924646,1.4504228131763814,125,7500.0,0.0,0.25,410198.29813928297,1136.7233935949978,1216.730803475286
2026-08-06,0.0,-0.0,-3264.321308822069,0.0,0.0,0.0,49.22379577671395,49.22379577671395,-3313.545104598783,19335608.94982005,1.4501742966722453,125,7500.0,0.0,0.25,410198.29813928297,1136.7233935949978,1216.730803475286
2026-08-07,0.0,-5000.0,-4558.6374094013845,0.0,0.0,0.0,49.29579577671395,49.29579577671395,-9607.933205178098,19326001.01661487,1.4494536998803649,125,7500.0,0.0,0.25,410798.29813928297,1136.7233935949978,1216.730803475286
2026-08-10,0.0,-67500.0,7273.106328978187,0.0,0.0,0.0,50.26779577671395,50.26779577671395,-60277.16146679853,19265723.85514807,1.444932901468359,125,7500.0,0.0,0.25,418898.29813928297,1136.7233935949978,1216.730803475286
2026-08-11,0.0,-75000.0,5957.748143997676,0.0,0.0,0.0,51.34779577671395,51.34779577671395,-69093.59965177903,19196630.255496293,1.4397508685393934,125,7500.0,0.0,0.25,427898.29813928297,1136.7233935949978,1216.730803475286
2026-08-12,0.0,22500.0,-6684.742016512111,0.0,0.0,0.0,51.02379577671395,51.02379577671395,15764.234187711176,19212394.489684004,1.440933189059273,125,7500.0,0.0,0.25,425198.29813928297,1136.7233935949978,1216.730803475286
2026-08-13,0.0,30000.0,-6989.997815916329,0.0,0.0,0.0,50.59179577671395,50.59179577671395,22959.41038830696,19235353.90007231,1.4426551491432962,125,7500.0,0.0,0.25,421598.29813928297,1136.7233935949978,1216.730803475286
2026-08-14,0.0,-120000.0,3064.196596139297,0.0,0.0,0.0,52.31979577671395,52.31979577671395,-116988.12319963741,19118365.776872672,1.4338810179679953,125,7500.0,0.0,0.25,435998.29813928297,1136.7233935949978,1216.730803475286
2026-08-17,0.0,-20000.0,-8383.480175207651,0.0,0.0,0.0,52.60779577671395,52.60779577671395,-28436.08797098437,19089929.68890169,1.4317483060383918,125,7500.0,0.0,0.25,438398.29813928297,1136.7233935949978,1216.730803475286
2026-08-18,0.0,-30000.0,-7662.388791595607,0.0,0.0,0.0,53.03979577671395,53.03979577671395,-37715.42858737232,19052214.260314316,1.4289196418226782,125,7500.0,0.0,0.25,441998.29813928297,1136.7233935949978,1216.730803475286
2026-08-19,0.0,77500.0,-5014.247337677133,0.0,0.0,0.0,51.92379577671395,51.92379577671395,72433.82886654614,19124648.089180864,1.4343521925690463,125,7500.0,0.0,0.25,432698.29813928297,1136.7233935949978,1216.730803475286
2026-08-20,0.0,-52500.0,-1399.882736285214,0.0,0.0,103.2744510225011,55.15646706135007,158.43091808385117,-54058.31365436907,19070589.775526494,1.4302978089090093,125,7500.0,0.0,0.25,459637.2255112506,1068.9936630751795,1146.6328710734983
2026-08-21,0.0,-15000.0,89333.50898683899,0.0,0.0,0.0,55.372467061350065,55.372467061350065,74278.13651977765,19144867.912046272,1.4358686830751781,125,7500.0,0.0,0.25,461437.2255112506,1068.9936630751795,1146.6328710734983
2026-08-24,0.0,-37500.0,-287.20909403316955,0.0,0.0,0.0,55.91246706135007,55.91246706135007,-37843.12156109452,19107024.790485177,1.4330304418624928,125,7500.0,0.0,0.25,465937.2255112506,1068.9936630751795,1146.6328710734983
2026-08-25,0.0,22500.0,-1051.8961504372814,0.0,0.0,0.0,55.588467061350066,55.588467061350066,21392.51538250137,19128417.30586768,1.4346348845272874,125,7500.0,0.0,0.25,463237.2255112506,1068.9936630751795,1146.6328710734983
2026-08-26,-28599.999999999,25000.0,15294.986045525771,0.0,0.0,0.0,55.22846706135007,55.22846706135007,11639.757578465422,19140057.06344614,1.435507868528132,125,7500.0,0.0,0.25,460237.2255112506,1068.9936630751795,1146.6328710734983
2026-08-27,0.0,60000.0,42.62605646936812,0.0,0.0,0.0,54.36446706135007,54.36446706135007,59988.261589408015,19200045.32503555,1.4400069993951647,125,7500.0,0.0,0.25,453037.2255112506,1068.9936630751795,1146.6328710734983
2026-08-28,0.0,-90000.0,646.9154402502131,0.0,0.0,0.0,55.66046706135007,55.66046706135007,-89408.74502681113,19110636.58000874,1.4333013267539725,125,7500.0,0.0,0.25,463837.2255112506,1068.9936630751795,1146.6328710734983
2026-08-31,0.0,-35000.0,-1391.9726569753088,0.0,0.0,0.0,56.16446706135007,56.16446706135007,-36448.137124036664,19074188.442884706,1.430567709635627,125,7500.0,0.0,0.25,468037.2255112506,1068.9936630751795,1146.6328710734983
2026-09-01,0.0,-22500.0,-648.0973625350562,0.0,1070.0,0.0,56.48846706135007,1126.48846706135,-24274.585829596406,19049913.85705511,1.428747111146911,125,7500.0,0.0,0.25,470737.2255112506,1068.9936630751795,1146.6328710734983
2026-09-02,0.0,35000.0,-117.27995364809729,0.0,0.0,0.0,55.98446706135007,55.98446706135007,34826.73557929055,19084740.5926344,1.431359122845387,125,7500.0,0.0,0.25,466537.2255112506,1068.9936630751795,1146.6328710734983
2026-09-03,0.0,-0.0,-713.7303070753553,0.0,0.0,0.0,55.98446706135007,55.98446706135007,-769.7147741367054,19083970.877860263,1.431301394093005,125,7500.0,0.0,0.25,466537.2255112506,1068.9936630751795,1146.6328710734983
2026-09-04,0.0,-92500.0,524.8058867666216,0.0,0.0,0.0,57.31646706135007,57.31646706135007,-92032.51058029472,18991938.36727997,1.424398938543344,125,7500.0,0.0,0.25,477637.2255112506,1068.9936630751795,1146.6328710734983
2026-09-07,0.0,35000.0,-967.249902841294,0.0,0.0,0.0,56.81246706135007,56.81246706135007,33975.93763009736,19025914.304910064,1.4269471402361054,125,7500.0,0.0,0.25,473437.2255112506,1068.9936630751795,1146.6328710734983
2026-09-08,0.0,-10000.0,-2159.5683797131037,0.0,0.0,0.0,56.95646706135007,56.95646706135007,-12216.524846774455,19013697.78006329,1.4260308985819932,125,7500.0,0.0,0.25,474637.2255112506,1068.9936630751795,1146.6328710734983
2026-09-09,28599.999999999,15000.0,-15914.332047592827,0.0,0.0,0.0,56.74046706135007,56.74046706135007,27628.92748534482,19041326.707548633,1.428103073323831,125,7500.0,0.0,0.25,472837.2255112506,1068.9936630751795,1146.6328710734983
2026-09-10,0.0,5000.0,-1427.3575801423722,0.0,0.0,0.0,56.66846706135007,56.66846706135007,3515.973952796278,19044842.681501433,1.4283667720295377,125,7500.0,0.0,0.25,472237.2255112506,1068.9936630751795,1146.6328710734983
2026-09-11,0.0,25000.0,-5746.1297197151625,0.0,0.0,0.0,56.308467061350065,56.308467061350065,19197.56181322349,19064040.243314654,1.429806592765081,125,7500.0,0.0,0.25,469237.2255112506,1068.9936630751795,1146.6328710734983
2026-09-14,0.0,115000.0,3706.596366125088,0.0,0.0,0.0,54.652467061350066,54.652467061350066,118651.94389906374,19182692.18721372,1.438705510804806,125,7500.0,0.0,0.25,455437.2255112506,1068.9936630751795,1146.6328710734983
2026-09-15,0.0,95000.0,-1568.7120475832428,1412.6000000000001,0.0,51.31402565182496,138.03119999999998,1601.945225651825,91829.34272676492,19274521.529940482,1.445592728727358,475,500.0,1.0,0.95,1150260.0,0.0,0.0
2026-09-16,-100000.0,-19000.0,0.0,0.0,0.0,0.0,138.3048,138.3048,-119138.3048,19155383.225140482,1.43665733352887,475,500.0,1.0,0.95,1152540.0,0.0,0.0
2026-09-17,-28599.999999999,47500.0,0.0,0.0,0.0,0.0,137.62079999999997,137.62079999999997,18762.379200001,19174145.604340486,1.4380645154868252,475,500.0,1.0,0.95,1146840.0,0.0,0.0
2026-09-18,0.0,-9500.0,0.0,0.0,0.0,0.0,137.7576,137.7576,-9637.7576,19164507.846740484,1.4373416818597409,475,500.0,1.0,0.95,1147980.0,0.0,0.0
2026-09-21,0.0,-104500.0,0.0,0.0,0.0,0.0,139.26239999999999,139.26239999999999,-104639.2624,19059868.584340483,1.4294937175598301,475,500.0,1.0,0.95,1160520.0,0.0,0.0
2026-09-22,0.0,9500.0,0.0,0.0,0.0,0.0,139.1256,139.1256,9360.8744,19069229.458740484,1.4301957848949984,475,500.0,1.0,0.95,1159380.0,0.0,0.0
2026-09-23,0.0,57000.0,0.0,0.0,0.0,0.0,138.3048,138.3048,56861.6952,19126091.153940484,1.4344604226965931,475,500.0,1.0,0.95,1152540.0,0.0,0.0
2026-09-24,-14300.000000000637,66500.0,0.0,0.0,0.0,0.0,137.3472,137.3472,52062.65279999936,19178153.806740485,1.438365131418365,475,500.0,1.0,0.95,1144560.0,0.0,0.0
2026-09-28,0.0,-95000.0,0.0,0.0,0.0,0.0,138.71519999999998,138.71519999999998,-95138.7152,19083015.091540482,1.431229709939811,475,500.0,1.0,0.95,1155960.0,0.0,0.0
