date,symbol,spot_price,near_contract,near_contract_price,dominant_contract,dominant_contract_price,near_month,dominant_month,near_basis,dom_basis,near_basis_rate,dom_basis_rate
2019-12-06,FG,1666.3999999999999,FG912,1582.0,FG001,1465.0,1912,2001,-84.39999999999986,-201.39999999999986,-0.05064810369659134,-0.12085933749399902
2019-12-09,FG,1666.3999999999999,FG912,1607.0,FG005,1451.0,1912,2005,-59.399999999999864,-215.39999999999986,-0.03564570331252992,-0.12926068170907334
2019-12-10,FG,1657.6,FG912,1628.0,FG005,1461.0,1912,2005,-29.59999999999991,-196.5999999999999,-0.017857142857142794,-0.11860521235521226
2019-12-11,FG,1657.6,FG912,1629.0,FG005,1462.0,1912,2005,-28.59999999999991,-195.5999999999999,-0.01725386100386095,-0.11800193050193042
2019-12-12,FG,1657.6,FG912,1650.0,FG005,1455.0,1912,2005,-7.599999999999909,-202.5999999999999,-0.004584942084941979,-0.12222490347490345
2019-12-13,FG,1657.6,FG912,1656.0,FG005,1462.0,1912,2005,-1.599999999999909,-195.5999999999999,-0.0009652509652509078,-0.11800193050193042
2019-12-16,FG,1657.6,FG001,1488.0,FG005,1460.0,2001,2005,-169.5999999999999,-197.5999999999999,-0.10231660231660222,-0.11920849420849411
2019-12-17,FG,1657.6,FG001,1478.0,FG005,1455.0,2001,2005,-179.5999999999999,-202.5999999999999,-0.10834942084942079,-0.12222490347490345
2019-12-18,FG,1657.6,FG001,1494.0,FG005,1476.0,2001,2005,-163.5999999999999,-181.5999999999999,-0.09869691119691115,-0.10955598455598448
2019-12-19,FG,1657.6,FG001,1490.0,FG005,1472.0,2001,2005,-167.5999999999999,-185.5999999999999,-0.10111003861003853,-0.11196911196911197
2019-12-20,FG,1657.6,FG001,1492.0,FG005,1469.0,2001,2005,-165.5999999999999,-188.5999999999999,-0.09990347490347484,-0.1137789575289575
2019-12-23,FG,1657.6,FG001,1484.0,FG005,1465.0,2001,2005,-173.5999999999999,-192.5999999999999,-0.10472972972972971,-0.11619208494208488
2019-12-24,FG,1657.6,FG001,1493.0,FG005,1475.0,2001,2005,-164.5999999999999,-182.5999999999999,-0.099300193050193,-0.11015926640926632
2019-12-25,FG,1657.6,FG001,1484.0,FG005,1467.0,2001,2005,-173.5999999999999,-190.5999999999999,-0.10472972972972971,-0.1149855212355212
2019-12-26,FG,1657.6,FG001,1484.0,FG005,1473.0,2001,2005,-173.5999999999999,-184.5999999999999,-0.10472972972972971,-0.11136583011583012
2019-12-27,FG,1657.6,FG001,1485.0,FG005,1483.0,2001,2005,-172.5999999999999,-174.5999999999999,-0.10412644787644787,-0.10533301158301156
2019-12-30,FG,1657.6,FG001,1484.0,FG005,1484.0,2001,2005,-173.5999999999999,-173.5999999999999,-0.10472972972972971,-0.10472972972972971
2019-12-31,FG,1657.6,FG001,1510.0,FG005,1479.0,2001,2005,-147.5999999999999,-178.5999999999999,-0.08904440154440152,-0.10774613899613894
2020-01-02,FG,1650.3999999999999,FG001,1510.0,FG005,1488.0,2001,2005,-140.39999999999986,-162.39999999999986,-0.08507028599127475,-0.09840038778477933
2020-01-03,FG,1650.3999999999999,FG001,1519.0,FG005,1506.0,2001,2005,-131.39999999999986,-144.39999999999986,-0.07961706253029566,-0.08749394086282103
2020-01-06,FG,1650.3999999999999,FG001,1530.0,FG005,1507.0,2001,2005,-120.39999999999986,-143.39999999999986,-0.07295201163354326,-0.08688802714493449
2020-01-07,FG,1646.3999999999999,FG001,1540.0,FG005,1507.0,2001,2005,-106.39999999999986,-139.39999999999986,-0.06462585034013602,-0.08466958211856168
2020-01-08,FG,1642.4,FG001,1540.0,FG005,1508.0,2001,2005,-102.40000000000009,-134.4000000000001,-0.06234778373112526,-0.0818314661471019
2020-01-09,FG,1642.4,FG001,1510.0,FG005,1503.0,2001,2005,-132.4000000000001,-139.4000000000001,-0.08061373599610333,-0.08487579152459823
2020-01-10,FG,1642.4,FG001,1540.0,FG005,1507.0,2001,2005,-102.40000000000009,-135.4000000000001,-0.06234778373112526,-0.08244033122260108
2020-01-13,FG,1642.4,FG001,1540.0,FG005,1490.0,2001,2005,-102.40000000000009,-152.4000000000001,-0.06234778373112526,-0.09279103750608875
2020-01-14,FG,1642.4,FG001,1538.0,FG005,1493.0,2001,2005,-104.40000000000009,-149.4000000000001,-0.06356551388212373,-0.09096444227959088
2020-01-15,FG,1642.4,FG001,1550.0,FG005,1504.0,2001,2005,-92.40000000000009,-138.4000000000001,-0.0562591329761325,-0.08426692644909894
2020-01-16,FG,1640.0,FG002,1509.0,FG005,1507.0,2002,2005,-131.0,-133.0,-0.07987804878048776,-0.08109756097560972
2020-01-17,FG,1640.0,FG002,1509.0,FG005,1506.0,2002,2005,-131.0,-134.0,-0.07987804878048776,-0.0817073170731707
2020-01-20,FG,1640.0,FG002,1509.0,FG005,1505.0,2002,2005,-131.0,-135.0,-0.07987804878048776,-0.08231707317073167
2020-01-21,FG,1640.0,FG002,1496.0,FG005,1495.0,2002,2005,-144.0,-145.0,-0.08780487804878045,-0.08841463414634143
2020-01-22,FG,1640.0,FG002,1493.0,FG005,1501.0,2002,2005,-147.0,-139.0,-0.08963414634146338,-0.08475609756097557
2020-01-23,FG,1640.0,FG002,1496.0,FG005,1476.0,2002,2005,-144.0,-164.0,-0.08780487804878045,-0.09999999999999998
2020-02-03,FG,1640.0,FG002,1411.0,FG005,1381.0,2002,2005,-229.0,-259.0,-0.13963414634146343,-0.1579268292682927
2020-02-04,FG,1640.0,FG002,1398.0,FG005,1384.0,2002,2005,-242.0,-256.0,-0.14756097560975612,-0.15609756097560978
2020-02-05,FG,1640.0,FG002,1396.0,FG005,1389.0,2002,2005,-244.0,-251.0,-0.14878048780487807,-0.1530487804878049
2020-02-06,FG,1637.6,FG002,1413.0,FG005,1422.0,2002,2005,-224.5999999999999,-215.5999999999999,-0.13715192965315093,-0.13165608207132384
2020-02-07,FG,1637.6,FG002,1424.0,FG005,1416.0,2002,2005,-213.5999999999999,-221.5999999999999,-0.13043478260869557,-0.13531998045920857
2020-02-10,FG,1637.6,FG002,1425.0,FG005,1418.0,2002,2005,-212.5999999999999,-219.5999999999999,-0.12982413287738148,-0.1340986809965803
2020-02-11,FG,1637.6,FG002,1436.0,FG005,1424.0,2002,2005,-201.5999999999999,-213.5999999999999,-0.12310698583292623,-0.13043478260869557
2020-02-12,FG,1637.6,FG002,1433.0,FG005,1426.0,2002,2005,-204.5999999999999,-211.5999999999999,-0.12493893502686859,-0.1292134831460674
2020-02-13,FG,1637.6,FG002,1418.0,FG005,1403.0,2002,2005,-219.5999999999999,-234.5999999999999,-0.1340986809965803,-0.1432584269662921
2020-02-14,FG,1637.6,FG002,1413.0,FG005,1405.0,2002,2005,-224.5999999999999,-232.5999999999999,-0.13715192965315093,-0.14203712750366382
2020-02-17,FG,1637.6,FG003,1419.0,FG005,1408.0,2003,2005,-218.5999999999999,-229.5999999999999,-0.1334880312652662,-0.14020517830972146
2020-02-18,FG,1637.6,FG003,1423.0,FG005,1400.0,2003,2005,-214.5999999999999,-237.5999999999999,-0.13104543234000976,-0.14509037616023446
2020-02-19,FG,1637.6,FG003,1423.0,FG005,1406.0,2003,2005,-214.5999999999999,-231.5999999999999,-0.13104543234000976,-0.14142647777234973
2020-02-20,FG,1637.6,FG003,1446.0,FG005,1428.0,2003,2005,-191.5999999999999,-209.5999999999999,-0.11700048851978495,-0.12799218368343912
2020-02-21,FG,1637.6,FG003,1446.0,FG005,1429.0,2003,2005,-191.5999999999999,-208.5999999999999,-0.11700048851978495,-0.12738153395212504
2020-02-24,FG,1637.6,FG003,1448.0,FG005,1436.0,2003,2005,-189.5999999999999,-201.5999999999999,-0.11577918905715678,-0.12310698583292623
2020-02-25,FG,1629.6000000000001,FG003,1461.0,FG005,1429.0,2003,2005,-168.60000000000014,-200.60000000000014,-0.10346097201767313,-0.12309769268532167
2020-02-26,FG,1629.6000000000001,FG003,1461.0,FG005,1425.0,2003,2005,-168.60000000000014,-204.60000000000014,-0.10346097201767313,-0.12555228276877772
2020-02-27,FG,1629.6000000000001,FG003,1454.0,FG005,1412.0,2003,2005,-175.60000000000014,-217.60000000000014,-0.10775650466372122,-0.1335297005400099
2020-02-28,FG,1629.6000000000001,FG003,1454.0,FG005,1389.0,2003,2005,-175.60000000000014,-240.60000000000014,-0.10775650466372122,-0.1476435935198822
2020-03-02,FG,1629.6000000000001,FG003,1525.0,FG005,1412.0,2003,2005,-104.60000000000014,-217.60000000000014,-0.06418753068237615,-0.1335297005400099
2020-03-03,FG,1625.6,FG003,1521.0,FG005,1394.0,2003,2005,-104.59999999999991,-231.5999999999999,-0.0643454724409448,-0.1424704724409448
2020-03-04,FG,1625.6,FG003,1509.0,FG005,1392.0,2003,2005,-116.59999999999991,-233.5999999999999,-0.07172736220472431,-0.14370078740157477
2020-03-05,FG,1625.6,FG003,1511.0,FG005,1394.0,2003,2005,-114.59999999999991,-231.5999999999999,-0.07049704724409445,-0.1424704724409448
2020-03-06,FG,1625.6,FG003,1503.0,FG005,1387.0,2003,2005,-122.59999999999991,-238.5999999999999,-0.07541830708661412,-0.14677657480314954
2020-03-09,FG,1625.6,FG003,1476.0,FG005,1372.0,2003,2005,-149.5999999999999,-253.5999999999999,-0.09202755905511806,-0.15600393700787396
2020-03-10,FG,1620.0,FG003,1493.0,FG005,1384.0,2003,2005,-127.0,-236.0,-0.07839506172839505,-0.14567901234567904
2020-03-11,FG,1616.0,FG003,1499.0,FG005,1383.0,2003,2005,-117.0,-233.0,-0.07240099009900991,-0.14418316831683164
2020-03-12,FG,1616.0,FG003,1494.0,FG005,1384.0,2003,2005,-122.0,-232.0,-0.07549504950495045,-0.14356435643564358
2020-03-13,FG,1616.0,FG003,1483.0,FG005,1361.0,2003,2005,-133.0,-255.0,-0.08230198019801982,-0.15779702970297027
2020-03-16,FG,1616.0,FG004,1459.0,FG005,1343.0,2004,2005,-157.0,-273.0,-0.09715346534653468,-0.16893564356435642
2020-03-17,FG,1616.0,FG004,1453.0,FG005,1348.0,2004,2005,-163.0,-268.0,-0.1008663366336634,-0.16584158415841588
2020-03-18,FG,1616.0,FG004,1452.0,FG005,1335.0,2004,2005,-164.0,-281.0,-0.10148514851485146,-0.17388613861386137
2020-03-19,FG,1616.0,FG004,1422.0,FG005,1324.0,2004,2005,-194.0,-292.0,-0.12004950495049505,-0.18069306930693074
2020-03-20,FG,1590.3999999999999,FG004,1435.0,FG005,1328.0,2004,2005,-155.39999999999986,-262.39999999999986,-0.09771126760563376,-0.16498993963782693
2020-03-23,FG,1570.3999999999999,FG004,1404.0,FG005,1287.0,2004,2005,-166.39999999999986,-283.39999999999986,-0.10596026490066213,-0.18046357615894038
2020-03-24,FG,1564.0,FG004,1459.0,FG005,1300.0,2004,2005,-105.0,-264.0,-0.06713554987212278,-0.1687979539641944
2020-03-25,FG,1564.0,FG004,1518.0,FG005,1300.0,2004,2005,-46.0,-264.0,-0.02941176470588236,-0.1687979539641944
2020-03-26,FG,1564.0,FG004,1498.0,FG005,1279.0,2004,2005,-66.0,-285.0,-0.0421994884910486,-0.18222506393861893
2020-03-27,FG,1554.4,FG004,1492.0,FG005,1278.0,2004,2005,-62.40000000000009,-276.4000000000001,-0.04014410705095217,-0.17781780751415344
2020-03-30,FG,1549.6000000000001,FG004,1492.0,FG009,1299.0,2004,2009,-57.600000000000136,-250.60000000000014,-0.03717088280846681,-0.16171915332989162
2020-03-31,FG,1549.6000000000001,FG004,1504.0,FG009,1297.0,2004,2009,-45.600000000000136,-252.60000000000014,-0.029426948890036275,-0.16300980898296347
2020-04-01,FG,1549.6000000000001,FG004,1487.0,FG009,1274.0,2004,2009,-62.600000000000136,-275.60000000000014,-0.04039752194114621,-0.1778523489932886
2020-04-02,FG,1541.6,FG004,1456.0,FG009,1280.0,2004,2009,-85.59999999999991,-261.5999999999999,-0.05552672548002069,-0.16969382459782034
2020-04-03,FG,1541.6,FG004,1436.0,FG009,1222.0,2004,2009,-105.59999999999991,-319.5999999999999,-0.06850025947067973,-0.20731707317073167
2020-04-07,FG,1541.6,FG004,1422.0,FG009,1241.0,2004,2009,-119.59999999999991,-300.5999999999999,-0.07758173326414108,-0.19499221587960558
2020-04-08,FG,1504.0,FG004,1431.0,FG009,1244.0,2004,2009,-73.0,-260.0,-0.04853723404255317,-0.1728723404255319
2020-04-09,FG,1504.0,FG004,1439.0,FG009,1244.0,2004,2009,-65.0,-260.0,-0.04321808510638303,-0.1728723404255319
2020-04-10,FG,1501.6,FG004,1442.0,FG009,1256.0,2004,2009,-59.59999999999991,-245.5999999999999,-0.03969099627064454,-0.1635588705380927
2020-04-13,FG,1474.4,FG004,1418.0,FG009,1199.0,2004,2009,-56.40000000000009,-275.4000000000001,-0.03825284861638634,-0.18678784590341835
2020-04-14,FG,1474.4,FG004,1393.0,FG009,1219.0,2004,2009,-81.40000000000009,-255.4000000000001,-0.05520889853499733,-0.17322300596852958
2020-04-15,FG,1468.0,FG004,1438.0,FG009,1249.0,2004,2009,-30.0,-219.0,-0.02043596730245234,-0.14918256130790186
2020-04-16,FG,1430.3999999999999,FG005,1178.0,FG009,1230.0,2005,2009,-252.39999999999986,-200.39999999999986,-0.17645413870246074,-0.1401006711409395
2020-04-17,FG,1421.6,FG005,1182.0,FG009,1271.0,2005,2009,-239.5999999999999,-150.5999999999999,-0.16854248733821042,-0.1059369724254361
2020-04-20,FG,1385.6,FG005,1167.0,FG009,1256.0,2005,2009,-218.5999999999999,-129.5999999999999,-0.15776558891454961,-0.09353348729792144
2020-04-21,FG,1372.0,FG005,1164.0,FG009,1236.0,2005,2009,-208.0,-136.0,-0.15160349854227406,-0.0991253644314869
2020-04-22,FG,1365.6,FG005,1165.0,FG009,1240.0,2005,2009,-200.5999999999999,-125.59999999999991,-0.1468951376684241,-0.091974223784417
2020-04-23,FG,1358.4,FG005,1144.0,FG009,1228.0,2005,2009,-214.4000000000001,-130.4000000000001,-0.15783274440518258,-0.09599528857479389
2020-04-24,FG,1350.3999999999999,FG005,1132.0,FG009,1248.0,2005,2009,-218.39999999999986,-102.39999999999986,-0.16172985781990512,-0.07582938388625582
2020-04-27,FG,1321.6,FG005,1156.0,FG009,1261.0,2005,2009,-165.5999999999999,-60.59999999999991,-0.12530266343825658,-0.04585351089588374
2020-04-28,FG,1321.6,FG005,1155.0,FG009,1244.0,2005,2009,-166.5999999999999,-77.59999999999991,-0.12605932203389825,-0.05871670702179166
2020-04-29,FG,1321.6,FG005,1182.0,FG009,1261.0,2005,2009,-139.5999999999999,-60.59999999999991,-0.10562953995157376,-0.04585351089588374
2020-04-30,FG,1321.6,FG005,1196.0,FG009,1269.0,2005,2009,-125.59999999999991,-52.59999999999991,-0.09503631961259074,-0.03980024213075051
2020-05-06,FG,1342.4,FG005,1180.0,FG009,1297.0,2005,2009,-162.4000000000001,-45.40000000000009,-0.1209773539928487,-0.03382002383790228
2020-05-07,FG,1342.4,FG005,1211.0,FG009,1310.0,2005,2009,-131.4000000000001,-32.40000000000009,-0.09788438617401674,-0.024135876042908344
2020-05-08,FG,1342.4,FG005,1200.0,FG009,1318.0,2005,2009,-142.4000000000001,-24.40000000000009,-0.10607866507747321,-0.01817640047675806
2020-05-11,FG,1342.4,FG005,1212.0,FG009,1340.0,2005,2009,-130.4000000000001,-2.400000000000091,-0.097139451728248,-0.0017878426698451078
2020-05-12,FG,1336.0,FG005,1212.0,FG009,1345.0,2005,2009,-124.0,9.0,-0.09281437125748504,0.006736526946107713
2020-05-13,FG,1336.0,FG005,1178.0,FG009,1368.0,2005,2009,-158.0,32.0,-0.11826347305389218,0.0239520958083832
2020-05-14,FG,1338.4,FG005,1219.0,FG009,1361.0,2005,2009,-119.40000000000009,22.59999999999991,-0.08921099820681422,0.016885833831440378
2020-05-15,FG,1345.6,FG005,1221.0,FG009,1343.0,2005,2009,-124.59999999999991,-2.599999999999909,-0.09259809750297254,-0.001932223543400613
2020-05-18,FG,1345.6,FG005,1218.0,FG009,1369.0,2005,2009,-127.59999999999991,23.40000000000009,-0.09482758620689646,0.017390011890606516
2020-05-19,FG,1352.0,FG005,1230.0,FG009,1377.0,2005,2009,-122.0,25.0,-0.0902366863905325,0.01849112426035493
2020-05-20,FG,1352.0,FG006,1306.0,FG009,1379.0,2006,2009,-46.0,27.0,-0.03402366863905326,0.019970414201183395
2020-05-21,FG,1356.0,FG006,1319.0,FG009,1388.0,2006,2009,-37.0,32.0,-0.027286135693215363,0.02359882005899716
2020-05-22,FG,1356.0,FG006,1310.0,FG009,1364.0,2006,2009,-46.0,8.0,-0.03392330383480824,0.005899705014749346
2020-05-25,FG,1385.6,FG006,1375.0,FG009,1429.0,2006,2009,-10.599999999999909,43.40000000000009,-0.007650115473441077,0.031322170900693
2020-05-26,FG,1394.4,FG006,1387.0,FG009,1431.0,2006,2009,-7.400000000000091,36.59999999999991,-0.005306942053930119,0.026247848537005014
2020-05-27,FG,1394.4,FG006,1377.0,FG009,1422.0,2006,2009,-17.40000000000009,27.59999999999991,-0.012478485370051695,0.019793459552495563
2020-05-28,FG,1405.6,FG006,1379.0,FG009,1428.0,2006,2009,-26.59999999999991,22.40000000000009,-0.018924302788844605,0.015936254980079667
2020-05-29,FG,1414.4,FG006,1388.0,FG009,1429.0,2006,2009,-26.40000000000009,14.599999999999909,-0.01866515837104077,0.010322398190045101
2020-06-01,FG,1428.0,FG006,1392.0,FG009,1437.0,2006,2009,-36.0,9.0,-0.025210084033613467,0.006302521008403339
2020-06-01,SA,1333.33,SA006,1224.0,SA009,1476.0,2006,2009,-109.32999999999993,142.67000000000007,-0.0819977049942624,0.10700276750691873
2020-06-02,FG,1432.0,FG006,1399.0,FG009,1447.0,2006,2009,-33.0,15.0,-0.02304469273743015,0.010474860335195624
2020-06-02,SA,1300.0,SA006,1206.0,SA009,1471.0,2006,2009,-94.0,171.0,-0.0723076923076923,0.1315384615384616
2020-06-03,FG,1432.0,FG006,1365.0,FG009,1438.0,2006,2009,-67.0,6.0,-0.046787709497206675,0.0041899441340782495
2020-06-03,SA,1300.0,SA006,1223.0,SA009,1485.0,2006,2009,-77.0,185.0,-0.0592307692307692,0.14230769230769225
2020-06-04,FG,1436.0,FG006,1393.0,FG009,1428.0,2006,2009,-43.0,-8.0,-0.029944289693593307,-0.005571030640668551
2020-06-04,SA,1300.0,SA006,1218.0,SA009,1466.0,2006,2009,-82.0,166.0,-0.06307692307692303,0.12769230769230777
2020-06-05,FG,1442.4,FG006,1388.0,FG009,1437.0,2006,2009,-54.40000000000009,-5.400000000000091,-0.03771491957848039,-0.0037437603993345503
2020-06-05,SA,1300.0,SA006,1214.0,SA009,1470.0,2006,2009,-86.0,170.0,-0.06615384615384612,0.13076923076923075
2020-06-08,FG,1442.4,FG006,1392.0,FG009,1437.0,2006,2009,-50.40000000000009,-5.400000000000091,-0.034941763727121544,-0.0037437603993345503
2020-06-08,SA,1300.0,SA006,1206.0,SA009,1465.0,2006,2009,-94.0,165.0,-0.0723076923076923,0.12692307692307692
2020-06-09,FG,1452.0,FG006,1380.0,FG009,1420.0,2006,2009,-72.0,-32.0,-0.04958677685950408,-0.02203856749311295
2020-06-09,SA,1300.0,SA006,1182.0,SA009,1436.0,2006,2009,-118.0,136.0,-0.09076923076923082,0.10461538461538455
2020-06-10,FG,1457.6,FG006,1383.0,FG009,1424.0,2006,2009,-74.59999999999991,-33.59999999999991,-0.051180021953896704,-0.023051591657519133
2020-06-10,SA,1300.0,SA006,1182.0,SA009,1432.0,2006,2009,-118.0,132.0,-0.09076923076923082,0.10153846153846158
2020-06-11,FG,1460.0,FG006,1393.0,FG009,1445.0,2006,2009,-67.0,-15.0,-0.045890410958904115,-0.010273972602739767
2020-06-11,SA,1300.0,SA006,1176.0,SA009,1431.0,2006,2009,-124.0,131.0,-0.0953846153846154,0.10076923076923072
2020-06-12,FG,1460.0,FG006,1409.0,FG009,1454.0,2006,2009,-51.0,-6.0,-0.03493150684931512,-0.004109589041095929
2020-06-12,SA,1300.0,SA006,1181.0,SA009,1436.0,2006,2009,-119.0,136.0,-0.09153846153846157,0.10461538461538455
2020-06-15,FG,1464.0,FG007,1444.0,FG009,1452.0,2007,2009,-20.0,-12.0,-0.013661202185792365,-0.008196721311475419
2020-06-15,SA,1300.0,SA007,1150.0,SA009,1445.0,2007,2009,-150.0,145.0,-0.11538461538461542,0.11153846153846159
2020-06-16,FG,1474.4,FG007,1443.0,FG009,1453.0,2007,2009,-31.40000000000009,-21.40000000000009,-0.021296798697775454,-0.014514378730331012
2020-06-16,SA,1300.0,SA007,1201.0,SA009,1448.0,2007,2009,-99.0,148.0,-0.07615384615384613,0.11384615384615393
2020-06-17,FG,1474.4,FG007,1450.0,FG009,1447.0,2007,2009,-24.40000000000009,-27.40000000000009,-0.016549104720564367,-0.018583830710797722
2020-06-17,SA,1300.0,SA007,1190.0,SA009,1439.0,2007,2009,-110.0,139.0,-0.08461538461538465,0.1069230769230769
2020-06-18,FG,1474.4,FG007,1454.0,FG009,1446.0,2007,2009,-20.40000000000009,-28.40000000000009,-0.013836136733586635,-0.0192620727075421
2020-06-18,SA,1323.33,SA007,1182.0,SA009,1432.0,2007,2009,-141.32999999999993,108.67000000000007,-0.10679875767949032,0.08211859475716565
2020-06-19,FG,1473.6000000000001,FG007,1448.0,FG009,1451.0,2007,2009,-25.600000000000136,-22.600000000000136,-0.017372421281216188,-0.015336590662323624
2020-06-19,SA,1323.33,SA007,1200.0,SA009,1440.0,2007,2009,-123.32999999999993,116.67000000000007,-0.09319670830405113,0.08816395003513877
2020-06-22,FG,1473.6000000000001,FG007,1444.0,FG009,1455.0,2007,2009,-29.600000000000136,-18.600000000000136,-0.0200868621064062,-0.012622149837133612
2020-06-22,SA,1323.33,SA007,1185.0,SA009,1436.0,2007,2009,-138.32999999999993,112.67000000000007,-0.10453174945025046,0.08514127239615221
2020-06-23,FG,1485.6,FG007,1453.0,FG009,1454.0,2007,2009,-32.59999999999991,-31.59999999999991,-0.021943995691976248,-0.021270866989768433
2020-06-23,SA,1323.33,SA007,1169.0,SA009,1427.0,2007,2009,-154.32999999999993,103.67000000000007,-0.11662246000619647,0.07834024770843251
2020-06-24,FG,1488.0,FG007,1490.0,FG009,1484.0,2007,2009,2.0,-4.0,0.0013440860215054862,-0.0026881720430107503
2020-06-24,SA,1323.33,SA007,1168.0,SA009,1401.0,2007,2009,-155.32999999999993,77.67000000000007,-0.11737812941594306,0.05869284305502043
2020-06-29,FG,1494.4,FG007,1514.0,FG009,1473.0,2007,2009,19.59999999999991,-21.40000000000009,0.013115631691648755,-0.014320128479657468
2020-06-29,SA,1323.33,SA007,1142.0,SA009,1394.0,2007,2009,-181.32999999999993,70.67000000000007,-0.13702553406935525,0.05340315718679389
2020-06-30,FG,1494.4,FG007,1580.0,FG009,1477.0,2007,2009,85.59999999999991,-17.40000000000009,0.05728051391862943,-0.011643468950749525
2020-06-30,SA,1323.33,SA007,1113.0,SA009,1393.0,2007,2009,-210.32999999999993,69.67000000000007,-0.15893994695200742,0.05264748777704731
2020-07-01,FG,1494.4,FG007,1520.0,FG009,1490.0,2007,2009,25.59999999999991,-4.400000000000091,0.017130620985010614,-0.002944325481798793
2020-07-01,SA,1323.33,SA007,1103.0,SA009,1368.0,2007,2009,-220.32999999999993,44.67000000000007,-0.1664966410494736,0.03375575253338181
2020-07-02,FG,1500.0,FG007,1520.0,FG009,1497.0,2007,2009,20.0,-3.0,0.01333333333333342,-0.0020000000000000018
2020-07-02,SA,1323.33,SA007,1103.0,SA009,1370.0,2007,2009,-220.32999999999993,46.67000000000007,-0.1664966410494736,0.03526709135287498
2020-07-03,FG,1500.0,FG007,1520.0,FG009,1490.0,2007,2009,20.0,-10.0,0.01333333333333342,-0.00666666666666671
2020-07-03,SA,1323.33,SA007,1087.0,SA009,1375.0,2007,2009,-236.32999999999993,51.67000000000007,-0.1785873516054196,0.039045438401608124
2020-07-06,FG,1502.4,FG007,1525.0,FG009,1503.0,2007,2009,22.59999999999991,0.599999999999909,0.015042598509052096,0.0003993610223642641
2020-07-06,SA,1316.67,SA007,1129.0,SA009,1381.0,2007,2009,-187.67000000000007,64.32999999999993,-0.14253381637008522,0.04885810415669822
2020-07-07,FG,1502.4,FG007,1544.0,FG009,1527.0,2007,2009,41.59999999999991,24.59999999999991,0.027689030883919052,0.01637380191693283
2020-07-07,SA,1316.67,SA007,1103.0,SA009,1369.0,2007,2009,-213.67000000000007,52.32999999999993,-0.16228060182126125,0.03974420317923233
2020-07-08,FG,1508.0,FG007,1554.0,FG009,1530.0,2007,2009,46.0,22.0,0.0305039787798409,0.01458885941644561
2020-07-08,SA,1316.67,SA007,1120.0,SA009,1391.0,2007,2009,-196.67000000000007,74.32999999999993,-0.14936924210318459,0.056453021637919765
2020-07-09,FG,1512.0,FG007,1563.0,FG009,1543.0,2007,2009,51.0,31.0,0.03373015873015883,0.020502645502645578
2020-07-09,SA,1333.33,SA007,1125.0,SA009,1394.0,2007,2009,-208.32999999999993,60.67000000000007,-0.15624789061972655,0.045502613756534416
2020-07-10,FG,1516.0,FG007,1567.0,FG009,1542.0,2007,2009,51.0,26.0,0.03364116094986813,0.01715039577836408
2020-07-10,SA,1333.33,SA007,1123.0,SA009,1389.0,2007,2009,-210.32999999999993,55.67000000000007,-0.1577478943697359,0.04175260438151107
2020-07-13,FG,1518.4,FG007,1607.0,FG009,1591.0,2007,2009,88.59999999999991,72.59999999999991,0.058350895679662784,0.04781348788198092
2020-07-13,SA,1333.33,SA007,1123.0,SA009,1397.0,2007,2009,-210.32999999999993,63.67000000000007,-0.1577478943697359,0.04775261938154851
2020-07-14,FG,1518.4,FG007,1628.0,FG009,1599.0,2007,2009,109.59999999999991,80.59999999999991,0.07218124341412002,0.05308219178082196
2020-07-14,SA,1333.33,SA007,1123.0,SA009,1388.0,2007,2009,-210.32999999999993,54.67000000000007,-0.1577478943697359,0.041002602506506225
2020-07-15,FG,1522.4,FG008,1623.0,FG009,1605.0,2008,2009,100.59999999999991,82.59999999999991,0.06607987388334213,0.05425643720441409
2020-07-15,SA,1333.33,SA008,1364.0,SA009,1381.0,2008,2009,30.670000000000073,47.67000000000007,0.023002557506393906,0.03575258938147341
2020-07-16,FG,1522.4,FG008,1619.0,FG009,1597.0,2008,2009,96.59999999999991,74.59999999999991,0.06345244351024681,0.049001576458223894
2020-07-16,SA,1333.33,SA008,1353.0,SA009,1373.0,2008,2009,19.670000000000073,39.67000000000007,0.014752536881342149,0.02975257438143597
2020-07-17,FG,1538.4,FG008,1668.0,FG009,1646.0,2008,2009,129.5999999999999,107.59999999999991,0.0842433697347893,0.06994279771190848
2020-07-17,SA,1333.33,SA008,1338.0,SA009,1356.0,2008,2009,4.670000000000073,22.670000000000073,0.0035025087562718937,0.017002542506356244
2020-07-20,FG,1538.4,FG008,1655.0,FG009,1637.0,2008,2009,116.59999999999991,98.59999999999991,0.07579303172126872,0.06409256370254801
2020-07-20,SA,1333.33,SA008,1297.0,SA009,1306.0,2008,2009,-36.32999999999993,-27.329999999999927,-0.027247568118920262,-0.020497551243878087
2020-07-21,FG,1538.4,FG008,1705.0,FG009,1689.0,2008,2009,166.5999999999999,150.5999999999999,0.10829433177327097,0.09789391575663009
2020-07-21,SA,1333.33,SA008,1291.0,SA009,1303.0,2008,2009,-42.32999999999993,-30.329999999999927,-0.03174757936894834,-0.02274755686889207
2020-07-22,FG,1541.6,FG008,1702.0,FG009,1696.0,2008,2009,160.4000000000001,154.4000000000001,0.10404774260508565,0.10015568240788797
2020-07-22,SA,1333.33,SA008,1313.0,SA009,1316.0,2008,2009,-20.329999999999927,-17.329999999999927,-0.015247538118845272,-0.012997532493831176
2020-07-23,FG,1548.0,FG008,1700.0,FG009,1679.0,2008,2009,152.0,131.0,0.09819121447028434,0.0846253229974161
2020-07-23,SA,1333.33,SA008,1320.0,SA009,1324.0,2008,2009,-13.329999999999927,-9.329999999999927,-0.009997524993812457,-0.006997517493793626
2020-07-24,FG,1548.0,FG008,1680.0,FG009,1663.0,2008,2009,132.0,115.0,0.0852713178294573,0.0742894056847545
2020-07-24,SA,1333.33,SA008,1320.0,SA009,1320.0,2008,2009,-13.329999999999927,-13.329999999999927,-0.009997524993812457,-0.009997524993812457
2020-07-27,FG,1556.0,FG008,1676.0,FG009,1668.0,2008,2009,120.0,112.0,0.07712082262210807,0.07197943444730082
2020-07-27,SA,1333.33,SA008,1326.0,SA009,1324.0,2008,2009,-7.329999999999927,-9.329999999999927,-0.005497513743784266,-0.006997517493793626
2020-07-28,FG,1569.6000000000001,FG008,1704.0,FG009,1686.0,2008,2009,134.39999999999986,116.39999999999986,0.08562691131498457,0.07415902140672781
2020-07-28,SA,1333.33,SA008,1320.0,SA009,1325.0,2008,2009,-13.329999999999927,-8.329999999999927,-0.009997524993812457,-0.006247515618789001
2020-07-29,FG,1569.6000000000001,FG008,1700.0,FG009,1672.0,2008,2009,130.39999999999986,102.39999999999986,0.08307849133537193,0.06523955147808347
2020-07-29,SA,1333.33,SA008,1323.0,SA009,1327.0,2008,2009,-10.329999999999927,-6.329999999999927,-0.007747519368798361,-0.004747511868779641
2020-07-30,FG,1573.6000000000001,FG008,1704.0,FG009,1686.0,2008,2009,130.39999999999986,112.39999999999986,0.08286731062531771,0.0714285714285714
2020-07-30,SA,1333.33,SA008,1320.0,SA009,1325.0,2008,2009,-13.329999999999927,-8.329999999999927,-0.009997524993812457,-0.006247515618789001
2020-07-31,FG,1588.0,FG008,1704.0,FG009,1686.0,2008,2009,116.0,98.0,0.07304785894206556,0.0617128463476071
2020-07-31,SA,1333.33,SA008,1320.0,SA009,1325.0,2008,2009,-13.329999999999927,-8.329999999999927,-0.009997524993812457,-0.006247515618789001
2020-08-03,FG,1598.4,FG008,1743.0,FG101,1710.0,2008,2101,144.5999999999999,111.59999999999991,0.0904654654654653,0.06981981981981966
2020-08-03,SA,1400.0,SA008,1356.0,SA009,1376.0,2008,2009,-44.0,-24.0,-0.03142857142857147,-0.017142857142857126
2020-08-04,FG,1626.3999999999999,FG008,1808.0,FG101,1760.0,2008,2101,181.60000000000014,133.60000000000014,0.1116576487948846,0.08214461387112659
2020-08-04,SA,1400.0,SA008,1411.0,SA009,1414.0,2008,2009,11.0,14.0,0.007857142857142785,0.010000000000000009
2020-08-05,FG,1630.3999999999999,FG008,1787.0,FG101,1777.0,2008,2101,156.60000000000014,146.60000000000014,0.09605004906771364,0.08991658488714438
2020-08-05,SA,1466.67,SA008,1427.0,SA009,1406.0,2008,2009,-39.67000000000007,-60.67000000000007,-0.02704766580075957,-0.0413658150776931
2020-08-06,FG,1669.6000000000001,FG008,1812.0,FG101,1785.0,2008,2101,142.39999999999986,115.39999999999986,0.08528988979396246,0.06911835170100611
2020-08-06,SA,1466.67,SA008,1406.0,SA009,1417.0,2008,2009,-60.67000000000007,-49.67000000000007,-0.0413658150776931,-0.0338658321231089
2020-08-07,FG,1676.0,FG008,1858.0,FG101,1784.0,2008,2101,182.0,108.0,0.10859188544152754,0.06443914081145574
2020-08-07,SA,1466.67,SA008,1470.0,SA009,1472.0,2008,2009,3.3299999999999272,5.329999999999927,0.002270449385342266,0.0036340826498120204
2020-08-10,FG,1728.0,FG008,1850.0,FG101,1789.0,2008,2101,122.0,61.0,0.07060185185185186,0.03530092592592582
2020-08-10,SA,1550.0,SA008,1442.0,SA009,1440.0,2008,2009,-108.0,-110.0,-0.06967741935483873,-0.07096774193548383
2020-08-11,FG,1734.4,FG008,1916.0,FG101,1851.0,2008,2101,181.5999999999999,116.59999999999991,0.10470479704797042,0.0672278597785978
2020-08-11,SA,1550.0,SA008,1449.0,SA009,1439.0,2008,2009,-101.0,-111.0,-0.06516129032258067,-0.07161290322580649
2020-08-12,FG,1754.4,FG008,1905.0,FG101,1841.0,2008,2101,150.5999999999999,86.59999999999991,0.08584131326949374,0.049361605107159034
2020-08-12,SA,1550.0,SA008,1402.0,SA009,1411.0,2008,2009,-148.0,-139.0,-0.09548387096774191,-0.08967741935483875
2020-08-13,FG,1800.0,FG008,1912.0,FG101,1849.0,2008,2101,112.0,49.0,0.06222222222222218,0.02722222222222226
2020-08-13,SA,1550.0,SA008,1402.0,SA009,1404.0,2008,2009,-148.0,-146.0,-0.09548387096774191,-0.09419354838709681
2020-08-14,FG,1809.6000000000001,FG008,1915.0,FG101,1834.0,2008,2101,105.39999999999986,24.399999999999864,0.05824491600353654,0.013483642793987505
2020-08-14,SA,1550.0,SA008,1385.0,SA009,1374.0,2008,2009,-165.0,-176.0,-0.1064516129032258,-0.11354838709677417
2020-08-17,FG,1836.0,FG009,1898.0,FG101,1851.0,2009,2101,62.0,15.0,0.03376906318082784,0.008169934640522847
2020-08-17,SA,1550.0,SA009,1378.0,SA009,1378.0,2009,2009,-172.0,-172.0,-0.11096774193548387,-0.11096774193548387
2020-08-18,FG,1861.6,FG009,1900.0,FG101,1858.0,2009,2101,38.40000000000009,-3.599999999999909,0.020627417275461912,-0.0019338203695744571
2020-08-18,SA,1625.0,SA009,1387.0,SA101,1555.0,2009,2101,-238.0,-70.0,-0.14646153846153842,-0.043076923076923124
2020-08-19,FG,1874.4,FG009,1882.0,FG101,1843.0,2009,2101,7.599999999999909,-31.40000000000009,0.004054630815194082,-0.01675202731540759
2020-08-19,SA,1625.0,SA009,1409.0,SA101,1569.0,2009,2101,-216.0,-56.0,-0.13292307692307692,-0.03446153846153843
2020-08-20,FG,1878.4,FG009,1876.0,FG101,1833.0,2009,2101,-2.400000000000091,-45.40000000000009,-0.0012776831345826523,-0.02416950596252132
2020-08-20,SA,1625.0,SA009,1424.0,SA101,1592.0,2009,2101,-201.0,-33.0,-0.12369230769230766,-0.02030769230769236
2020-08-21,FG,1878.4,FG009,1770.0,FG101,1740.0,2009,2101,-108.40000000000009,-138.4000000000001,-0.057708688245315165,-0.07367972742759799
2020-08-21,SA,1625.0,SA009,1427.0,SA101,1603.0,2009,2101,-198.0,-22.0,-0.12184615384615383,-0.0135384615384615
2020-08-24,FG,1882.4,FG009,1835.0,FG101,1769.0,2009,2101,-47.40000000000009,-113.40000000000009,-0.02518062048448788,-0.06024224394390143
2020-08-24,SA,1625.0,SA009,1499.0,SA101,1650.0,2009,2101,-126.0,25.0,-0.07753846153846156,0.01538461538461533
2020-08-25,FG,1882.4,FG009,1828.0,FG101,1708.0,2009,2101,-54.40000000000009,-174.4000000000001,-0.028899277518062094,-0.09264768380790489
2020-08-25,SA,1625.0,SA009,1531.0,SA101,1684.0,2009,2101,-94.0,59.0,-0.05784615384615388,0.036307692307692374
2020-08-26,FG,1885.6,FG009,1834.0,FG101,1718.0,2009,2101,-51.59999999999991,-167.5999999999999,-0.027365294866355527,-0.08888417479847255
2020-08-26,SA,1650.0,SA009,1597.0,SA101,1675.0,2009,2101,-53.0,25.0,-0.032121212121212106,0.015151515151515138
2020-08-27,FG,1885.6,FG009,1847.0,FG101,1749.0,2009,2101,-38.59999999999991,-136.5999999999999,-0.020470937632583786,-0.07244378447178612
2020-08-27,SA,1850.0,SA009,1584.0,SA101,1665.0,2009,2101,-266.0,-185.0,-0.14378378378378376,-0.09999999999999998
2020-08-28,FG,1885.6,FG009,1876.0,FG101,1827.0,2009,2101,-9.599999999999909,-58.59999999999991,-0.005091217649554447,-0.03107764106915567
2020-08-28,SA,2075.0,SA009,1580.0,SA101,1683.0,2009,2101,-495.0,-392.0,-0.23855421686746991,-0.18891566265060245
2020-08-31,FG,1885.6,FG009,1902.0,FG101,1857.0,2009,2101,16.40000000000009,-28.59999999999991,0.008697496817988926,-0.015167585914297788
2020-08-31,SA,2075.0,SA009,1646.0,SA101,1742.0,2009,2101,-429.0,-333.0,-0.20674698795180724,-0.16048192771084335
2020-09-01,FG,1888.0,FG009,1899.0,FG101,1820.0,2009,2101,11.0,-68.0,0.005826271186440746,-0.03601694915254239
2020-09-01,SA,2075.0,SA009,1711.0,SA101,1758.0,2009,2101,-364.0,-317.0,-0.175421686746988,-0.15277108433734943
2020-09-02,FG,1894.4,FG009,1940.0,FG101,1832.0,2009,2101,45.59999999999991,-62.40000000000009,0.024070945945945832,-0.032939189189189255
2020-09-02,SA,2075.0,SA009,1706.0,SA101,1796.0,2009,2101,-369.0,-279.0,-0.17783132530120482,-0.1344578313253012
2020-09-03,FG,1894.4,FG009,1922.0,FG101,1794.0,2009,2101,27.59999999999991,-100.40000000000009,0.014569256756756799,-0.052998310810810856
2020-09-03,SA,2075.0,SA009,1730.0,SA101,1785.0,2009,2101,-345.0,-290.0,-0.16626506024096388,-0.1397590361445783
2020-09-04,FG,1894.4,FG009,1922.0,FG101,1748.0,2009,2101,27.59999999999991,-146.4000000000001,0.014569256756756799,-0.07728040540540548
2020-09-04,SA,2075.0,SA009,1730.0,SA101,1765.0,2009,2101,-345.0,-310.0,-0.16626506024096388,-0.14939759036144573
2020-09-07,FG,1897.6,FG009,1915.0,FG101,1758.0,2009,2101,17.40000000000009,-139.5999999999999,0.009169477234401313,-0.07356661045531188
2020-09-07,SA,2075.0,SA009,1740.0,SA101,1787.0,2009,2101,-335.0,-288.0,-0.1614457831325301,-0.13879518072289154
2020-09-08,FG,1897.6,FG009,1939.0,FG101,1747.0,2009,2101,41.40000000000009,-150.5999999999999,0.02181703204047225,-0.07936340640809436
2020-09-08,SA,2075.0,SA009,1745.0,SA101,1762.0,2009,2101,-330.0,-313.0,-0.15903614457831328,-0.15084337349397592
2020-09-09,FG,1897.6,FG009,1866.0,FG101,1753.0,2009,2101,-31.59999999999991,-144.5999999999999,-0.016652613827993212,-0.07620151770657668
2020-09-09,SA,2075.0,SA009,1750.0,SA101,1727.0,2009,2101,-325.0,-348.0,-0.15662650602409633,-0.16771084337349396
2020-09-10,FG,1897.6,FG009,1866.0,FG101,1717.0,2009,2101,-31.59999999999991,-180.5999999999999,-0.016652613827993212,-0.09517284991568298
2020-09-10,SA,2075.0,SA009,1765.0,SA101,1739.0,2009,2101,-310.0,-336.0,-0.14939759036144573,-0.16192771084337354
2020-09-11,FG,1901.6,FG009,1866.0,FG101,1729.0,2009,2101,-35.59999999999991,-172.5999999999999,-0.01872107698779968,-0.090765671013883
2020-09-11,SA,2075.0,SA009,1830.0,SA101,1777.0,2009,2101,-245.0,-298.0,-0.11807228915662649,-0.14361445783132532
2020-09-14,FG,1901.6,FG009,1900.0,FG101,1680.0,2009,2101,-1.599999999999909,-221.5999999999999,-0.0008413967185527671,-0.11653344551956246
2020-09-14,SA,2075.0,SA009,1793.0,SA101,1729.0,2009,2101,-282.0,-346.0,-0.13590361445783128,-0.1667469879518072
2020-09-15,FG,1901.6,FG010,1814.0,FG101,1646.0,2010,2101,-87.59999999999991,-255.5999999999999,-0.04606647034076561,-0.13441312578880937
2020-09-15,SA,2075.0,SA010,1779.0,SA101,1667.0,2010,2101,-296.0,-408.0,-0.14265060240963856,-0.19662650602409637
2020-09-16,FG,1901.6,FG010,1836.0,FG101,1653.0,2010,2101,-65.59999999999991,-248.5999999999999,-0.03449726546066467,-0.13073201514514088
2020-09-16,SA,2075.0,SA010,1791.0,SA101,1680.0,2010,2101,-284.0,-395.0,-0.13686746987951803,-0.19036144578313252
2020-09-17,FG,1901.6,FG010,1847.0,FG101,1642.0,2010,2101,-54.59999999999991,-259.5999999999999,-0.02871266302061415,-0.1365166175851914
2020-09-17,SA,2075.0,SA010,1770.0,SA101,1675.0,2010,2101,-305.0,-400.0,-0.1469879518072289,-0.19277108433734935
2020-09-18,FG,1897.6,FG010,1863.0,FG101,1668.0,2010,2101,-34.59999999999991,-229.5999999999999,-0.018233558178752052,-0.1209949409780775
2020-09-18,SA,2075.0,SA010,1794.0,SA101,1709.0,2010,2101,-281.0,-366.0,-0.13542168674698796,-0.17638554216867475
2020-09-21,FG,1897.6,FG010,1815.0,FG101,1629.0,2010,2101,-82.59999999999991,-268.5999999999999,-0.043528667790893705,-0.14154721753794264
2020-09-21,SA,2075.0,SA010,1767.0,SA101,1682.0,2010,2101,-308.0,-393.0,-0.1484337349397591,-0.18939759036144577
2020-09-22,FG,1897.6,FG010,1842.0,FG101,1653.0,2010,2101,-55.59999999999991,-244.5999999999999,-0.02930016863406404,-0.1288996627318718
2020-09-22,SA,2075.0,SA010,1839.0,SA101,1730.0,2010,2101,-236.0,-345.0,-0.11373493975903615,-0.16626506024096388
2020-09-23,FG,1897.6,FG010,1879.0,FG101,1670.0,2010,2101,-18.59999999999991,-227.5999999999999,-0.009801854974704871,-0.11994097807757165
2020-09-23,SA,2075.0,SA010,1850.0,SA101,1751.0,2010,2101,-225.0,-324.0,-0.10843373493975905,-0.156144578313253
2020-09-24,FG,1897.6,FG010,1889.0,FG101,1672.0,2010,2101,-8.599999999999909,-225.5999999999999,-0.004532040472175369,-0.11888701517706568
2020-09-24,SA,2075.0,SA010,1849.0,SA101,1742.0,2010,2101,-226.0,-333.0,-0.10891566265060237,-0.16048192771084335
2020-09-25,FG,1897.6,FG010,1880.0,FG101,1670.0,2010,2101,-17.59999999999991,-227.5999999999999,-0.009274873524451888,-0.11994097807757165
2020-09-25,SA,2075.0,SA010,1840.0,SA101,1724.0,2010,2101,-235.0,-351.0,-0.11325301204819282,-0.16915662650602414
2020-09-28,FG,1897.6,FG010,1886.0,FG101,1675.0,2010,2101,-11.599999999999909,-222.5999999999999,-0.006112984822934209,-0.11730607082630684
2020-09-28,SA,2175.0,SA010,1823.0,SA101,1708.0,2010,2101,-352.0,-467.0,-0.16183908045977013,-0.2147126436781609
2020-09-29,FG,1897.6,FG010,1881.0,FG101,1699.0,2010,2101,-16.59999999999991,-198.5999999999999,-0.008747892074198904,-0.10465851602023601
2020-09-29,SA,2175.0,SA010,1821.0,SA101,1706.0,2010,2101,-354.0,-469.0,-0.1627586206896552,-0.21563218390804595
2020-09-30,FG,1904.0,FG010,1922.0,FG101,1742.0,2010,2101,18.0,-162.0,0.009453781512605008,-0.08508403361344541
2020-09-30,SA,2175.0,SA010,1828.0,SA101,1717.0,2010,2101,-347.0,-458.0,-0.15954022988505745,-0.2105747126436781
2020-10-09,FG,1912.0,FG010,1900.0,FG101,1750.0,2010,2101,-12.0,-162.0,-0.006276150627615107,-0.08472803347280333
2020-10-09,SA,2175.0,SA010,1762.0,SA101,1691.0,2010,2101,-413.0,-484.0,-0.18988505747126438,-0.2225287356321839
2020-10-12,FG,1912.0,FG010,1895.0,FG101,1785.0,2010,2101,-17.0,-127.0,-0.008891213389121355,-0.06642259414225937
2020-10-12,SA,2175.0,SA010,1772.0,SA101,1725.0,2010,2101,-403.0,-450.0,-0.18528735632183913,-0.2068965517241379
2020-10-13,FG,1912.0,FG010,1880.0,FG101,1752.0,2010,2101,-32.0,-160.0,-0.01673640167364021,-0.08368200836820083
2020-10-13,SA,2175.0,SA010,1800.0,SA101,1730.0,2010,2101,-375.0,-445.0,-0.1724137931034483,-0.20459770114942533
2020-10-14,FG,1909.6000000000001,FG010,1865.0,FG101,1736.0,2010,2101,-44.600000000000136,-173.60000000000014,-0.023355676581483076,-0.09090909090909094
2020-10-14,SA,2225.0,SA010,1748.0,SA101,1707.0,2010,2101,-477.0,-518.0,-0.21438202247191007,-0.232808988764045
2020-10-15,FG,1909.6000000000001,FG010,1870.0,FG101,1716.0,2010,2101,-39.600000000000136,-193.60000000000014,-0.02073732718894017,-0.10138248847926279
2020-10-15,SA,2225.0,SA010,1720.0,SA101,1673.0,2010,2101,-505.0,-552.0,-0.22696629213483144,-0.24808988764044948
2020-10-16,FG,1913.6000000000001,FG010,1874.0,FG101,1726.0,2010,2101,-39.600000000000136,-187.60000000000014,-0.020693979933110396,-0.0980351170568563
2020-10-16,SA,2225.0,SA010,1700.0,SA101,1680.0,2010,2101,-525.0,-545.0,-0.2359550561797753,-0.24494382022471906
2020-10-19,FG,1905.6,FG010,1873.0,FG101,1710.0,2010,2101,-32.59999999999991,-195.5999999999999,-0.017107472712006633,-0.10264483627204024
2020-10-19,SA,2225.0,SA010,1670.0,SA101,1621.0,2010,2101,-555.0,-604.0,-0.24943820224719104,-0.27146067415730335
2020-10-20,FG,1900.0,FG010,1852.0,FG101,1716.0,2010,2101,-48.0,-184.0,-0.025263157894736876,-0.09684210526315784
2020-10-20,SA,2225.0,SA010,1660.0,SA101,1637.0,2010,2101,-565.0,-588.0,-0.2539325842696629,-0.26426966292134835
2020-10-21,FG,1900.0,FG010,1850.0,FG101,1691.0,2010,2101,-50.0,-209.0,-0.02631578947368418,-0.10999999999999999
2020-10-21,SA,2225.0,SA010,1630.0,SA101,1640.0,2010,2101,-595.0,-585.0,-0.26741573033707866,-0.2629213483146068
2020-10-22,FG,1900.0,FG010,1835.0,FG101,1714.0,2010,2101,-65.0,-186.0,-0.03421052631578947,-0.09789473684210526
2020-10-22,SA,2225.0,SA010,1630.0,SA101,1627.0,2010,2101,-595.0,-598.0,-0.26741573033707866,-0.2687640449438202
2020-10-23,FG,1900.0,FG011,1819.0,FG101,1707.0,2011,2101,-81.0,-193.0,-0.042631578947368465,-0.1015789473684211
2020-10-23,SA,2225.0,SA011,1610.0,SA101,1605.0,2011,2101,-615.0,-620.0,-0.2764044943820225,-0.27865168539325846
2020-10-26,FG,1900.0,FG011,1829.0,FG101,1717.0,2011,2101,-71.0,-183.0,-0.037368421052631606,-0.09631578947368424
2020-10-26,SA,2225.0,SA011,1610.0,SA101,1616.0,2011,2101,-615.0,-609.0,-0.2764044943820225,-0.2737078651685393
2020-10-27,FG,1897.6,FG011,1845.0,FG101,1754.0,2011,2101,-52.59999999999991,-143.5999999999999,-0.0277192242833052,-0.0756745362563237
2020-10-27,SA,2225.0,SA011,1585.0,SA101,1617.0,2011,2101,-640.0,-608.0,-0.2876404494382022,-0.2732584269662921
2020-10-28,FG,1897.6,FG011,1837.0,FG101,1730.0,2011,2101,-60.59999999999991,-167.5999999999999,-0.031935075885328845,-0.08832209106239453
2020-10-28,SA,2225.0,SA011,1594.0,SA101,1610.0,2011,2101,-631.0,-615.0,-0.28359550561797753,-0.2764044943820225
2020-10-29,FG,1897.6,FG011,1850.0,FG101,1708.0,2011,2101,-47.59999999999991,-189.5999999999999,-0.025084317032040393,-0.0999156829679595
2020-10-29,SA,2225.0,SA011,1560.0,SA101,1583.0,2011,2101,-665.0,-642.0,-0.298876404494382,-0.2885393258426966
2020-10-30,FG,1897.6,FG011,1940.0,FG101,1743.0,2011,2101,42.40000000000009,-154.5999999999999,0.022344013490725123,-0.08147133220910618
2020-10-30,SA,2225.0,SA011,1510.0,SA101,1568.0,2011,2101,-715.0,-657.0,-0.3213483146067416,-0.2952808988764045
2020-11-02,FG,1897.6,FG011,1900.0,FG101,1740.0,2011,2101,2.400000000000091,-157.5999999999999,0.001264755480607116,-0.08305227655986502
2020-11-02,SA,2225.0,SA011,1561.0,SA101,1606.0,2011,2101,-664.0,-619.0,-0.29842696629213483,-0.2782022471910113
2020-11-03,FG,1897.6,FG011,1900.0,FG101,1725.0,2011,2101,2.400000000000091,-172.5999999999999,0.001264755480607116,-0.09095699831365933
2020-11-03,SA,2225.0,SA011,1491.0,SA101,1578.0,2011,2101,-734.0,-647.0,-0.3298876404494382,-0.29078651685393253
2020-11-04,FG,1897.6,FG011,1900.0,FG101,1729.0,2011,2101,2.400000000000091,-168.5999999999999,0.001264755480607116,-0.08884907251264751
2020-11-04,SA,2225.0,SA011,1491.0,SA101,1574.0,2011,2101,-734.0,-651.0,-0.3298876404494382,-0.2925842696629214
2020-11-05,FG,1897.6,FG011,1855.0,FG101,1730.0,2011,2101,-42.59999999999991,-167.5999999999999,-0.022449409780775698,-0.08832209106239453
2020-11-05,SA,2225.0,SA011,1454.0,SA101,1553.0,2011,2101,-771.0,-672.0,-0.34651685393258425,-0.30202247191011233
2020-11-06,FG,1902.4,FG011,1894.0,FG101,1754.0,2011,2101,-8.400000000000091,-148.4000000000001,-0.0044154751892346855,-0.07800672834314559
2020-11-06,SA,2225.0,SA011,1460.0,SA101,1552.0,2011,2101,-765.0,-673.0,-0.3438202247191011,-0.3024719101123595
2020-11-09,FG,1902.4,FG011,1890.0,FG101,1762.0,2011,2101,-12.400000000000091,-140.4000000000001,-0.0065180824222035305,-0.07380151387720779
2020-11-09,SA,2225.0,SA011,1460.0,SA101,1522.0,2011,2101,-765.0,-703.0,-0.3438202247191011,-0.31595505617977526
2020-11-10,FG,1906.3999999999999,FG011,1899.0,FG101,1772.0,2011,2101,-7.399999999999864,-134.39999999999986,-0.0038816617708770096,-0.07049937054133437
2020-11-10,SA,2225.0,SA011,1480.0,SA101,1532.0,2011,2101,-745.0,-693.0,-0.33483146067415726,-0.3114606741573034
2020-11-11,FG,1909.6000000000001,FG011,1928.0,FG101,1808.0,2011,2101,18.399999999999864,-101.60000000000014,0.00963552576455795,-0.05320485965647259
2020-11-11,SA,2225.0,SA011,1460.0,SA101,1522.0,2011,2101,-765.0,-703.0,-0.3438202247191011,-0.31595505617977526
2020-11-12,FG,1909.6000000000001,FG011,1946.0,FG101,1824.0,2011,2101,36.399999999999864,-85.60000000000014,0.019061583577712593,-0.04482614160033527
2020-11-12,SA,2225.0,SA011,1400.0,SA101,1523.0,2011,2101,-825.0,-702.0,-0.3707865168539326,-0.3155056179775281
2020-11-13,FG,1909.6000000000001,FG011,1963.0,FG101,1835.0,2011,2101,53.399999999999864,-74.60000000000014,0.02796397151235852,-0.03906577293674074
2020-11-13,SA,2225.0,SA011,1470.0,SA101,1534.0,2011,2101,-755.0,-691.0,-0.33932584269662924,-0.310561797752809
2020-11-16,FG,1909.6000000000001,FG012,1903.0,FG101,1852.0,2012,2101,-6.600000000000136,-57.600000000000136,-0.003456221198156806,-0.0301633850020947
2020-11-16,SA,2225.0,SA012,1548.0,SA101,1543.0,2012,2101,-677.0,-682.0,-0.30426966292134827,-0.3065168539325843
2020-11-17,FG,1909.6000000000001,FG012,1915.0,FG101,1857.0,2012,2101,5.399999999999864,-52.600000000000136,0.002827817343946215,-0.027545035609551793
2020-11-17,SA,2225.0,SA012,1538.0,SA101,1543.0,2012,2101,-687.0,-682.0,-0.30876404494382026,-0.3065168539325843
2020-11-18,FG,1921.6,FG012,1915.0,FG101,1830.0,2012,2101,-6.599999999999909,-91.59999999999991,-0.0034346378018317303,-0.04766860949208984
2020-11-18,SA,2225.0,SA012,1522.0,SA101,1530.0,2012,2101,-703.0,-695.0,-0.31595505617977526,-0.31235955056179776
2020-11-19,FG,1921.6,FG012,1941.0,FG101,1870.0,2012,2101,19.40000000000009,-51.59999999999991,0.010095753538717833,-0.026852622814321325
2020-11-19,SA,2225.0,SA012,1541.0,SA101,1549.0,2012,2101,-684.0,-676.0,-0.3074157303370787,-0.3038202247191011
2020-11-20,FG,1921.6,FG012,1946.0,FG101,1880.0,2012,2101,24.40000000000009,-41.59999999999991,0.0126977518734388,-0.02164862614487917
2020-11-20,SA,2225.0,SA012,1517.0,SA101,1523.0,2012,2101,-708.0,-702.0,-0.3182022471910112,-0.3155056179775281
2020-11-23,FG,1936.0,FG012,1916.0,FG101,1847.0,2012,2101,-20.0,-89.0,-0.010330578512396715,-0.045971074380165344
2020-11-23,SA,2225.0,SA012,1500.0,SA101,1515.0,2012,2101,-725.0,-710.0,-0.3258426966292135,-0.3191011235955056
2020-11-24,FG,1936.0,FG012,1923.0,FG101,1846.0,2012,2101,-13.0,-90.0,-0.0067148760330578705,-0.04648760330578516
2020-11-24,SA,2225.0,SA012,1484.0,SA101,1494.0,2012,2101,-741.0,-731.0,-0.3330337078651685,-0.32853932584269663
2020-11-25,FG,1936.0,FG012,1930.0,FG101,1835.0,2012,2101,-6.0,-101.0,-0.0030991735537190257,-0.052169421487603285
2020-11-25,SA,1750.0,SA012,1475.0,SA101,1487.0,2012,2101,-275.0,-263.0,-0.15714285714285714,-0.15028571428571424
2020-11-26,FG,1940.0,FG012,1931.0,FG101,1842.0,2012,2101,-9.0,-98.0,-0.004639175257731942,-0.050515463917525816
2020-11-26,SA,1750.0,SA012,1475.0,SA101,1491.0,2012,2101,-275.0,-259.0,-0.15714285714285714,-0.14800000000000002
2020-11-27,FG,1940.0,FG012,1946.0,FG101,1847.0,2012,2101,6.0,-93.0,0.003092783505154628,-0.04793814432989696
2020-11-27,SA,1750.0,SA012,1498.0,SA101,1520.0,2012,2101,-252.0,-230.0,-0.14400000000000002,-0.13142857142857145
2020-11-30,FG,1940.0,FG012,1943.0,FG101,1837.0,2012,2101,3.0,-103.0,0.001546391752577314,-0.05309278350515467
2020-11-30,SA,1750.0,SA012,1459.0,SA101,1477.0,2012,2101,-291.0,-273.0,-0.16628571428571426,-0.15600000000000003
2020-12-01,FG,1940.0,FG012,1930.0,FG101,1827.0,2012,2101,-10.0,-113.0,-0.005154639175257714,-0.058247422680412386
2020-12-01,SA,1750.0,SA012,1444.0,SA101,1446.0,2012,2101,-306.0,-304.0,-0.17485714285714282,-0.1737142857142857
2020-12-02,FG,1942.4,FG012,1950.0,FG101,1870.0,2012,2101,7.599999999999909,-72.40000000000009,0.003912685337726485,-0.03727347611202636
2020-12-02,SA,1750.0,SA012,1432.0,SA101,1441.0,2012,2101,-318.0,-309.0,-0.18171428571428572,-0.1765714285714286
2020-12-03,FG,1945.6,FG012,1963.0,FG101,1869.0,2012,2101,17.40000000000009,-76.59999999999991,0.008943256578947345,-0.03937088815789469
2020-12-03,SA,1725.0,SA012,1432.0,SA101,1445.0,2012,2101,-293.0,-280.0,-0.16985507246376808,-0.16231884057971013
2020-12-04,FG,1950.3999999999999,FG012,1955.0,FG101,1882.0,2012,2101,4.600000000000136,-68.39999999999986,0.002358490566037874,-0.035069729286300144
2020-12-04,SA,1725.0,SA012,1440.0,SA101,1445.0,2012,2101,-285.0,-280.0,-0.16521739130434787,-0.16231884057971013
2020-12-07,FG,1958.4,FG012,1935.0,FG101,1945.0,2012,2101,-23.40000000000009,-13.400000000000091,-0.011948529411764719,-0.00684232026143794
2020-12-07,SA,1725.0,SA012,1395.0,SA101,1415.0,2012,2101,-330.0,-310.0,-0.19130434782608696,-0.17971014492753623
2020-12-08,FG,1961.6,FG012,1950.0,FG101,1975.0,2012,2101,-11.599999999999909,13.400000000000091,-0.005913539967373538,0.006831158238173041
2020-12-08,SA,1725.0,SA012,1388.0,SA101,1420.0,2012,2101,-337.0,-305.0,-0.19536231884057975,-0.1768115942028986
2020-12-09,FG,1961.6,FG012,2002.0,FG101,1998.0,2012,2101,40.40000000000009,36.40000000000009,0.02059543230016314,0.018556280587275653
2020-12-09,SA,1725.0,SA012,1370.0,SA101,1375.0,2012,2101,-355.0,-350.0,-0.20579710144927532,-0.2028985507246377
2020-12-10,FG,1986.3999999999999,FG012,1893.0,FG105,1894.0,2012,2105,-93.39999999999986,-92.39999999999986,-0.047019734192509044,-0.046516310914216596
2020-12-10,SA,1725.0,SA012,1316.0,SA101,1338.0,2012,2101,-409.0,-387.0,-0.23710144927536236,-0.22434782608695647
2020-12-11,FG,1996.0,FG012,1938.0,FG105,1910.0,2012,2105,-58.0,-86.0,-0.029058116232464903,-0.043086172344689366
2020-12-11,SA,1725.0,SA012,1316.0,SA101,1330.0,2012,2101,-409.0,-395.0,-0.23710144927536236,-0.22898550724637678
2020-12-14,FG,2009.6000000000001,FG012,1990.0,FG105,1886.0,2012,2105,-19.600000000000136,-123.60000000000014,-0.009753184713375829,-0.06150477707006374
2020-12-14,SA,1725.0,SA012,1323.0,SA101,1388.0,2012,2101,-402.0,-337.0,-0.23304347826086957,-0.19536231884057975
2020-12-15,FG,2025.6,FG101,2001.0,FG105,1911.0,2101,2105,-24.59999999999991,-114.59999999999991,-0.012144549763033141,-0.05657582938388617
2020-12-15,SA,1725.0,SA101,1385.0,SA101,1385.0,2101,2101,-340.0,-340.0,-0.19710144927536233,-0.19710144927536233
2020-12-16,FG,2065.6,FG101,2026.0,FG105,1907.0,2101,2105,-39.59999999999991,-158.5999999999999,-0.01917118512780791,-0.07678156467854369
2020-12-16,SA,1650.0,SA101,1385.0,SA101,1385.0,2101,2101,-265.0,-265.0,-0.16060606060606064,-0.16060606060606064
2020-12-17,FG,2092.0,FG101,2049.0,FG105,1914.0,2101,2105,-43.0,-178.0,-0.020554493307839428,-0.08508604206500958
2020-12-17,SA,1650.0,SA101,1419.0,SA105,1589.0,2101,2105,-231.0,-61.0,-0.14,-0.036969696969696986
2020-12-18,FG,2092.0,FG101,2069.0,FG105,1951.0,2101,2105,-23.0,-141.0,-0.01099426386233271,-0.06739961759082214
2020-12-18,SA,1650.0,SA101,1416.0,SA105,1573.0,2101,2105,-234.0,-77.0,-0.14181818181818184,-0.046666666666666634
2020-12-21,FG,2118.4,FG101,2078.0,FG105,1982.0,2101,2105,-40.40000000000009,-136.4000000000001,-0.01907099697885195,-0.06438821752265866
2020-12-21,SA,1650.0,SA101,1471.0,SA105,1666.0,2101,2105,-179.0,16.0,-0.10848484848484852,0.00969696969696976
2020-12-22,FG,2152.0,FG101,2055.0,FG105,1932.0,2101,2105,-97.0,-220.0,-0.0450743494423792,-0.10223048327137552
2020-12-22,SA,1583.33,SA101,1420.0,SA105,1618.0,2101,2105,-163.32999999999993,34.67000000000007,-0.10315600664422442,0.021896888203975173
2020-12-23,FG,2152.0,FG101,2054.0,FG105,1940.0,2101,2105,-98.0,-212.0,-0.04553903345724908,-0.0985130111524164
2020-12-23,SA,1583.33,SA101,1449.0,SA105,1644.0,2101,2105,-134.32999999999993,60.67000000000007,-0.08484017861090232,0.03831797540626414
2020-12-24,FG,2178.4,FG101,2025.0,FG105,1905.0,2101,2105,-153.4000000000001,-273.4000000000001,-0.07041865589423435,-0.12550495776716863
2020-12-24,SA,1583.33,SA101,1459.0,SA105,1657.0,2101,2105,-124.32999999999993,73.67000000000007,-0.0785243758407912,0.04652851900740851
2020-12-25,FG,2188.0,FG101,2042.0,FG105,1914.0,2101,2105,-146.0,-274.0,-0.06672760511883002,-0.1252285191956124
2020-12-25,SA,1583.33,SA101,1452.0,SA105,1650.0,2101,2105,-131.32999999999993,66.67000000000007,-0.08294543777986896,0.042107457068330634
2020-12-28,FG,2216.0,FG101,1961.0,FG105,1851.0,2101,2105,-255.0,-365.0,-0.11507220216606495,-0.16471119133574008
2020-12-28,SA,1583.33,SA101,1425.0,SA105,1619.0,2101,2105,-158.32999999999993,35.67000000000007,-0.09999810525916897,0.02252846848098633
2020-12-29,FG,2216.0,FG101,1977.0,FG105,1857.0,2101,2105,-239.0,-359.0,-0.10785198555956677,-0.16200361010830322
2020-12-29,SA,1583.33,SA101,1408.0,SA105,1593.0,2101,2105,-175.32999999999993,9.670000000000073,-0.11073496996835774,0.006107381278697366
2020-12-30,FG,2216.0,FG101,1977.0,FG105,1852.0,2101,2105,-239.0,-364.0,-0.10785198555956677,-0.16425992779783394
2020-12-30,SA,1583.33,SA101,1400.0,SA105,1600.0,2101,2105,-183.32999999999993,16.670000000000073,-0.11578761218444666,0.01052844321777524
2020-12-31,FG,2216.0,FG101,2002.0,FG105,1859.0,2101,2105,-214.0,-357.0,-0.0965703971119134,-0.16110108303249093
2020-12-31,SA,1583.33,SA101,1351.0,SA105,1611.0,2101,2105,-232.32999999999993,27.670000000000073,-0.146735045757991,0.01747582626489752
2021-01-04,FG,2216.0,FG101,1978.0,FG105,1868.0,2101,2105,-238.0,-348.0,-0.10740072202166062,-0.15703971119133575
2021-01-04,SA,1583.33,SA101,1363.0,SA105,1609.0,2101,2105,-220.32999999999993,25.670000000000073,-0.1391560824338577,0.016212665710875207
2021-01-05,FG,2205.6,FG101,1971.0,FG105,1835.0,2101,2105,-234.5999999999999,-370.5999999999999,-0.10636561479869422,-0.1680268407689517
2021-01-05,SA,1583.33,SA101,1377.0,SA105,1599.0,2101,2105,-206.32999999999993,15.670000000000073,-0.13031395855570216,0.009896862940764084
2021-01-06,FG,2194.4,FG101,1873.0,FG105,1803.0,2101,2105,-321.4000000000001,-391.4000000000001,-0.14646372584761214,-0.1783631060882246
2021-01-06,SA,1583.33,SA101,1381.0,SA105,1650.0,2101,2105,-202.32999999999993,66.67000000000007,-0.12778763744765775,0.042107457068330634
2021-01-07,FG,2188.0,FG101,1825.0,FG105,1788.0,2101,2105,-363.0,-400.0,-0.1659049360146252,-0.18281535648994518
2021-01-07,SA,1583.33,SA101,1412.0,SA105,1637.0,2101,2105,-171.32999999999993,53.67000000000007,-0.10820864886031334,0.03389691346718626
2021-01-08,FG,2188.0,FG101,1750.0,FG105,1782.0,2101,2105,-438.0,-406.0,-0.20018281535648996,-0.18555758683729429
2021-01-08,SA,1583.33,SA101,1340.0,SA105,1608.0,2101,2105,-243.32999999999993,24.670000000000073,-0.15368242880511318,0.01558108543386405
2021-01-11,FG,2154.4,FG101,1701.0,FG105,1793.0,2101,2105,-453.4000000000001,-361.4000000000001,-0.21045302636464913,-0.16774972150018574
2021-01-11,SA,1583.33,SA101,1350.0,SA105,1548.0,2101,2105,-233.32999999999993,-35.32999999999993,-0.14736662603500217,-0.022313731186802466
2021-01-12,FG,2141.6,FG101,1703.0,FG105,1777.0,2101,2105,-438.5999999999999,-364.5999999999999,-0.20480014942099367,-0.17024654463952182
2021-01-12,SA,1583.33,SA101,1320.0,SA105,1529.0,2101,2105,-263.3299999999999,-54.32999999999993,-0.16631403434533543,-0.034313756450013555
2021-01-13,FG,2134.4,FG101,1660.0,FG105,1738.0,2101,2105,-474.4000000000001,-396.4000000000001,-0.2222638680659671,-0.18571964017991005
2021-01-13,SA,1566.67,SA101,1308.0,SA105,1503.0,2101,2105,-258.6700000000001,-63.67000000000007,-0.16510815934434186,-0.04064033906310838
2021-01-14,FG,2121.6,FG101,1740.0,FG105,1693.0,2101,2105,-381.5999999999999,-428.5999999999999,-0.17986425339366507,-0.2020173453996983
2021-01-14,SA,1566.67,SA101,1302.0,SA105,1522.0,2101,2105,-264.6700000000001,-44.67000000000007,-0.16893793842991822,-0.02851270529211647
2021-01-15,FG,2114.4,FG101,1638.0,FG105,1699.0,2101,2105,-476.4000000000001,-415.4000000000001,-0.22531214528944388,-0.19646235338630347
2021-01-15,SA,1566.67,SA101,1338.0,SA105,1547.0,2101,2105,-228.67000000000007,-19.670000000000073,-0.14595926391645975,-0.012555292435548093
2021-01-18,FG,2084.0,FG102,1715.0,FG105,1734.0,2102,2105,-369.0,-350.0,-0.17706333973128596,-0.16794625719769674
2021-01-18,SA,1593.33,SA102,1410.0,SA105,1556.0,2102,2105,-183.32999999999993,-37.32999999999993,-0.11506091016926812,-0.023428919307362572
2021-01-19,FG,2064.0,FG102,1744.0,FG105,1730.0,2102,2105,-320.0,-334.0,-0.15503875968992253,-0.16182170542635654
2021-01-19,SA,1593.33,SA102,1412.0,SA105,1547.0,2102,2105,-181.32999999999993,-46.32999999999993,-0.11380567741773517,-0.02907746668926081
2021-01-20,FG,2046.3999999999999,FG102,1720.0,FG105,1733.0,2102,2105,-326.39999999999986,-313.39999999999986,-0.1594996090695856,-0.1531469898358092
2021-01-20,SA,1593.33,SA102,1444.0,SA105,1583.0,2102,2105,-149.32999999999993,-10.329999999999927,-0.09372195339320788,-0.006483277161667633
2021-01-21,FG,1998.4,FG102,1766.0,FG105,1756.0,2102,2105,-232.4000000000001,-242.4000000000001,-0.11629303442754202,-0.12129703763010413
2021-01-21,SA,1593.33,SA102,1425.0,SA105,1570.0,2102,2105,-168.32999999999993,-23.329999999999927,-0.10564666453277094,-0.014642290046631867
2021-01-22,FG,1972.0,FG102,1781.0,FG105,1777.0,2102,2105,-191.0,-195.0,-0.09685598377281945,-0.09888438133874244
2021-01-22,SA,1593.33,SA102,1413.0,SA105,1552.0,2102,2105,-180.32999999999993,-41.32999999999993,-0.1131780610419687,-0.025939384810428456
2021-01-25,FG,1958.4,FG102,1825.0,FG105,1805.0,2102,2105,-133.4000000000001,-153.4000000000001,-0.06811683006535951,-0.07832924836601307
2021-01-25,SA,1593.33,SA102,1432.0,SA105,1578.0,2102,2105,-161.32999999999993,-15.329999999999927,-0.10125334990240564,-0.009621359040499988
2021-01-26,FG,1958.4,FG102,1806.0,FG105,1759.0,2102,2105,-152.4000000000001,-199.4000000000001,-0.07781862745098045,-0.10181781045751637
2021-01-26,SA,1593.33,SA102,1431.0,SA105,1576.0,2102,2105,-162.32999999999993,-17.329999999999927,-0.10188096627817211,-0.010876591792033041
2021-01-27,FG,1948.0,FG102,1831.0,FG105,1774.0,2102,2105,-117.0,-174.0,-0.06006160164271046,-0.08932238193018482
2021-01-27,SA,1593.33,SA102,1415.0,SA105,1559.0,2102,2105,-178.32999999999993,-34.32999999999993,-0.11192282829043576,-0.02154607018006305
2021-01-28,FG,1924.0,FG102,1870.0,FG105,1790.0,2102,2105,-54.0,-134.0,-0.028066528066528096,-0.06964656964656968
2021-01-28,SA,1593.33,SA102,1444.0,SA105,1603.0,2102,2105,-149.32999999999993,9.670000000000073,-0.09372195339320788,0.006069050353661787
2021-01-29,FG,1924.0,FG102,1865.0,FG105,1785.0,2102,2105,-59.0,-139.0,-0.030665280665280625,-0.07224532224532221
2021-01-29,SA,1593.33,SA102,1476.0,SA105,1618.0,2102,2105,-117.32999999999993,24.670000000000073,-0.0736382293686807,0.015483295990158963
2021-02-01,FG,1924.0,FG102,1889.0,FG105,1804.0,2102,2105,-35.0,-120.0,-0.01819126819126815,-0.062370062370062374
2021-02-01,SA,1593.33,SA102,1468.0,SA105,1596.0,2102,2105,-125.32999999999993,2.6700000000000728,-0.07865916037481246,0.0016757357232966008
2021-02-02,FG,1928.0,FG102,1874.0,FG105,1768.0,2102,2105,-54.0,-160.0,-0.028008298755186734,-0.08298755186721996
2021-02-02,SA,1593.33,SA102,1487.0,SA105,1614.0,2102,2105,-106.32999999999993,20.670000000000073,-0.0667344492352494,0.012972830487093079
2021-02-03,FG,1928.0,FG102,1847.0,FG105,1770.0,2102,2105,-81.0,-158.0,-0.042012448132780045,-0.08195020746887971
2021-02-03,SA,1593.33,SA102,1481.0,SA105,1637.0,2102,2105,-112.32999999999993,43.67000000000007,-0.07050014748984823,0.027408007129722023
2021-02-04,FG,1925.6,FG102,1868.0,FG105,1817.0,2102,2105,-57.59999999999991,-108.59999999999991,-0.02991275446614039,-0.05639800581636889
2021-02-04,SA,1593.33,SA102,1497.0,SA105,1633.0,2102,2105,-96.32999999999993,39.67000000000007,-0.060458285477584583,0.02489754162665614
2021-02-05,FG,1921.6,FG102,1903.0,FG105,1835.0,2102,2105,-18.59999999999991,-86.59999999999991,-0.00967943380516234,-0.04506661115736876
2021-02-05,SA,1593.33,SA102,1463.0,SA105,1627.0,2102,2105,-130.32999999999993,33.67000000000007,-0.08179724225364482,0.021131843372057313
2021-02-08,FG,1921.6,FG102,1913.0,FG105,1841.0,2102,2105,-8.599999999999909,-80.59999999999991,-0.004475437135720184,-0.041944213155703514
2021-02-08,SA,1593.33,SA102,1465.0,SA105,1645.0,2102,2105,-128.32999999999993,51.67000000000007,-0.08054200950211188,0.03242893813585379
2021-02-09,FG,1921.6,FG102,1929.0,FG105,1866.0,2102,2105,7.400000000000091,-55.59999999999991,0.0038509575353873338,-0.028934221482098232
2021-02-09,SA,1593.33,SA102,1460.0,SA105,1618.0,2102,2105,-133.32999999999993,24.670000000000073,-0.08368009138094423,0.015483295990158963
2021-02-10,FG,1921.6,FG102,1938.0,FG105,1870.0,2102,2105,16.40000000000009,-51.59999999999991,0.008534554537885208,-0.026852622814321325
2021-02-10,SA,1593.33,SA102,1454.0,SA105,1598.0,2102,2105,-139.32999999999993,4.670000000000073,-0.08744578963554317,0.002930968474829543
2021-02-18,FG,1921.6,FG102,2002.0,FG105,1921.0,2102,2105,80.40000000000009,-0.599999999999909,0.041840133222314835,-0.00031223980016648056
2021-02-18,SA,1593.33,SA102,1470.0,SA105,1668.0,2102,2105,-123.32999999999993,74.67000000000007,-0.07740392762327952,0.04686411477848296
2021-02-19,FG,1924.0,FG102,1989.0,FG105,1911.0,2102,2105,65.0,-13.0,0.03378378378378377,-0.006756756756756799
2021-02-19,SA,1616.67,SA102,1490.0,SA105,1666.0,2102,2105,-126.67000000000007,49.32999999999993,-0.07835241576821494,0.030513339147754337
2021-02-22,FG,1930.3999999999999,FG103,1924.0,FG105,1959.0,2103,2105,-6.399999999999864,28.600000000000136,-0.0033153750518026825,0.014815582262743598
2021-02-22,SA,1616.67,SA103,1581.0,SA105,1745.0,2103,2105,-35.67000000000007,128.32999999999993,-0.02206387203325355,0.07937921777480872
2021-02-23,FG,1930.3999999999999,FG103,1915.0,FG105,1969.0,2103,2105,-15.399999999999864,38.600000000000136,-0.007977621218400288,0.019995855781185234
2021-02-23,SA,1666.67,SA103,1608.0,SA105,1763.0,2103,2105,-58.67000000000007,96.32999999999993,-0.03520192959614088,0.05779788440423106
2021-02-24,FG,1930.3999999999999,FG103,1934.0,FG105,1988.0,2103,2105,3.6000000000001364,57.600000000000136,0.0018648984666391755,0.029838375466224587
2021-02-24,SA,1666.67,SA103,1620.0,SA105,1781.0,2103,2105,-46.67000000000007,114.32999999999993,-0.028001943996112,0.06859786280427427
2021-02-25,FG,1977.6,FG103,1980.0,FG105,2059.0,2103,2105,2.400000000000091,81.40000000000009,0.0012135922330096527,0.04116100323624594
2021-02-25,SA,1693.33,SA103,1648.0,SA105,1847.0,2103,2105,-45.32999999999993,153.67000000000007,-0.026769737735704124,0.0907501786420839
2021-02-26,FG,1990.3999999999999,FG103,1998.0,FG105,2044.0,2103,2105,7.600000000000136,53.600000000000136,0.003818327974276503,0.026929260450160752
2021-02-26,SA,1693.33,SA103,1636.0,SA105,1836.0,2103,2105,-57.32999999999993,142.67000000000007,-0.03385636585898788,0.08425410286240731
2021-03-01,FG,2084.0,FG103,1932.0,FG105,2071.0,2103,2105,-152.0,-13.0,-0.07293666026871404,-0.0062380038387716
2021-03-01,SA,1693.33,SA103,1709.0,SA105,1908.0,2103,2105,15.670000000000073,214.67000000000007,0.009253955224321375,0.1267738716021094
2021-03-02,FG,2084.0,FG103,1997.0,FG105,2090.0,2103,2105,-87.0,6.0,-0.04174664107485604,0.0028790786948176272
2021-03-02,SA,1693.33,SA103,1710.0,SA105,1907.0,2103,2105,16.670000000000073,213.67000000000007,0.009844507567928318,0.12618331925850246
2021-03-03,FG,2094.4,FG103,1997.0,FG105,2088.0,2103,2105,-97.40000000000009,-6.400000000000091,-0.04650496562261275,-0.0030557677616501744
2021-03-03,SA,1716.67,SA103,1694.0,SA105,1905.0,2103,2105,-22.670000000000073,188.32999999999993,-0.013205799600389145,0.10970658309401338
2021-03-04,FG,2074.4,FG103,2049.0,FG105,2077.0,2103,2105,-25.40000000000009,2.599999999999909,-0.012244504435017345,0.0012533744697260651
2021-03-04,SA,1766.67,SA103,1640.0,SA105,1848.0,2103,2105,-126.67000000000007,81.32999999999993,-0.07169986471723644,0.046035762196675156
2021-03-05,FG,2112.8,FG103,2049.0,FG105,2107.0,2103,2105,-63.80000000000018,-5.800000000000182,-0.03019689511548662,-0.002745172283226127
2021-03-05,SA,1766.67,SA103,1650.0,SA105,1841.0,2103,2105,-116.67000000000007,74.32999999999993,-0.06603949803868303,0.04207350552168765
2021-03-08,FG,2120.8,FG103,2055.0,FG105,2071.0,2103,2105,-65.80000000000018,-49.80000000000018,-0.03102602791399478,-0.023481705016974774
2021-03-08,SA,1766.67,SA103,1705.0,SA105,1917.0,2103,2105,-61.67000000000007,150.32999999999993,-0.03490748130663912,0.08509229227869386
2021-03-09,FG,2120.8,FG103,2105.0,FG105,2013.0,2103,2105,-15.800000000000182,-107.80000000000018,-0.007450018860807317,-0.05082987551867224
2021-03-09,SA,1800.0,SA103,1776.0,SA105,1942.0,2103,2105,-24.0,142.0,-0.013333333333333308,0.07888888888888879
2021-03-10,FG,2139.2,FG103,2000.0,FG105,2041.0,2103,2105,-139.19999999999982,-98.19999999999982,-0.0650710545998503,-0.04590501121914725
2021-03-10,SA,1800.0,SA103,1780.0,SA105,1963.0,2103,2105,-20.0,163.0,-0.011111111111111072,0.0905555555555555
2021-03-11,FG,2139.2,FG103,1985.0,FG105,1986.0,2103,2105,-154.19999999999982,-153.19999999999982,-0.07208302169035141,-0.07161555721765134
2021-03-11,SA,1800.0,SA103,1691.0,SA105,1892.0,2103,2105,-109.0,92.0,-0.060555555555555585,0.05111111111111111
2021-03-12,FG,2184.0,FG103,1983.0,FG105,1972.0,2103,2105,-201.0,-212.0,-0.09203296703296704,-0.09706959706959706
2021-03-12,SA,1800.0,SA103,1700.0,SA105,1879.0,2103,2105,-100.0,79.0,-0.05555555555555558,0.043888888888888866
2021-03-15,FG,2184.0,FG104,2110.0,FG105,2021.0,2104,2105,-74.0,-163.0,-0.03388278388278387,-0.07463369963369959
2021-03-15,SA,1833.33,SA104,1933.0,SA105,1941.0,2104,2105,99.67000000000007,107.67000000000007,0.0543655533919154,0.058729197689450396
2021-03-16,FG,2188.8,FG104,2095.0,FG105,2001.0,2104,2105,-93.80000000000018,-187.80000000000018,-0.0428545321637428,-0.08580043859649134
2021-03-16,SA,1833.33,SA104,1916.0,SA105,1920.0,2104,2105,82.67000000000007,86.67000000000007,0.0450928092596532,0.0472746314084207
2021-03-17,FG,2188.8,FG104,2176.0,FG105,2067.0,2104,2105,-12.800000000000182,-121.80000000000018,-0.005847953216374324,-0.05564692982456143
2021-03-17,SA,1866.67,SA104,1978.0,SA105,1997.0,2104,2105,111.32999999999993,130.32999999999993,0.05964096492684834,0.06981951817943188
2021-03-18,FG,2188.8,FG104,2181.0,FG105,2078.0,2104,2105,-7.800000000000182,-110.80000000000018,-0.0035635964912281715,-0.05062134502923987
2021-03-18,SA,1866.67,SA104,1988.0,SA105,1996.0,2104,2105,121.32999999999993,129.32999999999993,0.06499809821768165,0.06928380485034835
2021-03-19,FG,2188.8,FG104,2180.0,FG105,2055.0,2104,2105,-8.800000000000182,-133.80000000000018,-0.004020467836257424,-0.06112938596491235
2021-03-19,SA,1866.67,SA104,1930.0,SA105,1944.0,2104,2105,63.32999999999993,77.32999999999993,0.033926725130847935,0.04142671173801471
2021-03-22,FG,2188.8,FG104,2204.0,FG105,2090.0,2104,2105,15.199999999999818,-98.80000000000018,0.00694444444444442,-0.04513888888888895
2021-03-22,SA,1866.67,SA104,1917.0,SA105,1924.0,2104,2105,50.32999999999993,57.32999999999993,0.02696245185276447,0.030712445156347856
2021-03-23,FG,2188.8,FG104,2186.0,FG105,2082.0,2104,2105,-2.800000000000182,-106.80000000000018,-0.0012792397660819077,-0.04879385964912286
2021-03-23,SA,1866.67,SA104,1924.0,SA105,1923.0,2104,2105,57.32999999999993,56.32999999999993,0.030712445156347856,0.030176731827264547
2021-03-24,FG,2188.8,FG104,2133.0,FG105,2049.0,2104,2105,-55.80000000000018,-139.80000000000018,-0.025493421052631637,-0.06387061403508776
2021-03-24,SA,1866.67,SA104,1915.0,SA105,1920.0,2104,2105,48.32999999999993,53.32999999999993,0.02589102519459785,0.02856959184001462
2021-03-25,FG,2188.8,FG104,2139.0,FG105,2051.0,2104,2105,-49.80000000000018,-137.80000000000018,-0.022752192982456232,-0.06295687134502936
2021-03-25,SA,1866.67,SA104,1882.0,SA105,1887.0,2104,2105,15.329999999999927,20.329999999999927,0.00821248533484753,0.010891051980264299
2021-03-26,FG,2188.8,FG104,2236.0,FG105,2133.0,2104,2105,47.19999999999982,-55.80000000000018,0.021564327485380064,-0.025493421052631637
2021-03-26,SA,1866.67,SA104,1905.0,SA105,1903.0,2104,2105,38.32999999999993,36.32999999999993,0.020533891903764312,0.019462465245597693
2021-03-29,FG,2188.8,FG104,2180.0,FG105,2125.0,2104,2105,-8.800000000000182,-63.80000000000018,-0.004020467836257424,-0.02914839181286555
2021-03-29,SA,1866.67,SA104,1865.0,SA105,1868.0,2104,2105,-1.6700000000000728,1.3299999999999272,-0.0008946412595691733,0.0007124987276807548
2021-03-30,FG,2188.8,FG104,2200.0,FG105,2135.0,2104,2105,11.199999999999818,-53.80000000000018,0.005116959064327409,-0.024579678362573132
2021-03-30,SA,1866.67,SA104,1887.0,SA105,1883.0,2104,2105,20.329999999999927,16.329999999999927,0.010891051980264299,0.00874819866393084
2021-03-31,FG,2188.8,FG104,2200.0,FG105,2112.0,2104,2105,11.199999999999818,-76.80000000000018,0.005116959064327409,-0.03508771929824572
2021-03-31,SA,1883.33,SA104,1900.0,SA105,1875.0,2104,2105,16.670000000000073,-8.329999999999927,0.008851343099722353,-0.004423016677905567
2021-04-01,FG,2188.8,FG104,2105.0,FG105,2116.0,2104,2105,-83.80000000000018,-72.80000000000018,-0.03828581871345038,-0.03326023391812871
2021-04-01,SA,1883.33,SA104,1915.0,SA105,1904.0,2104,2105,31.670000000000073,20.670000000000073,0.01681595896629906,0.010975240664142794
2021-04-02,FG,2204.0,FG104,2091.0,FG105,2117.0,2104,2105,-113.0,-87.0,-0.05127041742286753,-0.03947368421052633
2021-04-02,SA,1883.33,SA104,1913.0,SA105,1913.0,2104,2105,29.670000000000073,29.670000000000073,0.01575401018408895,0.01575401018408895
2021-04-06,FG,2208.8,FG104,2134.0,FG109,2149.0,2104,2109,-74.80000000000018,-59.80000000000018,-0.033864541832669404,-0.027073524085476364
2021-04-06,SA,1883.33,SA104,1914.0,SA109,2039.0,2104,2109,30.670000000000073,155.67000000000007,0.016284984575194006,0.0826567834633336
2021-04-07,FG,2208.8,FG104,2140.0,FG109,2142.0,2104,2109,-68.80000000000018,-66.80000000000018,-0.031148134733792188,-0.030242665700833116
2021-04-07,SA,1900.0,SA104,1882.0,SA109,1985.0,2104,2109,-18.0,85.0,-0.0094736842105263,0.044736842105263186
2021-04-08,FG,2240.0,FG104,2094.0,FG109,2157.0,2104,2109,-146.0,-83.0,-0.06517857142857142,-0.03705357142857146
2021-04-08,SA,1900.0,SA104,1839.0,SA109,1967.0,2104,2109,-61.0,67.0,-0.03210526315789475,0.035263157894736885
2021-04-09,FG,2249.6,FG104,2079.0,FG109,2088.0,2104,2109,-170.5999999999999,-161.5999999999999,-0.07583570412517782,-0.0718349928876244
2021-04-09,SA,1900.0,SA104,1832.0,SA109,1913.0,2104,2109,-68.0,13.0,-0.03578947368421048,0.006842105263157983
2021-04-12,FG,2261.6,FG104,2075.0,FG109,2139.0,2104,2109,-186.5999999999999,-122.59999999999991,-0.08250795896710295,-0.054209409267774955
2021-04-12,SA,1900.0,SA104,1760.0,SA109,1891.0,2104,2109,-140.0,-9.0,-0.0736842105263158,-0.00473684210526315
2021-04-13,FG,2271.2,FG104,2117.0,FG109,2164.0,2104,2109,-154.19999999999982,-107.19999999999982,-0.06789362451567449,-0.04719971821063751
2021-04-13,SA,1900.0,SA104,1794.0,SA109,1907.0,2104,2109,-106.0,7.0,-0.0557894736842105,0.0036842105263157343
2021-04-14,FG,2281.6,FG104,2123.0,FG109,2166.0,2104,2109,-158.5999999999999,-115.59999999999991,-0.06951262272089753,-0.05066619915848525
2021-04-14,SA,1900.0,SA104,1787.0,SA109,1912.0,2104,2109,-113.0,12.0,-0.059473684210526345,0.006315789473684275
2021-04-15,FG,2281.6,FG104,2151.0,FG109,2211.0,2104,2109,-130.5999999999999,-70.59999999999991,-0.05724053295932674,-0.03094319775596066
2021-04-15,SA,1900.0,SA104,1763.0,SA109,1873.0,2104,2109,-137.0,-27.0,-0.07210526315789478,-0.014210526315789451
2021-04-16,FG,2292.0,FG105,2234.0,FG109,2229.0,2105,2109,-58.0,-63.0,-0.02530541012216403,-0.027486910994764413
2021-04-16,SA,1900.0,SA105,1752.0,SA109,1904.0,2105,2109,-148.0,4.0,-0.07789473684210524,0.002105263157894832
2021-04-19,FG,2296.8,FG105,2239.0,FG109,2230.0,2105,2109,-57.80000000000018,-66.80000000000018,-0.025165447579240774,-0.02908394287704641
2021-04-19,SA,1900.0,SA105,1806.0,SA109,1968.0,2105,2109,-94.0,68.0,-0.049473684210526336,0.03578947368421059
2021-04-20,FG,2327.2,FG105,2247.0,FG109,2263.0,2105,2109,-80.19999999999982,-64.19999999999982,-0.03446201443795116,-0.027586799587487
2021-04-20,SA,1900.0,SA105,1802.0,SA109,1976.0,2105,2109,-98.0,76.0,-0.05157894736842106,0.040000000000000036
2021-04-21,FG,2327.2,FG105,2255.0,FG109,2248.0,2105,2109,-72.19999999999982,-79.19999999999982,-0.031024407012719024,-0.034032313509797074
2021-04-21,SA,1900.0,SA105,1775.0,SA109,1935.0,2105,2109,-125.0,35.0,-0.06578947368421051,0.018421052631578894
2021-04-22,FG,2327.2,FG105,2232.0,FG109,2236.0,2105,2109,-95.19999999999982,-91.19999999999982,-0.040907528360261236,-0.03918872464764511
2021-04-22,SA,1900.0,SA105,1765.0,SA109,1933.0,2105,2109,-135.0,33.0,-0.07105263157894737,0.017368421052631478
2021-04-23,FG,2332.0,FG105,2249.0,FG109,2264.0,2105,2109,-83.0,-68.0,-0.03559176672384223,-0.029159519725557415
2021-04-23,SA,1900.0,SA105,1751.0,SA109,1923.0,2105,2109,-149.0,23.0,-0.07842105263157895,0.012105263157894841
2021-04-26,FG,2336.8,FG105,2254.0,FG109,2277.0,2105,2109,-82.80000000000018,-59.80000000000018,-0.03543307086614178,-0.025590551181102428
2021-04-26,SA,1900.0,SA105,1761.0,SA109,1947.0,2105,2109,-139.0,47.0,-0.07315789473684209,0.024736842105263168
2021-04-27,FG,2347.2,FG105,2291.0,FG109,2316.0,2105,2109,-56.19999999999982,-31.199999999999818,-0.023943421949556898,-0.013292433537832271
2021-04-27,SA,1900.0,SA105,1790.0,SA109,2001.0,2105,2109,-110.0,101.0,-0.05789473684210522,0.05315789473684207
2021-04-28,FG,2355.2000000000003,FG105,2295.0,FG109,2331.0,2105,2109,-60.20000000000027,-24.200000000000273,-0.02556046195652184,-0.0102751358695653
2021-04-28,SA,1900.0,SA105,1779.0,SA109,2005.0,2105,2109,-121.0,105.0,-0.06368421052631579,0.0552631578947369
2021-04-29,FG,2355.2000000000003,FG105,2322.0,FG109,2379.0,2105,2109,-33.20000000000027,23.799999999999727,-0.014096467391304435,0.010105298913043459
2021-04-29,SA,1900.0,SA105,1801.0,SA109,2045.0,2105,2109,-99.0,145.0,-0.052105263157894766,0.07631578947368411
2021-04-30,FG,2355.2000000000003,FG105,2439.0,FG109,2423.0,2105,2109,83.79999999999973,67.79999999999973,0.03558084239130421,0.02878736413043459
2021-04-30,SA,1900.0,SA105,1819.0,SA109,2087.0,2105,2109,-81.0,187.0,-0.042631578947368465,0.09842105263157896
2021-05-06,FG,2404.7999999999997,FG105,2467.0,FG109,2526.0,2105,2109,62.20000000000027,121.20000000000027,0.02586493679308055,0.05039920159680644
2021-05-06,SA,1940.0,SA105,1929.0,SA109,2190.0,2105,2109,-11.0,250.0,-0.005670103092783485,0.12886597938144329
2021-05-07,FG,2415.2000000000003,FG105,2420.0,FG109,2549.0,2105,2109,4.799999999999727,133.79999999999973,0.0019874130506789545,0.05539913878767799
2021-05-07,SA,1940.0,SA105,1893.0,SA109,2162.0,2105,2109,-47.0,222.0,-0.024226804123711365,0.11443298969072169
2021-05-10,FG,2468.8,FG105,2560.0,FG109,2683.0,2105,2109,91.19999999999982,214.19999999999982,0.036941023979261134,0.08676279974076473
2021-05-10,SA,1940.0,SA105,1910.0,SA109,2172.0,2105,2109,-30.0,232.0,-0.015463917525773141,0.1195876288659794
2021-05-11,FG,2488.8,FG105,2668.0,FG109,2781.0,2105,2109,179.19999999999982,292.1999999999998,0.07200257152041134,0.11740597878495662
2021-05-11,SA,1940.0,SA105,1830.0,SA109,2152.0,2105,2109,-110.0,212.0,-0.05670103092783507,0.10927835051546397
2021-05-12,FG,2514.4,FG105,2668.0,FG109,2892.0,2105,2109,153.5999999999999,377.5999999999999,0.061088132357620006,0.15017499204581597
2021-05-12,SA,1940.0,SA105,1900.0,SA109,2249.0,2105,2109,-40.0,309.0,-0.020618556701030966,0.15927835051546402
2021-05-13,FG,2560.7999999999997,FG105,2816.0,FG109,2846.0,2105,2109,255.20000000000027,285.2000000000003,0.09965635738831624,0.1113714464229929
2021-05-13,SA,1940.0,SA105,1952.0,SA109,2211.0,2105,2109,12.0,271.0,0.006185567010309256,0.13969072164948448
2021-05-14,FG,2624.8,FG105,2657.0,FG109,2750.0,2105,2109,32.19999999999982,125.19999999999982,0.012267601341054535,0.047698872295032
2021-05-14,SA,1940.0,SA105,1900.0,SA109,2201.0,2105,2109,-40.0,261.0,-0.020618556701030966,0.13453608247422677
2021-05-17,FG,2675.2,FG105,2530.0,FG109,2746.0,2105,2109,-145.19999999999982,70.80000000000018,-0.05427631578947367,0.026465311004784775
2021-05-17,SA,1940.0,SA105,1890.0,SA109,2238.0,2105,2109,-50.0,298.0,-0.02577319587628868,0.1536082474226803
2021-05-18,FG,2715.2,FG105,2600.0,FG109,2803.0,2105,2109,-115.19999999999982,87.80000000000018,-0.04242781378903937,0.03233647613435475
2021-05-18,SA,1940.0,SA105,1890.0,SA109,2229.0,2105,2109,-50.0,289.0,-0.02577319587628868,0.14896907216494837
2021-05-19,FG,2740.0,FG105,2546.0,FG109,2665.0,2105,2109,-194.0,-75.0,-0.07080291970802921,-0.027372262773722622
2021-05-19,SA,1940.0,SA105,1767.0,SA109,2131.0,2105,2109,-173.0,191.0,-0.08917525773195878,0.09845360824742277
2021-05-20,FG,2729.6,FG106,2750.0,FG109,2636.0,2106,2109,20.40000000000009,-93.59999999999991,0.007473622508792577,-0.03429073856975373
2021-05-20,SA,1940.0,SA106,1908.0,SA109,2081.0,2106,2109,-32.0,141.0,-0.016494845360824795,0.07268041237113398
2021-05-21,FG,2729.6,FG106,2669.0,FG109,2558.0,2106,2109,-60.59999999999991,-171.5999999999999,-0.022201055099648315,-0.06286635404454866
2021-05-21,SA,1940.0,SA106,1903.0,SA109,2087.0,2106,2109,-37.0,147.0,-0.01907216494845365,0.07577319587628861
2021-05-24,FG,2729.6,FG106,2644.0,FG109,2587.0,2106,2109,-85.59999999999991,-142.5999999999999,-0.0313599062133646,-0.05224208675263775
2021-05-24,SA,1976.67,SA106,1920.0,SA109,2101.0,2106,2109,-56.67000000000007,124.32999999999993,-0.0286694288879783,0.06289871349289466
2021-05-25,FG,2764.8,FG106,2675.0,FG109,2618.0,2106,2109,-89.80000000000018,-146.80000000000018,-0.03247974537037046,-0.05309606481481488
2021-05-25,SA,1976.67,SA106,1955.0,SA109,2138.0,2106,2109,-21.670000000000073,161.32999999999993,-0.010962882018748732,0.08161706304036587
2021-05-26,FG,2764.8,FG106,2656.0,FG109,2576.0,2106,2109,-108.80000000000018,-188.80000000000018,-0.03935185185185186,-0.06828703703703709
2021-05-26,SA,1976.67,SA106,1955.0,SA109,2135.0,2106,2109,-21.670000000000073,158.32999999999993,-0.010962882018748732,0.08009935902300325
2021-05-27,FG,2755.2,FG106,2675.0,FG109,2548.0,2106,2109,-80.19999999999982,-207.19999999999982,-0.02910859465737503,-0.07520325203252032
2021-05-27,SA,1976.67,SA106,1952.0,SA109,2129.0,2106,2109,-24.670000000000073,152.32999999999993,-0.01248058603611124,0.07706395098827823
2021-05-28,FG,2755.2,FG106,2675.0,FG109,2630.0,2106,2109,-80.19999999999982,-125.19999999999982,-0.02910859465737503,-0.04544134727061555
2021-05-28,SA,1976.67,SA106,1980.0,SA109,2176.0,2106,2109,3.3299999999999272,199.32999999999993,0.0016846514592723238,0.10084131392695794
2021-05-31,FG,2755.2,FG106,2730.0,FG109,2688.0,2106,2109,-25.199999999999818,-67.19999999999982,-0.009146341463414531,-0.024390243902438935
2021-05-31,SA,1976.67,SA106,1994.0,SA109,2181.0,2106,2109,17.329999999999927,204.32999999999993,0.008767270206964106,0.10337082062256209
2021-06-01,FG,2780.0,FG106,2720.0,FG109,2690.0,2106,2109,-60.0,-90.0,-0.021582733812949617,-0.03237410071942448
2021-06-01,SA,1993.33,SA106,2080.0,SA109,2289.0,2106,2109,86.67000000000007,295.6700000000001,0.04348000581940781,0.14832967948106934
2021-06-02,FG,2780.0,FG106,2690.0,FG109,2654.0,2106,2109,-90.0,-126.0,-0.03237410071942448,-0.045323741007194274
2021-06-02,SA,1993.33,SA106,2061.0,SA109,2288.0,2106,2109,67.67000000000007,294.6700000000001,0.0339482173047112,0.14782800640134863
2021-06-03,FG,2790.4,FG106,2690.0,FG109,2674.0,2106,2109,-100.40000000000009,-116.40000000000009,-0.03598050458715596,-0.04171444954128445
2021-06-03,SA,1993.33,SA106,2054.0,SA109,2265.0,2106,2109,60.67000000000007,271.6700000000001,0.03043650574666512,0.13628952556776852
2021-06-04,FG,2790.4,FG106,2505.0,FG109,2683.0,2106,2109,-285.4000000000001,-107.40000000000009,-0.10227924311926606,-0.03848910550458717
2021-06-04,SA,1993.33,SA106,2020.0,SA109,2245.0,2106,2109,26.670000000000073,251.67000000000007,0.013379621036155642,0.1262560639733512
2021-06-07,FG,2790.4,FG106,2705.0,FG109,2629.0,2106,2109,-85.40000000000009,-161.4000000000001,-0.03060493119266061,-0.057841169724770714
2021-06-07,SA,1993.33,SA106,2035.0,SA109,2235.0,2106,2109,41.67000000000007,241.67000000000007,0.02090471723196874,0.12123933317614255
2021-06-08,FG,2790.4,FG106,2635.0,FG109,2634.0,2106,2109,-155.4000000000001,-156.4000000000001,-0.05569094036697253,-0.05604931192660556
2021-06-08,SA,1993.33,SA106,2001.0,SA109,2244.0,2106,2109,7.670000000000073,250.67000000000007,0.003847832521459038,0.12575439089363027
2021-06-09,FG,2790.4,FG106,2635.0,FG109,2636.0,2106,2109,-155.4000000000001,-154.4000000000001,-0.05569094036697253,-0.0553325688073395
2021-06-09,SA,1993.33,SA106,2016.0,SA109,2197.0,2106,2109,22.670000000000073,203.67000000000007,0.011372928717272135,0.10217575614674934
2021-06-10,FG,2784.8,FG106,2635.0,FG109,2644.0,2106,2109,-149.80000000000018,-140.80000000000018,-0.05379201378914111,-0.0505601838552141
2021-06-10,SA,1993.33,SA106,1962.0,SA109,2142.0,2106,2109,-31.329999999999927,148.67000000000007,-0.01571741758765477,0.07458373676210162
2021-06-11,FG,2784.8,FG106,2635.0,FG109,2719.0,2106,2109,-149.80000000000018,-65.80000000000018,-0.05379201378914111,-0.023628267739155495
2021-06-11,SA,1993.33,SA106,1965.0,SA109,2175.0,2106,2109,-28.329999999999927,181.67000000000007,-0.014212398348492195,0.09113894839289038
2021-06-15,FG,2775.2,FG106,2635.0,FG109,2646.0,2106,2109,-140.19999999999982,-129.19999999999982,-0.05051888152205242,-0.046555203228596076
2021-06-15,SA,1993.33,SA106,1967.0,SA109,2168.0,2106,2109,-26.329999999999927,174.67000000000007,-0.013209052189050441,0.0876272368348443
2021-06-16,FG,2775.2,FG107,2558.0,FG109,2594.0,2107,2109,-217.19999999999982,-181.19999999999982,-0.07826462957624669,-0.06529259152493505
2021-06-16,SA,2043.33,SA107,1996.0,SA109,2174.0,2107,2109,-47.32999999999993,130.67000000000007,-0.02316316992360501,0.06394953335976084
2021-06-17,FG,2795.2,FG107,2572.0,FG109,2651.0,2107,2109,-223.19999999999982,-144.19999999999982,-0.07985117344018311,-0.05158843732112184
2021-06-17,SA,2043.33,SA107,2024.0,SA109,2222.0,2107,2109,-19.329999999999927,178.67000000000007,-0.009460048058805959,0.08744059941370219
2021-06-18,FG,2795.2,FG107,2548.0,FG109,2624.0,2107,2109,-247.19999999999982,-171.19999999999982,-0.08843732112192326,-0.06124785346307948
2021-06-18,SA,2043.33,SA107,1993.0,SA109,2185.0,2107,2109,-50.32999999999993,141.67000000000007,-0.024631361551976427,0.069332902663789
2021-06-21,FG,2795.2,FG107,2554.0,FG109,2622.0,2107,2109,-241.19999999999982,-173.19999999999982,-0.08629078420148817,-0.06196336576989114
2021-06-21,SA,2043.33,SA107,1985.0,SA109,2189.0,2107,2109,-58.32999999999993,145.67000000000007,-0.028546539227633283,0.07129049150161748
2021-06-22,FG,2795.2,FG107,2592.0,FG109,2685.0,2107,2109,-203.19999999999982,-110.19999999999982,-0.07269605037206639,-0.03942472810532338
2021-06-22,SA,2043.33,SA107,2013.0,SA109,2212.0,2107,2109,-30.329999999999927,168.67000000000007,-0.014843417362834121,0.0825466273191311
2021-06-23,FG,2795.2,FG107,2597.0,FG109,2686.0,2107,2109,-198.19999999999982,-109.19999999999982,-0.07090726960503713,-0.03906697195191755
2021-06-23,SA,2050.0,SA107,1990.0,SA109,2175.0,2107,2109,-60.0,125.0,-0.029268292682926855,0.060975609756097615
2021-06-24,FG,2804.8,FG107,2634.0,FG109,2779.0,2107,2109,-170.80000000000018,-25.800000000000182,-0.060895607529948714,-0.009198516828294423
2021-06-24,SA,2050.0,SA107,2037.0,SA109,2238.0,2107,2109,-13.0,188.0,-0.006341463414634152,0.09170731707317081
2021-06-25,FG,2804.8,FG107,2656.0,FG109,2842.0,2107,2109,-148.80000000000018,37.19999999999982,-0.05305191100969775,0.013262977752424243
2021-06-25,SA,2050.0,SA107,2073.0,SA109,2283.0,2107,2109,23.0,233.0,0.011219512195121961,0.11365853658536595
2021-06-28,FG,2813.6000000000004,FG107,2688.0,FG109,2807.0,2107,2109,-125.60000000000036,-6.600000000000364,-0.04464031845322736,-0.002345749218083726
2021-06-28,SA,2050.0,SA107,2030.0,SA109,2229.0,2107,2109,-20.0,179.0,-0.009756097560975618,0.08731707317073178
2021-06-29,FG,2813.6000000000004,FG107,2720.0,FG109,2809.0,2107,2109,-93.60000000000036,-4.600000000000364,-0.03326698891100377,-0.0016349161216947516
2021-06-29,SA,2100.0,SA107,1987.0,SA109,2195.0,2107,2109,-113.0,95.0,-0.05380952380952386,0.0452380952380953
2021-06-30,FG,2813.6000000000004,FG107,2764.0,FG109,2815.0,2107,2109,-49.600000000000364,1.3999999999996362,-0.01762866079044656,0.0004975831674720599
2021-06-30,SA,2100.0,SA107,1992.0,SA109,2232.0,2107,2109,-108.0,132.0,-0.05142857142857138,0.06285714285714294
2021-07-01,FG,2828.0,FG107,2748.0,FG109,2782.0,2107,2109,-80.0,-46.0,-0.028288543140028266,-0.016265912305516217
2021-07-01,SA,2100.0,SA107,1991.0,SA109,2187.0,2107,2109,-109.0,87.0,-0.0519047619047619,0.04142857142857137
2021-07-02,FG,2828.0,FG107,2780.0,FG109,2835.0,2107,2109,-48.0,7.0,-0.016973125884017004,0.0024752475247524774
2021-07-02,SA,2150.0,SA107,2020.0,SA109,2266.0,2107,2109,-130.0,116.0,-0.06046511627906981,0.05395348837209313
2021-07-05,FG,2832.7999999999997,FG107,2790.0,FG109,2813.0,2107,2109,-42.79999999999973,-19.799999999999727,-0.015108726348489032,-0.006989550974300984
2021-07-05,SA,2150.0,SA107,2006.0,SA109,2269.0,2107,2109,-144.0,119.0,-0.06697674418604649,0.05534883720930228
2021-07-06,FG,2832.7999999999997,FG107,2788.0,FG109,2862.0,2107,2109,-44.79999999999973,29.200000000000273,-0.015814741598418447,0.010307822648969234
2021-07-06,SA,2150.0,SA107,2016.0,SA109,2319.0,2107,2109,-134.0,169.0,-0.06232558139534883,0.0786046511627907
2021-07-07,FG,2844.8,FG107,2786.0,FG109,2862.0,2107,2109,-58.80000000000018,17.199999999999818,-0.02066929133858275,0.006046119235095571
2021-07-07,SA,2150.0,SA107,1980.0,SA109,2268.0,2107,2109,-170.0,118.0,-0.07906976744186045,0.05488372093023264
2021-07-08,FG,2847.2000000000003,FG107,2786.0,FG109,2902.0,2107,2109,-61.20000000000027,54.79999999999973,-0.02149480191064912,0.01924697948862031
2021-07-08,SA,2150.0,SA107,1979.0,SA109,2273.0,2107,2109,-171.0,123.0,-0.0795348837209302,0.0572093023255813
2021-07-09,FG,2847.2000000000003,FG107,2700.0,FG109,2893.0,2107,2109,-147.20000000000027,45.79999999999973,-0.051699915706659216,0.01608597920764243
2021-07-09,SA,2150.0,SA107,2030.0,SA109,2272.0,2107,2109,-120.0,122.0,-0.05581395348837215,0.05674418604651166
2021-07-12,FG,2876.0,FG107,2700.0,FG109,2943.0,2107,2109,-176.0,67.0,-0.061196105702364445,0.023296244784422715
2021-07-12,SA,2150.0,SA107,2011.0,SA109,2270.0,2107,2109,-139.0,120.0,-0.06465116279069771,0.05581395348837215
2021-07-13,FG,2895.2,FG107,2700.0,FG109,3004.0,2107,2109,-195.19999999999982,108.80000000000018,-0.06742193976236521,0.03757944183476103
2021-07-13,SA,2150.0,SA107,2016.0,SA109,2297.0,2107,2109,-134.0,147.0,-0.06232558139534883,0.06837209302325586
2021-07-14,FG,2895.2,FG107,2830.0,FG109,3071.0,2107,2109,-65.19999999999982,175.80000000000018,-0.022520033158330954,0.06072119369991724
2021-07-14,SA,2150.0,SA107,2016.0,SA109,2294.0,2107,2109,-134.0,144.0,-0.06232558139534883,0.06697674418604649
2021-07-15,FG,2900.0,FG108,3005.0,FG109,3013.0,2108,2109,105.0,113.0,0.036206896551724155,0.0389655172413792
2021-07-15,SA,2150.0,SA108,2259.0,SA109,2272.0,2108,2109,109.0,122.0,0.05069767441860473,0.05674418604651166
2021-07-16,FG,2936.8,FG108,3067.0,FG109,3072.0,2108,2109,130.19999999999982,135.19999999999982,0.044333968945791336,0.04603650231544543
2021-07-16,SA,2150.0,SA108,2311.0,SA109,2333.0,2108,2109,161.0,183.0,0.07488372093023266,0.08511627906976749
2021-07-19,FG,2936.8,FG108,3035.0,FG109,3039.0,2108,2109,98.19999999999982,102.19999999999982,0.033437755380005374,0.03479978207572865
2021-07-19,SA,2150.0,SA108,2292.0,SA109,2311.0,2108,2109,142.0,161.0,0.06604651162790698,0.07488372093023266
2021-07-20,FG,2976.8,FG108,2996.0,FG109,3024.0,2108,2109,19.199999999999818,47.19999999999982,0.006449879064767572,0.0158559527008868
2021-07-20,SA,2150.0,SA108,2291.0,SA109,2317.0,2108,2109,141.0,167.0,0.06558139534883711,0.07767441860465119
2021-07-21,FG,3001.6000000000004,FG108,2995.0,FG109,3006.0,2108,2109,-6.600000000000364,4.399999999999636,-0.002198827292110961,0.0014658848614070852
2021-07-21,SA,2183.33,SA108,2358.0,SA109,2380.0,2108,2109,174.67000000000007,196.67000000000007,0.08000164885747929,0.09007800011908418
2021-07-22,FG,3006.3999999999996,FG108,3034.0,FG109,3057.0,2108,2109,27.600000000000364,50.600000000000364,0.00918041511442258,0.01683076104310821
2021-07-22,SA,2183.33,SA108,2371.0,SA109,2394.0,2108,2109,187.67000000000007,210.67000000000007,0.08595585642115489,0.09649022364919646
2021-07-23,FG,3011.2,FG108,3034.0,FG201,3017.0,2108,2201,22.800000000000182,5.800000000000182,0.007571732199787462,0.0019261424017003037
2021-07-23,SA,2183.33,SA108,2319.0,SA109,2339.0,2108,2109,135.67000000000007,155.67000000000007,0.06213902616645228,0.07129934549518402
2021-07-26,FG,3046.3999999999996,FG108,2976.0,FG201,2911.0,2108,2201,-70.39999999999964,-135.39999999999964,-0.02310924369747891,-0.04444590336134446
2021-07-26,SA,2216.67,SA108,2313.0,SA109,2335.0,2108,2109,96.32999999999993,118.32999999999993,0.043457077508154196,0.05338187461372246
2021-07-27,FG,3046.3999999999996,FG108,2885.0,FG201,2797.0,2108,2201,-161.39999999999964,-249.39999999999964,-0.052980567226890596,-0.08186712184873934
2021-07-27,SA,2216.67,SA108,2254.0,SA109,2270.0,2108,2109,37.32999999999993,53.32999999999993,0.016840576179584676,0.024058610438179695
2021-07-28,FG,3060.7999999999997,FG108,2979.0,FG201,2848.0,2108,2201,-81.79999999999973,-212.79999999999973,-0.02672503920543645,-0.06952430737062198
2021-07-28,SA,2283.33,SA108,2298.0,SA201,2584.0,2108,2201,14.670000000000073,300.6700000000001,0.006424826897557523,0.1316804842050865
2021-07-29,FG,3086.3999999999996,FG108,3000.0,FG201,2885.0,2108,2201,-86.39999999999964,-201.39999999999964,-0.027993779160186527,-0.0652540176257127
2021-07-29,SA,2283.33,SA108,2310.0,SA201,2600.0,2108,2201,26.670000000000073,316.6700000000001,0.011680309022348956,0.13868779370480833
2021-07-30,FG,3080.0,FG108,2976.0,FG201,2894.0,2108,2201,-104.0,-186.0,-0.03376623376623378,-0.06038961038961044
2021-07-30,SA,2333.33,SA108,2317.0,SA201,2626.0,2108,2201,-16.329999999999927,292.6700000000001,-0.006998581426544859,0.12543017918597021
2021-08-02,FG,3092.0,FG108,2970.0,FG201,2814.0,2108,2201,-122.0,-278.0,-0.0394566623544631,-0.08990944372574383
2021-08-02,SA,2333.33,SA108,2288.0,SA201,2572.0,2108,2201,-45.32999999999993,238.67000000000007,-0.019427170610243683,0.10228728898184136
2021-08-03,FG,3089.6,FG108,2950.0,FG201,2725.0,2108,2201,-139.5999999999999,-364.5999999999999,-0.045183842568617294,-0.11800880372863798
2021-08-03,SA,2333.33,SA108,2250.0,SA201,2511.0,2108,2201,-83.32999999999993,177.67000000000007,-0.03571290816129735,0.07614439449199217
2021-08-04,FG,3089.6,FG108,2930.0,FG201,2781.0,2108,2201,-159.5999999999999,-308.5999999999999,-0.05165717244950796,-0.09988348006214398
2021-08-04,SA,2333.33,SA108,2280.0,SA201,2564.0,2108,2201,-53.32999999999993,230.67000000000007,-0.022855746936781274,0.09885871265530377
2021-08-05,FG,3089.6,FG108,2924.0,FG201,2681.0,2108,2201,-165.5999999999999,-408.5999999999999,-0.05359917141377524,-0.13225012946659764
2021-08-05,SA,2333.33,SA108,2265.0,SA201,2505.0,2108,2201,-68.32999999999993,171.67000000000007,-0.029284327549039313,0.07357296224708887
2021-08-06,FG,3089.6,FG108,2924.0,FG201,2714.0,2108,2201,-165.5999999999999,-375.5999999999999,-0.05359917141377524,-0.12156913516312784
2021-08-06,SA,2400.0,SA108,2337.0,SA201,2622.0,2108,2201,-63.0,222.0,-0.026249999999999996,0.09250000000000003
2021-08-09,FG,3089.6,FG108,2924.0,FG201,2764.0,2108,2201,-165.5999999999999,-325.5999999999999,-0.05359917141377524,-0.10538581046090101
2021-08-09,SA,2400.0,SA108,2357.0,SA201,2633.0,2108,2201,-43.0,233.0,-0.017916666666666692,0.09708333333333341
2021-08-10,FG,3089.6,FG108,2924.0,FG201,2868.0,2108,2201,-165.5999999999999,-221.5999999999999,-0.05359917141377524,-0.07172449508026923
2021-08-10,SA,2483.33,SA108,2374.0,SA201,2656.0,2108,2201,-109.32999999999993,172.67000000000007,-0.04402556245041933,0.06953163695521747
2021-08-11,FG,3089.6,FG108,2928.0,FG201,2862.0,2108,2201,-161.5999999999999,-227.5999999999999,-0.052304505437597126,-0.07366649404453651
2021-08-11,SA,2483.33,SA108,2386.0,SA201,2679.0,2108,2201,-97.32999999999993,195.67000000000007,-0.03919334119911566,0.07879339435354948
2021-08-12,FG,3089.6,FG108,2928.0,FG201,2722.0,2108,2201,-161.5999999999999,-367.5999999999999,-0.052304505437597126,-0.11897980321077162
2021-08-12,SA,2483.33,SA108,2454.0,SA201,2658.0,2108,2201,-29.329999999999927,174.67000000000007,-0.011810754108394717,0.07033700716376812
2021-08-13,FG,3089.6,FG108,2842.0,FG201,2724.0,2108,2201,-247.5999999999999,-365.5999999999999,-0.08013982392542718,-0.11833247022268256
2021-08-13,SA,2483.33,SA108,2457.0,SA201,2732.0,2108,2201,-26.329999999999927,248.67000000000007,-0.010602698795568855,0.10013570488014079
2021-08-16,FG,3089.6,FG109,2841.0,FG201,2747.0,2109,2201,-248.5999999999999,-342.5999999999999,-0.08046349041947176,-0.11088814085965815
2021-08-16,SA,2483.33,SA109,2495.0,SA201,2757.0,2109,2201,11.670000000000073,273.6700000000001,0.004699335166892915,0.11020283248702345
2021-08-17,FG,3089.6,FG109,2869.0,FG201,2761.0,2109,2201,-220.5999999999999,-328.5999999999999,-0.07140082858622476,-0.10635680994303465
2021-08-17,SA,2483.33,SA109,2457.0,SA201,2724.0,2109,2201,-26.329999999999927,240.67000000000007,-0.010602698795568855,0.09691422404593841
2021-08-18,FG,3089.6,FG109,2840.0,FG201,2735.0,2109,2201,-249.5999999999999,-354.5999999999999,-0.08078715691351623,-0.11477213878819259
2021-08-18,SA,2483.33,SA109,2433.0,SA201,2696.0,2109,2201,-50.32999999999993,212.67000000000007,-0.020267141298176194,0.08563904112622978
2021-08-19,FG,3089.6,FG109,2861.0,FG201,2674.0,2109,2201,-228.5999999999999,-415.5999999999999,-0.07399016053858098,-0.1345157949249094
2021-08-19,SA,2483.33,SA109,2439.0,SA201,2696.0,2109,2201,-44.32999999999993,212.67000000000007,-0.01785103067252436,0.08563904112622978
2021-08-20,FG,3089.6,FG109,2856.0,FG201,2672.0,2109,2201,-233.5999999999999,-417.5999999999999,-0.07560849300880368,-0.13516312791299845
2021-08-20,SA,2483.33,SA109,2482.0,SA201,2742.0,2109,2201,-1.3299999999999272,258.6700000000001,-0.0005355711886860792,0.1041625559228938
2021-08-23,FG,3089.6,FG109,2897.0,FG201,2772.0,2109,2201,-192.5999999999999,-317.5999999999999,-0.06233816675297765,-0.10279647850854479
2021-08-23,SA,2475.0,SA109,2479.0,SA201,2732.0,2109,2201,4.0,257.0,0.0016161616161616266,0.10383838383838384
2021-08-24,FG,3089.6,FG109,2887.0,FG201,2741.0,2109,2201,-202.5999999999999,-348.5999999999999,-0.06557483169342304,-0.11283013982392542
2021-08-24,SA,2516.67,SA109,2474.0,SA201,2735.0,2109,2201,-42.67000000000007,218.32999999999993,-0.016954944430537244,0.08675352747877163
2021-08-25,FG,3089.6,FG109,2871.0,FG201,2715.0,2109,2201,-218.5999999999999,-374.5999999999999,-0.07075349559813571,-0.12124546866908337
2021-08-25,SA,2550.0,SA109,2466.0,SA201,2730.0,2109,2201,-84.0,180.0,-0.03294117647058825,0.07058823529411762
2021-08-26,FG,3089.6,FG109,2856.0,FG201,2611.0,2109,2201,-233.5999999999999,-478.5999999999999,-0.07560849300880368,-0.15490678404971514
2021-08-26,SA,2550.0,SA109,2401.0,SA201,2647.0,2109,2201,-149.0,97.0,-0.058431372549019645,0.03803921568627455
2021-08-27,FG,3089.6,FG109,2882.0,FG201,2640.0,2109,2201,-207.5999999999999,-449.5999999999999,-0.06719316416364574,-0.14552045572242356
2021-08-27,SA,2550.0,SA109,2445.0,SA201,2694.0,2109,2201,-105.0,144.0,-0.04117647058823526,0.05647058823529405
2021-08-30,FG,3089.6,FG109,2904.0,FG201,2676.0,2109,2201,-185.5999999999999,-413.5999999999999,-0.0600725012946659,-0.13386846193682023
2021-08-30,SA,2550.0,SA109,2474.0,SA201,2718.0,2109,2201,-76.0,168.0,-0.029803921568627434,0.0658823529411765
2021-08-31,FG,3089.6,FG109,3020.0,FG201,2601.0,2109,2201,-69.59999999999991,-488.5999999999999,-0.022527187985499686,-0.15814344899016053
2021-08-31,SA,2550.0,SA109,2533.0,SA201,2689.0,2109,2201,-17.0,139.0,-0.00666666666666671,0.05450980392156857
2021-09-01,FG,3100.0,FG109,3120.0,FG201,2615.0,2109,2201,20.0,-485.0,0.006451612903225712,-0.15645161290322585
2021-09-01,SA,2550.0,SA109,2505.0,SA201,2704.0,2109,2201,-45.0,154.0,-0.01764705882352946,0.06039215686274502
2021-09-02,FG,3100.0,FG109,3169.0,FG201,2619.0,2109,2201,69.0,-481.0,0.022258064516128995,-0.15516129032258064
2021-09-02,SA,2550.0,SA109,2505.0,SA201,2687.0,2109,2201,-45.0,137.0,-0.01764705882352946,0.05372549019607842
2021-09-03,FG,3100.0,FG109,3150.0,FG201,2749.0,2109,2201,50.0,-351.0,0.016129032258064502,-0.11322580645161295
2021-09-03,SA,2550.0,SA109,2540.0,SA201,2727.0,2109,2201,-10.0,177.0,-0.0039215686274509665,0.06941176470588228
2021-09-06,FG,3100.0,FG109,3120.0,FG201,2691.0,2109,2201,20.0,-409.0,0.006451612903225712,-0.13193548387096776
2021-09-06,SA,2650.0,SA109,2544.0,SA201,2739.0,2109,2201,-106.0,89.0,-0.040000000000000036,0.03358490566037742
2021-09-07,FG,3100.0,FG109,3148.0,FG201,2715.0,2109,2201,48.0,-385.0,0.015483870967741842,-0.12419354838709673
2021-09-07,SA,2650.0,SA109,2601.0,SA201,2865.0,2109,2201,-49.0,215.0,-0.0184905660377358,0.0811320754716982
2021-09-08,FG,3100.0,FG109,3148.0,FG201,2600.0,2109,2201,48.0,-500.0,0.015483870967741842,-0.16129032258064513
2021-09-08,SA,2700.0,SA109,2698.0,SA201,2903.0,2109,2201,-2.0,203.0,-0.0007407407407407085,0.07518518518518524
2021-09-09,FG,3100.0,FG109,3149.0,FG201,2540.0,2109,2201,49.0,-560.0,0.015806451612903283,-0.1806451612903226
2021-09-09,SA,2700.0,SA109,2837.0,SA201,2984.0,2109,2201,137.0,284.0,0.05074074074074075,0.10518518518518527
2021-09-10,FG,3100.0,FG109,3149.0,FG201,2564.0,2109,2201,49.0,-536.0,0.015806451612903283,-0.17290322580645157
2021-09-10,SA,2700.0,SA109,2763.0,SA201,2964.0,2109,2201,63.0,264.0,0.023333333333333428,0.09777777777777774
2021-09-13,FG,3100.0,FG109,3080.0,FG201,2428.0,2109,2201,-20.0,-672.0,-0.006451612903225823,-0.21677419354838712
2021-09-13,SA,2700.0,SA109,2742.0,SA201,2958.0,2109,2201,42.0,258.0,0.015555555555555545,0.09555555555555562
2021-09-14,FG,3100.0,FG109,3008.0,FG201,2377.0,2109,2201,-92.0,-723.0,-0.029677419354838697,-0.23322580645161295
2021-09-14,SA,2700.0,SA109,2749.0,SA201,2882.0,2109,2201,49.0,182.0,0.018148148148148247,0.06740740740740736
2021-09-15,FG,3100.0,FG110,2679.0,FG201,2351.0,2110,2201,-421.0,-749.0,-0.13580645161290328,-0.24161290322580642
2021-09-15,SA,2700.0,SA110,2800.0,SA201,2888.0,2110,2201,100.0,188.0,0.03703703703703698,0.06962962962962971
2021-09-16,FG,3100.0,FG110,2682.0,FG201,2310.0,2110,2201,-418.0,-790.0,-0.1348387096774194,-0.2548387096774194
2021-09-16,SA,2725.0,SA110,2915.0,SA201,3000.0,2110,2201,190.0,275.0,0.06972477064220173,0.10091743119266061
2021-09-17,FG,3100.0,FG110,2740.0,FG201,2361.0,2110,2201,-360.0,-739.0,-0.11612903225806448,-0.23838709677419356
2021-09-17,SA,2725.0,SA110,2841.0,SA201,2912.0,2110,2201,116.0,187.0,0.042568807339449455,0.06862385321100928
2021-09-22,FG,3080.0,FG110,2750.0,FG201,2390.0,2110,2201,-330.0,-690.0,-0.1071428571428571,-0.22402597402597402
2021-09-22,SA,2766.67,SA110,3114.0,SA201,3174.0,2110,2201,347.3299999999999,407.3299999999999,0.12554081260143057,0.14722753346080308
2021-09-23,FG,3080.0,FG110,2705.0,FG201,2347.0,2110,2201,-375.0,-733.0,-0.12175324675324672,-0.23798701298701297
2021-09-23,SA,2766.67,SA110,3145.0,SA201,3216.0,2110,2201,378.3299999999999,449.3299999999999,0.13674561837877297,0.1624082380623637
2021-09-24,FG,3040.0,FG110,2635.0,FG201,2245.0,2110,2201,-405.0,-795.0,-0.13322368421052633,-0.26151315789473684
2021-09-24,SA,3083.33,SA110,3071.0,SA201,3118.0,2110,2201,-12.329999999999927,34.67000000000007,-0.003998923242079178,0.011244336480363826
2021-09-27,FG,3009.6,FG110,2504.0,FG201,2252.0,2110,2201,-505.5999999999999,-757.5999999999999,-0.16799574694311536,-0.25172780435938324
2021-09-27,SA,3300.0,SA110,3311.0,SA201,3384.0,2110,2201,11.0,84.0,0.0033333333333334103,0.025454545454545396
2021-09-28,FG,2995.2,FG110,2454.0,FG201,2290.0,2110,2201,-541.1999999999998,-705.1999999999998,-0.18068910256410253,-0.23544337606837606
2021-09-28,SA,3300.0,SA110,3292.0,SA201,3390.0,2110,2201,-8.0,90.0,-0.00242424242424244,0.027272727272727337
2021-09-29,FG,2941.6000000000004,FG110,2373.0,FG201,2231.0,2110,2201,-568.6000000000004,-710.6000000000004,-0.1932961653521894,-0.24156921403317932
2021-09-29,SA,3300.0,SA110,3368.0,SA201,3435.0,2110,2201,68.0,135.0,0.020606060606060517,0.040909090909091006
2021-09-30,FG,2941.6000000000004,FG110,2313.0,FG201,2242.0,2110,2201,-628.6000000000004,-699.6000000000004,-0.2136932281751429,-0.23782975251563787
2021-09-30,SA,3433.33,SA110,3430.0,SA201,3512.0,2110,2201,-3.3299999999999272,78.67000000000007,-0.0009699038542755334,0.022913614479237454
2021-10-08,FG,2737.6,FG110,2271.0,FG201,2320.0,2110,2201,-466.5999999999999,-417.5999999999999,-0.17044126241963764,-0.15254237288135586
2021-10-08,SA,3433.33,SA110,3325.0,SA201,3362.0,2110,2201,-108.32999999999993,-71.32999999999993,-0.031552457817920154,-0.02077574832596918
2021-10-11,FG,2717.6,FG110,2307.0,FG201,2428.0,2110,2201,-410.5999999999999,-289.5999999999999,-0.1510891963497203,-0.10656461583750365
2021-10-11,SA,3533.33,SA110,3460.0,SA201,3500.0,2110,2201,-73.32999999999993,-33.32999999999993,-0.020753793163955758,-0.009433027767007274
2021-10-12,FG,2717.6,FG110,2285.0,FG201,2361.0,2110,2201,-432.5999999999999,-356.5999999999999,-0.15918457462466884,-0.13121872240211951
2021-10-12,SA,3533.33,SA110,3488.0,SA201,3583.0,2110,2201,-45.32999999999993,49.67000000000007,-0.012829257386091864,0.014057560431660843
2021-10-13,FG,2717.6,FG110,2325.0,FG201,2449.0,2110,2201,-392.5999999999999,-268.5999999999999,-0.14446570503385336,-0.09883720930232553
2021-10-13,SA,3533.33,SA110,3455.0,SA201,3478.0,2110,2201,-78.32999999999993,-55.32999999999993,-0.022168888838574374,-0.015659448735328985
2021-10-14,FG,2717.6,FG110,2287.0,FG201,2406.0,2110,2201,-430.5999999999999,-311.5999999999999,-0.15844863114512797,-0.11465999411245209
2021-10-14,SA,3533.33,SA110,3350.0,SA201,3430.0,2110,2201,-183.32999999999993,-103.32999999999993,-0.05188589800556409,-0.02924436721166712
2021-10-15,FG,2717.6,FG110,2291.0,FG201,2367.0,2110,2201,-426.5999999999999,-350.5999999999999,-0.15697674418604646,-0.12901089196349713
2021-10-15,SA,3600.0,SA110,3385.0,SA201,3435.0,2110,2201,-215.0,-165.0,-0.05972222222222223,-0.04583333333333328
2021-10-18,FG,2645.6,FG110,2258.0,FG201,2299.0,2110,2201,-387.5999999999999,-346.5999999999999,-0.1465074085273662,-0.13100997883277887
2021-10-18,SA,3600.0,SA110,3459.0,SA201,3570.0,2110,2201,-141.0,-30.0,-0.03916666666666668,-0.008333333333333304
2021-10-19,FG,2645.6,FG110,2311.0,FG201,2391.0,2110,2201,-334.5999999999999,-254.5999999999999,-0.12647414575143634,-0.0962352585424856
2021-10-19,SA,3600.0,SA110,3359.0,SA201,3459.0,2110,2201,-241.0,-141.0,-0.06694444444444447,-0.03916666666666668
2021-10-20,FG,2609.6,FG110,2229.0,FG201,2306.0,2110,2201,-380.5999999999999,-303.5999999999999,-0.14584610668301656,-0.1163396689147762
2021-10-20,SA,3600.0,SA110,3247.0,SA201,3221.0,2110,2201,-353.0,-379.0,-0.09805555555555556,-0.1052777777777778
2021-10-21,FG,2609.6,FG110,2160.0,FG201,2176.0,2110,2201,-449.5999999999999,-433.5999999999999,-0.17228694052728388,-0.1661557326793378
2021-10-21,SA,3600.0,SA110,3159.0,SA201,3134.0,2110,2201,-441.0,-466.0,-0.12250000000000005,-0.12944444444444447
2021-10-22,FG,2609.6,FG111,2028.0,FG201,2062.0,2111,2201,-581.5999999999999,-547.5999999999999,-0.22286940527283872,-0.20984058859595334
2021-10-22,SA,3633.33,SA111,3004.0,SA201,3010.0,2111,2201,-629.3299999999999,-623.3299999999999,-0.1732102506516061,-0.17155887298979167
2021-10-25,FG,2569.6,FG111,1975.0,FG201,2005.0,2111,2201,-594.5999999999999,-564.5999999999999,-0.23139788293897878,-0.2197229140722291
2021-10-25,SA,3633.33,SA111,2947.0,SA201,2828.0,2111,2201,-686.3299999999999,-805.3299999999999,-0.18889833843884263,-0.22165066206482753
2021-10-26,FG,2564.0,FG111,1962.0,FG201,2026.0,2111,2201,-602.0,-538.0,-0.23478939157566303,-0.20982839313572543
2021-10-26,SA,3633.33,SA111,2942.0,SA201,2778.0,2111,2201,-691.3299999999999,-855.3299999999999,-0.1902744864903546,-0.23541214257994736
2021-10-27,FG,2564.0,FG111,1939.0,FG201,1956.0,2111,2201,-625.0,-608.0,-0.24375975039001563,-0.23712948517940713
2021-10-27,SA,3633.33,SA111,2935.0,SA201,2833.0,2111,2201,-698.3299999999999,-800.3299999999999,-0.1922010937624713,-0.22027451401331555
2021-10-28,FG,2556.8,FG111,1895.0,FG201,1873.0,2111,2201,-661.8000000000002,-683.8000000000002,-0.25883917396745937,-0.26744367959949944
2021-10-28,SA,3633.33,SA111,2967.0,SA201,2860.0,2111,2201,-666.3299999999999,-773.3299999999999,-0.1833937462327947,-0.21284331453515093
2021-10-29,FG,2480.8,FG111,1823.0,FG201,1808.0,2111,2201,-657.8000000000002,-672.8000000000002,-0.2651564011609159,-0.27120283779426
2021-10-29,SA,3633.33,SA111,2925.0,SA201,2801.0,2111,2201,-708.3299999999999,-832.3299999999999,-0.19495338986549526,-0.22908186154299226
2021-11-01,FG,2465.6,FG111,1900.0,FG201,1745.0,2111,2201,-565.5999999999999,-720.5999999999999,-0.22939649578195975,-0.2922615184944841
2021-11-01,SA,3766.67,SA111,2915.0,SA201,2604.0,2111,2201,-851.6700000000001,-1162.67,-0.22610687955143405,-0.308673178165329
2021-11-02,FG,2424.7999999999997,FG111,1863.0,FG201,1627.0,2111,2201,-561.7999999999997,-797.7999999999997,-0.23168921148135924,-0.32901682612999006
2021-11-02,SA,3766.67,SA111,2750.0,SA201,2563.0,2111,2201,-1016.6700000000001,-1203.67,-0.2699121505202208,-0.31955812428484576
2021-11-03,FG,2376.8,FG111,1863.0,FG201,1729.0,2111,2201,-513.8000000000002,-647.8000000000002,-0.21617300572197917,-0.27255132951868066
2021-11-03,SA,3766.67,SA111,2900.0,SA201,2802.0,2111,2201,-866.6700000000001,-964.6700000000001,-0.23008917691223285,-0.256106853002785
2021-11-04,FG,2353.6000000000004,FG111,1909.0,FG201,1685.0,2111,2201,-444.60000000000036,-668.6000000000004,-0.1889021074099253,-0.2840754588715161
2021-11-04,SA,3766.67,SA111,2828.0,SA201,2638.0,2111,2201,-938.6700000000001,-1128.67,-0.24920420424406708,-0.29964663748085185
2021-11-05,FG,2295.2000000000003,FG111,1900.0,FG201,1706.0,2111,2201,-395.2000000000003,-589.2000000000003,-0.17218543046357626,-0.2567096549320321
2021-11-05,SA,3733.33,SA111,2815.0,SA201,2565.0,2111,2201,-918.3299999999999,-1168.33,-0.24598146962631218,-0.31294581513019204
2021-11-08,FG,2228.8,FG111,1900.0,FG201,1688.0,2111,2201,-328.8000000000002,-540.8000000000002,-0.14752333094041647,-0.24264178033022266
2021-11-08,SA,3733.33,SA111,2800.0,SA201,2513.0,2111,2201,-933.3299999999999,-1220.33,-0.24999933035654498,-0.32687439899499904
2021-11-09,FG,2216.8,FG111,1803.0,FG201,1694.0,2111,2201,-413.8000000000002,-522.8000000000002,-0.18666546373150494,-0.23583543846986654
2021-11-09,SA,3750.0,SA111,2705.0,SA201,2560.0,2111,2201,-1045.0,-1190.0,-0.2786666666666666,-0.31733333333333336
2021-11-10,FG,2137.6,FG111,1673.0,FG201,1611.0,2111,2201,-464.5999999999999,-526.5999999999999,-0.2173465568862275,-0.2463510479041916
2021-11-10,SA,3650.0,SA111,2681.0,SA201,2512.0,2111,2201,-969.0,-1138.0,-0.2654794520547945,-0.3117808219178082
2021-11-11,FG,2053.6000000000004,FG111,1666.0,FG201,1710.0,2111,2201,-387.60000000000036,-343.60000000000036,-0.18874172185430482,-0.167315932995715
2021-11-11,SA,3650.0,SA111,2900.0,SA201,2684.0,2111,2201,-750.0,-966.0,-0.20547945205479456,-0.26465753424657534
2021-11-12,FG,2038.4,FG111,1735.0,FG201,1714.0,2111,2201,-303.4000000000001,-324.4000000000001,-0.14884222919937207,-0.15914442700156994
2021-11-12,SA,3650.0,SA111,2800.0,SA201,2527.0,2111,2201,-850.0,-1123.0,-0.23287671232876717,-0.3076712328767123
2021-11-15,FG,2046.3999999999999,FG112,1699.0,FG201,1691.0,2112,2201,-347.39999999999986,-355.39999999999986,-0.16976153244722436,-0.17367083659108673
2021-11-15,SA,3650.0,SA112,2671.0,SA201,2497.0,2112,2201,-979.0,-1153.0,-0.26821917808219176,-0.31589041095890413
2021-11-16,FG,1985.6,FG112,1695.0,FG201,1706.0,2112,2201,-290.5999999999999,-279.5999999999999,-0.14635374697824333,-0.14081385979049155
2021-11-16,SA,3650.0,SA112,2720.0,SA201,2544.0,2112,2201,-930.0,-1106.0,-0.25479452054794516,-0.30301369863013694
2021-11-17,FG,1985.6,FG112,1658.0,FG201,1670.0,2112,2201,-327.5999999999999,-315.5999999999999,-0.16498791297340853,-0.15894439967767926
2021-11-17,SA,3650.0,SA112,2752.0,SA201,2607.0,2112,2201,-898.0,-1043.0,-0.246027397260274,-0.2857534246575343
2021-11-18,FG,1985.6,FG112,1658.0,FG201,1670.0,2112,2201,-327.5999999999999,-315.5999999999999,-0.16498791297340853,-0.15894439967767926
2021-11-18,SA,3650.0,SA112,2775.0,SA201,2586.0,2112,2201,-875.0,-1064.0,-0.23972602739726023,-0.29150684931506854
2021-11-19,FG,1985.6,FG112,1717.0,FG201,1721.0,2112,2201,-268.5999999999999,-264.5999999999999,-0.13527397260273966,-0.1332594681708299
2021-11-19,SA,3650.0,SA112,2860.0,SA201,2699.0,2112,2201,-790.0,-951.0,-0.21643835616438356,-0.2605479452054794
2021-11-22,FG,1968.0,FG112,1728.0,FG201,1731.0,2112,2201,-240.0,-237.0,-0.12195121951219512,-0.12042682926829273
2021-11-22,SA,3650.0,SA112,2880.0,SA201,2684.0,2112,2201,-770.0,-966.0,-0.21095890410958906,-0.26465753424657534
2021-11-23,FG,1968.0,FG112,1703.0,FG201,1707.0,2112,2201,-265.0,-261.0,-0.13465447154471544,-0.13262195121951215
2021-11-23,SA,3633.33,SA112,2855.0,SA201,2650.0,2112,2201,-778.3299999999999,-983.3299999999999,-0.2142194625866629,-0.2706415326986539
2021-11-24,FG,1964.0,FG112,1764.0,FG201,1774.0,2112,2201,-200.0,-190.0,-0.10183299389002032,-0.09674134419551939
2021-11-24,SA,3633.33,SA112,2855.0,SA201,2684.0,2112,2201,-778.3299999999999,-949.3299999999999,-0.2142194625866629,-0.26128372594837246
2021-11-25,FG,1964.0,FG112,1793.0,FG201,1794.0,2112,2201,-171.0,-170.0,-0.08706720977596738,-0.0865580448065173
2021-11-25,SA,3600.0,SA112,2781.0,SA201,2654.0,2112,2201,-819.0,-946.0,-0.22750000000000004,-0.2627777777777778
2021-11-26,FG,1965.6,FG112,1793.0,FG201,1795.0,2112,2201,-172.5999999999999,-170.5999999999999,-0.08781033781033776,-0.08679283679283678
2021-11-26,SA,3600.0,SA112,2704.0,SA201,2551.0,2112,2201,-896.0,-1049.0,-0.24888888888888894,-0.2913888888888889
2021-11-29,FG,1978.4,FG112,1840.0,FG201,1850.0,2112,2201,-138.4000000000001,-128.4000000000001,-0.06995551961180757,-0.06490093004448039
2021-11-29,SA,3466.67,SA112,2752.0,SA201,2623.0,2112,2201,-714.6700000000001,-843.6700000000001,-0.2061546094667217,-0.2433661121479691
2021-11-30,FG,1982.4,FG112,1806.0,FG201,1822.0,2112,2201,-176.4000000000001,-160.4000000000001,-0.08898305084745772,-0.08091202582728008
2021-11-30,SA,3466.67,SA112,2768.0,SA201,2619.0,2112,2201,-698.6700000000001,-847.6700000000001,-0.20153922928920265,-0.24451995719234887
2021-12-01,FG,1982.4,FG112,1837.0,FG201,1913.0,2112,2201,-145.4000000000001,-69.40000000000009,-0.07334543987086362,-0.03500807102502024
2021-12-01,SA,3466.67,SA112,2737.0,SA205,2588.0,2112,2205,-729.6700000000001,-878.6700000000001,-0.21048152838314582,-0.25346225628629204
2021-12-02,FG,2006.3999999999999,FG112,1941.0,FG201,1932.0,2112,2201,-65.39999999999986,-74.39999999999986,-0.03259569377990423,-0.037081339712918604
2021-12-02,SA,3333.33,SA112,2725.0,SA205,2538.0,2112,2205,-608.3299999999999,-795.3299999999999,-0.1824991824991825,-0.2385992385992386
2021-12-03,FG,2034.4,FG112,1938.0,FG201,1939.0,2112,2201,-96.40000000000009,-95.40000000000009,-0.04738497837200162,-0.04689343295320492
2021-12-03,SA,3266.67,SA112,2670.0,SA205,2523.0,2112,2205,-596.6700000000001,-743.6700000000001,-0.1826538952511273,-0.22765384933280686
2021-12-06,FG,2046.3999999999999,FG112,1946.0,FG201,1923.0,2112,2201,-100.39999999999986,-123.39999999999986,-0.049061767005472934,-0.06030101641907737
2021-12-06,SA,3266.67,SA112,2731.0,SA205,2561.0,2112,2205,-535.6700000000001,-705.6700000000001,-0.16398044491791341,-0.2160212081416244
2021-12-07,FG,2070.4,FG112,1893.0,FG201,1873.0,2112,2201,-177.4000000000001,-197.4000000000001,-0.08568392581143747,-0.09534389489953632
2021-12-07,SA,3266.67,SA112,2730.0,SA205,2552.0,2112,2205,-536.6700000000001,-714.6700000000001,-0.16428656705452338,-0.21877630737111498
2021-12-08,FG,2094.4,FG112,1829.0,FG201,1811.0,2112,2201,-265.4000000000001,-283.4000000000001,-0.12671886936592824,-0.13531321619556913
2021-12-08,SA,3183.33,SA112,2456.0,SA205,2378.0,2112,2205,-727.3299999999999,-805.3299999999999,-0.22848086751923302,-0.2529835109774984
2021-12-09,FG,2094.4,FG112,1950.0,FG205,1821.0,2112,2205,-144.4000000000001,-273.4000000000001,-0.06894576012223075,-0.13053857906799082
2021-12-09,SA,3150.0,SA112,2615.0,SA205,2238.0,2112,2205,-535.0,-912.0,-0.1698412698412698,-0.2895238095238095
2021-12-10,FG,2087.2,FG112,1880.0,FG205,1779.0,2112,2205,-207.19999999999982,-308.1999999999998,-0.0992717516289765,-0.14766193944039852
2021-12-10,SA,3150.0,SA112,2533.0,SA205,2258.0,2112,2205,-617.0,-892.0,-0.19587301587301587,-0.2831746031746032
2021-12-13,FG,2087.2,FG112,1939.0,FG205,1829.0,2112,2205,-148.19999999999982,-258.1999999999998,-0.07100421617477948,-0.1237064009198926
2021-12-13,SA,3100.0,SA112,2500.0,SA205,2288.0,2112,2205,-600.0,-812.0,-0.19354838709677424,-0.26193548387096777
2021-12-14,FG,2058.4,FG112,1920.0,FG205,1837.0,2112,2205,-138.4000000000001,-221.4000000000001,-0.0672366886902449,-0.10755926933540616
2021-12-14,SA,3083.33,SA112,2486.0,SA205,2304.0,2112,2205,-597.3299999999999,-779.3299999999999,-0.19372885808525198,-0.25275594892535014
2021-12-15,FG,2058.4,FG201,1769.0,FG205,1783.0,2201,2205,-289.4000000000001,-275.4000000000001,-0.14059463661096006,-0.13379323746599303
2021-12-15,SA,3083.33,SA201,2375.0,SA205,2223.0,2201,2205,-708.3299999999999,-860.3299999999999,-0.22972889700421295,-0.2790262475959433
2021-12-16,FG,2058.4,FG201,1796.0,FG205,1808.0,2201,2205,-262.4000000000001,-250.4000000000001,-0.12747765254566656,-0.12164788184998065
2021-12-16,SA,3083.33,SA201,2468.0,SA205,2327.0,2201,2205,-615.3299999999999,-756.3299999999999,-0.19956670223427264,-0.24529648140160154
2021-12-17,FG,2058.4,FG201,1808.0,FG205,1825.0,2201,2205,-250.4000000000001,-233.4000000000001,-0.12164788184998065,-0.11338904003109218
2021-12-17,SA,3083.33,SA201,2473.0,SA205,2374.0,2201,2205,-610.3299999999999,-709.3299999999999,-0.1979450788595447,-0.23005322167915854
2021-12-20,FG,2058.4,FG201,1786.0,FG205,1781.0,2201,2205,-272.4000000000001,-277.4000000000001,-0.13233579479207158,-0.13476486591527403
2021-12-20,SA,3083.33,SA201,2436.0,SA205,2285.0,2201,2205,-647.3299999999999,-798.3299999999999,-0.20994509183253174,-0.2589181177493165
2021-12-21,FG,2055.2000000000003,FG201,1814.0,FG205,1827.0,2201,2205,-241.20000000000027,-228.20000000000027,-0.11736084079408338,-0.11103542234332442
2021-12-21,SA,3083.33,SA201,2492.0,SA205,2335.0,2201,2205,-591.3299999999999,-748.3299999999999,-0.19178291003557835,-0.24270188400203674
2021-12-22,FG,2053.6000000000004,FG201,1809.0,FG205,1796.0,2201,2205,-244.60000000000036,-257.60000000000036,-0.11910790806388794,-0.12543825477210768
2021-12-22,SA,3083.33,SA201,2507.0,SA205,2329.0,2201,2205,-576.3299999999999,-754.3299999999999,-0.18691803991139444,-0.24464783205171026
2021-12-23,FG,2053.6000000000004,FG201,1816.0,FG205,1803.0,2201,2205,-237.60000000000036,-250.60000000000036,-0.11569925983638507,-0.12202960654460471
2021-12-23,SA,3000.0,SA201,2481.0,SA205,2318.0,2201,2205,-519.0,-682.0,-0.17300000000000004,-0.2273333333333334
2021-12-24,FG,2021.6,FG201,1805.0,FG205,1751.0,2201,2205,-216.5999999999999,-270.5999999999999,-0.1071428571428571,-0.13385437277404033
2021-12-24,SA,3000.0,SA201,2449.0,SA205,2293.0,2201,2205,-551.0,-707.0,-0.18366666666666664,-0.2356666666666667
2021-12-27,FG,2021.6,FG201,1809.0,FG205,1777.0,2201,2205,-212.5999999999999,-244.5999999999999,-0.10516422635536204,-0.12099327265532245
2021-12-27,SA,3000.0,SA201,2431.0,SA205,2285.0,2201,2205,-569.0,-715.0,-0.18966666666666665,-0.23833333333333329
2021-12-28,FG,2023.1999999999998,FG201,1786.0,FG205,1747.0,2201,2205,-237.19999999999982,-276.1999999999998,-0.11724001581652821,-0.1365164096480822
2021-12-28,SA,3000.0,SA201,2414.0,SA205,2285.0,2201,2205,-586.0,-715.0,-0.19533333333333336,-0.23833333333333329
2021-12-29,FG,1995.2,FG201,1761.0,FG205,1759.0,2201,2205,-234.20000000000005,-236.20000000000005,-0.11738171611868486,-0.1183841218925421
2021-12-29,SA,3000.0,SA201,2412.0,SA205,2286.0,2201,2205,-588.0,-714.0,-0.19599999999999995,-0.238
2021-12-30,FG,1995.2,FG201,1727.0,FG205,1735.0,2201,2205,-268.20000000000005,-260.20000000000005,-0.13442261427425828,-0.1304129911788292
2021-12-30,SA,2933.33,SA201,2350.0,SA205,2244.0,2201,2205,-583.3299999999999,-689.3299999999999,-0.19886272598037036,-0.23499913068083034
2021-12-31,FG,1989.6000000000001,FG201,1630.0,FG205,1705.0,2201,2205,-359.60000000000014,-284.60000000000014,-0.18073984720546854,-0.1430438279051066
2021-12-31,SA,2933.33,SA201,2160.0,SA205,2183.0,2201,2205,-773.3299999999999,-750.3299999999999,-0.2636355268585532,-0.25579460885751004
2022-01-04,FG,1936.0,FG201,1670.0,FG205,1703.0,2201,2205,-266.0,-233.0,-0.137396694214876,-0.12035123966942152
2022-01-04,SA,2933.33,SA201,2200.0,SA205,2221.0,2201,2205,-733.3299999999999,-712.3299999999999,-0.24999914772630416,-0.24284004868187348
2022-01-05,FG,1916.8000000000002,FG201,1700.0,FG205,1733.0,2201,2205,-216.80000000000018,-183.80000000000018,-0.11310517529215369,-0.09588898163606019
2022-01-05,SA,2766.67,SA201,2225.0,SA205,2250.0,2201,2205,-541.6700000000001,-516.6700000000001,-0.19578410146493797,-0.18674796777353286
2022-01-06,FG,1890.3999999999999,FG201,1670.0,FG205,1806.0,2201,2205,-220.39999999999986,-84.39999999999986,-0.1165890816758357,-0.04464663563267024
2022-01-06,SA,2650.0,SA201,2271.0,SA205,2312.0,2201,2205,-379.0,-338.0,-0.14301886792452834,-0.12754716981132075
2022-01-07,FG,1866.3999999999999,FG201,1819.0,FG205,1854.0,2201,2205,-47.399999999999864,-12.399999999999864,-0.02539648521217308,-0.006643806258036844
2022-01-07,SA,2650.0,SA201,2236.0,SA205,2337.0,2201,2205,-414.0,-313.0,-0.15622641509433965,-0.11811320754716981
2022-01-10,FG,1866.3999999999999,FG201,1737.0,FG205,1894.0,2201,2205,-129.39999999999986,27.600000000000136,-0.0693313330475781,0.014787826832404649
2022-01-10,SA,2650.0,SA201,2261.0,SA205,2413.0,2201,2205,-389.0,-237.0,-0.1467924528301887,-0.0894339622641509
2022-01-11,FG,1882.4,FG201,1775.0,FG205,1923.0,2201,2205,-107.40000000000009,40.59999999999991,-0.05705482362940928,0.021568210794730147
2022-01-11,SA,2533.33,SA201,2306.0,SA205,2470.0,2201,2205,-227.32999999999993,-63.32999999999993,-0.08973564438900572,-0.024998717103575152
2022-01-12,FG,1882.4,FG201,1700.0,FG205,1964.0,2201,2205,-182.4000000000001,81.59999999999991,-0.09689757756056105,0.04334891627709303
2022-01-12,SA,2533.33,SA201,2298.0,SA205,2486.0,2201,2205,-235.32999999999993,-47.32999999999993,-0.09289354328097799,-0.01868291931963062
2022-01-13,FG,1857.6,FG201,1850.0,FG205,1942.0,2201,2205,-7.599999999999909,84.40000000000009,-0.004091300602928505,0.045434969853574536
2022-01-13,SA,2533.33,SA201,2296.0,SA205,2461.0,2201,2205,-237.32999999999993,-72.32999999999993,-0.09368301800397105,-0.02855135335704384
2022-01-14,FG,1857.6,FG201,1891.0,FG205,2068.0,2201,2205,33.40000000000009,210.4000000000001,0.017980189491817455,0.11326442721791574
2022-01-14,SA,2533.33,SA201,2400.0,SA205,2593.0,2201,2205,-133.32999999999993,59.67000000000007,-0.05263033240833204,0.023553978360497885
2022-01-17,FG,1876.8000000000002,FG201,1754.0,FG205,2068.0,2201,2205,-122.80000000000018,191.19999999999982,-0.06543052003410066,0.10187553282182438
2022-01-17,SA,2533.33,SA201,2370.0,SA205,2553.0,2201,2205,-163.32999999999993,19.670000000000073,-0.06447245325322792,0.007764483900636776
2022-01-18,FG,1924.8,FG202,2053.0,FG205,2085.0,2202,2205,128.20000000000005,160.20000000000005,0.06660432252701587,0.08322942643391529
2022-01-18,SA,2533.33,SA202,2453.0,SA205,2558.0,2202,2205,-80.32999999999993,24.670000000000073,-0.03170925224901611,0.009738170708119442
2022-01-19,FG,1929.6000000000001,FG202,2098.0,FG205,2131.0,2202,2205,168.39999999999986,201.39999999999986,0.08727197346600324,0.10437396351575456
2022-01-19,SA,2533.33,SA202,2482.0,SA205,2596.0,2202,2205,-51.32999999999993,62.67000000000007,-0.020261868765616753,0.024738190444987485
2022-01-20,FG,1954.4,FG202,2098.0,FG205,2126.0,2202,2205,143.5999999999999,171.5999999999999,0.07347523536635281,0.0878018829308227
2022-01-20,SA,2533.33,SA202,2465.0,SA205,2574.0,2202,2205,-68.32999999999993,40.67000000000007,-0.026972403911057707,0.016053968492063753
2022-01-21,FG,1993.6000000000001,FG202,2141.0,FG205,2190.0,2202,2205,147.39999999999986,196.39999999999986,0.0739365971107544,0.09851524879614759
2022-01-21,SA,2533.33,SA202,2591.0,SA205,2712.0,2202,2205,57.67000000000007,178.67000000000007,0.022764503637504818,0.07052772437858468
2022-01-24,FG,2044.8,FG202,2104.0,FG205,2135.0,2202,2205,59.200000000000045,90.20000000000005,0.028951486697965656,0.04411189358372458
2022-01-24,SA,2533.33,SA202,2565.0,SA205,2685.0,2202,2205,31.670000000000073,151.67000000000007,0.012501332238595175,0.0598698156181785
2022-01-25,FG,2044.8,FG202,2094.0,FG205,2119.0,2202,2205,49.200000000000045,74.20000000000005,0.02406103286384975,0.0362871674491394
2022-01-25,SA,2533.33,SA202,2584.0,SA205,2700.0,2202,2205,50.67000000000007,166.67000000000007,0.020001342107029085,0.0657908760406265
2022-01-26,FG,2068.8,FG202,2111.0,FG205,2135.0,2202,2205,42.19999999999982,66.19999999999982,0.020398298530549086,0.03199922660479504
2022-01-26,SA,2533.33,SA202,2656.0,SA205,2768.0,2202,2205,122.67000000000007,234.67000000000007,0.04842243213477926,0.09263301662239032
2022-01-27,FG,2068.8,FG202,2192.0,FG205,2218.0,2202,2205,123.19999999999982,149.19999999999982,0.05955143078112912,0.0721191028615622
2022-01-27,SA,2533.33,SA202,2737.0,SA205,2849.0,2202,2205,203.67000000000007,315.6700000000001,0.08039615841599801,0.12460674290360907
2022-02-07,FG,2068.8,FG202,2288.0,FG205,2343.0,2202,2205,219.19999999999982,274.1999999999998,0.10595514307811271,0.13254060324825967
2022-02-07,SA,2700.0,SA202,2891.0,SA205,2968.0,2202,2205,191.0,268.0,0.07074074074074077,0.09925925925925916
2022-02-08,FG,2068.8,FG202,2293.0,FG205,2324.0,2202,2205,224.19999999999982,255.19999999999982,0.10837200309358064,0.12335653518948164
2022-02-08,SA,2700.0,SA202,2845.0,SA205,2987.0,2202,2205,145.0,287.0,0.05370370370370381,0.10629629629629633
2022-02-09,FG,2068.8,FG202,2216.0,FG205,2274.0,2202,2205,147.19999999999982,205.19999999999982,0.07115235885537508,0.09918793503480261
2022-02-09,SA,2700.0,SA202,2830.0,SA205,2957.0,2202,2205,130.0,257.0,0.04814814814814805,0.09518518518518526
2022-02-10,FG,2120.8,FG202,2388.0,FG205,2359.0,2202,2205,267.1999999999998,238.19999999999982,0.1259901923802338,0.112316107129385
2022-02-10,SA,2700.0,SA202,2983.0,SA205,3125.0,2202,2205,283.0,425.0,0.10481481481481492,0.15740740740740744
2022-02-11,FG,2135.2000000000003,FG202,2200.0,FG205,2169.0,2202,2205,64.79999999999973,33.79999999999973,0.030348445110528255,0.015829898838516154
2022-02-11,SA,2700.0,SA202,2888.0,SA205,2973.0,2202,2205,188.0,273.0,0.06962962962962971,0.10111111111111115
2022-02-14,FG,2235.2000000000003,FG202,2344.0,FG205,2243.0,2202,2205,108.79999999999973,7.799999999999727,0.048675733715103586,0.0034896206156047604
2022-02-14,SA,2710.0,SA202,2794.0,SA205,2954.0,2202,2205,84.0,244.0,0.030996309963099655,0.09003690036900358
2022-02-15,FG,2268.8,FG202,2234.0,FG205,2178.0,2202,2205,-34.80000000000018,-90.80000000000018,-0.01533850493653044,-0.04002115655853322
2022-02-15,SA,2710.0,SA202,2750.0,SA205,2867.0,2202,2205,40.0,157.0,0.014760147601476037,0.05793357933579335
2022-02-16,FG,2323.2,FG202,2270.0,FG205,2182.0,2202,2205,-53.19999999999982,-141.19999999999982,-0.022899449035812647,-0.06077823691460049
2022-02-16,SA,2720.0,SA202,2766.0,SA205,2912.0,2202,2205,46.0,192.0,0.016911764705882293,0.07058823529411762
2022-02-17,FG,2304.0,FG202,2170.0,FG205,2075.0,2202,2205,-134.0,-229.0,-0.05815972222222221,-0.09939236111111116
2022-02-17,SA,2720.0,SA202,2720.0,SA205,2756.0,2202,2205,0.0,36.0,0.0,0.013235294117647012
2022-02-18,FG,2304.0,FG202,2153.0,FG205,2053.0,2202,2205,-151.0,-251.0,-0.06553819444444442,-0.10894097222222221
2022-02-18,SA,2720.0,SA202,2744.0,SA205,2803.0,2202,2205,24.0,83.0,0.008823529411764675,0.030514705882352944
2022-02-21,FG,2267.2,FG203,2095.0,FG205,2053.0,2203,2205,-172.19999999999982,-214.19999999999982,-0.07595271700776285,-0.09447776993648549
2022-02-21,SA,2810.0,SA203,2832.0,SA205,2912.0,2203,2205,22.0,102.0,0.00782918149466183,0.036298932384341676
2022-02-22,FG,2267.2,FG203,2096.0,FG205,2005.0,2203,2205,-171.19999999999982,-262.1999999999998,-0.07551164431898372,-0.11564925899788281
2022-02-22,SA,2810.0,SA203,2789.0,SA205,2854.0,2203,2205,-21.0,44.0,-0.007473309608540979,0.015658362989323882
2022-02-23,FG,2243.2,FG203,2061.0,FG205,2023.0,2203,2205,-182.19999999999982,-220.19999999999982,-0.08122325249643358,-0.09816333808844502
2022-02-23,SA,2810.0,SA203,2815.0,SA205,2876.0,2203,2205,5.0,66.0,0.001779359430605032,0.02348754448398571
2022-02-24,FG,2238.4,FG203,2069.0,FG205,1970.0,2203,2205,-169.4000000000001,-268.4000000000001,-0.07567905646890638,-0.11990707648320231
2022-02-24,SA,2810.0,SA203,2735.0,SA205,2787.0,2203,2205,-75.0,-23.0,-0.026690391459074703,-0.008185053380782903
2022-02-25,FG,2238.4,FG203,2092.0,FG205,1891.0,2203,2205,-146.4000000000001,-347.4000000000001,-0.06540385989992858,-0.15520014295925666
2022-02-25,SA,2810.0,SA203,2590.0,SA205,2605.0,2203,2205,-220.0,-205.0,-0.07829181494661919,-0.07295373665480431
2022-02-28,FG,2231.2,FG203,2138.0,FG205,1897.0,2203,2205,-93.19999999999982,-334.1999999999998,-0.041771244173538835,-0.1497848691287199
2022-02-28,SA,2875.0,SA203,2641.0,SA205,2593.0,2203,2205,-234.0,-282.0,-0.08139130434782604,-0.09808695652173915
2022-03-01,FG,2228.0,FG203,2050.0,FG205,1933.0,2203,2205,-178.0,-295.0,-0.07989228007181326,-0.13240574506283664
2022-03-01,SA,2875.0,SA203,2585.0,SA205,2605.0,2203,2205,-290.0,-270.0,-0.10086956521739132,-0.0939130434782609
2022-03-02,FG,2231.2,FG203,2110.0,FG205,1925.0,2203,2205,-121.19999999999982,-306.1999999999998,-0.054320544998207154,-0.1372355683040516
2022-03-02,SA,2875.0,SA203,2669.0,SA205,2669.0,2203,2205,-206.0,-206.0,-0.07165217391304346,-0.07165217391304346
2022-03-03,FG,2203.2,FG203,2123.0,FG205,1910.0,2203,2205,-80.19999999999982,-293.1999999999998,-0.0364015976761074,-0.1330791575889615
2022-03-03,SA,2875.0,SA203,2730.0,SA205,2736.0,2203,2205,-145.0,-139.0,-0.050434782608695605,-0.048347826086956536
2022-03-04,FG,2199.2,FG203,2130.0,FG205,1936.0,2203,2205,-69.19999999999982,-263.1999999999998,-0.03146598763186603,-0.11967988359403414
2022-03-04,SA,2875.0,SA203,2698.0,SA205,2708.0,2203,2205,-177.0,-167.0,-0.06156521739130438,-0.05808695652173912
2022-03-07,FG,2188.8,FG203,2143.0,FG205,1972.0,2203,2205,-45.80000000000018,-216.80000000000018,-0.02092470760233922,-0.09904970760233922
2022-03-07,SA,2875.0,SA203,2795.0,SA205,2749.0,2203,2205,-80.0,-126.0,-0.02782608695652178,-0.04382608695652179
2022-03-08,FG,2188.8,FG203,2134.0,FG205,1937.0,2203,2205,-54.80000000000018,-251.80000000000018,-0.025036549707602385,-0.11504020467836262
2022-03-08,SA,2850.0,SA203,2657.0,SA205,2652.0,2203,2205,-193.0,-198.0,-0.06771929824561407,-0.06947368421052635
2022-03-09,FG,2171.2,FG203,2122.0,FG205,1878.0,2203,2205,-49.19999999999982,-293.1999999999998,-0.02266028002947673,-0.13504053058216647
2022-03-09,SA,2850.0,SA203,2510.0,SA205,2505.0,2203,2205,-340.0,-345.0,-0.11929824561403513,-0.12105263157894741
2022-03-10,FG,2171.2,FG203,2129.0,FG205,2005.0,2203,2205,-42.19999999999982,-166.19999999999982,-0.01943625644804703,-0.07654753131908609
2022-03-10,SA,2850.0,SA203,2630.0,SA205,2642.0,2203,2205,-220.0,-208.0,-0.07719298245614037,-0.07298245614035093
2022-03-11,FG,2115.2000000000003,FG203,2090.0,FG205,2004.0,2203,2205,-25.200000000000273,-111.20000000000027,-0.011913767019667287,-0.052571860816944094
2022-03-11,SA,2850.0,SA203,2763.0,SA205,2573.0,2203,2205,-87.0,-277.0,-0.030526315789473735,-0.09719298245614039
2022-03-14,FG,2092.0,FG203,1950.0,FG209,1951.0,2203,2209,-142.0,-141.0,-0.06787762906309747,-0.06739961759082214
2022-03-14,SA,2850.0,SA203,2580.0,SA205,2450.0,2203,2205,-270.0,-400.0,-0.09473684210526312,-0.14035087719298245
2022-03-15,FG,2092.0,FG204,1953.0,FG209,1911.0,2204,2209,-139.0,-181.0,-0.06644359464627148,-0.08652007648183557
2022-03-15,SA,2850.0,SA204,2484.0,SA205,2449.0,2204,2205,-366.0,-401.0,-0.128421052631579,-0.14070175438596488
2022-03-16,FG,2098.4,FG204,2014.0,FG209,1969.0,2204,2209,-84.40000000000009,-129.4000000000001,-0.040221120853983994,-0.061666031261913834
2022-03-16,SA,2850.0,SA204,2484.0,SA205,2453.0,2204,2205,-366.0,-397.0,-0.128421052631579,-0.13929824561403503
2022-03-17,FG,2098.4,FG204,1983.0,FG209,1970.0,2204,2209,-115.40000000000009,-128.4000000000001,-0.05499428135722462,-0.061189477697293215
2022-03-17,SA,2850.0,SA204,2509.0,SA205,2457.0,2204,2205,-341.0,-393.0,-0.11964912280701756,-0.1378947368421053
2022-03-18,FG,2035.2,FG204,2000.0,FG209,1977.0,2204,2209,-35.200000000000045,-58.200000000000045,-0.01729559748427678,-0.02859669811320753
2022-03-18,SA,2850.0,SA204,2542.0,SA205,2526.0,2204,2205,-308.0,-324.0,-0.10807017543859654,-0.11368421052631583
2022-03-21,FG,1978.4,FG204,1942.0,FG209,1924.0,2204,2209,-36.40000000000009,-54.40000000000009,-0.018398706025070766,-0.027496967246259607
2022-03-21,SA,2833.33,SA204,2508.0,SA205,2451.0,2204,2205,-325.3299999999999,-382.3299999999999,-0.11482248802645645,-0.13494015875312793
2022-03-22,FG,1976.8000000000002,FG204,1936.0,FG209,1927.0,2204,2209,-40.80000000000018,-49.80000000000018,-0.02063941723998386,-0.025192229866450866
2022-03-22,SA,2833.33,SA204,2528.0,SA205,2481.0,2204,2205,-305.3299999999999,-352.3299999999999,-0.1077636561925367,-0.12435191100224818
2022-03-23,FG,1976.8000000000002,FG204,1964.0,FG209,1962.0,2204,2209,-12.800000000000182,-14.800000000000182,-0.006475111290975444,-0.0074868474301903465
2022-03-23,SA,2833.33,SA204,2583.0,SA205,2559.0,2204,2205,-250.32999999999993,-274.3299999999999,-0.08835186864925726,-0.09682246684996099
2022-03-24,FG,1962.4,FG204,1913.0,FG209,1975.0,2204,2209,-49.40000000000009,12.599999999999909,-0.025173257236037583,0.006420709335507535
2022-03-24,SA,2833.33,SA204,2620.0,SA205,2611.0,2204,2205,-213.32999999999993,-222.32999999999993,-0.07529302975650554,-0.07846950408176945
2022-03-25,FG,1962.4,FG204,1983.0,FG209,2085.0,2204,2209,20.59999999999991,122.59999999999991,0.010497350183448884,0.06247452099470041
2022-03-25,SA,2833.33,SA204,2758.0,SA209,2905.0,2204,2209,-75.32999999999993,71.67000000000007,-0.026587090102458966,0.025295323876851628
2022-03-28,FG,1949.6000000000001,FG204,1965.0,FG209,2056.0,2204,2209,15.399999999999864,106.39999999999986,0.00789905621665965,0.05457529749692247
2022-03-28,SA,2833.33,SA204,2762.0,SA209,2907.0,2204,2209,-71.32999999999993,73.67000000000007,-0.025175323735674993,0.02600120706024356
2022-03-29,FG,1936.0,FG204,1964.0,FG209,2069.0,2204,2209,28.0,133.0,0.01446280991735538,0.06869834710743805
2022-03-29,SA,2833.33,SA204,2847.0,SA209,2970.0,2204,2209,13.670000000000073,136.67000000000007,0.004824711558484296,0.04823652733709105
2022-03-30,FG,1936.0,FG204,2005.0,FG209,2125.0,2204,2209,69.0,189.0,0.03564049586776852,0.09762396694214881
2022-03-30,SA,2833.33,SA204,2872.0,SA209,3025.0,2204,2209,38.67000000000007,191.67000000000007,0.013648251350883989,0.06764831488037037
2022-03-31,FG,1937.6,FG204,1983.0,FG209,2111.0,2204,2209,45.40000000000009,173.4000000000001,0.023431048720066183,0.08949215524360032
2022-03-31,SA,2833.33,SA204,2844.0,SA209,3014.0,2204,2209,10.670000000000073,180.67000000000007,0.0037658867833962884,0.06376595737171464
2022-04-01,FG,1932.8,FG204,1990.0,FG209,2120.0,2204,2209,57.200000000000045,187.20000000000005,0.0295943708609272,0.09685430463576172
2022-04-01,SA,2833.33,SA204,2879.0,SA209,3040.0,2204,2209,45.67000000000007,206.67000000000007,0.016118842492755858,0.07294243875581041
2022-04-06,FG,1947.2,FG204,1890.0,FG209,2039.0,2204,2209,-57.200000000000045,91.79999999999995,-0.029375513557929334,0.04714461791290048
2022-04-06,SA,2850.0,SA204,2840.0,SA209,2941.0,2204,2209,-10.0,91.0,-0.0035087719298245723,0.031929824561403475
2022-04-07,FG,1947.2,FG204,1881.0,FG209,2014.0,2204,2209,-66.20000000000005,66.79999999999995,-0.03399753492193924,0.03430566967953985
2022-04-07,SA,2850.0,SA204,2755.0,SA209,2916.0,2204,2209,-95.0,66.0,-0.033333333333333326,0.023157894736842044
2022-04-08,FG,1947.2,FG204,1896.0,FG209,2040.0,2204,2209,-51.200000000000045,92.79999999999995,-0.0262941659819228,0.04765817584223497
2022-04-08,SA,2850.0,SA204,2770.0,SA209,2944.0,2204,2209,-80.0,94.0,-0.028070175438596467,0.03298245614035089
2022-04-11,FG,1955.2,FG204,1890.0,FG209,2027.0,2204,2209,-65.20000000000005,71.79999999999995,-0.033346972176759415,0.03672258592471356
2022-04-11,SA,2850.0,SA204,2810.0,SA209,2947.0,2204,2209,-40.0,97.0,-0.01403508771929829,0.03403508771929831
2022-04-12,FG,1955.2,FG204,1914.0,FG209,2075.0,2204,2209,-41.200000000000045,119.79999999999995,-0.021072013093289765,0.06127250409165308
2022-04-12,SA,2850.0,SA204,2977.0,SA209,3099.0,2204,2209,127.0,249.0,0.044561403508772024,0.08736842105263154
2022-04-13,FG,1955.2,FG204,1880.0,FG209,2019.0,2204,2209,-75.20000000000005,63.799999999999955,-0.038461538461538436,0.03263093289689034
2022-04-13,SA,2850.0,SA204,2946.0,SA209,3081.0,2204,2209,96.0,231.0,0.03368421052631576,0.08105263157894727
2022-04-14,FG,1963.1999999999998,FG204,1893.0,FG209,2020.0,2204,2209,-70.19999999999982,56.80000000000018,-0.03575794621026884,0.02893235533822347
2022-04-14,SA,2850.0,SA204,3065.0,SA209,3138.0,2204,2209,215.0,288.0,0.07543859649122808,0.10105263157894728
2022-04-15,FG,1963.1999999999998,FG204,1873.0,FG209,1992.0,2204,2209,-90.19999999999982,28.800000000000182,-0.04594539527302355,0.014669926650366927
2022-04-15,SA,2866.67,SA204,3018.0,SA209,3135.0,2204,2209,151.32999999999993,268.3299999999999,0.05278947350061225,0.0936033795309541
2022-04-18,FG,1971.2,FG204,1892.0,FG209,2031.0,2204,2209,-79.20000000000005,59.799999999999955,-0.0401785714285714,0.030336850649350655
2022-04-18,SA,2866.67,SA204,3108.0,SA209,3244.0,2204,2209,241.32999999999993,377.3299999999999,0.08418478583164446,0.1316265911318708
2022-04-19,FG,1971.2,FG205,1944.0,FG209,2081.0,2205,2209,-27.200000000000045,109.79999999999995,-0.01379870129870131,0.05570211038961026
2022-04-19,SA,2866.67,SA205,3100.0,SA209,3213.0,2205,2209,233.32999999999993,346.3299999999999,0.08139409140221932,0.1208126502178486
2022-04-20,FG,1956.8000000000002,FG205,1940.0,FG209,2066.0,2205,2209,-16.800000000000182,109.19999999999982,-0.008585445625511112,0.05580539656582162
2022-04-20,SA,2866.67,SA205,2997.0,SA209,3107.0,2205,2209,130.32999999999993,240.32999999999993,0.045463900623371245,0.08383594902796632
2022-04-21,FG,1956.8000000000002,FG205,1937.0,FG209,2069.0,2205,2209,-19.800000000000182,112.19999999999982,-0.010118560915781005,0.0573385118560914
2022-04-21,SA,2866.67,SA205,3004.0,SA209,3110.0,2205,2209,137.32999999999993,243.32999999999993,0.04790575824911825,0.08488245943900052
2022-04-22,FG,1956.8000000000002,FG205,1904.0,FG209,2016.0,2205,2209,-52.80000000000018,59.19999999999982,-0.02698282910874905,0.030253475061324586
2022-04-22,SA,2866.67,SA205,2995.0,SA209,3106.0,2205,2209,128.32999999999993,239.32999999999993,0.04476622701601518,0.08348711222428817
2022-04-25,FG,1968.0,FG205,1880.0,FG209,1875.0,2205,2209,-88.0,-93.0,-0.04471544715447151,-0.047256097560975596
2022-04-25,SA,2866.67,SA205,2804.0,SA209,2893.0,2205,2209,-62.67000000000007,26.329999999999927,-0.021861602486508813,0.009184873040845254
2022-04-26,FG,1968.0,FG205,1853.0,FG209,1834.0,2205,2209,-115.0,-134.0,-0.05843495934959353,-0.06808943089430897
2022-04-26,SA,2866.67,SA205,2823.0,SA209,2884.0,2205,2209,-43.67000000000007,17.329999999999927,-0.015233703216624206,0.006045341807741966
2022-04-27,FG,1968.0,FG205,1832.0,FG209,1838.0,2205,2209,-136.0,-130.0,-0.06910569105691056,-0.06605691056910568
2022-04-27,SA,2866.67,SA205,2900.0,SA209,2966.0,2205,2209,33.32999999999993,99.32999999999993,0.011626730666592255,0.034649959709349254
2022-04-28,FG,1968.0,FG205,1857.0,FG209,1868.0,2205,2209,-111.0,-100.0,-0.05640243902439024,-0.05081300813008127
2022-04-28,SA,2866.67,SA205,2938.0,SA209,3012.0,2205,2209,71.32999999999993,145.32999999999993,0.02488252920636147,0.05069645267854339
2022-04-29,FG,1961.6,FG205,1783.0,FG209,1882.0,2205,2209,-178.5999999999999,-79.59999999999991,-0.09104812398042406,-0.04057911908645995
2022-04-29,SA,2883.33,SA205,2971.0,SA209,3004.0,2205,2209,87.67000000000007,120.67000000000007,0.030405815498052657,0.0418509154345843
2022-05-05,FG,1936.0,FG205,1800.0,FG209,1885.0,2205,2209,-136.0,-51.0,-0.07024793388429751,-0.026342975206611552
2022-05-05,SA,2900.0,SA205,2999.0,SA209,3061.0,2205,2209,99.0,161.0,0.034137931034482705,0.055517241379310356
2022-05-06,FG,1928.0,FG205,1814.0,FG209,1855.0,2205,2209,-114.0,-73.0,-0.0591286307053942,-0.037863070539419064
2022-05-06,SA,2900.0,SA205,2931.0,SA209,2982.0,2205,2209,31.0,82.0,0.010689655172413826,0.028275862068965596
2022-05-09,FG,1906.3999999999999,FG205,1779.0,FG209,1825.0,2205,2209,-127.39999999999986,-81.39999999999986,-0.06682752832563987,-0.04269827947964744
2022-05-09,SA,2900.0,SA205,2924.0,SA209,2928.0,2205,2209,24.0,28.0,0.008275862068965578,0.009655172413793212
2022-05-10,FG,1901.6,FG205,1763.0,FG209,1791.0,2205,2209,-138.5999999999999,-110.59999999999991,-0.07288599074463609,-0.05816154816996211
2022-05-10,SA,2900.0,SA205,2770.0,SA209,2778.0,2205,2209,-130.0,-122.0,-0.04482758620689653,-0.042068965517241375
2022-05-11,FG,1901.6,FG205,1763.0,FG209,1815.0,2205,2209,-138.5999999999999,-86.59999999999991,-0.07288599074463609,-0.04554059739167016
2022-05-11,SA,2950.0,SA205,2850.0,SA209,2855.0,2205,2209,-100.0,-95.0,-0.03389830508474578,-0.03220338983050852
2022-05-12,FG,1901.6,FG205,1731.0,FG209,1772.0,2205,2209,-170.5999999999999,-129.5999999999999,-0.08971392511569198,-0.06815313420277658
2022-05-12,SA,2950.0,SA205,2790.0,SA209,2781.0,2205,2209,-160.0,-169.0,-0.05423728813559325,-0.057288135593220324
2022-05-13,FG,1901.6,FG205,1702.0,FG209,1778.0,2205,2209,-199.5999999999999,-123.59999999999991,-0.10496424063946141,-0.06499789650820353
2022-05-13,SA,2950.0,SA205,2842.0,SA209,2807.0,2205,2209,-108.0,-143.0,-0.0366101694915254,-0.048474576271186454
2022-05-16,FG,1901.6,FG205,1702.0,FG209,1807.0,2205,2209,-199.5999999999999,-94.59999999999991,-0.10496424063946141,-0.0497475809844341
2022-05-16,SA,2950.0,SA205,2860.0,SA209,2874.0,2205,2209,-90.0,-76.0,-0.03050847457627115,-0.025762711864406818
2022-05-17,FG,1901.6,FG205,1794.0,FG209,1791.0,2205,2209,-107.59999999999991,-110.59999999999991,-0.05658392932267564,-0.05816154816996211
2022-05-17,SA,2950.0,SA205,2850.0,SA209,2851.0,2205,2209,-100.0,-99.0,-0.03389830508474578,-0.03355932203389833
2022-05-18,FG,1901.6,FG205,1760.0,FG209,1766.0,2205,2209,-141.5999999999999,-135.5999999999999,-0.07446360959192255,-0.07130837189734951
2022-05-18,SA,2950.0,SA205,2850.0,SA209,2818.0,2205,2209,-100.0,-132.0,-0.03389830508474578,-0.04474576271186437
2022-05-19,FG,1900.0,FG206,1866.0,FG209,1809.0,2206,2209,-34.0,-91.0,-0.017894736842105297,-0.04789473684210521
2022-05-19,SA,2983.33,SA206,2990.0,SA209,2947.0,2206,2209,6.670000000000073,-36.32999999999993,0.0022357566879962487,-0.01217766723761704
2022-05-20,FG,1888.0,FG206,1841.0,FG209,1816.0,2206,2209,-47.0,-72.0,-0.024894067796610186,-0.03813559322033899
2022-05-20,SA,2983.33,SA206,2985.0,SA209,2986.0,2206,2209,1.6700000000000728,2.6700000000000728,0.0005597771617622538,0.0008949730670091416
2022-05-23,FG,1884.8,FG206,1814.0,FG209,1771.0,2206,2209,-70.79999999999995,-113.79999999999995,-0.03756366723259763,-0.06037775891341257
2022-05-23,SA,3000.0,SA206,2924.0,SA209,2928.0,2206,2209,-76.0,-72.0,-0.02533333333333332,-0.02400000000000002
2022-05-24,FG,1884.8,FG206,1777.0,FG209,1751.0,2206,2209,-107.79999999999995,-133.79999999999995,-0.05719439728353137,-0.07098896434634971
2022-05-24,SA,3000.0,SA206,2898.0,SA209,2902.0,2206,2209,-102.0,-98.0,-0.03400000000000003,-0.03266666666666662
2022-05-25,FG,1868.0,FG206,1775.0,FG209,1776.0,2206,2209,-93.0,-92.0,-0.04978586723768741,-0.04925053533190582
2022-05-25,SA,3000.0,SA206,2961.0,SA209,2987.0,2206,2209,-39.0,-13.0,-0.013000000000000012,-0.0043333333333333
2022-05-26,FG,1868.0,FG206,1737.0,FG209,1761.0,2206,2209,-131.0,-107.0,-0.07012847965738755,-0.05728051391862954
2022-05-26,SA,3016.67,SA206,2970.0,SA209,2999.0,2206,2209,-46.67000000000007,-17.670000000000073,-0.015470701137346832,-0.005857452091213133
2022-05-27,FG,1865.6,FG206,1711.0,FG209,1748.0,2206,2209,-154.5999999999999,-117.59999999999991,-0.08286878216123494,-0.06303602058319036
2022-05-27,SA,3016.67,SA206,3002.0,SA209,3041.0,2206,2209,-14.670000000000073,24.329999999999927,-0.004862978051958011,0.008065184458359687
2022-05-30,FG,1822.4,FG206,1719.0,FG209,1762.0,2206,2209,-103.40000000000009,-60.40000000000009,-0.056738366988586475,-0.033143107989464515
2022-05-30,SA,3016.67,SA206,3055.0,SA209,3072.0,2206,2209,38.32999999999993,55.32999999999993,0.01270606330821722,0.018341416197330096
2022-05-31,FG,1822.4,FG206,1712.0,FG209,1775.0,2206,2209,-110.40000000000009,-47.40000000000009,-0.06057945566286216,-0.02600965759438112
2022-05-31,SA,3016.67,SA206,3084.0,SA209,3078.0,2206,2209,67.32999999999993,61.32999999999993,0.02231931235435103,0.020330364275840562
2022-06-01,FG,1822.4,FG206,1724.0,FG209,1780.0,2206,2209,-98.40000000000009,-42.40000000000009,-0.05399473222124673,-0.023266022827041266
2022-06-01,SA,3016.67,SA206,3074.0,SA209,3097.0,2206,2209,57.32999999999993,80.32999999999993,0.019004398890166918,0.02662869985779026
2022-06-02,FG,1814.4,FG206,1724.0,FG209,1780.0,2206,2209,-90.40000000000009,-34.40000000000009,-0.049823633156966585,-0.01895943562610236
2022-06-02,SA,3016.67,SA206,3101.0,SA209,3127.0,2206,2209,84.32999999999993,110.32999999999993,0.027954665243463905,0.03657344025034215
2022-06-06,FG,1773.6000000000001,FG206,1749.0,FG209,1799.0,2206,2209,-24.600000000000136,25.399999999999864,-0.013870094722598147,0.014321154713576867
2022-06-06,SA,3050.0,SA206,3001.0,SA209,3033.0,2206,2209,-49.0,-17.0,-0.01606557377049178,-0.005573770491803298
2022-06-07,FG,1773.6000000000001,FG206,1754.0,FG209,1830.0,2206,2209,-19.600000000000136,56.399999999999864,-0.01105096977898068,0.031799729364005325
2022-06-07,SA,3083.33,SA206,3040.0,SA209,3064.0,2206,2209,-43.32999999999993,-19.329999999999927,-0.014052988165392577,-0.006269195966698282
2022-06-08,FG,1773.6000000000001,FG206,1769.0,FG209,1842.0,2206,2209,-4.600000000000136,68.39999999999986,-0.002593594948128164,0.03856562922868734
2022-06-08,SA,3083.33,SA206,3058.0,SA209,3098.0,2206,2209,-25.329999999999927,14.670000000000073,-0.008215144016371911,0.004757842981451876
2022-06-09,FG,1769.6000000000001,FG206,1723.0,FG209,1784.0,2206,2209,-46.600000000000136,14.399999999999864,-0.02633363471971073,0.008137432188064952
2022-06-09,SA,3083.33,SA206,3030.0,SA209,3048.0,2206,2209,-53.32999999999993,-35.32999999999993,-0.01729623491484855,-0.011458390765827886
2022-06-10,FG,1769.6000000000001,FG206,1712.0,FG209,1764.0,2206,2209,-57.600000000000136,-5.600000000000136,-0.032549728752260476,-0.0031645569620254443
2022-06-10,SA,3116.67,SA206,3002.0,SA209,3010.0,2206,2209,-114.67000000000007,-106.67000000000007,-0.036792474018744414,-0.03422563184424399
2022-06-13,FG,1761.6,FG206,1725.0,FG209,1763.0,2206,2209,-36.59999999999991,1.400000000000091,-0.020776566757493176,0.0007947320617620601
2022-06-13,SA,3133.33,SA206,3019.0,SA209,3025.0,2206,2209,-114.32999999999993,-108.32999999999993,-0.03648833668971985,-0.03457344103557558
2022-06-14,FG,1753.6000000000001,FG206,1656.0,FG209,1687.0,2206,2209,-97.60000000000014,-66.60000000000014,-0.05565693430656937,-0.03797901459854025
2022-06-14,SA,3133.33,SA206,2920.0,SA209,2914.0,2206,2209,-213.32999999999993,-219.32999999999993,-0.06808411498310107,-0.06999901063724534
2022-06-15,FG,1753.6000000000001,FG206,1663.0,FG209,1689.0,2206,2209,-90.60000000000014,-64.60000000000014,-0.051665145985401506,-0.036838503649635146
2022-06-15,SA,3133.33,SA206,2912.0,SA209,2908.0,2206,2209,-221.32999999999993,-225.32999999999993,-0.07063730918862676,-0.0719139062913896
2022-06-16,FG,1753.6000000000001,FG207,1631.0,FG209,1687.0,2207,2209,-122.60000000000014,-66.60000000000014,-0.06991332116788329,-0.03797901459854025
2022-06-16,SA,3133.33,SA207,2918.0,SA209,2910.0,2207,2209,-215.32999999999993,-223.32999999999993,-0.0687224135344825,-0.07127560774000818
2022-06-17,FG,1753.6000000000001,FG207,1627.0,FG209,1702.0,2207,2209,-126.60000000000014,-51.600000000000136,-0.0721943430656935,-0.029425182481751855
2022-06-17,SA,3133.33,SA207,2913.0,SA209,2887.0,2207,2209,-220.32999999999993,-246.32999999999993,-0.0703181599129361,-0.0786160410808947
2022-06-20,FG,1753.6000000000001,FG207,1636.0,FG209,1713.0,2207,2209,-117.60000000000014,-40.600000000000136,-0.06706204379562053,-0.02315237226277378
2022-06-20,SA,3133.33,SA207,2885.0,SA209,2872.0,2207,2209,-248.32999999999993,-261.3299999999999,-0.07925433963227624,-0.08340328021625554
2022-06-21,FG,1685.6,FG207,1580.0,FG209,1653.0,2207,2209,-105.59999999999991,-32.59999999999991,-0.06264831514000946,-0.01934029425723771
2022-06-21,SA,3133.33,SA207,2787.0,SA209,2760.0,2207,2209,-346.3299999999999,-373.3299999999999,-0.11053096864996659,-0.11914799909361606
2022-06-22,FG,1685.6,FG207,1536.0,FG209,1622.0,2207,2209,-149.5999999999999,-63.59999999999991,-0.08875177978168003,-0.03773137161841478
2022-06-22,SA,3095.0,SA207,2718.0,SA209,2661.0,2207,2209,-377.0,-434.0,-0.12180936995153469,-0.14022617124394188
2022-06-23,FG,1684.0,FG207,1558.0,FG209,1657.0,2207,2209,-126.0,-27.0,-0.07482185273159148,-0.016033254156769594
2022-06-23,SA,3095.0,SA207,2803.0,SA209,2747.0,2207,2209,-292.0,-348.0,-0.09434571890145393,-0.11243941841680127
2022-06-24,FG,1664.8,FG207,1540.0,FG209,1643.0,2207,2209,-124.79999999999995,-21.799999999999955,-0.07496395963479097,-0.013094666025948998
2022-06-24,SA,3095.0,SA207,2772.0,SA209,2711.0,2207,2209,-323.0,-384.0,-0.10436187399030694,-0.1240710823909531
2022-06-27,FG,1658.4,FG207,1530.0,FG209,1645.0,2207,2209,-128.4000000000001,-13.400000000000091,-0.07742402315484809,-0.008080077182826884
2022-06-27,SA,3020.0,SA207,2825.0,SA209,2755.0,2207,2209,-195.0,-265.0,-0.06456953642384111,-0.08774834437086088
2022-06-28,FG,1654.4,FG207,1540.0,FG209,1656.0,2207,2209,-114.40000000000009,1.599999999999909,-0.06914893617021278,0.0009671179883945502
2022-06-28,SA,3020.0,SA207,2860.0,SA209,2843.0,2207,2209,-160.0,-177.0,-0.052980132450331174,-0.05860927152317885
2022-06-29,FG,1654.4,FG207,1551.0,FG209,1664.0,2207,2209,-103.40000000000009,9.599999999999909,-0.0625,0.005802707930367523
2022-06-29,SA,3020.0,SA207,2886.0,SA209,2873.0,2207,2209,-134.0,-147.0,-0.04437086092715237,-0.048675496688741715
2022-06-30,FG,1654.4,FG207,1520.0,FG209,1644.0,2207,2209,-134.4000000000001,-10.400000000000091,-0.0812379110251451,-0.006286266924564798
2022-06-30,SA,3020.0,SA207,2869.0,SA209,2862.0,2207,2209,-151.0,-158.0,-0.050000000000000044,-0.05231788079470201
2022-07-01,FG,1654.4,FG207,1488.0,FG209,1616.0,2207,2209,-166.4000000000001,-38.40000000000009,-0.10058027079303677,-0.023210831721470093
2022-07-01,SA,3020.0,SA207,2828.0,SA209,2744.0,2207,2209,-192.0,-276.0,-0.06357615894039736,-0.09139072847682117
2022-07-04,FG,1654.4,FG207,1480.0,FG209,1596.0,2207,2209,-174.4000000000001,-58.40000000000009,-0.10541586073500975,-0.035299806576402415
2022-07-04,SA,3020.0,SA207,2755.0,SA209,2712.0,2207,2209,-265.0,-308.0,-0.08774834437086088,-0.10198675496688747
2022-07-05,FG,1654.4,FG207,1450.0,FG209,1591.0,2207,2209,-204.4000000000001,-63.40000000000009,-0.12354932301740817,-0.03832205029013547
2022-07-05,SA,3020.0,SA207,2730.0,SA209,2674.0,2207,2209,-290.0,-346.0,-0.09602649006622521,-0.11456953642384105
2022-07-06,FG,1646.3999999999999,FG207,1490.0,FG209,1585.0,2207,2209,-156.39999999999986,-61.399999999999864,-0.09499514091350814,-0.037293488824100995
2022-07-06,SA,3020.0,SA207,2710.0,SA209,2656.0,2207,2209,-310.0,-364.0,-0.10264900662251653,-0.1205298013245033
2022-07-07,FG,1626.3999999999999,FG207,1492.0,FG209,1561.0,2207,2209,-134.39999999999986,-65.39999999999986,-0.08263649778652227,-0.04021151008362023
2022-07-07,SA,2995.0,SA207,2750.0,SA209,2671.0,2207,2209,-245.0,-324.0,-0.08180300500834725,-0.10818030050083471
2022-07-08,FG,1626.3999999999999,FG207,1492.0,FG209,1541.0,2207,2209,-134.39999999999986,-85.39999999999986,-0.08263649778652227,-0.052508607968519305
2022-07-08,SA,2995.0,SA207,2644.0,SA209,2555.0,2207,2209,-351.0,-440.0,-0.11719532554257095,-0.1469115191986644
2022-07-11,FG,1628.0,FG207,1490.0,FG209,1530.0,2207,2209,-138.0,-98.0,-0.08476658476658472,-0.06019656019656017
2022-07-11,SA,2995.0,SA207,2632.0,SA209,2552.0,2207,2209,-363.0,-443.0,-0.12120200333889819,-0.14791318864774627
2022-07-12,FG,1628.0,FG207,1508.0,FG209,1543.0,2207,2209,-120.0,-85.0,-0.07371007371007376,-0.05221130221130221
2022-07-12,SA,2995.0,SA207,2600.0,SA209,2446.0,2207,2209,-395.0,-549.0,-0.13188647746243742,-0.18330550918196997
2022-07-13,FG,1628.0,FG207,1390.0,FG209,1559.0,2207,2209,-238.0,-69.0,-0.14619164619164615,-0.042383292383292415
2022-07-13,SA,2995.0,SA207,2609.0,SA209,2481.0,2207,2209,-386.0,-514.0,-0.12888146911519194,-0.17161936560934887
2022-07-14,FG,1628.0,FG207,1390.0,FG209,1528.0,2207,2209,-238.0,-100.0,-0.14619164619164615,-0.061425061425061434
2022-07-14,SA,2982.5,SA207,2590.0,SA209,2435.0,2207,2209,-392.5,-547.5,-0.13160100586756074,-0.18357082984073758
2022-07-15,FG,1616.8000000000002,FG208,1527.0,FG209,1528.0,2208,2209,-89.80000000000018,-88.80000000000018,-0.055541810984661155,-0.05492330529440881
2022-07-15,SA,2982.5,SA208,2601.0,SA209,2452.0,2208,2209,-381.5,-530.5,-0.12791282481139987,-0.1778709136630343
2022-07-18,FG,1609.6000000000001,FG208,1547.0,FG209,1547.0,2208,2209,-62.600000000000136,-62.600000000000136,-0.03889165009940365,-0.03889165009940365
2022-07-18,SA,2975.0,SA208,2667.0,SA209,2574.0,2208,2209,-308.0,-401.0,-0.10352941176470587,-0.13478991596638656
2022-07-19,FG,1609.6000000000001,FG208,1496.0,FG209,1493.0,2208,2209,-113.60000000000014,-116.60000000000014,-0.07057654075546727,-0.07244035785288283
2022-07-19,SA,2920.0,SA208,2583.0,SA209,2448.0,2208,2209,-337.0,-472.0,-0.11541095890410957,-0.16164383561643836
2022-07-20,FG,1609.6000000000001,FG208,1466.0,FG209,1473.0,2208,2209,-143.60000000000014,-136.60000000000014,-0.08921471172962236,-0.08486580516898612
2022-07-20,SA,2920.0,SA208,2628.0,SA209,2507.0,2208,2209,-292.0,-413.0,-0.09999999999999998,-0.1414383561643836
2022-07-21,FG,1604.8,FG208,1452.0,FG209,1422.0,2208,2209,-152.79999999999995,-182.79999999999995,-0.09521435692921232,-0.11390827517447655
2022-07-21,SA,2920.0,SA208,2610.0,SA209,2476.0,2208,2209,-310.0,-444.0,-0.10616438356164382,-0.15205479452054793
2022-07-22,FG,1604.8,FG208,1447.0,FG209,1406.0,2208,2209,-157.79999999999995,-198.79999999999995,-0.09833000997008967,-0.12387836490528414
2022-07-22,SA,2930.0,SA208,2652.0,SA209,2541.0,2208,2209,-278.0,-389.0,-0.09488054607508534,-0.13276450511945392
2022-07-25,FG,1578.4,FG208,1476.0,FG209,1442.0,2208,2209,-102.40000000000009,-136.4000000000001,-0.06487582361885458,-0.08641662442980236
2022-07-25,SA,2930.0,SA208,2623.0,SA209,2530.0,2208,2209,-307.0,-400.0,-0.10477815699658699,-0.13651877133105805
2022-07-26,FG,1578.4,FG208,1483.0,FG209,1448.0,2208,2209,-95.40000000000009,-130.4000000000001,-0.06044095286365947,-0.08261530663963512
2022-07-26,SA,2930.0,SA208,2675.0,SA209,2580.0,2208,2209,-255.0,-350.0,-0.08703071672354945,-0.11945392491467577
2022-07-27,FG,1550.3999999999999,FG208,1498.0,FG209,1454.0,2208,2209,-52.399999999999864,-96.39999999999986,-0.033797729618162964,-0.06217750257997923
2022-07-27,SA,2930.0,SA208,2650.0,SA209,2573.0,2208,2209,-280.0,-357.0,-0.09556313993174059,-0.12184300341296928
2022-07-28,FG,1550.3999999999999,FG208,1528.0,FG209,1477.0,2208,2209,-22.399999999999864,-73.39999999999986,-0.014447884416924572,-0.04734262125902988
2022-07-28,SA,2900.0,SA208,2669.0,SA209,2613.0,2208,2209,-231.0,-287.0,-0.07965517241379305,-0.09896551724137936
2022-07-29,FG,1544.0,FG208,1574.0,FG209,1494.0,2208,2209,30.0,-50.0,0.01943005181347157,-0.032383419689119175
2022-07-29,SA,2900.0,SA208,2704.0,SA209,2624.0,2208,2209,-196.0,-276.0,-0.0675862068965517,-0.09517241379310348
2022-08-01,FG,1544.0,FG208,1540.0,FG209,1474.0,2208,2209,-4.0,-70.0,-0.002590673575129543,-0.04533678756476689
2022-08-01,SA,2900.0,SA208,2649.0,SA209,2592.0,2208,2209,-251.0,-308.0,-0.086551724137931,-0.1062068965517241
2022-08-02,FG,1544.0,FG208,1548.0,FG209,1523.0,2208,2209,4.0,-21.0,0.002590673575129543,-0.0136010362694301
2022-08-02,SA,2920.0,SA208,2679.0,SA209,2635.0,2208,2209,-241.0,-285.0,-0.08253424657534247,-0.0976027397260274
2022-08-03,FG,1548.0,FG208,1548.0,FG209,1538.0,2208,2209,0.0,-10.0,0.0,-0.006459948320413411
2022-08-03,SA,2920.0,SA208,2644.0,SA301,2392.0,2208,2301,-276.0,-528.0,-0.09452054794520548,-0.1808219178082192
2022-08-04,FG,1556.0,FG208,1548.0,FG209,1550.0,2208,2209,-8.0,-6.0,-0.005141388174807249,-0.003856041131105381
2022-08-04,SA,2860.0,SA208,2612.0,SA301,2266.0,2208,2301,-248.0,-594.0,-0.08671328671328671,-0.20769230769230773
2022-08-05,FG,1560.0,FG208,1553.0,FG301,1570.0,2208,2301,-7.0,10.0,-0.004487179487179471,0.0064102564102563875
2022-08-05,SA,2854.0,SA208,2620.0,SA301,2264.0,2208,2301,-234.0,-590.0,-0.08199018920812895,-0.20672740014015412
2022-08-08,FG,1567.2,FG208,1555.0,FG301,1605.0,2208,2301,-12.200000000000045,37.799999999999955,-0.007784583971414016,0.024119448698315393
2022-08-08,SA,2850.0,SA208,2645.0,SA301,2390.0,2208,2301,-205.0,-460.0,-0.07192982456140351,-0.16140350877192977
2022-08-09,FG,1567.2,FG208,1577.0,FG301,1602.0,2208,2301,9.799999999999955,34.799999999999955,0.006253190403266995,0.022205206738131755
2022-08-09,SA,2850.0,SA208,2630.0,SA301,2380.0,2208,2301,-220.0,-470.0,-0.07719298245614037,-0.16491228070175434
2022-08-10,FG,1583.1999999999998,FG208,1546.0,FG301,1556.0,2208,2301,-37.19999999999982,-27.199999999999818,-0.023496715512885236,-0.017180394138453625
2022-08-10,SA,2850.0,SA208,2615.0,SA301,2331.0,2208,2301,-235.0,-519.0,-0.08245614035087723,-0.18210526315789477
2022-08-11,FG,1595.2,FG208,1530.0,FG301,1591.0,2208,2301,-65.20000000000005,-4.2000000000000455,-0.04087261785356067,-0.0026328986960882927
2022-08-11,SA,2840.0,SA208,2633.0,SA301,2385.0,2208,2301,-207.0,-455.0,-0.07288732394366193,-0.16021126760563376
2022-08-12,FG,1603.1999999999998,FG208,1552.0,FG301,1570.0,2208,2301,-51.19999999999982,-33.19999999999982,-0.03193612774451082,-0.02070858283433119
2022-08-12,SA,2840.0,SA208,2614.0,SA301,2374.0,2208,2301,-226.0,-466.0,-0.0795774647887324,-0.16408450704225352
2022-08-15,FG,1606.3999999999999,FG209,1595.0,FG301,1529.0,2209,2301,-11.399999999999864,-77.39999999999986,-0.007096613545816699,-0.048182270916334535
2022-08-15,SA,2840.0,SA209,2612.0,SA301,2349.0,2209,2301,-228.0,-491.0,-0.08028169014084507,-0.17288732394366202
2022-08-16,FG,1612.0,FG209,1591.0,FG301,1517.0,2209,2301,-21.0,-95.0,-0.013027295285359841,-0.05893300248138955
2022-08-16,SA,2840.0,SA209,2619.0,SA301,2343.0,2209,2301,-221.0,-497.0,-0.07781690140845066,-0.17500000000000004
2022-08-17,FG,1603.1999999999998,FG209,1563.0,FG301,1483.0,2209,2301,-40.19999999999982,-120.19999999999982,-0.02507485029940104,-0.07497504990019954
2022-08-17,SA,2840.0,SA209,2598.0,SA301,2283.0,2209,2301,-242.0,-557.0,-0.0852112676056338,-0.1961267605633803
2022-08-18,FG,1593.6000000000001,FG209,1560.0,FG301,1461.0,2209,2301,-33.600000000000136,-132.60000000000014,-0.02108433734939763,-0.0832078313253013
2022-08-18,SA,2840.0,SA209,2631.0,SA301,2304.0,2209,2301,-209.0,-536.0,-0.0735915492957746,-0.18873239436619715
2022-08-19,FG,1593.6000000000001,FG209,1546.0,FG301,1440.0,2209,2301,-47.600000000000136,-153.60000000000014,-0.029869477911646625,-0.09638554216867479
2022-08-19,SA,2840.0,SA209,2606.0,SA301,2238.0,2209,2301,-234.0,-602.0,-0.0823943661971831,-0.21197183098591554
2022-08-22,FG,1590.3999999999999,FG209,1571.0,FG301,1486.0,2209,2301,-19.399999999999864,-104.39999999999986,-0.012198189134808746,-0.06564386317907434
2022-08-22,SA,2840.0,SA209,2637.0,SA301,2358.0,2209,2301,-203.0,-482.0,-0.07147887323943658,-0.16971830985915493
2022-08-23,FG,1588.8,FG209,1577.0,FG301,1468.0,2209,2301,-11.799999999999955,-120.79999999999995,-0.0074269889224571894,-0.07603222557905331
2022-08-23,SA,2840.0,SA209,2660.0,SA301,2373.0,2209,2301,-180.0,-467.0,-0.06338028169014087,-0.1644366197183098
2022-08-24,FG,1601.6,FG209,1586.0,FG301,1473.0,2209,2301,-15.599999999999909,-128.5999999999999,-0.009740259740259716,-0.08029470529470528
2022-08-24,SA,2840.0,SA209,2653.0,SA301,2365.0,2209,2301,-187.0,-475.0,-0.06584507042253518,-0.16725352112676062
2022-08-25,FG,1601.6,FG209,1592.0,FG301,1458.0,2209,2301,-9.599999999999909,-143.5999999999999,-0.005994005994005902,-0.0896603396603396
2022-08-25,SA,2841.67,SA209,2685.0,SA301,2373.0,2209,2301,-156.67000000000007,-468.6700000000001,-0.05513307315768545,-0.1649276657739991
2022-08-26,FG,1601.6,FG209,1597.0,FG301,1469.0,2209,2301,-4.599999999999909,-132.5999999999999,-0.002872127872127761,-0.08279220779220775
2022-08-26,SA,2841.67,SA209,2697.0,SA301,2418.0,2209,2301,-144.67000000000007,-423.6700000000001,-0.0509102042109042,-0.14909190722356924
2022-08-29,FG,1592.0,FG209,1585.0,FG301,1457.0,2209,2301,-7.0,-135.0,-0.0043969849246231485,-0.08479899497487442
2022-08-29,SA,2841.67,SA209,2679.0,SA301,2386.0,2209,2301,-162.67000000000007,-455.6700000000001,-0.057244507631076136,-0.16035289108165274
2022-08-30,FG,1590.3999999999999,FG209,1548.0,FG301,1423.0,2209,2301,-42.399999999999864,-167.39999999999986,-0.026659959758551177,-0.10525653923541245
2022-08-30,SA,2841.67,SA209,2650.0,SA301,2338.0,2209,2301,-191.67000000000007,-503.6700000000001,-0.06744977425246423,-0.17724436686877787
2022-08-31,FG,1590.3999999999999,FG209,1481.0,FG301,1460.0,2209,2301,-109.39999999999986,-130.39999999999986,-0.06878772635814878,-0.08199195171026152
2022-08-31,SA,2841.67,SA209,2635.0,SA301,2367.0,2209,2301,-206.67000000000007,-474.6700000000001,-0.07272836043594089,-0.16703910024738977
2022-09-01,FG,1587.2,FG209,1460.0,FG301,1440.0,2209,2301,-127.20000000000005,-147.20000000000005,-0.08014112903225812,-0.092741935483871
2022-09-01,SA,2841.67,SA209,2610.0,SA301,2315.0,2209,2301,-231.67000000000007,-526.6700000000001,-0.0815260040750686,-0.1853381990167754
2022-09-02,FG,1585.6,FG209,1432.0,FG301,1429.0,2209,2301,-153.5999999999999,-156.5999999999999,-0.09687184661957615,-0.09876387487386473
2022-09-02,SA,2808.33,SA209,2612.0,SA301,2302.0,2209,2301,-196.32999999999993,-506.3299999999999,-0.06990987526394687,-0.18029576296232985
2022-09-05,FG,1585.6,FG209,1490.0,FG301,1460.0,2209,2301,-95.59999999999991,-125.59999999999991,-0.060292633703329934,-0.07921291624621585
2022-09-05,SA,2841.67,SA209,2645.0,SA301,2345.0,2209,2301,-196.67000000000007,-496.6700000000001,-0.06920930298028982,-0.1747810266498221
2022-09-06,FG,1585.6,FG209,1457.0,FG301,1473.0,2209,2301,-128.5999999999999,-112.59999999999991,-0.08110494450050454,-0.07101412714429867
2022-09-06,SA,2841.67,SA209,2615.0,SA301,2288.0,2209,2301,-226.67000000000007,-553.6700000000001,-0.07976647534724302,-0.1948396541470333
2022-09-07,FG,1576.0,FG209,1446.0,FG301,1465.0,2209,2301,-130.0,-111.0,-0.0824873096446701,-0.07043147208121825
2022-09-07,SA,2841.67,SA209,2610.0,SA301,2279.0,2209,2301,-231.67000000000007,-562.6700000000001,-0.0815260040750686,-0.19800680585711927
2022-09-08,FG,1576.0,FG209,1491.0,FG301,1487.0,2209,2301,-85.0,-89.0,-0.05393401015228427,-0.05647208121827407
2022-09-08,SA,2850.0,SA209,2610.0,SA301,2276.0,2209,2301,-240.0,-574.0,-0.08421052631578951,-0.2014035087719298
2022-09-09,FG,1568.0,FG209,1446.0,FG301,1515.0,2209,2301,-122.0,-53.0,-0.07780612244897955,-0.03380102040816324
2022-09-09,SA,2850.0,SA209,2654.0,SA301,2306.0,2209,2301,-196.0,-544.0,-0.06877192982456137,-0.1908771929824561
2022-09-13,FG,1568.0,FG209,1442.0,FG301,1513.0,2209,2301,-126.0,-55.0,-0.0803571428571429,-0.035076530612244916
2022-09-13,SA,2850.0,SA209,2645.0,SA301,2360.0,2209,2301,-205.0,-490.0,-0.07192982456140351,-0.1719298245614035
2022-09-14,FG,1568.0,FG209,1431.0,FG301,1501.0,2209,2301,-137.0,-67.0,-0.08737244897959184,-0.04272959183673475
2022-09-14,SA,2850.0,SA209,2635.0,SA301,2306.0,2209,2301,-215.0,-544.0,-0.07543859649122808,-0.1908771929824561
2022-09-15,FG,1568.0,FG209,1430.0,FG301,1497.0,2209,2301,-138.0,-71.0,-0.08801020408163263,-0.04528061224489799
2022-09-15,SA,2850.0,SA209,2630.0,SA301,2301.0,2209,2301,-220.0,-549.0,-0.07719298245614037,-0.19263157894736838
2022-09-16,FG,1568.0,FG210,1548.0,FG301,1484.0,2210,2301,-20.0,-84.0,-0.012755102040816313,-0.0535714285714286
2022-09-16,SA,2841.67,SA210,2634.0,SA301,2282.0,2210,2301,-207.67000000000007,-559.6700000000001,-0.07308026618150598,-0.19695108862042388
2022-09-19,FG,1568.0,FG210,1553.0,FG301,1496.0,2210,2301,-15.0,-72.0,-0.00956632653061229,-0.04591836734693877
2022-09-19,SA,2830.0,SA210,2668.0,SA301,2307.0,2210,2301,-162.0,-523.0,-0.05724381625441699,-0.18480565371024738
2022-09-20,FG,1569.6000000000001,FG210,1546.0,FG301,1485.0,2210,2301,-23.600000000000136,-84.60000000000014,-0.015035677879714715,-0.05389908256880738
2022-09-20,SA,2830.0,SA210,2674.0,SA301,2319.0,2210,2301,-156.0,-511.0,-0.055123674911660814,-0.18056537102473502
2022-09-21,FG,1569.6000000000001,FG210,1540.0,FG301,1479.0,2210,2301,-29.600000000000136,-90.60000000000014,-0.01885830784913367,-0.05772171253822633
2022-09-21,SA,2830.0,SA210,2666.0,SA301,2318.0,2210,2301,-164.0,-512.0,-0.05795053003533568,-0.18091872791519437
2022-09-22,FG,1569.6000000000001,FG210,1551.0,FG301,1509.0,2210,2301,-18.600000000000136,-60.600000000000136,-0.011850152905198863,-0.038608562691131554
2022-09-22,SA,2830.0,SA210,2679.0,SA301,2399.0,2210,2301,-151.0,-431.0,-0.05335689045936398,-0.15229681978798582
2022-09-23,FG,1574.4,FG210,1553.0,FG301,1509.0,2210,2301,-21.40000000000009,-65.40000000000009,-0.01359247967479682,-0.04153963414634154
2022-09-23,SA,2830.0,SA210,2671.0,SA301,2397.0,2210,2301,-159.0,-433.0,-0.05618374558303885,-0.15300353356890461
2022-09-26,FG,1574.4,FG210,1566.0,FG301,1514.0,2210,2301,-8.400000000000091,-60.40000000000009,-0.005335365853658569,-0.03836382113821146
2022-09-26,SA,2830.0,SA210,2639.0,SA301,2425.0,2210,2301,-191.0,-405.0,-0.06749116607773853,-0.14310954063604242
2022-09-27,FG,1579.1999999999998,FG210,1575.0,FG301,1536.0,2210,2301,-4.199999999999818,-43.19999999999982,-0.0026595744680849576,-0.027355623100303816
2022-09-27,SA,2830.0,SA210,2653.0,SA301,2466.0,2210,2301,-177.0,-364.0,-0.06254416961130738,-0.12862190812720853
2022-09-28,FG,1579.1999999999998,FG210,1579.0,FG301,1534.0,2210,2301,-0.1999999999998181,-45.19999999999982,-0.00012664640324200338,-0.028622087132725293
2022-09-28,SA,2830.0,SA210,2649.0,SA301,2467.0,2210,2301,-181.0,-363.0,-0.06395759717314486,-0.12826855123674907
2022-09-29,FG,1579.1999999999998,FG210,1570.0,FG301,1512.0,2210,2301,-9.199999999999818,-67.19999999999982,-0.005825734549138706,-0.04255319148936154
2022-09-29,SA,2830.0,SA210,2650.0,SA301,2488.0,2210,2301,-180.0,-342.0,-0.06360424028268552,-0.12084805653710251
2022-09-30,FG,1577.6,FG210,1551.0,FG301,1506.0,2210,2301,-26.59999999999991,-71.59999999999991,-0.016861054766734274,-0.0453853955375253
2022-09-30,SA,2830.0,SA210,2681.0,SA301,2537.0,2210,2301,-149.0,-293.0,-0.05265017667844518,-0.10353356890459364
2022-10-10,FG,1584.0,FG210,1582.0,FG301,1554.0,2210,2301,-2.0,-30.0,-0.0012626262626262985,-0.018939393939393923
2022-10-10,SA,2791.67,SA210,2677.0,SA301,2530.0,2210,2301,-114.67000000000007,-261.6700000000001,-0.041075771849824694,-0.09373242539411897
2022-10-11,FG,1584.0,FG210,1582.0,FG301,1532.0,2210,2301,-2.0,-52.0,-0.0012626262626262985,-0.03282828282828287
2022-10-11,SA,2791.67,SA210,2640.0,SA301,2484.0,2210,2301,-151.67000000000007,-307.6700000000001,-0.05432948736777632,-0.11021001765968041
2022-10-12,FG,1584.0,FG210,1591.0,FG301,1537.0,2210,2301,7.0,-47.0,0.004419191919191823,-0.029671717171717127
2022-10-12,SA,2791.67,SA210,2642.0,SA301,2509.0,2210,2301,-149.67000000000007,-282.6700000000001,-0.053613070312751865,-0.10125480447187529
2022-10-13,FG,1584.0,FG210,1625.0,FG301,1510.0,2210,2301,41.0,-74.0,0.025883838383838453,-0.04671717171717171
2022-10-13,SA,2791.67,SA210,2625.0,SA301,2485.0,2210,2301,-166.67000000000007,-306.6700000000001,-0.05970261528045939,-0.10985180913216819
2022-10-14,FG,1584.0,FG210,1611.0,FG301,1526.0,2210,2301,27.0,-58.0,0.017045454545454586,-0.03661616161616166
2022-10-14,SA,2791.67,SA210,2630.0,SA301,2486.0,2210,2301,-161.67000000000007,-305.6700000000001,-0.05791157264289837,-0.10949360060465607
2022-10-17,FG,1594.4,FG210,1546.0,FG301,1493.0,2210,2301,-48.40000000000009,-101.40000000000009,-0.03035624686402416,-0.06359759157049683
2022-10-17,SA,2805.0,SA210,2620.0,SA301,2482.0,2210,2301,-185.0,-323.0,-0.06595365418894827,-0.11515151515151512
2022-10-18,FG,1594.4,FG210,1536.0,FG301,1487.0,2210,2301,-58.40000000000009,-107.40000000000009,-0.0366281986954341,-0.06736076266934277
2022-10-18,SA,2805.0,SA210,2580.0,SA301,2457.0,2210,2301,-225.0,-348.0,-0.0802139037433155,-0.12406417112299462
2022-10-19,FG,1594.4,FG210,1525.0,FG301,1460.0,2210,2301,-69.40000000000009,-134.4000000000001,-0.043527345709984955,-0.08429503261414961
2022-10-19,SA,2805.0,SA210,2581.0,SA301,2448.0,2210,2301,-224.0,-357.0,-0.0798573975044563,-0.12727272727272732
2022-10-20,FG,1590.3999999999999,FG210,1515.0,FG301,1460.0,2210,2301,-75.39999999999986,-130.39999999999986,-0.04740945674044261,-0.08199195171026152
2022-10-20,SA,2745.0,SA210,2600.0,SA301,2436.0,2210,2301,-145.0,-309.0,-0.05282331511839711,-0.11256830601092893
2022-10-21,FG,1581.6,FG210,1515.0,FG301,1458.0,2210,2301,-66.59999999999991,-123.59999999999991,-0.0421092564491653,-0.07814871016691949
2022-10-21,SA,2745.0,SA210,2590.0,SA301,2432.0,2210,2301,-155.0,-313.0,-0.0564663023679417,-0.11402550091074681
2022-10-24,FG,1581.6,FG211,1518.0,FG301,1432.0,2211,2301,-63.59999999999991,-149.5999999999999,-0.04021244309559935,-0.09458775923115825
2022-10-24,SA,2771.67,SA211,2554.0,SA301,2391.0,2211,2301,-217.67000000000007,-380.6700000000001,-0.07853388029599484,-0.13734319020662633
2022-10-25,FG,1578.4,FG211,1470.0,FG301,1407.0,2211,2301,-108.40000000000009,-171.4000000000001,-0.06867714140902181,-0.10859097820577801
2022-10-25,SA,2771.67,SA211,2560.0,SA301,2382.0,2211,2301,-211.67000000000007,-389.6700000000001,-0.07636912042198385,-0.14059033001764276
2022-10-26,FG,1578.4,FG211,1460.0,FG301,1403.0,2211,2301,-118.40000000000009,-175.4000000000001,-0.07501267105930065,-0.11112519006588961
2022-10-26,SA,2771.67,SA211,2608.0,SA301,2408.0,2211,2301,-163.67000000000007,-363.6700000000001,-0.059051041429896034,-0.13120970389692854
2022-10-27,FG,1578.4,FG211,1461.0,FG301,1385.0,2211,2301,-117.40000000000009,-193.4000000000001,-0.07437911809427278,-0.12252914343639132
2022-10-27,SA,2780.0,SA211,2601.0,SA301,2403.0,2211,2301,-179.0,-377.0,-0.06438848920863305,-0.1356115107913669
2022-10-28,FG,1578.4,FG211,1421.0,FG301,1399.0,2211,2301,-157.4000000000001,-179.4000000000001,-0.0997212366953878,-0.1136594019260011
2022-10-28,SA,2780.0,SA211,2601.0,SA301,2373.0,2211,2301,-179.0,-407.0,-0.06438848920863305,-0.14640287769784177
2022-10-31,FG,1578.4,FG211,1348.0,FG301,1346.0,2211,2301,-230.4000000000001,-232.4000000000001,-0.14597060314242272,-0.14723770907247846
2022-10-31,SA,2771.67,SA211,2750.0,SA301,2307.0,2211,2301,-21.670000000000073,-464.6700000000001,-0.007818391078302955,-0.16764982844277998
2022-11-01,FG,1578.4,FG211,1368.0,FG301,1358.0,2211,2301,-210.4000000000001,-220.4000000000001,-0.13329954384186526,-0.139635073492144
2022-11-01,SA,2775.0,SA211,2675.0,SA301,2353.0,2211,2301,-100.0,-422.0,-0.036036036036036,-0.15207207207207207
2022-11-02,FG,1578.4,FG211,1390.0,FG301,1354.0,2211,2301,-188.4000000000001,-224.4000000000001,-0.11936137861125196,-0.14216928535225548
2022-11-02,SA,2775.0,SA211,2630.0,SA301,2328.0,2211,2301,-145.0,-447.0,-0.052252252252252274,-0.1610810810810811
2022-11-03,FG,1578.4,FG211,1395.0,FG301,1355.0,2211,2301,-183.4000000000001,-223.4000000000001,-0.11619361378611259,-0.1415357323872276
2022-11-03,SA,2775.0,SA211,2600.0,SA301,2311.0,2211,2301,-175.0,-464.0,-0.06306306306306309,-0.16720720720720716
2022-11-04,FG,1578.4,FG211,1410.0,FG301,1393.0,2211,2301,-168.4000000000001,-185.4000000000001,-0.10669031931069439,-0.11746071971616834
2022-11-04,SA,2771.67,SA211,2606.0,SA301,2405.0,2211,2301,-165.67000000000007,-366.6700000000001,-0.0597726280545664,-0.1322920838339341
2022-11-07,FG,1570.3999999999999,FG211,1410.0,FG301,1370.0,2211,2301,-160.39999999999986,-200.39999999999986,-0.10213958227203257,-0.12761079979623013
2022-11-07,SA,2771.67,SA211,2650.0,SA301,2401.0,2211,2301,-121.67000000000007,-370.6700000000001,-0.04389772231181921,-0.13373525708327472
2022-11-08,FG,1567.2,FG211,1410.0,FG301,1382.0,2211,2301,-157.20000000000005,-185.20000000000005,-0.1003062787136294,-0.11817253700867791
2022-11-08,SA,2771.67,SA211,2680.0,SA301,2469.0,2211,2301,-91.67000000000007,-302.6700000000001,-0.03307392294176437,-0.10920131184448367
2022-11-09,FG,1567.2,FG211,1454.0,FG301,1392.0,2211,2301,-113.20000000000005,-175.20000000000005,-0.07223072996426749,-0.11179173047473201
2022-11-09,SA,2771.67,SA211,2680.0,SA301,2489.0,2211,2301,-91.67000000000007,-282.6700000000001,-0.03307392294176437,-0.10198544559778044
2022-11-10,FG,1561.6,FG211,1454.0,FG301,1381.0,2211,2301,-107.59999999999991,-180.5999999999999,-0.06890368852459006,-0.11565061475409832
2022-11-10,SA,2771.67,SA211,2674.0,SA301,2518.0,2211,2301,-97.67000000000007,-253.67000000000007,-0.03523868281577536,-0.09152243954006067
2022-11-11,FG,1521.6,FG211,1454.0,FG301,1393.0,2211,2301,-67.59999999999991,-128.5999999999999,-0.04442691903259721,-0.0845162986330178
2022-11-11,SA,2771.67,SA211,2684.0,SA301,2520.0,2211,2301,-87.67000000000007,-251.67000000000007,-0.03163074969242374,-0.09080085291539042
2022-11-14,FG,1511.2,FG211,1465.0,FG301,1394.0,2211,2301,-46.200000000000045,-117.20000000000005,-0.030571731074642727,-0.07755426151402867
2022-11-14,SA,2771.67,SA211,2690.0,SA301,2514.0,2211,2301,-81.67000000000007,-257.6700000000001,-0.029465989818412752,-0.09296561278940141
2022-11-15,FG,1495.2,FG212,1440.0,FG301,1415.0,2212,2301,-55.200000000000045,-80.20000000000005,-0.036918138041733606,-0.053638309256286765
2022-11-15,SA,2733.33,SA212,2645.0,SA301,2538.0,2212,2301,-88.32999999999993,-195.32999999999993,-0.032315893068162294,-0.07146228227107587
2022-11-16,FG,1495.2,FG212,1426.0,FG301,1415.0,2212,2301,-69.20000000000005,-80.20000000000005,-0.04628143392188344,-0.053638309256286765
2022-11-16,SA,2733.33,SA212,2655.0,SA301,2575.0,2212,2301,-78.32999999999993,-158.32999999999993,-0.02865735202116093,-0.057925680397171164
2022-11-17,FG,1487.2,FG212,1398.0,FG301,1379.0,2212,2301,-89.20000000000005,-108.20000000000005,-0.059978483055406207,-0.07275416890801512
2022-11-17,SA,2733.33,SA212,2682.0,SA301,2591.0,2212,2301,-51.32999999999993,-142.32999999999993,-0.018779291194257475,-0.052072014721969095
2022-11-18,FG,1487.2,FG212,1377.0,FG301,1366.0,2212,2301,-110.20000000000005,-121.20000000000005,-0.07409897794513187,-0.08149542764927387
2022-11-18,SA,2733.33,SA212,2680.0,SA301,2610.0,2212,2301,-53.32999999999993,-123.32999999999993,-0.019510999403657747,-0.04512078673266673
2022-11-21,FG,1487.2,FG212,1379.0,FG301,1372.0,2212,2301,-108.20000000000005,-115.20000000000005,-0.07275416890801512,-0.0774610005379236
2022-11-21,SA,2733.33,SA212,2672.0,SA301,2620.0,2212,2301,-61.32999999999993,-113.32999999999993,-0.022437832241258837,-0.04146224568566548
2022-11-22,FG,1487.2,FG212,1366.0,FG301,1364.0,2212,2301,-121.20000000000005,-123.20000000000005,-0.08149542764927387,-0.08284023668639051
2022-11-22,SA,2733.33,SA212,2672.0,SA301,2609.0,2212,2301,-61.32999999999993,-124.32999999999993,-0.022437832241258837,-0.045486640837366865
2022-11-23,FG,1485.6,FG212,1380.0,FG301,1379.0,2212,2301,-105.59999999999991,-106.59999999999991,-0.07108239095315017,-0.07175551965535809
2022-11-23,SA,2733.33,SA212,2684.0,SA301,2635.0,2212,2301,-49.32999999999993,-98.32999999999993,-0.018047582984857313,-0.035974434115163545
2022-11-24,FG,1481.6,FG212,1397.0,FG301,1386.0,2212,2301,-84.59999999999991,-95.59999999999991,-0.05710043196544268,-0.06452483801295894
2022-11-24,SA,2733.33,SA212,2721.0,SA301,2688.0,2212,2301,-12.329999999999927,-45.32999999999993,-0.004510981110952494,-0.01658416656605677
2022-11-25,FG,1481.6,FG212,1426.0,FG301,1429.0,2212,2301,-55.59999999999991,-52.59999999999991,-0.03752699784017277,-0.03550215982721372
2022-11-25,SA,2733.33,SA212,2746.0,SA301,2710.0,2212,2301,12.670000000000073,-23.329999999999927,0.0046353715065505785,-0.008535376262653993
2022-11-28,FG,1481.6,FG212,1410.0,FG301,1408.0,2212,2301,-71.59999999999991,-73.59999999999991,-0.048326133909287194,-0.049676025917926525
2022-11-28,SA,2733.33,SA212,2757.0,SA301,2699.0,2212,2301,23.670000000000073,-34.32999999999993,0.008659766658251966,-0.01255977141435538
2022-11-29,FG,1480.0,FG212,1405.0,FG301,1406.0,2212,2301,-75.0,-74.0,-0.05067567567567566,-0.050000000000000044
2022-11-29,SA,2733.33,SA212,2761.0,SA301,2700.0,2212,2301,27.670000000000073,-33.32999999999993,0.010123183077052511,-0.012193917309655244
2022-11-30,FG,1480.0,FG212,1384.0,FG301,1386.0,2212,2301,-96.0,-94.0,-0.06486486486486487,-0.06351351351351353
2022-11-30,SA,2733.33,SA212,2756.0,SA301,2697.0,2212,2301,22.670000000000073,-36.32999999999993,0.008293912553551941,-0.013291479623755653
2022-12-01,FG,1472.0,FG212,1438.0,FG301,1384.0,2212,2301,-34.0,-88.0,-0.02309782608695654,-0.05978260869565222
2022-12-01,SA,2733.33,SA212,2774.0,SA301,2718.0,2212,2301,40.67000000000007,-15.329999999999927,0.014879286438154171,-0.005608543425052903
2022-12-02,FG,1468.0,FG212,1437.0,FG301,1393.0,2212,2301,-31.0,-75.0,-0.02111716621253401,-0.05108991825613074
2022-12-02,SA,2733.33,SA212,2759.0,SA305,2580.0,2212,2305,25.670000000000073,-153.32999999999993,0.009391474867652239,-0.056096409873670594
2022-12-05,FG,1466.3999999999999,FG212,1442.0,FG301,1402.0,2212,2301,-24.399999999999864,-64.39999999999986,-0.01663938897981443,-0.043917075831969354
2022-12-05,SA,2733.33,SA212,2741.0,SA305,2519.0,2212,2305,7.670000000000073,-214.32999999999993,0.0028061009830500083,-0.07841351026037835
2022-12-06,FG,1466.3999999999999,FG212,1442.0,FG301,1413.0,2212,2301,-24.399999999999864,-53.399999999999864,-0.01663938897981443,-0.03641571194762672
2022-12-06,SA,2733.33,SA212,2764.0,SA305,2520.0,2212,2305,30.670000000000073,-213.32999999999993,0.01122074539115303,-0.07804765615567821
2022-12-07,FG,1457.6,FG212,1441.0,FG301,1395.0,2212,2301,-16.59999999999991,-62.59999999999991,-0.011388583973655275,-0.0429473106476399
2022-12-07,SA,2733.33,SA212,2745.0,SA305,2521.0,2212,2305,11.670000000000073,-212.32999999999993,0.004269517401850553,-0.07768180205097808
2022-12-08,FG,1446.3999999999999,FG212,1439.0,FG301,1405.0,2212,2301,-7.399999999999864,-41.399999999999864,-0.005116150442477818,-0.028622787610619427
2022-12-08,SA,2750.0,SA212,2715.0,SA305,2570.0,2212,2305,-35.0,-180.0,-0.012727272727272698,-0.06545454545454543
2022-12-09,FG,1446.3999999999999,FG212,1439.0,FG305,1554.0,2212,2305,-7.399999999999864,107.60000000000014,-0.005116150442477818,0.07439159292035402
2022-12-09,SA,2750.0,SA212,2761.0,SA305,2640.0,2212,2305,11.0,-110.0,0.0040000000000000036,-0.040000000000000036
2022-12-12,FG,1439.1999999999998,FG212,1439.0,FG305,1537.0,2212,2305,-0.1999999999998181,97.80000000000018,-0.00013896609227337375,0.0679544191217345
2022-12-12,SA,2733.33,SA212,2803.0,SA305,2654.0,2212,2305,69.67000000000007,-79.32999999999993,0.02548905547445801,-0.029023206125861067
2022-12-13,FG,1439.1999999999998,FG212,1465.0,FG305,1564.0,2212,2305,25.800000000000182,124.80000000000018,0.017926625903279758,0.08671484157865494
2022-12-13,SA,2733.33,SA212,2807.0,SA305,2660.0,2212,2305,73.67000000000007,-73.32999999999993,0.026952471893258334,-0.02682808149766036
2022-12-14,FG,1439.1999999999998,FG212,1493.0,FG305,1574.0,2212,2305,53.80000000000018,134.80000000000018,0.03738187882156763,0.09366314619232918
2022-12-14,SA,2733.33,SA212,2810.0,SA305,2662.0,2212,2305,76.67000000000007,-71.32999999999993,0.028050034207358854,-0.02609637328826009
2022-12-15,FG,1439.1999999999998,FG301,1531.0,FG305,1629.0,2301,2305,91.80000000000018,189.80000000000018,0.06378543635352996,0.13187882156753772
2022-12-15,SA,2733.33,SA301,2866.0,SA305,2747.0,2301,2305,132.67000000000007,13.670000000000073,0.04853786407056604,0.005001225611250826
2022-12-16,FG,1439.1999999999998,FG301,1482.0,FG305,1580.0,2301,2305,42.80000000000018,140.80000000000018,0.029738743746525964,0.09783212896053373
2022-12-16,SA,2733.33,SA301,2877.0,SA305,2754.0,2301,2305,143.67000000000007,20.670000000000073,0.05256225922226743,0.007562204344151668
2022-12-19,FG,1439.1999999999998,FG301,1457.0,FG305,1548.0,2301,2305,17.800000000000182,108.80000000000018,0.012367982212340367,0.07559755419677616
2022-12-19,SA,2733.33,SA301,2837.0,SA305,2677.0,2301,2305,103.67000000000007,-56.32999999999993,0.0379280950342622,-0.020608561717758156
2022-12-20,FG,1443.1999999999998,FG301,1462.0,FG305,1549.0,2301,2305,18.800000000000182,105.80000000000018,0.013026607538802804,0.07330931263858109
2022-12-20,SA,2733.33,SA301,2854.0,SA305,2724.0,2301,2305,120.67000000000007,-9.329999999999927,0.044147614814164404,-0.0034134187968521967
2022-12-21,FG,1458.4,FG301,1481.0,FG305,1563.0,2301,2305,22.59999999999991,104.59999999999991,0.01549643444871096,0.07172243554580349
2022-12-21,SA,2733.33,SA301,2868.0,SA305,2740.0,2301,2305,134.67000000000007,6.670000000000073,0.04926957227996631,0.002440246878349983
2022-12-22,FG,1454.4,FG301,1460.0,FG305,1544.0,2301,2305,5.599999999999909,89.59999999999991,0.0038503850385038785,0.06160616061606161
2022-12-22,SA,2733.33,SA301,2819.0,SA305,2648.0,2301,2305,85.67000000000007,-85.32999999999993,0.03134272114965997,-0.031218330754061885
2022-12-23,FG,1454.4,FG301,1465.0,FG305,1555.0,2301,2305,10.599999999999909,100.59999999999991,0.007288228822882159,0.0691694169416941
2022-12-23,SA,2733.33,SA301,2795.0,SA305,2652.0,2301,2305,61.67000000000007,-81.32999999999993,0.02256222263685692,-0.02975491433526134
2022-12-26,FG,1458.4,FG301,1477.0,FG305,1577.0,2301,2305,18.59999999999991,118.59999999999991,0.012753702687877011,0.08132199670872176
2022-12-26,SA,2733.33,SA301,2837.0,SA305,2688.0,2301,2305,103.67000000000007,-45.32999999999993,0.0379280950342622,-0.01658416656605677
2022-12-27,FG,1468.8,FG301,1526.0,FG305,1629.0,2301,2305,57.200000000000045,160.20000000000005,0.03894335511982572,0.10906862745098045
2022-12-27,SA,2733.33,SA301,2859.0,SA305,2730.0,2301,2305,125.67000000000007,-3.3299999999999272,0.045976885337664974,-0.0012182941686513793
2022-12-28,FG,1468.8,FG301,1524.0,FG305,1656.0,2301,2305,55.200000000000045,187.20000000000005,0.03758169934640532,0.12745098039215685
2022-12-28,SA,2733.33,SA301,2861.0,SA305,2731.0,2301,2305,127.67000000000007,-2.3299999999999272,0.04670859354706525,-0.0008524400639512431
2022-12-29,FG,1488.0,FG301,1493.0,FG305,1647.0,2301,2305,5.0,159.0,0.0033602150537634934,0.10685483870967749
2022-12-29,SA,2733.33,SA301,2818.0,SA305,2708.0,2301,2305,84.67000000000007,-25.329999999999927,0.030976867044959944,-0.009267084472054155
2022-12-30,FG,1494.4,FG301,1561.0,FG305,1660.0,2301,2305,66.59999999999991,165.5999999999999,0.04456638115631684,0.11081370449678785
2022-12-30,SA,2733.33,SA301,2931.0,SA305,2740.0,2301,2305,197.67000000000007,6.670000000000073,0.07231838087607434,0.002440246878349983
2023-01-03,FG,1501.6,FG301,1591.0,FG305,1672.0,2301,2305,89.40000000000009,170.4000000000001,0.05953649440596709,0.11347895578050093
2023-01-03,SA,2700.0,SA301,2950.0,SA305,2769.0,2301,2305,250.0,69.0,0.09259259259259256,0.025555555555555554
2023-01-04,FG,1512.0,FG301,1562.0,FG305,1662.0,2301,2305,50.0,150.0,0.033068783068783025,0.0992063492063493
2023-01-04,SA,2700.0,SA301,2976.0,SA305,2773.0,2301,2305,276.0,73.0,0.10222222222222221,0.02703703703703697
2023-01-05,FG,1516.0,FG301,1553.0,FG305,1669.0,2301,2305,37.0,153.0,0.024406332453825952,0.10092348284960417
2023-01-05,SA,2700.0,SA301,3012.0,SA305,2777.0,2301,2305,312.0,77.0,0.11555555555555563,0.02851851851851861
2023-01-06,FG,1516.0,FG301,1585.0,FG305,1692.0,2301,2305,69.0,176.0,0.04551451187335087,0.11609498680738795
2023-01-06,SA,2766.67,SA301,2985.0,SA305,2819.0,2301,2305,218.32999999999993,52.32999999999993,0.07891436275377983,0.018914435042849398
2023-01-09,FG,1531.2,FG301,1570.0,FG305,1677.0,2301,2305,38.799999999999955,145.79999999999995,0.025339602925809723,0.09521943573667713
2023-01-09,SA,2783.33,SA301,3004.0,SA305,2793.0,2301,2305,220.67000000000007,9.670000000000073,0.0792827296799159,0.0034742556577911365
2023-01-10,FG,1531.2,FG301,1550.0,FG305,1654.0,2301,2305,18.799999999999955,122.79999999999995,0.01227795193312442,0.08019853709508884
2023-01-10,SA,2783.33,SA301,3009.0,SA305,2783.0,2301,2305,225.67000000000007,-0.32999999999992724,0.08107913901693298,-0.00011856301624313392
2023-01-11,FG,1540.0,FG301,1533.0,FG305,1679.0,2301,2305,-7.0,139.0,-0.004545454545454519,0.09025974025974026
2023-01-11,SA,2783.33,SA301,3055.0,SA305,2863.0,2301,2305,271.6700000000001,79.67000000000007,0.097606104917491,0.028623986376031585
2023-01-12,FG,1540.0,FG301,1501.0,FG305,1669.0,2301,2305,-39.0,129.0,-0.025324675324675305,0.08376623376623371
2023-01-12,SA,2783.33,SA301,3076.0,SA305,2904.0,2301,2305,292.6700000000001,120.67000000000007,0.10515102413296296,0.043354542939572305
2023-01-13,FG,1540.0,FG301,1500.0,FG305,1680.0,2301,2305,-40.0,140.0,-0.025974025974025983,0.09090909090909083
2023-01-13,SA,2783.33,SA301,3168.0,SA305,2956.0,2301,2305,384.6700000000001,172.67000000000007,0.138204955934079,0.062037200044551044
2023-01-16,FG,1540.0,FG301,1435.0,FG305,1662.0,2301,2305,-105.0,122.0,-0.06818181818181823,0.0792207792207793
2023-01-16,SA,2783.33,SA301,3124.0,SA305,2919.0,2301,2305,340.6700000000001,135.67000000000007,0.12239655376832781,0.04874377095062399
2023-01-17,FG,1540.0,FG302,1646.0,FG305,1671.0,2302,2305,106.0,131.0,0.06883116883116891,0.08506493506493507
2023-01-17,SA,2783.33,SA302,3133.0,SA305,2927.0,2302,2305,349.6700000000001,143.67000000000007,0.12563009057495877,0.051618025889851316
2023-01-18,FG,1540.0,FG302,1665.0,FG305,1718.0,2302,2305,125.0,178.0,0.08116883116883122,0.11558441558441568
2023-01-18,SA,2783.33,SA302,3131.0,SA305,2954.0,2302,2305,347.6700000000001,170.67000000000007,0.12491152684015194,0.06131863630974421
2023-01-19,FG,1540.0,FG302,1700.0,FG305,1731.0,2302,2305,160.0,191.0,0.10389610389610393,0.12402597402597393
2023-01-19,SA,2783.33,SA302,3139.0,SA305,2987.0,2302,2305,355.6700000000001,203.67000000000007,0.1277857817793795,0.07317493793405738
2023-01-20,FG,1540.0,FG302,1704.0,FG305,1746.0,2302,2305,164.0,206.0,0.10649350649350642,0.13376623376623376
2023-01-20,SA,2783.33,SA302,3166.0,SA305,3022.0,2302,2305,382.6700000000001,238.67000000000007,0.13748639219927217,0.0857498032931776
2023-01-30,FG,1581.6,FG302,1619.0,FG305,1636.0,2302,2305,37.40000000000009,54.40000000000009,0.023646939807789646,0.034395548811330334
2023-01-30,SA,2830.0,SA302,3146.0,SA305,2990.0,2302,2305,316.0,160.0,0.111660777385159,0.05653710247349819
2023-01-31,FG,1586.3999999999999,FG302,1600.0,FG305,1608.0,2302,2305,13.600000000000136,21.600000000000136,0.008572869389813498,0.013615733736762614
2023-01-31,SA,2835.0,SA302,3168.0,SA305,2987.0,2302,2305,333.0,152.0,0.11746031746031749,0.05361552028218686
2023-02-01,FG,1582.4,FG302,1588.0,FG305,1598.0,2302,2305,5.599999999999909,15.599999999999909,0.003538928210313319,0.009858442871587325
2023-02-01,SA,2835.0,SA302,3167.0,SA305,3012.0,2302,2305,332.0,177.0,0.11710758377425035,0.06243386243386251
2023-02-02,FG,1583.1999999999998,FG302,1555.0,FG305,1563.0,2302,2305,-28.199999999999818,-20.199999999999818,-0.01781202627589684,-0.012758969176351553
2023-02-02,SA,2836.67,SA302,3123.0,SA305,2974.0,2302,2305,286.3299999999999,137.32999999999993,0.1009387768051977,0.048412399045359544
2023-02-03,FG,1583.1999999999998,FG302,1583.0,FG305,1579.0,2302,2305,-0.1999999999998181,-4.199999999999818,-0.0001263264274885545,-0.0026528549772610877
2023-02-03,SA,2876.67,SA302,3135.0,SA305,2994.0,2302,2305,258.3299999999999,117.32999999999993,0.08980174994003476,0.04078674300493268
2023-02-06,FG,1589.6000000000001,FG302,1581.0,FG305,1568.0,2302,2305,-8.600000000000136,-21.600000000000136,-0.005410166079516943,-0.013588324106693639
2023-02-06,SA,2885.0,SA302,3079.0,SA305,2969.0,2302,2305,194.0,84.0,0.0672443674176777,0.029116117850953138
2023-02-07,FG,1572.0,FG302,1530.0,FG305,1540.0,2302,2305,-42.0,-32.0,-0.026717557251908386,-0.020356234096692072
2023-02-07,SA,2905.0,SA302,3026.0,SA305,2929.0,2302,2305,121.0,24.0,0.041652323580034345,0.008261617900172213
2023-02-08,FG,1572.0,FG302,1531.0,FG305,1531.0,2302,2305,-41.0,-41.0,-0.026081424936386766,-0.026081424936386766
2023-02-08,SA,2905.0,SA302,3075.0,SA305,2957.0,2302,2305,170.0,52.0,0.058519793459552494,0.017900172117039537
2023-02-09,FG,1536.8000000000002,FG302,1522.0,FG305,1529.0,2302,2305,-14.800000000000182,-7.800000000000182,-0.009630400832899677,-0.00507548152004178
2023-02-09,SA,2913.33,SA302,3060.0,SA305,2929.0,2302,2305,146.67000000000007,15.670000000000073,0.050344451195024176,0.005378724689616421
2023-02-10,FG,1536.8000000000002,FG302,1522.0,FG305,1539.0,2302,2305,-14.800000000000182,2.199999999999818,-0.009630400832899677,0.0014315460697551519
2023-02-10,SA,2913.33,SA302,3019.0,SA305,2899.0,2302,2305,105.67000000000007,-14.329999999999927,0.036271208548293465,-0.004918769929942668
2023-02-13,FG,1532.8,FG302,1522.0,FG305,1525.0,2302,2305,-10.799999999999955,-7.7999999999999545,-0.007045929018789088,-0.005088726513569952
2023-02-13,SA,2913.33,SA302,3030.0,SA305,2896.0,2302,2305,116.67000000000007,-17.329999999999927,0.04004695657546531,-0.005948519391898555
2023-02-14,FG,1528.8,FG302,1509.0,FG305,1528.0,2302,2305,-19.799999999999955,-0.7999999999999545,-0.01295133437990581,-0.0005232862375719183
2023-02-14,SA,2915.0,SA302,3043.0,SA305,2936.0,2302,2305,128.0,21.0,0.04391080617495713,0.007204116638078961
2023-02-15,FG,1528.8,FG303,1497.0,FG305,1536.0,2303,2305,-31.799999999999955,7.2000000000000455,-0.02080062794348503,0.0047095761381474865
2023-02-15,SA,2948.33,SA303,2994.0,SA305,2877.0,2303,2305,45.67000000000007,-71.32999999999993,0.01549012491817403,-0.02419335691730573
2023-02-16,FG,1526.3999999999999,FG303,1515.0,FG305,1538.0,2303,2305,-11.399999999999864,11.600000000000136,-0.0074685534591194536,0.007599580712788434
2023-02-16,SA,2948.33,SA303,3006.0,SA305,2909.0,2303,2305,57.67000000000007,-39.32999999999993,0.01956022561924886,-0.013339755047772739
2023-02-17,FG,1521.6,FG303,1513.0,FG305,1526.0,2303,2305,-8.599999999999909,4.400000000000091,-0.005651945320715002,0.0028916929547844195
2023-02-17,SA,2948.33,SA303,3029.0,SA305,2928.0,2303,2305,80.67000000000007,-20.329999999999927,0.027361251962975786,-0.0068954289377376465
2023-02-20,FG,1521.6,FG303,1518.0,FG305,1536.0,2303,2305,-3.599999999999909,14.400000000000091,-0.0023659305993690705,0.009463722397476504
2023-02-20,SA,2948.33,SA303,2996.0,SA305,2891.0,2303,2305,47.67000000000007,-57.32999999999993,0.016168475035019947,-0.019444906099385095
2023-02-21,FG,1520.8000000000002,FG303,1527.0,FG305,1556.0,2303,2305,6.199999999999818,35.19999999999982,0.00407680168332436,0.02314571278274591
2023-02-21,SA,2948.33,SA303,3075.0,SA305,2985.0,2303,2305,126.67000000000007,36.67000000000007,0.04296330465042919,0.012437549392367853
2023-02-22,FG,1520.8000000000002,FG303,1515.0,FG305,1544.0,2303,2305,-5.800000000000182,23.199999999999818,-0.0038137822198843763,0.015255128879537061
2023-02-22,SA,2948.33,SA303,3076.0,SA305,2982.0,2303,2305,127.67000000000007,33.67000000000007,0.04330247970885215,0.0114200242170992
2023-02-23,FG,1520.8000000000002,FG303,1509.0,FG305,1545.0,2303,2305,-11.800000000000182,24.199999999999818,-0.0077590741714888,0.015912677538137743
2023-02-23,SA,2948.33,SA303,3046.0,SA305,2956.0,2303,2305,97.67000000000007,7.670000000000073,0.03312722795616496,0.002601472698103624
2023-02-24,FG,1513.6000000000001,FG303,1491.0,FG305,1524.0,2303,2305,-22.600000000000136,10.399999999999864,-0.014931289640592094,0.006871035940803294
2023-02-24,SA,2948.33,SA303,3009.0,SA305,2918.0,2303,2305,60.67000000000007,-30.329999999999927,0.020577750794517513,-0.010287179521966672
2023-02-27,FG,1508.8,FG303,1492.0,FG305,1521.0,2303,2305,-16.799999999999955,12.200000000000045,-0.011134676564156898,0.008085896076352128
2023-02-27,SA,2948.33,SA303,3012.0,SA305,2902.0,2303,2305,63.67000000000007,-46.32999999999993,0.021595275969786387,-0.015713980456733112
2023-02-28,FG,1508.8,FG303,1440.0,FG305,1520.0,2303,2305,-68.79999999999995,11.200000000000045,-0.04559915164369033,0.007423117709437932
2023-02-28,SA,2931.67,SA303,3014.0,SA305,2929.0,2303,2305,82.32999999999993,-2.6700000000000728,0.02808296977490632,-0.0009107437058059054
2023-03-01,FG,1507.2,FG303,1452.0,FG305,1528.0,2303,2305,-55.200000000000045,20.799999999999955,-0.0366242038216561,0.013800424628449992
2023-03-01,SA,2931.67,SA303,3060.0,SA305,2963.0,2303,2305,128.32999999999993,31.329999999999927,0.04377368530564496,0.010686741686479095
2023-03-02,FG,1499.1999999999998,FG303,1470.0,FG305,1539.0,2303,2305,-29.199999999999818,39.80000000000018,-0.019477054429028695,0.026547491995731143
2023-03-02,SA,2931.67,SA303,3053.0,SA305,2970.0,2303,2305,121.32999999999993,38.32999999999993,0.041385967724880235,0.013074459267243599
2023-03-03,FG,1499.1999999999998,FG303,1470.0,FG305,1548.0,2303,2305,-29.199999999999818,48.80000000000018,-0.019477054429028695,0.03255069370330865
2023-03-03,SA,2941.67,SA303,3060.0,SA305,2986.0,2303,2305,118.32999999999993,44.32999999999993,0.04022545016946144,0.015069671309154264
2023-03-06,FG,1499.1999999999998,FG303,1490.0,FG305,1578.0,2303,2305,-9.199999999999818,78.80000000000018,-0.006136606189967808,0.05256136606189976
2023-03-06,SA,2966.67,SA303,3010.0,SA305,2938.0,2303,2305,43.32999999999993,-28.670000000000073,0.014605601566739734,-0.009664034085354989
2023-03-07,FG,1488.8,FG303,1520.0,FG305,1588.0,2303,2305,31.200000000000045,99.20000000000005,0.020956475013433673,0.06663084363245564
2023-03-07,SA,2991.67,SA303,2991.0,SA305,2919.0,2303,2305,-0.6700000000000728,-72.67000000000007,-0.00022395518222262378,-0.02429078073450619
2023-03-08,FG,1488.8,FG303,1528.0,FG305,1584.0,2303,2305,39.200000000000045,95.20000000000005,0.026329930145083225,0.06394411606663097
2023-03-08,SA,2991.67,SA303,2960.0,SA305,2888.0,2303,2305,-31.670000000000073,-103.67000000000007,-0.010586060628344773,-0.03465288618062823
2023-03-09,FG,1488.8,FG303,1510.0,FG305,1572.0,303,305,21.200000000000045,83.20000000000005,0.014239656098871567,0.05588393336915631
2023-03-09,SA,2991.67,SA303,2970.0,SA305,2899.0,303,305,-21.670000000000073,-92.67000000000007,-0.007243445968305395,-0.030976010054584946
2023-03-10,FG,1492.0,FG303,1516.0,FG305,1587.0,303,305,24.0,95.0,0.01608579088471851,0.06367292225201071
2023-03-10,SA,2991.67,SA303,2962.0,SA305,2893.0,303,305,-29.670000000000073,-98.67000000000007,-0.009917537696336853,-0.032981578850608595
2023-03-13,FG,1492.0,FG303,1548.0,FG305,1628.0,2303,2305,56.0,136.0,0.03753351206434319,0.09115281501340489
2023-03-13,SA,2991.67,SA303,2971.0,SA305,2861.0,2303,2305,-20.670000000000073,-130.67000000000007,-0.00690918450230138,-0.04367794576273454
2023-03-14,FG,1492.0,FG303,1545.0,FG305,1620.0,2303,2305,53.0,128.0,0.03552278820375343,0.08579088471849872
2023-03-14,SA,2991.67,SA303,2924.0,SA305,2827.0,2303,2305,-67.67000000000007,-164.67000000000007,-0.022619473404486445,-0.0550428356068684
2023-03-15,FG,1492.0,FG304,1621.0,FG305,1621.0,2304,2305,129.0,129.0,0.08646112600536182,0.08646112600536182
2023-03-15,SA,2991.67,SA304,2925.0,SA305,2855.0,2304,2305,-66.67000000000007,-136.67000000000007,-0.02228521193848254,-0.04568351455875819
2023-03-16,FG,1500.8000000000002,FG304,1557.0,FG305,1549.0,2304,2305,56.19999999999982,48.19999999999982,0.03744669509594867,0.03211620469083143
2023-03-16,SA,2991.67,SA304,2888.0,SA305,2808.0,2304,2305,-103.67000000000007,-183.67000000000007,-0.03465288618062823,-0.06139380346094325
2023-03-17,FG,1500.8000000000002,FG304,1564.0,FG305,1565.0,2304,2305,63.19999999999982,64.19999999999982,0.04211087420042636,0.042777185501065906
2023-03-17,SA,2991.67,SA304,2931.0,SA305,2837.0,2304,2305,-60.67000000000007,-154.67000000000007,-0.020279643142458892,-0.05170022094682902
2023-03-20,FG,1504.8,FG304,1561.0,FG305,1555.0,2304,2305,56.200000000000045,50.200000000000045,0.03734715576820835,0.03335991493886237
2023-03-20,SA,2983.33,SA304,2942.0,SA305,2843.0,2304,2305,-41.32999999999993,-140.32999999999993,-0.013853646763851146,-0.04703804138328649
2023-03-21,FG,1504.8,FG304,1574.0,FG305,1568.0,2304,2305,69.20000000000005,63.200000000000045,0.04598617756512491,0.041998936735778925
2023-03-21,SA,2983.33,SA304,2890.0,SA305,2806.0,2304,2305,-93.32999999999993,-177.32999999999993,-0.03128383383668587,-0.059440289877418784
2023-03-22,FG,1516.0,FG304,1585.0,FG305,1584.0,2304,2305,69.0,68.0,0.04551451187335087,0.04485488126649084
2023-03-22,SA,2983.33,SA304,2932.0,SA305,2835.0,2304,2305,-51.32999999999993,-148.32999999999993,-0.017205605816319358,-0.049719608625261036
2023-03-23,FG,1516.0,FG304,1618.0,FG305,1621.0,2304,2305,102.0,105.0,0.06728232189973604,0.06926121372031657
2023-03-23,SA,2983.33,SA304,2937.0,SA309,2402.0,2304,2309,-46.32999999999993,-581.3299999999999,-0.015529626290085252,-0.1948594355971347
2023-03-24,FG,1526.3999999999999,FG304,1635.0,FG305,1630.0,2304,2305,108.60000000000014,103.60000000000014,0.0711477987421385,0.06787211740041932
2023-03-24,SA,2983.33,SA304,2944.0,SA309,2495.0,2304,2309,-39.32999999999993,-488.3299999999999,-0.013183254953357482,-0.16368621640918035
2023-03-27,FG,1559.1999999999998,FG304,1642.0,FG305,1638.0,2304,2305,82.80000000000018,78.80000000000018,0.05310415597742435,0.05053873781426388
2023-03-27,SA,2983.33,SA304,2933.0,SA309,2530.0,2304,2309,-50.32999999999993,-453.3299999999999,-0.01687040991107247,-0.1519543597255416
2023-03-28,FG,1559.1999999999998,FG304,1685.0,FG305,1670.0,2304,2305,125.80000000000018,110.80000000000018,0.08068240123140091,0.07106208311954854
2023-03-28,SA,2983.33,SA304,2922.0,SA309,2507.0,2304,2309,-61.32999999999993,-476.3299999999999,-0.02055756486878757,-0.15966386554621848
2023-03-29,FG,1559.1999999999998,FG304,1678.0,FG305,1669.0,2304,2305,118.80000000000018,109.80000000000018,0.0761929194458697,0.07042072857875836
2023-03-29,SA,2983.33,SA304,2912.0,SA309,2452.0,2304,2309,-71.32999999999993,-531.3299999999999,-0.023909523921255782,-0.17809964033479364
2023-03-30,FG,1578.4,FG304,1689.0,FG305,1677.0,2304,2305,110.59999999999991,98.59999999999991,0.07007095793208307,0.062468322351748595
2023-03-30,SA,2950.0,SA304,2920.0,SA309,2466.0,2304,2309,-30.0,-484.0,-0.01016949152542368,-0.16406779661016946
2023-03-31,FG,1578.4,FG304,1638.0,FG305,1643.0,2304,2305,59.59999999999991,64.59999999999991,0.03775975671566134,0.040927521540800704
2023-03-31,SA,2950.0,SA304,2925.0,SA309,2463.0,2304,2309,-25.0,-487.0,-0.008474576271186418,-0.16508474576271182
2023-04-03,FG,1589.6000000000001,FG304,1665.0,FG305,1647.0,2304,2305,75.39999999999986,57.399999999999864,0.047433316557624394,0.036109713135379806
2023-04-03,SA,2950.0,SA304,2905.0,SA309,2433.0,2304,2309,-45.0,-517.0,-0.015254237288135575,-0.1752542372881356
2023-04-04,FG,1589.6000000000001,FG304,1646.0,FG309,1629.0,2304,2309,56.399999999999864,39.399999999999864,0.03548062405636632,0.024786109713135218
2023-04-04,SA,2950.0,SA304,2910.0,SA309,2440.0,2304,2309,-40.0,-510.0,-0.013559322033898313,-0.17288135593220344
2023-04-06,FG,1589.6000000000001,FG304,1678.0,FG309,1650.0,2304,2309,88.39999999999986,60.399999999999864,0.05561147458480109,0.03799698037242072
2023-04-06,SA,2950.0,SA304,2880.0,SA309,2408.0,2304,2309,-70.0,-542.0,-0.023728813559321993,-0.18372881355932202
2023-04-07,FG,1596.0,FG304,1675.0,FG309,1666.0,2304,2309,79.0,70.0,0.04949874686716793,0.04385964912280693
2023-04-07,SA,2950.0,SA304,2890.0,SA309,2433.0,2304,2309,-60.0,-517.0,-0.02033898305084747,-0.1752542372881356
2023-04-10,FG,1614.4,FG304,1698.0,FG309,1659.0,2304,2309,83.59999999999991,44.59999999999991,0.0517839444995043,0.027626362735381438
2023-04-10,SA,2950.0,SA304,2890.0,SA309,2376.0,2304,2309,-60.0,-574.0,-0.02033898305084747,-0.19457627118644072
2023-04-11,FG,1630.3999999999999,FG304,1698.0,FG309,1645.0,2304,2309,67.60000000000014,14.600000000000136,0.041462217860647854,0.008954857703631136
2023-04-11,SA,2941.67,SA304,2860.0,SA309,2343.0,2304,2309,-81.67000000000007,-598.6700000000001,-0.027763141344882336,-0.20351365040946134
2023-04-12,FG,1635.2,FG304,1698.0,FG309,1645.0,2304,2309,62.799999999999955,9.799999999999955,0.03840508806262233,0.0059931506849315586
2023-04-12,SA,2941.67,SA304,2990.0,SA309,2330.0,2304,2309,48.32999999999993,-611.6700000000001,0.01642944313944117,-0.20793290885789362
2023-04-13,FG,1635.2,FG304,1711.0,FG309,1657.0,2304,2309,75.79999999999995,21.799999999999955,0.046355185909980445,0.013331702544031376
2023-04-13,SA,2941.67,SA304,2880.0,SA309,2314.0,2304,2309,-61.67000000000007,-627.6700000000001,-0.020964282193447925,-0.21337199617904112
2023-04-14,FG,1656.0,FG304,1698.0,FG309,1704.0,2304,2309,42.0,48.0,0.0253623188405796,0.02898550724637672
2023-04-14,SA,2941.67,SA304,2785.0,SA309,2348.0,2304,2309,-156.67000000000007,-593.6700000000001,-0.053258863162761294,-0.20181393562160277
2023-04-17,FG,1656.0,FG304,1834.0,FG309,1761.0,2304,2309,178.0,105.0,0.10748792270531404,0.06340579710144922
2023-04-17,SA,2941.67,SA304,2820.0,SA309,2369.0,2304,2309,-121.67000000000007,-572.6700000000001,-0.04136085964775116,-0.19467513351259658
2023-04-18,FG,1749.6000000000001,FG305,1874.0,FG309,1770.0,2305,2309,124.39999999999986,20.399999999999864,0.07110196616369446,0.011659807956104107
2023-04-18,SA,2941.67,SA305,2763.0,SA309,2366.0,2305,2309,-178.67000000000007,-575.6700000000001,-0.06073760822933916,-0.1956949623853118
2023-04-19,FG,1765.6,FG305,1897.0,FG309,1778.0,2305,2309,131.4000000000001,12.400000000000091,0.07442229270502954,0.007023108291798863
2023-04-19,SA,2941.67,SA305,2750.0,SA309,2317.0,2305,2309,-191.67000000000007,-624.6700000000001,-0.06515686667777154,-0.212352167306326
2023-04-20,FG,1793.6000000000001,FG305,1970.0,FG309,1850.0,2305,2309,176.39999999999986,56.399999999999864,0.09834968777876885,0.03144513826940232
2023-04-20,SA,2941.67,SA305,2697.0,SA309,2220.0,2305,2309,-244.67000000000007,-721.6700000000001,-0.08317384342907264,-0.24532663419078282
2023-04-21,FG,1808.0,FG305,1892.0,FG309,1807.0,2305,2309,84.0,-1.0,0.04646017699115035,-0.0005530973451327581
2023-04-21,SA,2941.67,SA305,2666.0,SA309,2226.0,2305,2309,-275.6700000000001,-715.6700000000001,-0.09371207511379598,-0.24328697644535247
2023-04-24,FG,1878.4,FG305,1974.0,FG309,1837.0,305,309,95.59999999999991,-41.40000000000009,0.05089437819420772,-0.022040034071550307
2023-04-24,SA,2933.33,SA305,2580.0,SA309,2133.0,305,309,-353.3299999999999,-800.3299999999999,-0.12045354596993862,-0.27284008277282135
2023-04-25,FG,1888.8,FG305,1979.0,FG309,1846.0,2305,2309,90.20000000000005,-42.799999999999955,0.04775518847945781,-0.022659889877170714
2023-04-25,SA,2933.33,SA305,2602.0,SA309,2121.0,2305,2309,-331.3299999999999,-812.3299999999999,-0.1129535374472016,-0.276930996512496
2023-04-26,FG,1888.8,FG305,1962.0,FG309,1813.0,2305,2309,73.20000000000005,-75.79999999999995,0.038754764930114316,-0.040131300296484484
2023-04-26,SA,2933.33,SA305,2639.0,SA309,2143.0,2305,2309,-294.3299999999999,-790.3299999999999,-0.10033988674987127,-0.26943098798975906
2023-04-27,FG,1944.0,FG305,1916.0,FG309,1753.0,2305,2309,-28.0,-191.0,-0.014403292181069949,-0.09825102880658432
2023-04-27,SA,2925.0,SA305,2639.0,SA309,2141.0,2305,2309,-286.0,-784.0,-0.09777777777777774,-0.268034188034188
2023-04-28,FG,1944.0,FG305,2000.0,FG309,1793.0,2305,2309,56.0,-151.0,0.028806584362139898,-0.07767489711934161
2023-04-28,SA,2925.0,SA305,2654.0,SA309,2094.0,2305,2309,-271.0,-831.0,-0.09264957264957263,-0.28410256410256407
2023-05-04,FG,1970.3999999999999,FG305,2015.0,FG309,1738.0,2305,2309,44.600000000000136,-232.39999999999986,0.022634997969955384,-0.11794559480308564
2023-05-04,SA,2925.0,SA305,2570.0,SA309,2051.0,2305,2309,-355.0,-874.0,-0.12136752136752138,-0.29880341880341876
2023-05-05,FG,1970.3999999999999,FG305,2012.0,FG309,1755.0,2305,2309,41.600000000000136,-215.39999999999986,0.02111246447421844,-0.10931790499390981
2023-05-05,SA,2916.67,SA305,2460.0,SA309,2035.0,2305,2309,-456.6700000000001,-881.6700000000001,-0.15657239248869437,-0.30228651167255816
2023-05-08,FG,1999.1999999999998,FG305,1994.0,FG309,1730.0,2305,2309,-5.199999999999818,-269.1999999999998,-0.002601040416166378,-0.13465386154461778
2023-05-08,SA,2908.33,SA305,2390.0,SA309,2070.0,2305,2309,-518.3299999999999,-838.3299999999999,-0.1782225538367379,-0.28825133323935037
2023-05-09,FG,2000.8000000000002,FG305,1985.0,FG309,1676.0,2305,2309,-15.800000000000182,-324.8000000000002,-0.007896841263494658,-0.16233506597361058
2023-05-09,SA,2908.33,SA305,2368.0,SA309,1988.0,2305,2309,-540.3299999999999,-920.3299999999999,-0.18578703242066752,-0.3164462079612699
2023-05-10,FG,2000.8000000000002,FG305,1988.0,FG309,1696.0,2305,2309,-12.800000000000182,-304.8000000000002,-0.006397441023590633,-0.15233906437425038
2023-05-10,SA,2841.67,SA305,2360.0,SA309,1972.0,2305,2309,-481.6700000000001,-869.6700000000001,-0.16950244046634555,-0.3060418697456073
2023-05-11,FG,2000.8000000000002,FG305,2008.0,FG309,1691.0,2305,2309,7.199999999999818,-309.8000000000002,0.0035985605757695716,-0.15483806477409046
2023-05-11,SA,2825.0,SA305,2222.0,SA309,1921.0,2305,2309,-603.0,-904.0,-0.21345132743362827,-0.31999999999999995
2023-05-12,FG,2000.8000000000002,FG305,2015.0,FG309,1683.0,2305,2309,14.199999999999818,-317.8000000000002,0.007097161135545704,-0.15883646541383456
2023-05-12,SA,2825.0,SA305,2178.0,SA309,1874.0,2305,2309,-647.0,-951.0,-0.22902654867256633,-0.33663716814159295
2023-05-15,FG,1976.0,FG305,1980.0,FG309,1609.0,2305,2309,4.0,-367.0,0.002024291497975783,-0.18572874493927127
2023-05-15,SA,2825.0,SA305,2100.0,SA309,1854.0,2305,2309,-725.0,-971.0,-0.2566371681415929,-0.343716814159292
2023-05-16,FG,1971.2,FG305,2000.0,FG309,1594.0,2305,2309,28.799999999999955,-377.20000000000005,0.014610389610389518,-0.19135551948051954
2023-05-16,SA,2816.67,SA305,2096.0,SA309,1850.0,2305,2309,-720.6700000000001,-966.6700000000001,-0.25585886880607245,-0.343196043554978
2023-05-17,FG,1957.6,FG305,1999.0,FG309,1631.0,2305,2309,41.40000000000009,-326.5999999999999,0.021148344912137462,-0.16683694319574982
2023-05-17,SA,2816.67,SA305,2111.0,SA309,1819.0,2305,2309,-705.6700000000001,-997.6700000000001,-0.25053343132138306,-0.3542019476900028
2023-05-18,FG,1957.6,FG306,1762.0,FG309,1623.0,2306,2309,-195.5999999999999,-334.5999999999999,-0.09991826726604003,-0.1709235798937474
2023-05-18,SA,2816.67,SA306,1934.0,SA309,1815.0,2306,2309,-882.6700000000001,-1001.6700000000001,-0.3133735936407176,-0.3556220643525866
2023-05-19,FG,1940.0,FG306,1745.0,FG309,1582.0,2306,2309,-195.0,-358.0,-0.10051546391752575,-0.18453608247422681
2023-05-19,SA,2816.67,SA306,1836.0,SA309,1743.0,2306,2309,-980.6700000000001,-1073.67,-0.3481664518740215,-0.3811841642790955
2023-05-22,FG,1924.8,FG306,1714.0,FG309,1484.0,2306,2309,-210.79999999999995,-440.79999999999995,-0.10951787198669993,-0.22901080631753945
2023-05-22,SA,2766.67,SA306,1746.0,SA309,1601.0,2306,2309,-1020.6700000000001,-1165.67,-0.36891642299226146,-0.4213259984024116
2023-05-23,FG,1913.6000000000001,FG306,1753.0,FG309,1474.0,2306,2309,-160.60000000000014,-439.60000000000014,-0.08392558528428096,-0.22972408026755853
2023-05-23,SA,2766.67,SA306,1803.0,SA309,1622.0,2306,2309,-963.6700000000001,-1144.67,-0.3483140381758576,-0.41373564610163127
2023-05-24,FG,1910.3999999999999,FG306,1749.0,FG309,1479.0,2306,2309,-161.39999999999986,-431.39999999999986,-0.08448492462311552,-0.22581658291457285
2023-05-24,SA,2766.67,SA306,1792.0,SA309,1617.0,2306,2309,-974.6700000000001,-1149.67,-0.35228993700007594,-0.4155428728399122
2023-05-25,FG,1900.0,FG306,1743.0,FG309,1488.0,2306,2309,-157.0,-412.0,-0.08263157894736839,-0.21684210526315795
2023-05-25,SA,2766.67,SA306,1756.0,SA309,1570.0,2306,2309,-1010.6700000000001,-1196.67,-0.3653019695156994,-0.432530804179754
2023-05-26,FG,1874.4,FG306,1732.0,FG309,1475.0,2306,2309,-142.4000000000001,-399.4000000000001,-0.07597097737942815,-0.21308151941954767
2023-05-26,SA,2766.67,SA306,1832.0,SA309,1610.0,2306,2309,-934.6700000000001,-1156.67,-0.3378321230938276,-0.41807299027350575
2023-05-29,FG,1874.4,FG306,1717.0,FG309,1462.0,2306,2309,-157.4000000000001,-412.4000000000001,-0.08397353819889031,-0.2200170721297482
2023-05-29,SA,2766.67,SA306,1950.0,SA309,1691.0,2306,2309,-816.6700000000001,-1075.67,-0.2951815720703951,-0.38879591711335293
2023-05-30,FG,1808.8,FG306,1714.0,FG309,1416.0,2306,2309,-94.79999999999995,-392.79999999999995,-0.052410437859354286,-0.2171605484298983
2023-05-30,SA,2733.33,SA306,1860.0,SA309,1603.0,2306,2309,-873.3299999999999,-1130.33,-0.31951136525776247,-0.41353587016569526
2023-05-31,FG,1784.8,FG306,1692.0,FG309,1409.0,2306,2309,-92.79999999999995,-375.79999999999995,-0.05199462124607801,-0.21055580457194079
2023-05-31,SA,2683.33,SA306,1891.0,SA309,1617.0,2306,2309,-792.3299999999999,-1066.33,-0.2952786276753139,-0.39739055576466553
2023-06-01,FG,1784.8,FG306,1708.0,FG309,1448.0,2306,2309,-76.79999999999995,-336.79999999999995,-0.04303003137606454,-0.18870461676378303
2023-06-01,SA,2516.67,SA306,1895.0,SA309,1649.0,2306,2309,-621.6700000000001,-867.6700000000001,-0.24702086487302666,-0.3447690797760533
2023-06-02,FG,1776.8000000000002,FG306,1725.0,FG309,1556.0,2306,2309,-51.80000000000018,-220.80000000000018,-0.029153534443944307,-0.12426834759117522
2023-06-02,SA,2366.67,SA306,1952.0,SA309,1711.0,2306,2309,-414.6700000000001,-655.6700000000001,-0.17521242927826863,-0.27704327177003973
2023-06-05,FG,1776.8000000000002,FG306,1721.0,FG309,1531.0,2306,2309,-55.80000000000018,-245.80000000000018,-0.03140477262494379,-0.13833858622242245
2023-06-05,SA,2283.33,SA306,1950.0,SA309,1680.0,2306,2309,-333.3299999999999,-603.3299999999999,-0.1459841547213937,-0.2642325025292007
2023-06-06,FG,1761.6,FG306,1721.0,FG309,1507.0,2306,2309,-40.59999999999991,-254.5999999999999,-0.023047229791098967,-0.14452770208901
2023-06-06,SA,2266.67,SA306,1933.0,SA309,1655.0,2306,2309,-333.6700000000001,-611.6700000000001,-0.14720713646009342,-0.26985401492056627
2023-06-07,FG,1761.6,FG306,1732.0,FG309,1527.0,2306,2309,-29.59999999999991,-234.5999999999999,-0.016802906448682986,-0.13317438692098094
2023-06-07,SA,2266.67,SA306,1902.0,SA309,1634.0,2306,2309,-364.6700000000001,-632.6700000000001,-0.16088358693590155,-0.27911870717837184
2023-06-08,FG,1761.6,FG306,1742.0,FG309,1555.0,2306,2309,-19.59999999999991,-206.5999999999999,-0.011126248864668398,-0.11727974568574018
2023-06-08,SA,2266.67,SA306,1900.0,SA309,1626.0,2306,2309,-366.6700000000001,-640.6700000000001,-0.16176593857950217,-0.2826481137527739
2023-06-09,FG,1753.6000000000001,FG306,1750.0,FG309,1573.0,2306,2309,-3.6000000000001364,-180.60000000000014,-0.0020529197080292327,-0.10298813868613144
2023-06-09,SA,2250.0,SA306,1910.0,SA309,1656.0,2306,2309,-340.0,-594.0,-0.15111111111111108,-0.264
2023-06-12,FG,1753.6000000000001,FG306,1768.0,FG309,1559.0,2306,2309,14.399999999999864,-194.60000000000014,0.008211678832116709,-0.11097171532846717
2023-06-12,SA,2241.67,SA306,1887.0,SA309,1589.0,2306,2309,-354.6700000000001,-652.6700000000001,-0.1582168651050333,-0.2911534704037615
2023-06-13,FG,1752.8,FG306,1784.0,FG309,1613.0,2306,2309,31.200000000000045,-139.79999999999995,0.01780009128251936,-0.07975810132359651
2023-06-13,SA,2241.67,SA306,1920.0,SA309,1680.0,2306,2309,-321.6700000000001,-561.6700000000001,-0.14349569740416745,-0.2505587352286466
2023-06-14,FG,1752.8,FG306,1821.0,FG309,1648.0,2306,2309,68.20000000000005,-104.79999999999995,0.03890917389319948,-0.059790050205385636
2023-06-14,SA,2241.67,SA306,1961.0,SA309,1688.0,2306,2309,-280.6700000000001,-553.6700000000001,-0.125205761775819,-0.24698996730116385
2023-06-15,FG,1756.0,FG307,1741.0,FG309,1629.0,2307,2309,-15.0,-127.0,-0.008542141230068356,-0.07232346241457854
2023-06-15,SA,2241.67,SA307,1915.0,SA309,1682.0,2307,2309,-326.6700000000001,-559.6700000000001,-0.14572617735884408,-0.24966654324677584
2023-06-16,FG,1740.0,FG307,1710.0,FG309,1615.0,2307,2309,-30.0,-125.0,-0.017241379310344862,-0.07183908045977017
2023-06-16,SA,2241.67,SA307,1937.0,SA309,1697.0,2307,2309,-304.6700000000001,-544.6700000000001,-0.13591206555826685,-0.24297510338274597
2023-06-19,FG,1762.4,FG307,1611.0,FG309,1510.0,2307,2309,-151.4000000000001,-252.4000000000001,-0.08590558329550613,-0.14321379936450296
2023-06-19,SA,2241.67,SA307,1943.0,SA309,1691.0,2307,2309,-298.6700000000001,-550.6700000000001,-0.13323548961265486,-0.24565167932835785
2023-06-20,FG,1762.4,FG307,1611.0,FG309,1511.0,2307,2309,-151.4000000000001,-251.4000000000001,-0.08590558329550613,-0.14264639128461198
2023-06-20,SA,2175.0,SA307,1957.0,SA309,1717.0,2307,2309,-218.0,-458.0,-0.10022988505747121,-0.2105747126436781
2023-06-21,FG,1748.0,FG307,1626.0,FG309,1510.0,2307,2309,-122.0,-238.0,-0.06979405034324948,-0.1361556064073226
2023-06-21,SA,2175.0,SA307,1900.0,SA309,1671.0,2307,2309,-275.0,-504.0,-0.12643678160919536,-0.23172413793103452
2023-06-26,FG,1746.3999999999999,FG307,1622.0,FG309,1492.0,2307,2309,-124.39999999999986,-254.39999999999986,-0.0712322491983508,-0.14567109482363716
2023-06-26,SA,2175.0,SA307,1903.0,SA309,1675.0,2307,2309,-272.0,-500.0,-0.12505747126436784,-0.22988505747126442
2023-06-27,FG,1730.3999999999999,FG307,1629.0,FG309,1496.0,2307,2309,-101.39999999999986,-234.39999999999986,-0.05859916782246877,-0.135460009246417
2023-06-27,SA,2175.0,SA307,1896.0,SA309,1682.0,2307,2309,-279.0,-493.0,-0.12827586206896546,-0.22666666666666668
2023-06-28,FG,1716.0,FG307,1632.0,FG309,1504.0,2307,2309,-84.0,-212.0,-0.04895104895104896,-0.12354312354312358
2023-06-28,SA,2175.0,SA307,1879.0,SA309,1634.0,2307,2309,-296.0,-541.0,-0.13609195402298846,-0.24873563218390804
2023-06-29,FG,1716.0,FG307,1646.0,FG309,1506.0,2307,2309,-70.0,-210.0,-0.0407925407925408,-0.1223776223776224
2023-06-29,SA,2175.0,SA307,1941.0,SA309,1687.0,2307,2309,-234.0,-488.0,-0.10758620689655174,-0.224367816091954
2023-06-30,FG,1708.0,FG307,1687.0,FG309,1517.0,2307,2309,-21.0,-191.0,-0.012295081967213073,-0.11182669789227162
2023-06-30,SA,2175.0,SA307,1916.0,SA309,1688.0,2307,2309,-259.0,-487.0,-0.11908045977011494,-0.22390804597701153
2023-07-03,FG,1674.4,FG307,1660.0,FG309,1520.0,2307,2309,-14.400000000000091,-154.4000000000001,-0.008600095556617338,-0.09221213569039666
2023-07-03,SA,2175.0,SA307,1930.0,SA309,1690.0,2307,2309,-245.0,-485.0,-0.11264367816091958,-0.22298850574712648
2023-07-04,FG,1663.1999999999998,FG307,1648.0,FG309,1562.0,2307,2309,-15.199999999999818,-101.19999999999982,-0.009139009139009002,-0.060846560846560704
2023-07-04,SA,2175.0,SA307,1930.0,SA309,1703.0,2307,2309,-245.0,-472.0,-0.11264367816091958,-0.21701149425287358
2023-07-05,FG,1663.1999999999998,FG307,1640.0,FG309,1566.0,2307,2309,-23.199999999999818,-97.19999999999982,-0.013949013949013822,-0.058441558441558294
2023-07-05,SA,2175.0,SA307,1920.0,SA309,1686.0,2307,2309,-255.0,-489.0,-0.11724137931034484,-0.22482758620689658
2023-07-06,FG,1663.1999999999998,FG307,1650.0,FG309,1567.0,2307,2309,-13.199999999999818,-96.19999999999982,-0.007936507936507797,-0.05784030784030769
2023-07-06,SA,2175.0,SA307,1930.0,SA309,1688.0,2307,2309,-245.0,-487.0,-0.11264367816091958,-0.22390804597701153
2023-07-07,FG,1672.8,FG307,1715.0,FG309,1595.0,2307,2309,42.200000000000045,-77.79999999999995,0.025227164036346172,-0.04650884744141559
2023-07-07,SA,2175.0,SA307,1951.0,SA309,1696.0,2307,2309,-224.0,-479.0,-0.10298850574712648,-0.22022988505747132
2023-07-10,FG,1709.6000000000001,FG307,1690.0,FG309,1586.0,2307,2309,-19.600000000000136,-123.60000000000014,-0.011464670098268681,-0.07229761347683672
2023-07-10,SA,2175.0,SA307,1965.0,SA309,1728.0,2307,2309,-210.0,-447.0,-0.096551724137931,-0.20551724137931038
2023-07-11,FG,1709.6000000000001,FG307,1730.0,FG309,1623.0,2307,2309,20.399999999999864,-86.60000000000014,0.011932615816565129,-0.05065512400561545
2023-07-11,SA,2175.0,SA307,2002.0,SA309,1794.0,2307,2309,-173.0,-381.0,-0.07954022988505749,-0.17517241379310344
2023-07-12,FG,1709.6000000000001,FG307,1730.0,FG309,1624.0,2307,2309,20.399999999999864,-85.60000000000014,0.011932615816565129,-0.05007019185774453
2023-07-12,SA,2175.0,SA307,2028.0,SA309,1828.0,2307,2309,-147.0,-347.0,-0.0675862068965517,-0.15954022988505745
2023-07-13,FG,1709.6000000000001,FG307,1730.0,FG309,1617.0,2307,2309,20.399999999999864,-92.60000000000014,0.011932615816565129,-0.054164716892840525
2023-07-13,SA,2175.0,SA307,2039.0,SA309,1836.0,2307,2309,-136.0,-339.0,-0.06252873563218386,-0.15586206896551724
2023-07-14,FG,1709.6000000000001,FG307,1730.0,FG309,1678.0,2307,2309,20.399999999999864,-31.600000000000136,0.011932615816565129,-0.018483855872718835
2023-07-14,SA,2175.0,SA307,2048.0,SA309,1854.0,2307,2309,-127.0,-321.0,-0.058390804597701185,-0.14758620689655177
2023-07-17,FG,1709.6000000000001,FG308,1727.0,FG309,1670.0,2308,2309,17.399999999999864,-39.600000000000136,0.010177819372952701,-0.02316331305568564
2023-07-17,SA,2175.0,SA308,1973.0,SA309,1810.0,2308,2309,-202.0,-365.0,-0.0928735632183908,-0.16781609195402303
2023-07-18,FG,1708.0,FG308,1768.0,FG309,1708.0,2308,2309,60.0,0.0,0.03512880562060894,0.0
2023-07-18,SA,2175.0,SA308,1996.0,SA309,1845.0,2308,2309,-179.0,-330.0,-0.08229885057471265,-0.15172413793103445
2023-07-19,FG,1720.8000000000002,FG308,1795.0,FG309,1747.0,2308,2309,74.19999999999982,26.199999999999818,0.04311947931194782,0.015225476522547465
2023-07-19,SA,2175.0,SA308,2046.0,SA309,1897.0,2308,2309,-129.0,-278.0,-0.05931034482758624,-0.127816091954023
2023-07-20,FG,1724.8,FG308,1750.0,FG309,1698.0,2308,2309,25.200000000000045,-26.799999999999955,0.01461038961038974,-0.015538033395176232
2023-07-20,SA,2175.0,SA308,2115.0,SA309,1975.0,2308,2309,-60.0,-200.0,-0.02758620689655178,-0.09195402298850575
2023-07-21,FG,1724.8,FG308,1734.0,FG309,1691.0,2308,2309,9.200000000000045,-33.799999999999955,0.00533395176252327,-0.019596474953617826
2023-07-21,SA,2175.0,SA308,2117.0,SA309,1990.0,2308,2309,-58.0,-185.0,-0.026666666666666616,-0.0850574712643678
2023-07-24,FG,1743.1999999999998,FG308,1701.0,FG309,1642.0,2308,2309,-42.19999999999982,-101.19999999999982,-0.024208352455254656,-0.058054153281321574
2023-07-24,SA,2175.0,SA308,2145.0,SA309,2010.0,2308,2309,-30.0,-165.0,-0.01379310344827589,-0.07586206896551728
2023-07-25,FG,1740.0,FG308,1720.0,FG309,1675.0,2308,2309,-20.0,-65.0,-0.011494252873563204,-0.03735632183908044
2023-07-25,SA,2183.33,SA308,2168.0,SA309,2020.0,2308,2309,-15.329999999999927,-163.32999999999993,-0.007021384765472871,-0.07480774779808819
2023-07-26,FG,1740.0,FG308,1755.0,FG309,1713.0,2308,2309,15.0,-27.0,0.008620689655172376,-0.01551724137931032
2023-07-26,SA,2183.33,SA308,2279.0,SA309,2142.0,2308,2309,95.67000000000007,-41.32999999999993,0.04381838750898859,-0.018929799892824284
2023-07-27,FG,1738.4,FG308,1742.0,FG309,1720.0,2308,2309,3.599999999999909,-18.40000000000009,0.002070869765301353,-0.010584445467096248
2023-07-27,SA,2183.33,SA308,2272.0,SA309,2147.0,2308,2309,88.67000000000007,-36.32999999999993,0.04061227574393245,-0.016639720060641294
2023-07-28,FG,1738.4,FG308,1708.0,FG309,1684.0,2308,2309,-30.40000000000009,-54.40000000000009,-0.017487344684767647,-0.031293143120110445
2023-07-28,SA,2200.0,SA308,2191.0,SA401,1622.0,2308,2401,-9.0,-578.0,-0.004090909090909145,-0.2627272727272727
2023-07-31,FG,1738.4,FG308,1723.0,FG309,1718.0,2308,2309,-15.400000000000091,-20.40000000000009,-0.008858720662678343,-0.011734928670041445
2023-07-31,SA,2200.0,SA308,2170.0,SA401,1636.0,2308,2401,-30.0,-564.0,-0.013636363636363669,-0.25636363636363635
2023-08-01,FG,1738.4,FG308,1825.0,FG309,1819.0,2308,2309,86.59999999999991,80.59999999999991,0.04981592268752877,0.04636447307869296
2023-08-01,SA,2200.0,SA308,2210.0,SA401,1694.0,2308,2401,10.0,-506.0,0.00454545454545463,-0.22999999999999998
2023-08-02,FG,1747.2,FG308,1831.0,FG309,1813.0,2308,2309,83.79999999999995,65.79999999999995,0.04796245421245415,0.03766025641025639
2023-08-02,SA,2233.33,SA308,2226.0,SA401,1649.0,2308,2401,-7.329999999999927,-584.3299999999999,-0.0032820944508872296,-0.2616406890159537
2023-08-03,FG,1783.1999999999998,FG308,1817.0,FG309,1810.0,2308,2309,33.80000000000018,26.800000000000182,0.018954688200987002,0.015029161058770946
2023-08-03,SA,2233.33,SA308,2150.0,SA401,1588.0,2308,2401,-83.32999999999993,-645.3299999999999,-0.03731199598805368,-0.2889541626181531
2023-08-04,FG,1788.8,FG308,1856.0,FG309,1850.0,2308,2309,67.20000000000005,61.200000000000045,0.03756708407871212,0.034212880143112745
2023-08-04,SA,2266.67,SA308,2197.0,SA401,1579.0,2308,2401,-69.67000000000007,-687.6700000000001,-0.03073671950482426,-0.3033833773773862
2023-08-07,FG,1809.6000000000001,FG308,1875.0,FG401,1550.0,2308,2401,65.39999999999986,-259.60000000000014,0.03614058355437666,-0.14345711759504864
2023-08-07,SA,2266.67,SA308,2186.0,SA401,1526.0,2308,2401,-80.67000000000007,-740.6700000000001,-0.035589653544627176,-0.32676569593280014
2023-08-08,FG,1848.8,FG308,1856.0,FG401,1535.0,2308,2401,7.2000000000000455,-313.79999999999995,0.0038944180008655405,-0.16973171787105146
2023-08-08,SA,2275.0,SA308,2166.0,SA401,1538.0,2308,2401,-109.0,-737.0,-0.0479120879120879,-0.32395604395604394
2023-08-09,FG,1848.8,FG308,1900.0,FG401,1541.0,2308,2401,51.200000000000045,-307.79999999999995,0.0276936391172653,-0.16648636953699691
2023-08-09,SA,2275.0,SA308,2166.0,SA401,1560.0,2308,2401,-109.0,-715.0,-0.0479120879120879,-0.3142857142857143
2023-08-10,FG,1848.8,FG308,1825.0,FG401,1539.0,2308,2401,-23.799999999999955,-309.79999999999995,-0.01287321505841621,-0.1675681523150151
2023-08-10,SA,2275.0,SA308,2135.0,SA401,1557.0,2308,2401,-140.0,-718.0,-0.06153846153846154,-0.31560439560439557
2023-08-11,FG,1860.8000000000002,FG308,1840.0,FG401,1590.0,2308,2401,-20.800000000000182,-270.8000000000002,-0.011177987962166958,-0.1455288048151333
2023-08-11,SA,2275.0,SA308,2201.0,SA401,1607.0,2308,2401,-74.0,-668.0,-0.03252747252747257,-0.29362637362637367
2023-08-14,FG,1873.6000000000001,FG308,1880.0,FG401,1578.0,2308,2401,6.399999999999864,-295.60000000000014,0.0034158838599487318,-0.15777113578138346
2023-08-14,SA,2275.0,SA308,2349.0,SA401,1584.0,2308,2401,74.0,-691.0,0.032527472527472456,-0.3037362637362637
2023-08-15,FG,1873.6000000000001,FG309,1807.0,FG401,1562.0,2309,2401,-66.60000000000014,-311.60000000000014,-0.03554654141759184,-0.1663108454312554
2023-08-15,SA,2275.0,SA309,2113.0,SA401,1579.0,2309,2401,-162.0,-696.0,-0.0712087912087912,-0.3059340659340659
2023-08-16,FG,1873.6000000000001,FG309,1819.0,FG401,1555.0,2309,2401,-54.600000000000136,-318.60000000000014,-0.02914175918018791,-0.17004696840307432
2023-08-16,SA,2275.0,SA309,2193.0,SA401,1590.0,2309,2401,-82.0,-685.0,-0.03604395604395605,-0.30109890109890114
2023-08-17,FG,1873.6000000000001,FG309,1821.0,FG401,1586.0,2309,2401,-52.600000000000136,-287.60000000000014,-0.028074295473953903,-0.15350128095644755
2023-08-17,SA,2283.33,SA309,2345.0,SA401,1683.0,2309,2401,61.67000000000007,-600.3299999999999,0.027008798552990543,-0.2629186319980029
2023-08-18,FG,1873.6000000000001,FG309,1820.0,FG401,1574.0,2309,2401,-53.600000000000136,-299.60000000000014,-0.028608027327070906,-0.15990606319385148
2023-08-18,SA,2283.33,SA309,2371.0,SA401,1691.0,2309,2401,87.67000000000007,-592.3299999999999,0.03839567649003861,-0.259414977248142
2023-08-21,FG,1864.0,FG309,1885.0,FG401,1663.0,2309,2401,21.0,-201.0,0.011266094420600892,-0.10783261802575106
2023-08-21,SA,2300.0,SA309,2567.0,SA401,1838.0,2309,2401,267.0,-462.0,0.11608695652173906,-0.2008695652173913
2023-08-22,FG,1864.0,FG309,1834.0,FG401,1613.0,2309,2401,-30.0,-251.0,-0.016094420600858417,-0.13465665236051505
2023-08-22,SA,2325.0,SA309,2671.0,SA401,1857.0,2309,2401,346.0,-468.0,0.14881720430107537,-0.20129032258064516
2023-08-23,FG,1855.2,FG309,1820.0,FG401,1618.0,2309,2401,-35.200000000000045,-237.20000000000005,-0.018973695558430426,-0.12785683484260457
2023-08-23,SA,2325.0,SA309,2661.0,SA401,1841.0,2309,2401,336.0,-484.0,0.14451612903225808,-0.20817204301075265
2023-08-24,FG,1855.2,FG309,1806.0,FG401,1615.0,2309,2401,-49.200000000000045,-240.20000000000005,-0.026520051746442452,-0.12947391116860718
2023-08-24,SA,2383.33,SA309,2860.0,SA401,1922.0,2309,2401,476.6700000000001,-461.3299999999999,0.2000016783240257,-0.19356530568574215
2023-08-25,FG,1868.0,FG309,1809.0,FG401,1618.0,2309,2401,-59.0,-250.0,-0.03158458244111351,-0.13383297644539616
2023-08-25,SA,2433.33,SA309,2975.0,SA401,1980.0,2309,2401,541.6700000000001,-453.3299999999999,0.2226044145265953,-0.18630025520582905
2023-08-28,FG,1868.0,FG309,1793.0,FG401,1572.0,2309,2401,-75.0,-296.0,-0.040149892933618814,-0.158458244111349
2023-08-28,SA,2750.0,SA309,3193.0,SA401,1898.0,2309,2401,443.0,-852.0,0.16109090909090917,-0.30981818181818177
2023-08-29,FG,1857.6,FG309,1790.0,FG401,1578.0,2309,2401,-67.59999999999991,-279.5999999999999,-0.03639104220499567,-0.15051679586563305
2023-08-29,SA,2916.67,SA309,2818.0,SA401,1764.0,2309,2401,-98.67000000000007,-1152.67,-0.03382967562322792,-0.3952006911992101
2023-08-30,FG,1860.0,FG309,1939.0,FG401,1716.0,2309,2401,79.0,-144.0,0.0424731182795699,-0.07741935483870965
2023-08-30,SA,2916.67,SA309,2935.0,SA401,1895.0,2309,2401,18.329999999999927,-1021.6700000000001,0.006284564246212154,-0.350286456815478
2023-08-31,FG,1887.2,FG309,1971.0,FG401,1768.0,2309,2401,83.79999999999995,-119.20000000000005,0.044404408647731985,-0.063162356930903
2023-08-31,SA,2916.67,SA309,3138.0,SA401,1885.0,2309,2401,221.32999999999993,-1031.67,0.07588448470344611,-0.35371502432568647
2023-09-01,FG,1895.2,FG309,2000.0,FG401,1812.0,2309,2401,104.79999999999995,-83.20000000000005,0.05529759392148592,-0.0439003799071338
2023-09-01,SA,2916.67,SA309,3250.0,SA401,2053.0,2309,2401,333.3299999999999,-863.6700000000001,0.11428444081778188,-0.2961150901541827
2023-09-04,FG,1895.2,FG309,1940.0,FG401,1748.0,2309,2401,44.799999999999955,-147.20000000000005,0.023638666103841244,-0.07766990291262144
2023-09-04,SA,2916.67,SA309,3223.0,SA401,1903.0,2309,2401,306.3299999999999,-1013.6700000000001,0.10502730854021869,-0.3475436028073111
2023-09-05,FG,1895.2,FG309,1960.0,FG401,1757.0,2309,2401,64.79999999999995,-138.20000000000005,0.034191642043056136,-0.07292106373997465
2023-09-05,SA,2991.67,SA309,3320.0,SA401,1955.0,2309,2401,328.3299999999999,-1036.67,0.10974806713307284,-0.346518833962302
2023-09-06,FG,1885.6,FG309,1985.0,FG401,1779.0,2309,2401,99.40000000000009,-106.59999999999991,0.05271531607976243,-0.05653372931692824
2023-09-06,SA,3025.0,SA309,3310.0,SA401,1912.0,2309,2401,285.0,-1113.0,0.09421487603305789,-0.3679338842975206
2023-09-07,FG,1885.6,FG309,1939.0,FG401,1745.0,2309,2401,53.40000000000009,-140.5999999999999,0.02831989817564695,-0.07456512515910052
2023-09-07,SA,3025.0,SA309,3328.0,SA401,1868.0,2309,2401,303.0,-1157.0,0.10016528925619839,-0.38247933884297525
2023-09-08,FG,1885.6,FG309,1923.0,FG401,1689.0,2309,2401,37.40000000000009,-196.5999999999999,0.019834535426389577,-0.10426389478150189
2023-09-08,SA,3083.33,SA309,3544.0,SA401,1793.0,2309,2401,460.6700000000001,-1290.33,0.14940664800718717,-0.418485857822549
2023-09-11,FG,1887.2,FG309,1928.0,FG401,1748.0,2309,2401,40.799999999999955,-139.20000000000005,0.02161933022467144,-0.07376006782534972
2023-09-11,SA,3108.33,SA309,3555.0,SA401,1837.0,2309,2401,446.6700000000001,-1271.33,0.14370095839244867,-0.409007409123227
2023-09-12,FG,1885.6,FG309,1928.0,FG401,1767.0,2309,2401,42.40000000000009,-118.59999999999991,0.02248621128553241,-0.06289775137887144
2023-09-12,SA,3116.67,SA309,3530.0,SA401,1815.0,2309,2401,413.3299999999999,-1301.67,0.1326191094982785,-0.4176476816602336
2023-09-13,FG,1884.0,FG309,1848.0,FG401,1695.0,2309,2401,-36.0,-189.0,-0.019108280254777066,-0.10031847133757965
2023-09-13,SA,3116.67,SA309,3540.0,SA401,1791.0,2309,2401,423.3299999999999,-1325.67,0.13582766221640408,-0.42534820818373453
2023-09-14,FG,1884.0,FG309,1903.0,FG401,1714.0,2309,2401,19.0,-170.0,0.010084925690021285,-0.09023354564755837
2023-09-14,SA,3150.0,SA309,3475.0,SA401,1813.0,2309,2401,325.0,-1337.0,0.10317460317460325,-0.4244444444444444
2023-09-15,FG,1884.0,FG310,1871.0,FG401,1707.0,310,401,-13.0,-177.0,-0.006900212314225107,-0.0939490445859873
2023-09-15,SA,3150.0,SA310,2641.0,SA401,1841.0,310,401,-509.0,-1309.0,-0.1615873015873016,-0.41555555555555557
2023-09-18,FG,1879.1999999999998,FG310,1876.0,FG401,1708.0,2310,2401,-3.199999999999818,-171.19999999999982,-0.001702852277564837,-0.09110259684972322
2023-09-18,SA,3191.67,SA310,2762.0,SA401,1873.0,2310,2401,-429.6700000000001,-1318.67,-0.13462231371037736,-0.41315988181735586
2023-09-19,FG,1879.1999999999998,FG310,1899.0,FG401,1717.0,2310,2401,19.800000000000182,-162.19999999999982,0.01053639846743315,-0.08631332481907183
2023-09-19,SA,3191.67,SA310,2758.0,SA401,1903.0,2310,2401,-433.6700000000001,-1288.67,-0.13587557610905887,-0.40376041382724404
2023-09-20,FG,1872.8,FG310,1889.0,FG401,1715.0,2310,2401,16.200000000000045,-157.79999999999995,0.008650149508756977,-0.08425886373344726
2023-09-20,SA,3191.67,SA310,2736.0,SA401,1894.0,2310,2401,-455.6700000000001,-1297.67,-0.14276851930180756,-0.40658025422427757
2023-09-21,FG,1872.8,FG310,1858.0,FG401,1683.0,2310,2401,-14.799999999999955,-189.79999999999995,-0.00790260572404955,-0.1013455788124733
2023-09-21,SA,3191.67,SA310,2721.0,SA401,1824.0,2310,2401,-470.6700000000001,-1367.67,-0.14746825329686342,-0.42851234620120504
2023-09-22,FG,1872.8,FG310,1891.0,FG401,1742.0,2310,2401,18.200000000000045,-130.79999999999995,0.009718069201196,-0.069841947885519
2023-09-22,SA,3191.67,SA310,2794.0,SA401,1853.0,2310,2401,-397.6700000000001,-1338.67,-0.12459621452092484,-0.4194261938107636
2023-09-25,FG,1872.8,FG310,1860.0,FG401,1691.0,2310,2401,-12.799999999999955,-181.79999999999995,-0.006834686031610415,-0.09707390004271677
2023-09-25,SA,3191.67,SA310,2774.0,SA401,1801.0,2310,2401,-417.6700000000001,-1390.67,-0.1308625265143326,-0.435718604993624
2023-09-26,FG,1872.8,FG310,1857.0,FG401,1680.0,2310,2401,-15.799999999999955,-192.79999999999995,-0.008436565570269061,-0.10294745835113195
2023-09-26,SA,3191.67,SA310,2803.0,SA401,1801.0,2310,2401,-388.6700000000001,-1390.67,-0.1217763741238913,-0.435718604993624
2023-09-27,FG,1872.8,FG310,1864.0,FG401,1693.0,2310,2401,-8.799999999999955,-179.79999999999995,-0.004698846646732147,-0.09600598035027763
2023-09-27,SA,3191.67,SA310,2798.0,SA401,1784.0,2310,2401,-393.6700000000001,-1407.67,-0.12334295212224322,-0.4410449701880207
2023-09-28,FG,1872.8,FG310,1860.0,FG401,1668.0,2310,2401,-12.799999999999955,-204.79999999999995,-0.006834686031610415,-0.10935497650576675
2023-09-28,SA,3191.67,SA310,2637.0,SA401,1740.0,2310,2401,-554.6700000000001,-1451.67,-0.17378676366917634,-0.45483085657351796
2023-10-09,FG,1900.8000000000002,FG310,1930.0,FG401,1724.0,2310,2401,29.199999999999818,-176.80000000000018,0.015361952861952854,-0.0930134680134681
2023-10-09,SA,3158.33,SA310,2650.0,SA401,1748.0,2310,2401,-508.3299999999999,-1410.33,-0.1609489825319077,-0.4465429514965187
2023-10-10,FG,1904.0,FG310,1900.0,FG401,1637.0,2310,2401,-4.0,-267.0,-0.0021008403361344463,-0.14023109243697474
2023-10-10,SA,3158.33,SA310,2606.0,SA401,1703.0,2310,2401,-552.3299999999999,-1455.33,-0.17488039565213265,-0.4607909876422033
2023-10-11,FG,1908.0,FG310,1900.0,FG401,1624.0,2310,2401,-8.0,-284.0,-0.004192872117400381,-0.14884696016771493
2023-10-11,SA,3158.33,SA310,2605.0,SA401,1694.0,2310,2401,-553.3299999999999,-1464.33,-0.1751970186775923,-0.46364059487134024
2023-10-12,FG,1908.0,FG310,1920.0,FG401,1654.0,2310,2401,12.0,-254.0,0.0062893081761006275,-0.13312368972746336
2023-10-12,SA,3158.33,SA310,2600.0,SA401,1724.0,2310,2401,-558.3299999999999,-1434.33,-0.17678013380489055,-0.4541419041075505
2023-10-13,FG,1908.0,FG310,1944.0,FG401,1635.0,2310,2401,36.0,-273.0,0.018867924528301883,-0.14308176100628933
2023-10-13,SA,3158.33,SA310,2667.0,SA401,1724.0,2310,2401,-491.3299999999999,-1434.33,-0.15556639109909354,-0.4541419041075505
2023-10-16,FG,1897.6,FG310,1921.0,FG401,1643.0,2310,2401,23.40000000000009,-254.5999999999999,0.012331365935919214,-0.1341694772344013
2023-10-16,SA,3133.33,SA310,2655.0,SA401,1742.0,2310,2401,-478.3299999999999,-1391.33,-0.15265867304114156,-0.4440419617467678
2023-10-17,FG,1897.6,FG310,1889.0,FG401,1632.0,2310,2401,-8.599999999999909,-265.5999999999999,-0.004532040472175369,-0.1399662731871838
2023-10-17,SA,3133.33,SA310,2604.0,SA401,1710.0,2310,2401,-529.3299999999999,-1423.33,-0.1689352861013682,-0.4542547385688708
2023-10-18,FG,1886.3999999999999,FG310,1890.0,FG401,1645.0,2310,2401,3.6000000000001364,-241.39999999999986,0.001908396946564972,-0.12796861747243415
2023-10-18,SA,3125.0,SA310,2556.0,SA401,1703.0,2310,2401,-569.0,-1422.0,-0.18208000000000002,-0.45504
2023-10-19,FG,1886.3999999999999,FG310,1865.0,FG401,1689.0,2310,2401,-21.399999999999864,-197.39999999999986,-0.011344359626802358,-0.10464376590330782
2023-10-19,SA,3091.67,SA310,2450.0,SA401,1732.0,2310,2401,-641.6700000000001,-1359.67,-0.20754802420698204,-0.439784970582242
2023-10-20,FG,1886.3999999999999,FG310,1829.0,FG401,1643.0,2310,2401,-57.399999999999864,-243.39999999999986,-0.03042832909245119,-0.12902883799830356
2023-10-20,SA,3075.0,SA310,2450.0,SA401,1709.0,2310,2401,-625.0,-1366.0,-0.2032520325203252,-0.44422764227642275
2023-10-23,FG,1881.6,FG311,1797.0,FG401,1606.0,2311,2401,-84.59999999999991,-275.5999999999999,-0.04496173469387754,-0.14647108843537415
2023-10-23,SA,3050.0,SA311,2017.0,SA401,1690.0,2311,2401,-1033.0,-1360.0,-0.33868852459016396,-0.4459016393442623
2023-10-24,FG,1869.6000000000001,FG311,1780.0,FG401,1620.0,2311,2401,-89.60000000000014,-249.60000000000014,-0.047924689773213625,-0.13350449293966626
2023-10-24,SA,3050.0,SA311,1984.0,SA401,1690.0,2311,2401,-1066.0,-1360.0,-0.3495081967213115,-0.4459016393442623
2023-10-25,FG,1864.8,FG311,1772.0,FG401,1632.0,2311,2401,-92.79999999999995,-232.79999999999995,-0.04976404976404969,-0.12483912483912485
2023-10-25,SA,2958.33,SA311,1982.0,SA401,1692.0,2311,2401,-976.3299999999999,-1266.33,-0.33002741411539616,-0.42805569358388007
2023-10-26,FG,1864.8,FG311,1773.0,FG401,1623.0,2311,2401,-91.79999999999995,-241.79999999999995,-0.049227799227799185,-0.1296653796653796
2023-10-26,SA,2958.33,SA311,1956.0,SA401,1665.0,2311,2401,-1002.3299999999999,-1293.33,-0.33881615641257057,-0.43718246443094577
2023-10-27,FG,1864.8,FG311,1763.0,FG401,1629.0,2311,2401,-101.79999999999995,-235.79999999999995,-0.05459030459030456,-0.12644787644787647
2023-10-27,SA,2958.33,SA311,1970.0,SA401,1688.0,2311,2401,-988.3299999999999,-1270.33,-0.3340837567140921,-0.42940780778344534
2023-10-30,FG,1864.8,FG311,1775.0,FG401,1629.0,2311,2401,-89.79999999999995,-235.79999999999995,-0.048155298155298176,-0.12644787644787647
2023-10-30,SA,2875.0,SA311,2041.0,SA401,1749.0,2311,2401,-834.0,-1126.0,-0.2900869565217391,-0.3916521739130435
2023-10-31,FG,1858.4,FG311,1743.0,FG401,1643.0,2311,2401,-115.40000000000009,-215.4000000000001,-0.06209642703400775,-0.1159061558329747
2023-10-31,SA,2875.0,SA311,2012.0,SA401,1729.0,2311,2401,-863.0,-1146.0,-0.3001739130434783,-0.39860869565217394
2023-11-01,FG,1847.2,FG311,1769.0,FG401,1625.0,2311,2401,-78.20000000000005,-222.20000000000005,-0.04233434387180601,-0.12029016890428756
2023-11-01,SA,2875.0,SA311,2013.0,SA401,1730.0,2311,2401,-862.0,-1145.0,-0.2998260869565217,-0.39826086956521745
2023-11-02,FG,1832.8,FG311,1775.0,FG401,1663.0,2311,2401,-57.799999999999955,-169.79999999999995,-0.03153644696639024,-0.09264513312963774
2023-11-02,SA,2825.0,SA311,2006.0,SA401,1738.0,2311,2401,-819.0,-1087.0,-0.28991150442477875,-0.38477876106194686
2023-11-03,FG,1832.8,FG311,1814.0,FG401,1677.0,2311,2401,-18.799999999999955,-155.79999999999995,-0.010257529463116533,-0.08500654735923174
2023-11-03,SA,2675.0,SA311,2036.0,SA401,1787.0,2311,2401,-639.0,-888.0,-0.23887850467289717,-0.3319626168224299
2023-11-06,FG,1830.3999999999999,FG311,1787.0,FG401,1670.0,2311,2401,-43.399999999999864,-160.39999999999986,-0.023710664335664267,-0.08763111888111885
2023-11-06,SA,2641.67,SA311,2034.0,SA401,1856.0,2311,2401,-607.6700000000001,-785.6700000000001,-0.23003251730912644,-0.2974141357550337
2023-11-07,FG,1814.4,FG311,1810.0,FG401,1690.0,2311,2401,-4.400000000000091,-124.40000000000009,-0.0024250440917108484,-0.0685626102292769
2023-11-07,SA,2380.0,SA311,2050.0,SA401,1881.0,2311,2401,-330.0,-499.0,-0.1386554621848739,-0.20966386554621852
2023-11-08,FG,1814.4,FG311,1810.0,FG401,1688.0,2311,2401,-4.400000000000091,-126.40000000000009,-0.0024250440917108484,-0.06966490299823636
2023-11-08,SA,2360.0,SA311,2050.0,SA401,1914.0,2311,2401,-310.0,-446.0,-0.1313559322033898,-0.1889830508474576
2023-11-09,FG,1810.3999999999999,FG311,1790.0,FG401,1703.0,2311,2401,-20.399999999999864,-107.39999999999986,-0.011268228015907988,-0.059323906319045494
2023-11-09,SA,2340.0,SA311,2155.0,SA401,1978.0,2311,2401,-185.0,-362.0,-0.07905982905982911,-0.1547008547008547
2023-11-10,FG,1810.3999999999999,FG311,1815.0,FG401,1749.0,2311,2401,4.600000000000136,-61.399999999999864,0.002540874944763738,-0.03391515687140956
2023-11-10,SA,2340.0,SA311,2281.0,SA401,2126.0,2311,2401,-59.0,-214.0,-0.025213675213675235,-0.09145299145299146
2023-11-13,FG,1810.3999999999999,FG311,1810.0,FG401,1707.0,2311,2401,-0.3999999999998636,-103.39999999999986,-0.0002209456473706295,-0.05711444984533798
2023-11-13,SA,2340.0,SA311,2322.0,SA401,2058.0,2311,2401,-18.0,-282.0,-0.007692307692307665,-0.12051282051282053
2023-11-14,FG,1810.3999999999999,FG311,1720.0,FG401,1672.0,2311,2401,-90.39999999999986,-138.39999999999986,-0.04993371630578869,-0.07644719399027833
2023-11-14,SA,2360.0,SA311,2151.0,SA401,2032.0,2311,2401,-209.0,-328.0,-0.08855932203389827,-0.13898305084745766
2023-11-15,FG,1810.3999999999999,FG312,1708.0,FG401,1685.0,2312,2401,-102.39999999999986,-125.39999999999986,-0.05656208572691113,-0.06926646045072904
2023-11-15,SA,2370.0,SA312,2163.0,SA401,2056.0,2312,2401,-207.0,-314.0,-0.08734177215189876,-0.13248945147679325
2023-11-16,FG,1778.4,FG312,1718.0,FG401,1705.0,2312,2401,-60.40000000000009,-73.40000000000009,-0.033963112910481374,-0.041273054430949196
2023-11-16,SA,2370.0,SA312,2158.0,SA401,2054.0,2312,2401,-212.0,-316.0,-0.08945147679324894,-0.1333333333333333
2023-11-17,FG,1778.4,FG312,1730.0,FG401,1718.0,2312,2401,-48.40000000000009,-60.40000000000009,-0.027215474583895727,-0.033963112910481374
2023-11-17,SA,2370.0,SA312,2196.0,SA401,2110.0,2312,2401,-174.0,-260.0,-0.07341772151898729,-0.10970464135021096
2023-11-20,FG,1763.1999999999998,FG312,1774.0,FG401,1762.0,2312,2401,10.800000000000182,-1.199999999999818,0.006125226860254296,-0.0006805807622503046
2023-11-20,SA,2410.0,SA312,2344.0,SA401,2236.0,2312,2401,-66.0,-174.0,-0.027385892116182586,-0.0721991701244813
2023-11-21,FG,1746.3999999999999,FG312,1762.0,FG401,1752.0,2312,2401,15.600000000000136,5.600000000000136,0.008932661475034465,0.0032065964269354374
2023-11-21,SA,2450.0,SA312,2365.0,SA401,2206.0,2312,2401,-85.0,-244.0,-0.03469387755102038,-0.09959183673469385
2023-11-22,FG,1746.3999999999999,FG312,1737.0,FG401,1729.0,2312,2401,-9.399999999999864,-17.399999999999864,-0.005382501145212881,-0.009963353183692125
2023-11-22,SA,2490.0,SA312,2589.0,SA401,2341.0,2312,2401,99.0,-149.0,0.03975903614457832,-0.05983935742971891
2023-11-23,FG,1745.6,FG312,1747.0,FG401,1746.0,2312,2401,1.400000000000091,0.40000000000009095,0.0008020164986251022,0.00022914757103587036
2023-11-23,SA,2490.0,SA312,2643.0,SA401,2353.0,2312,2401,153.0,-137.0,0.06144578313253013,-0.055020080321285136
2023-11-24,FG,1742.4,FG312,1738.0,FG401,1732.0,2312,2401,-4.400000000000091,-10.400000000000091,-0.002525252525252597,-0.005968778696051502
2023-11-24,SA,2490.0,SA312,2637.0,SA401,2323.0,2312,2401,147.0,-167.0,0.05903614457831319,-0.06706827309236951
2023-11-27,FG,1737.6,FG312,1760.0,FG401,1746.0,2312,2401,22.40000000000009,8.400000000000091,0.012891344383057168,0.004834254143646355
2023-11-27,SA,2560.0,SA312,2748.0,SA401,2484.0,2312,2401,188.0,-76.0,0.07343750000000004,-0.029687499999999978
2023-11-28,FG,1733.6000000000001,FG312,1753.0,FG401,1745.0,2312,2401,19.399999999999864,11.399999999999864,0.011190586063682506,0.006575911398246426
2023-11-28,SA,2630.0,SA312,2625.0,SA401,2309.0,2312,2401,-5.0,-321.0,-0.0019011406844106071,-0.12205323193916351
2023-11-29,FG,1733.6000000000001,FG312,1811.0,FG401,1806.0,2312,2401,77.39999999999986,72.39999999999986,0.04464697738809398,0.041762805722196594
2023-11-29,SA,2670.0,SA312,2775.0,SA401,2385.0,2312,2401,105.0,-285.0,0.0393258426966292,-0.1067415730337079
2023-11-30,FG,1733.6000000000001,FG312,1781.0,FG401,1789.0,2312,2401,47.399999999999864,55.399999999999864,0.027341947392708787,0.03195662205814487
2023-11-30,SA,2730.0,SA312,2829.0,SA401,2442.0,2312,2401,99.0,-288.0,0.03626373626373636,-0.10549450549450545
2023-12-01,FG,1733.6000000000001,FG312,1919.0,FG401,1918.0,2312,2401,185.39999999999986,184.39999999999986,0.10694508537148129,0.10636825103830172
2023-12-01,SA,2770.0,SA312,2836.0,SA401,2554.0,2312,2401,66.0,-216.0,0.023826714801443938,-0.0779783393501805
2023-12-04,FG,1769.6000000000001,FG312,1911.0,FG405,1926.0,2312,2405,141.39999999999986,156.39999999999986,0.07990506329113911,0.08838155515370705
2023-12-04,SA,2820.0,SA312,2855.0,SA401,2637.0,2312,2401,35.0,-183.0,0.012411347517730542,-0.0648936170212766
2023-12-05,FG,1769.6000000000001,FG312,1830.0,FG405,1885.0,2312,2405,60.399999999999864,115.39999999999986,0.03413200723327292,0.06521247739602165
2023-12-05,SA,2840.0,SA312,2880.0,SA401,2776.0,2312,2401,40.0,-64.0,0.014084507042253502,-0.022535211267605604
2023-12-06,FG,1779.1999999999998,FG312,1850.0,FG405,1922.0,2312,2405,70.80000000000018,142.80000000000018,0.03979316546762601,0.08026079136690667
2023-12-06,SA,2870.0,SA312,2895.0,SA405,2084.0,2312,2405,25.0,-786.0,0.008710801393728262,-0.27386759581881537
2023-12-07,FG,1779.1999999999998,FG312,1907.0,FG405,1995.0,2312,2405,127.80000000000018,215.80000000000018,0.07183003597122317,0.12129046762589946
2023-12-07,SA,2870.0,SA312,2960.0,SA405,2279.0,2312,2405,90.0,-591.0,0.03135888501742157,-0.20592334494773523
2023-12-08,FG,1779.1999999999998,FG312,1851.0,FG405,1951.0,2312,2405,71.80000000000018,171.80000000000018,0.04035521582733814,0.09656025179856131
2023-12-08,SA,2870.0,SA312,2851.0,SA405,2332.0,2312,2405,-19.0,-538.0,-0.0066202090592334395,-0.18745644599303135
2023-12-11,FG,1798.4,FG312,1836.0,FG405,1901.0,2312,2405,37.59999999999991,102.59999999999991,0.020907473309608404,0.05705071174377219
2023-12-11,SA,2870.0,SA312,2810.0,SA405,2296.0,2312,2405,-60.0,-574.0,-0.020905923344947785,-0.19999999999999996
2023-12-12,FG,1798.4,FG312,1824.0,FG405,1880.0,2312,2405,25.59999999999991,81.59999999999991,0.014234875444839812,0.045373665480427094
2023-12-12,SA,2910.0,SA312,2860.0,SA405,2295.0,2312,2405,-50.0,-615.0,-0.01718213058419249,-0.21134020618556704
2023-12-13,FG,1784.8,FG312,1784.0,FG405,1832.0,2312,2405,-0.7999999999999545,47.200000000000045,-0.00044822949350065144,0.026445540116539767
2023-12-13,SA,2910.0,SA312,2825.0,SA405,2214.0,2312,2405,-85.0,-696.0,-0.029209621993127155,-0.2391752577319588
2023-12-14,FG,1780.0,FG312,1787.0,FG405,1834.0,2312,2405,7.0,54.0,0.00393258426966292,0.030337078651685445
2023-12-14,SA,2910.0,SA312,2900.0,SA405,2184.0,2312,2405,-10.0,-726.0,-0.0034364261168384758,-0.24948453608247423
2023-12-15,FG,1775.2,FG401,1742.0,FG405,1815.0,2401,2405,-33.200000000000045,39.799999999999955,-0.018702118071203255,0.022420009013068842
2023-12-15,SA,2910.0,SA401,2667.0,SA405,2207.0,2401,2405,-243.0,-703.0,-0.0835051546391753,-0.24158075601374573
2023-12-18,FG,1775.2,FG401,1703.0,FG405,1777.0,2401,2405,-72.20000000000005,1.7999999999999545,-0.04067147363677337,0.0010139702568723319
2023-12-18,SA,2910.0,SA401,2644.0,SA405,2177.0,2401,2405,-266.0,-733.0,-0.09140893470790379,-0.25189003436426116
2023-12-19,FG,1751.2,FG401,1722.0,FG405,1788.0,2401,2405,-29.200000000000045,36.799999999999955,-0.016674280493376048,0.021014161717679336
2023-12-19,SA,2910.0,SA401,2523.0,SA405,2121.0,2401,2405,-387.0,-789.0,-0.13298969072164946,-0.27113402061855674
2023-12-20,FG,1751.2,FG401,1746.0,FG405,1810.0,2401,2405,-5.2000000000000455,58.799999999999955,-0.0029693924166286356,0.033576975788031094
2023-12-20,SA,2910.0,SA401,2534.0,SA405,2124.0,2401,2405,-376.0,-786.0,-0.12920962199312713,-0.2701030927835052
2023-12-21,FG,1748.8,FG401,1810.0,FG405,1894.0,2401,2405,61.200000000000045,145.20000000000005,0.03499542543458367,0.08302836230558097
2023-12-21,SA,2910.0,SA401,2573.0,SA405,2168.0,2401,2405,-337.0,-742.0,-0.11580756013745708,-0.2549828178694158
2023-12-22,FG,1748.8,FG401,1821.0,FG405,1911.0,2401,2405,72.20000000000005,162.20000000000005,0.04128545288197616,0.09274931381518758
2023-12-22,SA,2910.0,SA401,2601.0,SA405,2180.0,2401,2405,-309.0,-730.0,-0.10618556701030923,-0.2508591065292096
2023-12-25,FG,1753.6000000000001,FG401,1779.0,FG405,1872.0,2401,2405,25.399999999999864,118.39999999999986,0.014484489051094895,0.06751824817518237
2023-12-25,SA,2910.0,SA401,2545.0,SA405,2110.0,2401,2405,-365.0,-800.0,-0.1254295532646048,-0.27491408934707906
2023-12-26,FG,1752.0,FG401,1771.0,FG405,1875.0,2401,2405,19.0,123.0,0.01084474885844755,0.0702054794520548
2023-12-26,SA,2910.0,SA401,2514.0,SA405,2101.0,2401,2405,-396.0,-809.0,-0.13608247422680408,-0.2780068728522337
2023-12-27,FG,1748.0,FG401,1760.0,FG405,1888.0,2401,2405,12.0,140.0,0.006864988558352492,0.08009153318077811
2023-12-27,SA,2910.0,SA401,2501.0,SA405,2079.0,2401,2405,-409.0,-831.0,-0.1405498281786941,-0.28556701030927834
2023-12-28,FG,1748.0,FG401,1755.0,FG405,1891.0,2401,2405,7.0,143.0,0.004004576659038861,0.08180778032036606
2023-12-28,SA,2910.0,SA401,2496.0,SA405,2055.0,2401,2405,-414.0,-855.0,-0.14226804123711345,-0.2938144329896907
2023-12-29,FG,1776.0,FG401,1780.0,FG405,1913.0,2401,2405,4.0,137.0,0.0022522522522523403,0.07713963963963955
2023-12-29,SA,2910.0,SA401,2500.0,SA405,2044.0,2401,2405,-410.0,-866.0,-0.14089347079037806,-0.2975945017182131
2024-01-02,FG,1725.6,FG401,1773.0,FG405,1880.0,2401,2405,47.40000000000009,154.4000000000001,0.027468706536856846,0.08947612424663887
2024-01-02,SA,2870.0,SA401,2477.0,SA405,2018.0,2401,2405,-393.0,-852.0,-0.13693379790940763,-0.29686411149825787
2024-01-03,FG,1733.6000000000001,FG401,1851.0,FG405,1965.0,2401,2405,117.39999999999986,231.39999999999986,0.06772035071527438,0.13347946469773864
2024-01-03,SA,2860.0,SA401,2471.0,SA405,2074.0,2401,2405,-389.0,-786.0,-0.13601398601398607,-0.2748251748251749
2024-01-04,FG,1749.6000000000001,FG401,1820.0,FG405,1910.0,2401,2405,70.39999999999986,160.39999999999986,0.04023776863283035,0.09167809785093728
2024-01-04,SA,2840.0,SA401,2301.0,SA405,1992.0,2401,2405,-539.0,-848.0,-0.18978873239436622,-0.2985915492957747
2024-01-05,FG,1749.6000000000001,FG401,1795.0,FG405,1879.0,2401,2405,45.399999999999864,129.39999999999986,0.025948788294467118,0.07395976223136702
2024-01-05,SA,2840.0,SA401,2300.0,SA405,1940.0,2401,2405,-540.0,-900.0,-0.1901408450704225,-0.31690140845070425
2024-01-08,FG,1744.8,FG401,1773.0,FG405,1853.0,2401,2405,28.200000000000045,108.20000000000005,0.016162310866574936,0.062012838147638805
2024-01-08,SA,2800.0,SA401,2260.0,SA405,1948.0,2401,2405,-540.0,-852.0,-0.19285714285714284,-0.30428571428571427
2024-01-09,FG,1753.6000000000001,FG401,1770.0,FG405,1861.0,2401,2405,16.399999999999864,107.39999999999986,0.009352189781021814,0.06124543795620441
2024-01-09,SA,2780.0,SA401,2266.0,SA405,1927.0,2401,2405,-514.0,-853.0,-0.18489208633093523,-0.30683453237410074
2024-01-10,FG,1758.4,FG401,1710.0,FG405,1767.0,2401,2405,-48.40000000000009,8.599999999999909,-0.027525022747952765,0.004890809827115428
2024-01-10,SA,2780.0,SA401,2205.0,SA405,1848.0,2401,2405,-575.0,-932.0,-0.20683453237410077,-0.33525179856115106
2024-01-11,FG,1756.8000000000002,FG401,1730.0,FG405,1787.0,2401,2405,-26.800000000000182,30.199999999999818,-0.015255009107468243,0.017190346083788555
2024-01-11,SA,2710.0,SA401,2140.0,SA405,1862.0,2401,2405,-570.0,-848.0,-0.21033210332103325,-0.3129151291512915
2024-01-12,FG,1754.4,FG401,1713.0,FG405,1739.0,2401,2405,-41.40000000000009,-15.400000000000091,-0.023597811217510256,-0.008777929776561888
2024-01-12,SA,2700.0,SA401,2180.0,SA405,1827.0,2401,2405,-520.0,-873.0,-0.19259259259259254,-0.32333333333333336
2024-01-15,FG,1754.4,FG401,1686.0,FG405,1731.0,2401,2405,-68.40000000000009,-23.40000000000009,-0.03898768809849529,-0.013337893296853642
2024-01-15,SA,2670.0,SA401,2100.0,SA405,1838.0,2401,2405,-570.0,-832.0,-0.2134831460674157,-0.3116104868913858
2024-01-16,FG,1734.4,FG402,1756.0,FG405,1750.0,2402,2405,21.59999999999991,15.599999999999909,0.012453874538745247,0.008994464944649394
2024-01-16,SA,2650.0,SA402,2053.0,SA405,1912.0,2402,2405,-597.0,-738.0,-0.22528301886792457,-0.2784905660377358
2024-01-17,FG,1734.4,FG402,1745.0,FG405,1734.0,2402,2405,10.599999999999909,-0.40000000000009095,0.006111623616236184,-0.00023062730627310124
2024-01-17,SA,2650.0,SA402,2008.0,SA405,1893.0,2402,2405,-642.0,-757.0,-0.24226415094339626,-0.2856603773584906
2024-01-18,FG,1731.2,FG402,1764.0,FG405,1755.0,2402,2405,32.799999999999955,23.799999999999955,0.018946395563770757,0.013747689463955659
2024-01-18,SA,2630.0,SA402,2000.0,SA405,1905.0,2402,2405,-630.0,-725.0,-0.2395437262357415,-0.2756653992395437
2024-01-19,FG,1731.2,FG402,1770.0,FG405,1758.0,2402,2405,38.799999999999955,26.799999999999955,0.022412199630314156,0.015480591497227358
2024-01-19,SA,2630.0,SA402,2001.0,SA405,1907.0,2402,2405,-629.0,-723.0,-0.23916349809885928,-0.2749049429657795
2024-01-22,FG,1736.0,FG402,1835.0,FG405,1825.0,2402,2405,99.0,89.0,0.05702764976958519,0.05126728110599088
2024-01-22,SA,2470.0,SA402,2196.0,SA405,2085.0,2402,2405,-274.0,-385.0,-0.11093117408906883,-0.15587044534412953
2024-01-23,FG,1740.0,FG402,1822.0,FG405,1809.0,2402,2405,82.0,69.0,0.047126436781609105,0.039655172413793016
2024-01-23,SA,2470.0,SA402,2290.0,SA405,2133.0,2402,2405,-180.0,-337.0,-0.07287449392712553,-0.13643724696356274
2024-01-24,FG,1744.0,FG402,1867.0,FG405,1854.0,2402,2405,123.0,110.0,0.0705275229357798,0.06307339449541294
2024-01-24,SA,2470.0,SA402,2233.0,SA405,2114.0,2402,2405,-237.0,-356.0,-0.09595141700404863,-0.1441295546558704
2024-01-25,FG,1748.8,FG402,1859.0,FG405,1849.0,2402,2405,110.20000000000005,100.20000000000005,0.06301463860933221,0.05729643183897526
2024-01-25,SA,2470.0,SA402,2171.0,SA405,2069.0,2402,2405,-299.0,-401.0,-0.12105263157894741,-0.1623481781376518
2024-01-26,FG,1748.8,FG402,1868.0,FG405,1849.0,2402,2405,119.20000000000005,100.20000000000005,0.06816102470265317,0.05729643183897526
2024-01-26,SA,2470.0,SA402,2072.0,SA405,1993.0,2402,2405,-398.0,-477.0,-0.16113360323886639,-0.19311740890688256
2024-01-29,FG,1778.4,FG402,1874.0,FG405,1864.0,2402,2405,95.59999999999991,85.59999999999991,0.05375618533513271,0.04813315339631119
2024-01-29,SA,2470.0,SA402,2100.0,SA405,2018.0,2402,2405,-370.0,-452.0,-0.1497975708502024,-0.1829959514170041
2024-01-30,FG,1781.6,FG402,1864.0,FG405,1839.0,2402,2405,82.40000000000009,57.40000000000009,0.04625056129321958,0.03221823080377195
2024-01-30,SA,2470.0,SA402,2010.0,SA405,1933.0,2402,2405,-460.0,-537.0,-0.18623481781376516,-0.21740890688259107
2024-01-31,FG,1781.6,FG402,1869.0,FG405,1841.0,2402,2405,87.40000000000009,59.40000000000009,0.049057027391109065,0.0333408172429277
2024-01-31,SA,2470.0,SA402,2022.0,SA405,1942.0,2402,2405,-448.0,-528.0,-0.18137651821862344,-0.21376518218623486
2024-02-01,FG,1781.6,FG402,1818.0,FG405,1778.0,2402,2405,36.40000000000009,-3.599999999999909,0.020431073192635818,-0.002020655590480369
2024-02-01,SA,2470.0,SA402,2010.0,SA405,1913.0,2402,2405,-460.0,-557.0,-0.18623481781376516,-0.22550607287449398
2024-02-02,FG,1781.6,FG402,1819.0,FG405,1765.0,2402,2405,37.40000000000009,-16.59999999999991,0.020992366412213803,-0.009317467444993177
2024-02-02,SA,2470.0,SA402,2050.0,SA405,1966.0,2402,2405,-420.0,-504.0,-0.17004048582995956,-0.2040485829959514
2024-02-05,FG,1781.6,FG402,1850.0,FG405,1778.0,2402,2405,68.40000000000009,-3.599999999999909,0.0383924562191289,-0.002020655590480369
2024-02-05,SA,2470.0,SA402,2041.0,SA405,1941.0,2402,2405,-429.0,-529.0,-0.17368421052631577,-0.21417004048583
2024-02-06,FG,1781.6,FG402,1800.0,FG405,1798.0,2402,2405,18.40000000000009,16.40000000000009,0.01032779524023364,0.009205208801077669
2024-02-06,SA,2470.0,SA402,2036.0,SA405,1940.0,2402,2405,-434.0,-530.0,-0.17570850202429145,-0.21457489878542513
2024-02-07,FG,1781.6,FG402,1818.0,FG405,1822.0,2402,2405,36.40000000000009,40.40000000000009,0.020431073192635818,0.022676246070947537
2024-02-07,SA,2470.0,SA402,2044.0,SA405,1946.0,2402,2405,-426.0,-524.0,-0.17246963562753037,-0.2121457489878542
2024-02-08,FG,1781.6,FG402,1905.0,FG405,1811.0,2402,2405,123.40000000000009,29.40000000000009,0.06926358329591387,0.016502020655590588
2024-02-08,SA,2470.0,SA402,2066.0,SA405,1948.0,2402,2405,-404.0,-522.0,-0.1635627530364372,-0.21133603238866394
2024-02-19,FG,1785.6,FG402,1755.0,FG405,1740.0,2402,2405,-30.59999999999991,-45.59999999999991,-0.017137096774193505,-0.025537634408602128
2024-02-19,SA,2470.0,SA402,1989.0,SA405,1841.0,2402,2405,-481.0,-629.0,-0.1947368421052632,-0.2546558704453441
2024-02-20,FG,1785.6,FG402,1713.0,FG405,1687.0,2402,2405,-72.59999999999991,-98.59999999999991,-0.040658602150537626,-0.05521953405017921
2024-02-20,SA,2410.0,SA402,1987.0,SA405,1846.0,2402,2405,-423.0,-564.0,-0.17551867219917017,-0.2340248962655601
2024-02-21,FG,1785.6,FG402,1740.0,FG405,1669.0,2402,2405,-45.59999999999991,-116.59999999999991,-0.025537634408602128,-0.06530017921146947
2024-02-21,SA,2410.0,SA402,1998.0,SA405,1839.0,2402,2405,-412.0,-571.0,-0.17095435684647298,-0.2369294605809129
2024-02-22,FG,1785.6,FG402,1740.0,FG405,1693.0,2402,2405,-45.59999999999991,-92.59999999999991,-0.025537634408602128,-0.051859318996415715
2024-02-22,SA,2410.0,SA402,2001.0,SA405,1852.0,2402,2405,-409.0,-558.0,-0.16970954356846468,-0.23153526970954352
2024-02-23,FG,1785.6,FG403,1748.0,FG405,1695.0,2403,2405,-37.59999999999991,-90.59999999999991,-0.021057347670250803,-0.050739247311827884
2024-02-23,SA,2400.0,SA403,1965.0,SA405,1845.0,2403,2405,-435.0,-555.0,-0.18125000000000002,-0.23124999999999996
2024-02-26,FG,1785.6,FG403,1748.0,FG405,1680.0,2403,2405,-37.59999999999991,-105.59999999999991,-0.021057347670250803,-0.05913978494623651
2024-02-26,SA,2370.0,SA403,1908.0,SA405,1776.0,2403,2405,-462.0,-594.0,-0.19493670886075953,-0.25063291139240507
2024-02-27,FG,1785.6,FG403,1759.0,FG405,1716.0,2403,2405,-26.59999999999991,-69.59999999999991,-0.014896953405017843,-0.03897849462365588
2024-02-27,SA,2370.0,SA403,1912.0,SA405,1789.0,2403,2405,-458.0,-581.0,-0.19324894514767932,-0.24514767932489456
2024-02-28,FG,1757.6,FG403,1713.0,FG405,1643.0,2403,2405,-44.59999999999991,-114.59999999999991,-0.025375512061902583,-0.06520254893035948
2024-02-28,SA,2360.0,SA403,1870.0,SA405,1759.0,2403,2405,-490.0,-601.0,-0.2076271186440678,-0.25466101694915255
2024-02-29,FG,1757.6,FG403,1742.0,FG405,1645.0,2403,2405,-15.599999999999909,-112.59999999999991,-0.008875739644970349,-0.0640646335912608
2024-02-29,SA,2360.0,SA403,1830.0,SA405,1780.0,2403,2405,-530.0,-580.0,-0.22457627118644063,-0.2457627118644068
2024-03-01,FG,1757.6,FG403,1722.0,FG405,1651.0,2403,2405,-35.59999999999991,-106.59999999999991,-0.020254893035958066,-0.06065088757396442
2024-03-01,SA,2340.0,SA403,1850.0,SA405,1796.0,2403,2405,-490.0,-544.0,-0.20940170940170943,-0.23247863247863243
2024-03-04,FG,1757.6,FG403,1706.0,FG405,1650.0,2403,2405,-51.59999999999991,-107.59999999999991,-0.029358215748748195,-0.06121984524351387
2024-03-04,SA,2340.0,SA403,1880.0,SA405,1832.0,2403,2405,-460.0,-508.0,-0.19658119658119655,-0.2170940170940171
2024-03-05,FG,1752.8,FG403,1680.0,FG405,1638.0,2403,2405,-72.79999999999995,-114.79999999999995,-0.04153354632587858,-0.06549520766773165
2024-03-05,SA,2340.0,SA403,1945.0,SA405,1885.0,2403,2405,-395.0,-455.0,-0.16880341880341876,-0.19444444444444442
2024-03-06,FG,1716.8000000000002,FG403,1680.0,FG405,1644.0,2403,2405,-36.80000000000018,-72.80000000000018,-0.021435228331780132,-0.04240447343895626
2024-03-06,SA,2280.0,SA403,1940.0,SA405,1896.0,2403,2405,-340.0,-384.0,-0.14912280701754388,-0.16842105263157892
2024-03-07,FG,1716.8000000000002,FG403,1676.0,FG405,1616.0,2403,2405,-40.80000000000018,-100.80000000000018,-0.023765144454799714,-0.05871388630009333
2024-03-07,SA,2220.0,SA403,1982.0,SA405,1934.0,2403,2405,-238.0,-286.0,-0.10720720720720722,-0.12882882882882885
2024-03-08,FG,1711.2,FG403,1670.0,FG405,1618.0,2403,2405,-41.200000000000045,-93.20000000000005,-0.024076671341748512,-0.05446470313230489
2024-03-08,SA,2220.0,SA403,1940.0,SA405,1940.0,2403,2405,-280.0,-280.0,-0.12612612612612617,-0.12612612612612617
2024-03-11,FG,1711.2,FG403,1640.0,FG405,1572.0,2403,2405,-71.20000000000005,-139.20000000000005,-0.041608228143992565,-0.0813464235624124
2024-03-11,SA,2180.0,SA403,1930.0,SA405,1888.0,2403,2405,-250.0,-292.0,-0.11467889908256879,-0.13394495412844032
2024-03-12,FG,1671.2,FG403,1675.0,FG405,1598.0,2403,2405,3.7999999999999545,-73.20000000000005,0.0022738152225945107,-0.04380086165629493
2024-03-12,SA,2180.0,SA403,1906.0,SA405,1865.0,2403,2405,-274.0,-315.0,-0.1256880733944954,-0.14449541284403666
2024-03-13,FG,1632.0,FG403,1663.0,FG405,1575.0,2403,2405,31.0,-57.0,0.01899509803921573,-0.03492647058823528
2024-03-13,SA,2180.0,SA403,1891.0,SA405,1879.0,2403,2405,-289.0,-301.0,-0.13256880733944953,-0.1380733944954129
2024-03-14,FG,1632.0,FG403,1669.0,FG405,1571.0,2403,2405,37.0,-61.0,0.02267156862745101,-0.037377450980392135
2024-03-14,SA,2110.0,SA403,1832.0,SA405,1812.0,2403,2405,-278.0,-298.0,-0.1317535545023697,-0.14123222748815167
2024-03-15,FG,1626.3999999999999,FG404,1645.0,FG405,1603.0,2404,2405,18.600000000000136,-23.399999999999864,0.011436301032956342,-0.014387604525331943
2024-03-15,SA,2110.0,SA404,1833.0,SA405,1809.0,2404,2405,-277.0,-301.0,-0.13127962085308054,-0.14265402843601893
2024-03-18,FG,1626.3999999999999,FG404,1576.0,FG405,1534.0,2404,2405,-50.399999999999864,-92.39999999999986,-0.03098868666994581,-0.05681259222823409
2024-03-18,SA,2110.0,SA404,1854.0,SA405,1824.0,2404,2405,-256.0,-286.0,-0.12132701421800951,-0.13554502369668242
2024-03-19,FG,1626.3999999999999,FG404,1585.0,FG405,1553.0,2404,2405,-41.399999999999864,-73.39999999999986,-0.025454992621741224,-0.04513034923757986
2024-03-19,SA,2110.0,SA404,1898.0,SA405,1868.0,2404,2405,-212.0,-242.0,-0.10047393364928914,-0.11469194312796205
2024-03-20,FG,1626.3999999999999,FG404,1568.0,FG405,1536.0,2404,2405,-58.399999999999864,-90.39999999999986,-0.03590752582390544,-0.055582882439744186
2024-03-20,SA,2110.0,SA404,1840.0,SA405,1808.0,2404,2405,-270.0,-302.0,-0.12796208530805686,-0.1431279620853081
2024-03-21,FG,1626.3999999999999,FG404,1584.0,FG405,1555.0,2404,2405,-42.399999999999864,-71.39999999999986,-0.026069847515986178,-0.04390063944908995
2024-03-21,SA,2100.0,SA404,1882.0,SA409,1871.0,2404,2409,-218.0,-229.0,-0.1038095238095238,-0.10904761904761906
2024-03-22,FG,1598.4,FG404,1564.0,FG405,1531.0,2404,2405,-34.40000000000009,-67.40000000000009,-0.021521521521521536,-0.042167167167167174
2024-03-22,SA,2100.0,SA404,1859.0,SA409,1834.0,2404,2409,-241.0,-266.0,-0.11476190476190473,-0.1266666666666667
2024-03-25,FG,1578.4,FG404,1522.0,FG405,1489.0,2404,2405,-56.40000000000009,-89.40000000000009,-0.035732387227572326,-0.056639635073492234
2024-03-25,SA,2100.0,SA404,1823.0,SA409,1775.0,2404,2409,-277.0,-325.0,-0.13190476190476186,-0.15476190476190477
2024-03-26,FG,1578.4,FG404,1500.0,FG405,1491.0,2404,2405,-78.40000000000009,-87.40000000000009,-0.049670552458185524,-0.05537252914343649
2024-03-26,SA,2100.0,SA404,1827.0,SA409,1779.0,2404,2409,-273.0,-321.0,-0.13,-0.1528571428571428
2024-03-27,FG,1536.0,FG404,1491.0,FG405,1474.0,2404,2405,-45.0,-62.0,-0.029296875,-0.04036458333333337
2024-03-27,SA,2090.0,SA404,1801.0,SA409,1736.0,2404,2409,-289.0,-354.0,-0.13827751196172244,-0.16937799043062196
2024-03-28,FG,1507.2,FG404,1474.0,FG405,1455.0,2404,2405,-33.200000000000045,-52.200000000000045,-0.022027600849256923,-0.03463375796178347
2024-03-28,SA,2090.0,SA404,1810.0,SA409,1744.0,2404,2409,-280.0,-346.0,-0.13397129186602874,-0.16555023923444978
2024-03-29,FG,1504.0,FG404,1484.0,FG409,1423.0,2404,2409,-20.0,-81.0,-0.013297872340425565,-0.053856382978723416
2024-03-29,SA,2090.0,SA404,1841.0,SA409,1789.0,2404,2409,-249.0,-301.0,-0.11913875598086121,-0.14401913875598082
2024-04-01,FG,1484.0,FG404,1498.0,FG409,1441.0,2404,2409,14.0,-43.0,0.009433962264151052,-0.028975741239892217
2024-04-01,SA,2090.0,SA404,1830.0,SA409,1783.0,2404,2409,-260.0,-307.0,-0.12440191387559807,-0.14688995215311007
2024-04-02,FG,1484.0,FG404,1485.0,FG409,1425.0,2404,2409,1.0,-59.0,0.0006738544474393926,-0.03975741239892183
2024-04-02,SA,2090.0,SA404,1830.0,SA409,1803.0,2404,2409,-260.0,-287.0,-0.12440191387559807,-0.1373205741626794
2024-04-03,FG,1484.8,FG404,1486.0,FG409,1431.0,2404,2409,1.2000000000000455,-53.799999999999955,0.0008081896551723755,-0.036233836206896575
2024-04-03,SA,2090.0,SA404,1840.0,SA409,1826.0,2404,2409,-250.0,-264.0,-0.11961722488038273,-0.12631578947368416
2024-04-08,FG,1472.8,FG404,1566.0,FG409,1491.0,2404,2409,93.20000000000005,18.200000000000045,0.06328082563824022,0.012357414448669335
2024-04-08,SA,2080.0,SA404,1885.0,SA409,1890.0,2404,2409,-195.0,-190.0,-0.09375,-0.09134615384615385
2024-04-09,FG,1488.0,FG404,1529.0,FG409,1514.0,2404,2409,41.0,26.0,0.027553763440860246,0.017473118279569988
2024-04-09,SA,2080.0,SA404,1912.0,SA409,1919.0,2404,2409,-168.0,-161.0,-0.08076923076923082,-0.0774038461538461
2024-04-10,FG,1488.0,FG404,1565.0,FG409,1518.0,2404,2409,77.0,30.0,0.051747311827957,0.02016129032258074
2024-04-10,SA,2080.0,SA404,1966.0,SA409,1945.0,2404,2409,-114.0,-135.0,-0.054807692307692335,-0.06490384615384615
2024-04-11,FG,1508.8,FG404,1565.0,FG409,1493.0,2404,2409,56.200000000000045,-15.799999999999955,0.037248144220572765,-0.010471898197242813
2024-04-11,SA,2080.0,SA404,1912.0,SA409,1906.0,2404,2409,-168.0,-174.0,-0.08076923076923082,-0.08365384615384619
2024-04-12,FG,1507.2,FG404,1554.0,FG409,1500.0,2404,2409,46.799999999999955,-7.2000000000000455,0.031050955414012815,-0.004777070063694322
2024-04-12,SA,2080.0,SA404,1898.0,SA409,1915.0,2404,2409,-182.0,-165.0,-0.08750000000000002,-0.07932692307692313
2024-04-15,FG,1526.3999999999999,FG404,1536.0,FG409,1473.0,2404,2409,9.600000000000136,-53.399999999999864,0.0062893081761006275,-0.034984276729559616
2024-04-15,SA,2080.0,SA404,1896.0,SA409,1932.0,2404,2409,-184.0,-148.0,-0.08846153846153848,-0.07115384615384612
2024-04-16,FG,1516.8000000000002,FG404,1520.0,FG409,1458.0,2404,2409,3.199999999999818,-58.80000000000018,0.002109704641350074,-0.03876582278481022
2024-04-16,SA,2080.0,SA404,1884.0,SA409,1899.0,2404,2409,-196.0,-181.0,-0.09423076923076923,-0.0870192307692308
2024-04-17,FG,1513.6000000000001,FG405,1500.0,FG409,1468.0,2405,2409,-13.600000000000136,-45.600000000000136,-0.008985200845666008,-0.03012684989429182
2024-04-17,SA,2080.0,SA405,1926.0,SA409,1933.0,2405,2409,-154.0,-147.0,-0.0740384615384615,-0.0706730769230769
2024-04-18,FG,1508.0,FG405,1535.0,FG409,1512.0,2405,2409,27.0,4.0,0.017904509283819703,0.0026525198938991412
2024-04-18,SA,2080.0,SA405,2028.0,SA409,2070.0,2405,2409,-52.0,-10.0,-0.025000000000000022,-0.004807692307692291
2024-04-19,FG,1498.4,FG405,1524.0,FG409,1503.0,2405,2409,25.59999999999991,4.599999999999909,0.017084890549919907,0.003069941270688714
2024-04-19,SA,2080.0,SA405,2063.0,SA409,2101.0,2405,2409,-17.0,21.0,-0.008173076923076894,0.010096153846153921
2024-04-22,FG,1491.2,FG405,1545.0,FG409,1527.0,2405,2409,53.799999999999955,35.799999999999955,0.036078326180257525,0.0240075107296136
2024-04-22,SA,2080.0,SA405,2107.0,SA409,2150.0,2405,2409,27.0,70.0,0.012980769230769296,0.033653846153846256
2024-04-23,FG,1492.0,FG405,1529.0,FG409,1515.0,2405,2409,37.0,23.0,0.02479892761394109,0.015415549597855183
2024-04-23,SA,2110.0,SA405,2076.0,SA409,2111.0,2405,2409,-34.0,1.0,-0.01611374407582944,0.00047393364928915993
2024-04-24,FG,1490.3999999999999,FG405,1568.0,FG409,1552.0,2405,2409,77.60000000000014,61.600000000000136,0.052066559312936134,0.041331186258722674
2024-04-24,SA,2150.0,SA405,2110.0,SA409,2148.0,2405,2409,-40.0,-2.0,-0.018604651162790753,-0.0009302325581395099
2024-04-25,FG,1490.3999999999999,FG405,1582.0,FG409,1574.0,2405,2409,91.60000000000014,83.60000000000014,0.061460010735373105,0.056092324208266264
2024-04-25,SA,2150.0,SA405,2234.0,SA409,2271.0,2405,2409,84.0,121.0,0.039069767441860526,0.05627906976744179
2024-04-26,FG,1497.6,FG405,1567.0,FG409,1581.0,2405,2409,69.40000000000009,83.40000000000009,0.04634081196581197,0.055689102564102644
2024-04-26,SA,2150.0,SA405,2250.0,SA409,2292.0,2405,2409,100.0,142.0,0.04651162790697683,0.06604651162790698
2024-04-29,FG,1492.0,FG405,1550.0,FG409,1569.0,2405,2409,58.0,77.0,0.03887399463806962,0.05160857908847194
2024-04-29,SA,2210.0,SA405,2189.0,SA409,2247.0,2405,2409,-21.0,37.0,-0.00950226244343888,0.01674208144796374
2024-04-30,FG,1492.0,FG405,1454.0,FG409,1533.0,2405,2409,-38.0,41.0,-0.025469168900804307,0.027479892761394176
2024-04-30,SA,2210.0,SA405,2130.0,SA409,2176.0,2405,2409,-80.0,-34.0,-0.03619909502262442,-0.01538461538461533
2024-05-06,FG,1486.3999999999999,FG405,1539.0,FG409,1597.0,2405,2409,52.600000000000136,110.60000000000014,0.03538751345532831,0.07440796555435969
2024-05-06,SA,2210.0,SA405,2198.0,SA409,2262.0,2405,2409,-12.0,52.0,-0.005429864253393646,0.0235294117647058
2024-05-07,FG,1486.3999999999999,FG405,1507.0,FG409,1604.0,2405,2409,20.600000000000136,117.60000000000014,0.013858988159311192,0.0791173304628634
2024-05-07,SA,2210.0,SA405,2160.0,SA409,2227.0,2405,2409,-50.0,17.0,-0.022624434389140302,0.007692307692307665
2024-05-08,FG,1486.3999999999999,FG405,1499.0,FG409,1588.0,2405,2409,12.600000000000136,101.60000000000014,0.008476856835306856,0.06835306781485473
2024-05-08,SA,2230.0,SA405,2130.0,SA409,2187.0,2405,2409,-100.0,-43.0,-0.04484304932735428,-0.0192825112107623
2024-05-09,FG,1486.3999999999999,FG405,1499.0,FG409,1612.0,2405,2409,12.600000000000136,125.60000000000014,0.008476856835306856,0.08449946178686774
2024-05-09,SA,2230.0,SA405,2149.0,SA409,2212.0,2405,2409,-81.0,-18.0,-0.03632286995515699,-0.008071748878923812
2024-05-10,FG,1529.6000000000001,FG405,1514.0,FG409,1614.0,2405,2409,-15.600000000000136,84.39999999999986,-0.01019874476987459,0.05517782426778228
2024-05-10,SA,2230.0,SA405,2093.0,SA409,2172.0,2405,2409,-137.0,-58.0,-0.06143497757847538,-0.026008968609865457
2024-05-13,FG,1532.8,FG405,1502.0,FG409,1613.0,2405,2409,-30.799999999999955,80.20000000000005,-0.020093945720250472,0.052322546972860096
2024-05-13,SA,2230.0,SA405,2116.0,SA409,2216.0,2405,2409,-114.0,-14.0,-0.05112107623318385,-0.00627802690582957
2024-05-14,FG,1561.6,FG405,1422.0,FG409,1574.0,2405,2409,-139.5999999999999,12.400000000000091,-0.08939549180327866,0.007940573770491843
2024-05-14,SA,2230.0,SA405,2065.0,SA409,2131.0,2405,2409,-165.0,-99.0,-0.07399103139013452,-0.04439461883408069
2024-05-15,FG,1561.6,FG405,1428.0,FG409,1574.0,2405,2409,-133.5999999999999,12.400000000000091,-0.08555327868852458,0.007940573770491843
2024-05-15,SA,2230.0,SA405,2070.0,SA409,2134.0,2405,2409,-160.0,-96.0,-0.0717488789237668,-0.043049327354260036
2024-05-16,FG,1560.0,FG405,1405.0,FG409,1591.0,2405,2409,-155.0,31.0,-0.09935897435897434,0.0198717948717948
2024-05-16,SA,2230.0,SA405,2075.0,SA409,2160.0,2405,2409,-155.0,-70.0,-0.06950672645739908,-0.03139013452914796
2024-05-17,FG,1560.0,FG405,1400.0,FG409,1636.0,2405,2409,-160.0,76.0,-0.10256410256410253,0.04871794871794877
2024-05-17,SA,2230.0,SA405,2210.0,SA409,2301.0,2405,2409,-20.0,71.0,-0.008968609865470878,0.03183856502242155
2024-05-20,FG,1560.0,FG406,1550.0,FG409,1638.0,2406,2409,-10.0,78.0,-0.0064102564102563875,0.050000000000000044
2024-05-20,SA,2270.0,SA406,2320.0,SA409,2382.0,2406,2409,50.0,112.0,0.022026431718061623,0.04933920704845818
2024-05-21,FG,1560.0,FG406,1561.0,FG409,1657.0,2406,2409,1.0,97.0,0.0006410256410256387,0.06217948717948718
2024-05-21,SA,2270.0,SA406,2304.0,SA409,2363.0,2406,2409,34.0,93.0,0.01497797356828201,0.04096916299559461
2024-05-22,FG,1576.8000000000002,FG406,1563.0,FG409,1674.0,2406,2409,-13.800000000000182,97.19999999999982,-0.008751902587519123,0.06164383561643816
2024-05-22,SA,2270.0,SA406,2350.0,SA409,2425.0,2406,2409,80.0,155.0,0.03524229074889873,0.06828193832599116
2024-05-23,FG,1580.8000000000002,FG406,1546.0,FG409,1659.0,2406,2409,-34.80000000000018,78.19999999999982,-0.022014170040485892,0.04946862348178116
2024-05-23,SA,2270.0,SA406,2300.0,SA409,2376.0,2406,2409,30.0,106.0,0.013215859030837107,0.04669603524229071
2024-05-24,FG,1580.8000000000002,FG406,1529.0,FG409,1716.0,2406,2409,-51.80000000000018,135.19999999999982,-0.03276821862348189,0.08552631578947345
2024-05-24,SA,2270.0,SA406,2328.0,SA409,2402.0,2406,2409,58.0,132.0,0.02555066079295165,0.058149779735682916
2024-05-27,FG,1582.4,FG406,1548.0,FG409,1709.0,2406,2409,-34.40000000000009,126.59999999999991,-0.021739130434782705,0.08000505561172888
2024-05-27,SA,2270.0,SA406,2378.0,SA409,2442.0,2406,2409,108.0,172.0,0.047577092511013275,0.07577092511013217
2024-05-28,FG,1582.4,FG406,1533.0,FG409,1688.0,2406,2409,-49.40000000000009,105.59999999999991,-0.031218402426693714,0.0667340748230536
2024-05-28,SA,2270.0,SA406,2274.0,SA409,2361.0,2406,2409,4.0,91.0,0.0017621145374449032,0.04008810572687227
2024-05-29,FG,1582.4,FG406,1572.0,FG409,1756.0,2406,2409,-10.400000000000091,173.5999999999999,-0.0065722952477250685,0.10970677451971689
2024-05-29,SA,2270.0,SA406,2355.0,SA409,2433.0,2406,2409,85.0,163.0,0.037444933920704804,0.07180616740088097
2024-05-30,FG,1588.8,FG406,1542.0,FG409,1713.0,2406,2409,-46.799999999999955,124.20000000000005,-0.02945619335347427,0.07817220543806647
2024-05-30,SA,2270.0,SA406,2274.0,SA409,2344.0,2406,2409,4.0,74.0,0.0017621145374449032,0.032599118942731264
2024-05-31,FG,1588.8,FG406,1546.0,FG409,1694.0,2406,2409,-42.799999999999955,105.20000000000005,-0.026938569989929495,0.0662134944612287
2024-05-31,SA,2270.0,SA406,2243.0,SA409,2305.0,2406,2409,-27.0,35.0,-0.011894273127753263,0.01541850220264318
2024-06-03,FG,1588.8,FG406,1578.0,FG409,1663.0,2406,2409,-10.799999999999955,74.20000000000005,-0.006797583081570968,0.04670191339375629
2024-06-03,SA,2270.0,SA406,2145.0,SA409,2200.0,2406,2409,-125.0,-70.0,-0.05506607929515417,-0.03083700440528636
2024-06-04,FG,1592.8,FG406,1590.0,FG409,1676.0,2406,2409,-2.7999999999999545,83.20000000000005,-0.0017579105976895937,0.05223505775991977
2024-06-04,SA,2310.0,SA406,2199.0,SA409,2233.0,2406,2409,-111.0,-77.0,-0.04805194805194801,-0.033333333333333326
2024-06-05,FG,1592.8,FG406,1646.0,FG409,1682.0,2406,2409,53.200000000000045,89.20000000000005,0.03340030135610239,0.0560020090406832
2024-06-05,SA,2310.0,SA406,2145.0,SA409,2195.0,2406,2409,-165.0,-115.0,-0.0714285714285714,-0.04978354978354982
2024-06-06,FG,1596.0,FG406,1680.0,FG409,1739.0,2406,2409,84.0,143.0,0.05263157894736836,0.08959899749373434
2024-06-06,SA,2310.0,SA406,2154.0,SA409,2232.0,2406,2409,-156.0,-78.0,-0.06753246753246755,-0.03376623376623378
2024-06-07,FG,1605.6,FG406,1658.0,FG409,1717.0,2406,2409,52.40000000000009,111.40000000000009,0.03263577478824131,0.06938216243148987
2024-06-07,SA,2310.0,SA406,2190.0,SA409,2223.0,2406,2409,-120.0,-87.0,-0.051948051948051965,-0.03766233766233762
2024-06-11,FG,1616.0,FG406,1637.0,FG409,1667.0,2406,2409,21.0,51.0,0.012995049504950451,0.03155940594059414
2024-06-11,SA,2290.0,SA406,2119.0,SA409,2170.0,2406,2409,-171.0,-120.0,-0.07467248908296942,-0.05240174672489084
2024-06-12,FG,1616.8000000000002,FG406,1640.0,FG409,1666.0,2406,2409,23.199999999999818,49.19999999999982,0.014349332013854355,0.03043047996041559
2024-06-12,SA,2290.0,SA406,2126.0,SA409,2175.0,2406,2409,-164.0,-115.0,-0.07161572052401743,-0.05021834061135366
2024-06-13,FG,1618.4,FG406,1633.0,FG409,1641.0,2406,2409,14.599999999999909,22.59999999999991,0.009021255561047825,0.013964409293129032
2024-06-13,SA,2290.0,SA406,2060.0,SA409,2147.0,2406,2409,-230.0,-143.0,-0.10043668122270744,-0.062445414847161596
2024-06-14,FG,1618.4,FG406,1642.0,FG409,1641.0,2406,2409,23.59999999999991,22.59999999999991,0.014582303509639072,0.013964409293129032
2024-06-14,SA,2290.0,SA406,2055.0,SA409,2156.0,2406,2409,-235.0,-134.0,-0.1026200873362445,-0.05851528384279481
2024-06-17,FG,1618.4,FG406,1622.0,FG409,1592.0,2406,2409,3.599999999999909,-26.40000000000009,0.0022244191794364987,-0.016312407315867583
2024-06-17,SA,2230.0,SA406,2056.0,SA409,2120.0,2406,2409,-174.0,-110.0,-0.07802690582959637,-0.04932735426008972
2024-06-18,FG,1617.6,FG407,1543.0,FG409,1573.0,2407,2409,-74.59999999999991,-44.59999999999991,-0.04611770524233427,-0.02757171117705237
2024-06-18,SA,2230.0,SA407,2030.0,SA409,2076.0,2407,2409,-200.0,-154.0,-0.08968609865470856,-0.0690582959641256
2024-06-19,FG,1617.6,FG407,1521.0,FG409,1587.0,2407,2409,-96.59999999999991,-30.59999999999991,-0.05971810089020768,-0.018916913946587455
2024-06-19,SA,2230.0,SA407,2029.0,SA409,2075.0,2407,2409,-201.0,-155.0,-0.09013452914798203,-0.06950672645739908
2024-06-20,FG,1617.6,FG407,1520.0,FG409,1587.0,2407,2409,-97.59999999999991,-30.59999999999991,-0.060336300692383715,-0.018916913946587455
2024-06-20,SA,2230.0,SA407,2069.0,SA409,2120.0,2407,2409,-161.0,-110.0,-0.07219730941704039,-0.04932735426008972
2024-06-21,FG,1617.6,FG407,1505.0,FG409,1579.0,2407,2409,-112.59999999999991,-38.59999999999991,-0.06960929772502467,-0.023862512363995947
2024-06-21,SA,2230.0,SA407,2060.0,SA409,2109.0,2407,2409,-170.0,-121.0,-0.07623318385650224,-0.054260089686098634
2024-06-24,FG,1588.0,FG407,1468.0,FG409,1534.0,2407,2409,-120.0,-54.0,-0.07556675062972296,-0.03400503778337527
2024-06-24,SA,2230.0,SA407,1969.0,SA409,2023.0,2407,2409,-261.0,-207.0,-0.11704035874439467,-0.09282511210762334
2024-06-25,FG,1585.6,FG407,1450.0,FG409,1551.0,2407,2409,-135.5999999999999,-34.59999999999991,-0.08551967709384456,-0.021821392532795136
2024-06-25,SA,2230.0,SA407,1979.0,SA409,2028.0,2407,2409,-251.0,-202.0,-0.11255605381165923,-0.09058295964125562
2024-06-26,FG,1585.6,FG407,1423.0,FG409,1557.0,2407,2409,-162.5999999999999,-28.59999999999991,-0.10254793138244189,-0.018037336024217865
2024-06-26,SA,2230.0,SA407,2002.0,SA409,2069.0,2407,2409,-228.0,-161.0,-0.1022421524663677,-0.07219730941704039
2024-06-27,FG,1585.6,FG407,1424.0,FG409,1529.0,2407,2409,-161.5999999999999,-56.59999999999991,-0.10191725529767903,-0.03569626639757817
2024-06-27,SA,2230.0,SA407,1949.0,SA409,2022.0,2407,2409,-281.0,-208.0,-0.12600896860986543,-0.09327354260089682
2024-06-28,FG,1524.0,FG407,1408.0,FG409,1560.0,2407,2409,-116.0,36.0,-0.07611548556430447,0.023622047244094446
2024-06-28,SA,2230.0,SA407,2004.0,SA409,2093.0,2407,2409,-226.0,-137.0,-0.10134529147982063,-0.06143497757847538
2024-07-01,FG,1524.0,FG407,1435.0,FG409,1551.0,2407,2409,-89.0,27.0,-0.05839895013123364,0.017716535433070835
2024-07-01,SA,2210.0,SA407,2040.0,SA409,2126.0,2407,2409,-170.0,-84.0,-0.07692307692307687,-0.03800904977375563
2024-07-02,FG,1524.0,FG407,1438.0,FG409,1578.0,2407,2409,-86.0,54.0,-0.05643044619422577,0.03543307086614167
2024-07-02,SA,2210.0,SA407,2088.0,SA409,2188.0,2407,2409,-122.0,-22.0,-0.05520361990950229,-0.009954751131221684
2024-07-03,FG,1508.0,FG407,1428.0,FG409,1583.0,2407,2409,-80.0,75.0,-0.053050397877984046,0.049734748010610064
2024-07-03,SA,2210.0,SA407,2130.0,SA409,2224.0,2407,2409,-80.0,14.0,-0.03619909502262442,0.0063348416289592535
2024-07-04,FG,1504.0,FG407,1430.0,FG409,1574.0,2407,2409,-74.0,70.0,-0.049202127659574435,0.046542553191489366
2024-07-04,SA,2210.0,SA407,2086.0,SA409,2202.0,2407,2409,-124.0,-8.0,-0.056108597285067896,-0.0036199095022624306
2024-07-05,FG,1504.0,FG407,1425.0,FG409,1524.0,2407,2409,-79.0,20.0,-0.05252659574468088,0.013297872340425565
2024-07-05,SA,2210.0,SA407,2043.0,SA409,2119.0,2407,2409,-167.0,-91.0,-0.07556561085972846,-0.04117647058823526
2024-07-08,FG,1503.1999999999998,FG407,1379.0,FG409,1494.0,2407,2409,-124.19999999999982,-9.199999999999818,-0.082623736029803,-0.0061202767429482385
2024-07-08,SA,2210.0,SA407,1945.0,SA409,2040.0,2407,2409,-265.0,-170.0,-0.11990950226244346,-0.07692307692307687
2024-07-09,FG,1495.2,FG407,1366.0,FG409,1503.0,2407,2409,-129.20000000000005,7.7999999999999545,-0.08640984483681113,0.005216693418940599
2024-07-09,SA,2210.0,SA407,1962.0,SA409,2049.0,2407,2409,-248.0,-161.0,-0.11221719457013579,-0.07285067873303164
2024-07-10,FG,1487.2,FG407,1351.0,FG409,1464.0,2407,2409,-136.20000000000005,-23.200000000000045,-0.09158149542764926,-0.015599784830554131
2024-07-10,SA,2210.0,SA407,1901.0,SA409,1952.0,2407,2409,-309.0,-258.0,-0.13981900452488683,-0.11674208144796383
2024-07-11,FG,1479.1999999999998,FG407,1353.0,FG409,1465.0,2407,2409,-126.19999999999982,-14.199999999999818,-0.08531638723634383,-0.009599783666846773
2024-07-11,SA,2210.0,SA407,1863.0,SA409,1952.0,2407,2409,-347.0,-258.0,-0.15701357466063348,-0.11674208144796383
2024-07-12,FG,1479.1999999999998,FG407,1353.0,FG409,1473.0,2407,2409,-126.19999999999982,-6.199999999999818,-0.08531638723634383,-0.004191454840454134
2024-07-12,SA,2210.0,SA407,1886.0,SA409,1967.0,2407,2409,-324.0,-243.0,-0.146606334841629,-0.10995475113122177
2024-07-15,FG,1456.0,FG408,1445.0,FG409,1456.0,2408,2409,-11.0,0.0,-0.007554945054945028,0.0
2024-07-15,SA,2210.0,SA408,1942.0,SA409,1962.0,2408,2409,-268.0,-248.0,-0.12126696832579187,-0.11221719457013579
2024-07-16,FG,1448.0,FG408,1443.0,FG409,1454.0,2408,2409,-5.0,6.0,-0.0034530386740331265,0.004143646408839796
2024-07-16,SA,2180.0,SA408,1923.0,SA409,1941.0,2408,2409,-257.0,-239.0,-0.11788990825688073,-0.1096330275229358
2024-07-17,FG,1438.4,FG408,1431.0,FG409,1439.0,2408,2409,-7.400000000000091,0.599999999999909,-0.005144605116796486,0.00041713014460498243
2024-07-17,SA,2180.0,SA408,1918.0,SA409,1929.0,2408,2409,-262.0,-251.0,-0.12018348623853214,-0.11513761467889905
2024-07-18,FG,1438.4,FG408,1448.0,FG409,1459.0,2408,2409,9.599999999999909,20.59999999999991,0.006674082313681717,0.014321468298108986
2024-07-18,SA,2170.0,SA408,1940.0,SA409,1958.0,2408,2409,-230.0,-212.0,-0.10599078341013823,-0.09769585253456226
2024-07-19,FG,1427.2,FG408,1431.0,FG409,1443.0,2408,2409,3.7999999999999545,15.799999999999955,0.0026625560538116044,0.011070627802690636
2024-07-19,SA,2170.0,SA408,1929.0,SA409,1938.0,2408,2409,-241.0,-232.0,-0.11105990783410136,-0.10691244239631337
2024-07-22,FG,1421.6,FG408,1416.0,FG409,1428.0,2408,2409,-5.599999999999909,6.400000000000091,-0.003939223410241888,0.004501969611705237
2024-07-22,SA,2170.0,SA408,1875.0,SA409,1894.0,2408,2409,-295.0,-276.0,-0.13594470046082952,-0.12718894009216586
2024-07-23,FG,1421.6,FG408,1395.0,FG409,1406.0,2408,2409,-26.59999999999991,-15.599999999999909,-0.018711311198649327,-0.01097355092853114
2024-07-23,SA,2170.0,SA408,1839.0,SA409,1854.0,2408,2409,-331.0,-316.0,-0.15253456221198158,-0.1456221198156682
2024-07-24,FG,1421.6,FG408,1406.0,FG409,1427.0,2408,2409,-15.599999999999909,5.400000000000091,-0.01097355092853114,0.0037985368598763003
2024-07-24,SA,2170.0,SA408,1849.0,SA409,1868.0,2408,2409,-321.0,-302.0,-0.14792626728110603,-0.13917050691244237
2024-07-25,FG,1416.0,FG408,1404.0,FG409,1412.0,2408,2409,-12.0,-4.0,-0.008474576271186418,-0.0028248587570621764
2024-07-25,SA,2170.0,SA408,1835.0,SA409,1859.0,2408,2409,-335.0,-311.0,-0.15437788018433185,-0.14331797235023036
2024-07-26,FG,1407.2,FG408,1388.0,FG409,1390.0,2408,2409,-19.200000000000045,-17.200000000000045,-0.013644115974985827,-0.012222853894258146
2024-07-26,SA,2170.0,SA408,1811.0,SA409,1834.0,2408,2409,-359.0,-336.0,-0.16543778801843323,-0.1548387096774193
2024-07-29,FG,1403.1999999999998,FG408,1327.0,FG409,1341.0,2408,2409,-76.19999999999982,-62.19999999999982,-0.05430444697833514,-0.044327251995438854
2024-07-29,SA,2160.0,SA408,1749.0,SA409,1772.0,2408,2409,-411.0,-388.0,-0.19027777777777777,-0.17962962962962958
2024-07-30,FG,1379.1999999999998,FG408,1345.0,FG409,1346.0,2408,2409,-34.19999999999982,-33.19999999999982,-0.02479698375870054,-0.02407192575406014
2024-07-30,SA,2160.0,SA408,1717.0,SA409,1740.0,2408,2409,-443.0,-420.0,-0.2050925925925926,-0.19444444444444442
2024-07-31,FG,1379.1999999999998,FG408,1372.0,FG409,1375.0,2408,2409,-7.199999999999818,-4.199999999999818,-0.0052204176334105235,-0.003045243619489435
2024-07-31,SA,2140.0,SA408,1743.0,SA409,1769.0,2408,2409,-397.0,-371.0,-0.1855140186915888,-0.17336448598130838
2024-08-01,FG,1379.1999999999998,FG408,1360.0,FG409,1347.0,2408,2409,-19.199999999999818,-32.19999999999982,-0.013921113689094988,-0.023346867749419853
2024-08-01,SA,2120.0,SA408,1720.0,SA409,1749.0,2408,2409,-400.0,-371.0,-0.18867924528301883,-0.17500000000000004
2024-08-02,FG,1379.1999999999998,FG408,1330.0,FG409,1371.0,2408,2409,-49.19999999999982,-8.199999999999818,-0.035672853828306095,-0.005945475638050923
2024-08-02,SA,2120.0,SA408,1790.0,SA409,1813.0,2408,2409,-330.0,-307.0,-0.1556603773584906,-0.14481132075471703
2024-08-05,FG,1379.1999999999998,FG408,1318.0,FG409,1353.0,2408,2409,-61.19999999999982,-26.199999999999818,-0.04437354988399056,-0.018996519721577565
2024-08-05,SA,2120.0,SA408,1767.0,SA409,1790.0,2408,2409,-353.0,-330.0,-0.16650943396226414,-0.1556603773584906
2024-08-06,FG,1379.1999999999998,FG408,1325.0,FG409,1335.0,2408,2409,-54.19999999999982,-44.19999999999982,-0.03929814385150798,-0.03204756380510432
2024-08-06,SA,2120.0,SA408,1748.0,SA409,1743.0,2408,2409,-372.0,-377.0,-0.1754716981132075,-0.17783018867924527
2024-08-07,FG,1379.1999999999998,FG408,1313.0,FG409,1312.0,2408,2409,-66.19999999999982,-67.19999999999982,-0.04799883990719245,-0.04872389791183285
2024-08-07,SA,2120.0,SA408,1697.0,SA409,1717.0,2408,2409,-423.0,-403.0,-0.1995283018867925,-0.19009433962264155
2024-08-08,FG,1379.1999999999998,FG408,1268.0,FG409,1297.0,2408,2409,-111.19999999999982,-82.19999999999982,-0.08062645011600911,-0.0595997679814384
2024-08-08,SA,2120.0,SA408,1680.0,SA409,1707.0,2408,2409,-440.0,-413.0,-0.2075471698113207,-0.19481132075471697
2024-08-09,FG,1382.4,FG408,1304.0,FG409,1308.0,2408,2409,-78.40000000000009,-74.40000000000009,-0.05671296296296302,-0.05381944444444453
2024-08-09,SA,2120.0,SA408,1720.0,SA501,1731.0,2408,2501,-400.0,-389.0,-0.18867924528301883,-0.18349056603773584
2024-08-12,FG,1382.4,FG408,1274.0,FG409,1304.0,2408,2409,-108.40000000000009,-78.40000000000009,-0.07841435185185186,-0.05671296296296302
2024-08-12,SA,2110.0,SA408,1659.0,SA501,1689.0,2408,2501,-451.0,-421.0,-0.21374407582938393,-0.1995260663507109
2024-08-13,FG,1381.6,FG408,1235.0,FG409,1267.0,2408,2409,-146.5999999999999,-114.59999999999991,-0.10610885929357261,-0.08294730746960044
2024-08-13,SA,2110.0,SA408,1643.0,SA501,1663.0,2408,2501,-467.0,-447.0,-0.2213270142180095,-0.2118483412322275
2024-08-14,FG,1381.6,FG408,1244.0,FG501,1294.0,2408,2501,-137.5999999999999,-87.59999999999991,-0.09959467284308043,-0.0634047481181238
2024-08-14,SA,2110.0,SA408,1573.0,SA501,1583.0,2408,2501,-537.0,-527.0,-0.25450236966824646,-0.24976303317535542
2024-08-15,FG,1381.6,FG409,1244.0,FG501,1288.0,2409,2501,-137.5999999999999,-93.59999999999991,-0.09959467284308043,-0.06774753908511866
2024-08-15,SA,2110.0,SA409,1580.0,SA501,1585.0,2409,2501,-530.0,-525.0,-0.2511848341232228,-0.2488151658767772
2024-08-16,FG,1359.1999999999998,FG409,1239.0,FG501,1275.0,2409,2501,-120.19999999999982,-84.19999999999982,-0.08843437316068259,-0.061948204826368314
2024-08-16,SA,2110.0,SA409,1550.0,SA501,1582.0,2409,2501,-560.0,-528.0,-0.2654028436018957,-0.2502369668246446
2024-08-19,FG,1348.0,FG409,1233.0,FG501,1275.0,2409,2501,-115.0,-73.0,-0.08531157270029677,-0.054154302670623156
2024-08-19,SA,2100.0,SA409,1545.0,SA501,1596.0,2409,2501,-555.0,-504.0,-0.26428571428571423,-0.24
2024-08-20,FG,1309.6000000000001,FG409,1241.0,FG501,1295.0,2409,2501,-68.60000000000014,-14.600000000000136,-0.05238240684178386,-0.01114844227244971
2024-08-20,SA,2100.0,SA409,1548.0,SA501,1616.0,2409,2501,-552.0,-484.0,-0.2628571428571429,-0.2304761904761905
2024-08-21,FG,1309.6000000000001,FG409,1240.0,FG501,1323.0,2409,2501,-69.60000000000014,13.399999999999864,-0.05314599877825299,0.01023213194868644
2024-08-21,SA,2100.0,SA409,1560.0,SA501,1645.0,2409,2501,-540.0,-455.0,-0.2571428571428571,-0.21666666666666667
2024-08-22,FG,1293.6000000000001,FG409,1191.0,FG501,1264.0,2409,2501,-102.60000000000014,-29.600000000000136,-0.07931354359925802,-0.022881880024737233
2024-08-22,SA,2100.0,SA409,1495.0,SA501,1565.0,2409,2501,-605.0,-535.0,-0.28809523809523807,-0.25476190476190474
2024-08-23,FG,1287.2,FG409,1154.0,FG501,1251.0,2409,2501,-133.20000000000005,-36.200000000000045,-0.10348042262274704,-0.028123057799875784
2024-08-23,SA,2100.0,SA409,1462.0,SA501,1546.0,2409,2501,-638.0,-554.0,-0.30380952380952386,-0.2638095238095238
2024-08-26,FG,1273.6,FG409,1121.0,FG501,1249.0,2409,2501,-152.5999999999999,-24.59999999999991,-0.11981783919597988,-0.019315326633165708
2024-08-26,SA,2090.0,SA409,1496.0,SA501,1579.0,2409,2501,-594.0,-511.0,-0.28421052631578947,-0.24449760765550244
2024-08-27,FG,1273.6,FG409,1127.0,FG501,1265.0,2409,2501,-146.5999999999999,-8.599999999999909,-0.11510678391959794,-0.00675251256281395
2024-08-27,SA,2090.0,SA409,1532.0,SA501,1614.0,2409,2501,-558.0,-476.0,-0.2669856459330143,-0.22775119617224882
2024-08-28,FG,1257.6000000000001,FG409,1128.0,FG501,1252.0,2409,2501,-129.60000000000014,-5.600000000000136,-0.10305343511450393,-0.004452926208651453
2024-08-28,SA,2090.0,SA409,1507.0,SA501,1568.0,2409,2501,-583.0,-522.0,-0.2789473684210526,-0.24976076555023918
2024-08-29,FG,1257.6000000000001,FG409,1113.0,FG501,1261.0,2409,2501,-144.60000000000014,3.3999999999998636,-0.1149809160305344,0.002703562340966803
2024-08-29,SA,2090.0,SA409,1510.0,SA501,1596.0,2409,2501,-580.0,-494.0,-0.27751196172248804,-0.23636363636363633
2024-08-30,FG,1257.6000000000001,FG409,1070.0,FG501,1264.0,2409,2501,-187.60000000000014,6.399999999999864,-0.14917302798982202,0.0050890585241729624
2024-08-30,SA,2090.0,SA409,1466.0,SA501,1596.0,2409,2501,-624.0,-494.0,-0.29856459330143537,-0.23636363636363633
2024-09-02,FG,1241.6,FG409,1000.0,FG501,1178.0,2409,2501,-241.5999999999999,-63.59999999999991,-0.19458762886597936,-0.05122422680412364
2024-09-02,SA,2070.0,SA409,1412.0,SA501,1503.0,2409,2501,-658.0,-567.0,-0.3178743961352657,-0.27391304347826084
2024-09-03,FG,1241.6,FG409,965.0,FG501,1143.0,2409,2501,-276.5999999999999,-98.59999999999991,-0.22277706185567003,-0.07941365979381432
2024-09-03,SA,2070.0,SA409,1415.0,SA501,1499.0,2409,2501,-655.0,-571.0,-0.3164251207729468,-0.27584541062801937
2024-09-04,FG,1241.6,FG409,943.0,FG501,1124.0,2409,2501,-298.5999999999999,-117.59999999999991,-0.24049613402061853,-0.09471649484536071
2024-09-04,SA,2070.0,SA409,1412.0,SA501,1485.0,2409,2501,-658.0,-585.0,-0.3178743961352657,-0.28260869565217395
2024-09-05,FG,1241.6,FG409,958.0,FG501,1126.0,2409,2501,-283.5999999999999,-115.59999999999991,-0.2284149484536082,-0.09310567010309267
2024-09-05,SA,2070.0,SA409,1383.0,SA501,1432.0,2409,2501,-687.0,-638.0,-0.3318840579710145,-0.3082125603864734
2024-09-06,FG,1238.4,FG409,940.0,FG501,1123.0,2409,2501,-298.4000000000001,-115.40000000000009,-0.24095607235142125,-0.09318475452196384
2024-09-06,SA,2070.0,SA409,1367.0,SA501,1430.0,2409,2501,-703.0,-640.0,-0.3396135265700483,-0.3091787439613527
2024-09-09,FG,1222.3999999999999,FG409,911.0,FG501,1118.0,2409,2501,-311.39999999999986,-104.39999999999986,-0.2547447643979057,-0.08540575916230353
2024-09-09,SA,2060.0,SA409,1344.0,SA501,1391.0,2409,2501,-716.0,-669.0,-0.34757281553398056,-0.324757281553398
2024-09-10,FG,1187.2,FG409,915.0,FG501,1086.0,2409,2501,-272.20000000000005,-101.20000000000005,-0.2292789757412399,-0.08524258760107817
2024-09-10,SA,2060.0,SA409,1330.0,SA501,1360.0,2409,2501,-730.0,-700.0,-0.3543689320388349,-0.3398058252427184
2024-09-11,FG,1187.2,FG409,889.0,FG501,1089.0,2409,2501,-298.20000000000005,-98.20000000000005,-0.25117924528301894,-0.08271563342318067
2024-09-11,SA,2020.0,SA409,1345.0,SA501,1409.0,2409,2501,-675.0,-611.0,-0.3341584158415841,-0.3024752475247525
2024-09-12,FG,1152.0,FG409,870.0,FG501,1048.0,2409,2501,-282.0,-104.0,-0.24479166666666663,-0.09027777777777779
2024-09-12,SA,2020.0,SA409,1336.0,SA501,1387.0,2409,2501,-684.0,-633.0,-0.3386138613861386,-0.3133663366336633
2024-09-13,FG,1152.0,FG409,880.0,FG501,1021.0,2409,2501,-272.0,-131.0,-0.23611111111111116,-0.11371527777777779
2024-09-13,SA,2020.0,SA409,1310.0,SA501,1351.0,2409,2501,-710.0,-669.0,-0.35148514851485146,-0.33118811881188115
2024-09-18,FG,1128.0,FG410,944.0,FG501,1030.0,2410,2501,-184.0,-98.0,-0.16312056737588654,-0.08687943262411346
2024-09-18,SA,2000.0,SA410,1328.0,SA501,1358.0,2410,2501,-672.0,-642.0,-0.33599999999999997,-0.32099999999999995
2024-09-19,FG,1128.0,FG410,984.0,FG501,1069.0,2410,2501,-144.0,-59.0,-0.12765957446808507,-0.052304964539007126
2024-09-19,SA,1890.0,SA410,1339.0,SA501,1378.0,2410,2501,-551.0,-512.0,-0.29153439153439153,-0.27089947089947086
2024-09-20,FG,1108.0,FG410,963.0,FG501,1038.0,2410,2501,-145.0,-70.0,-0.13086642599277976,-0.06317689530685922
2024-09-20,SA,1890.0,SA410,1320.0,SA501,1341.0,2410,2501,-570.0,-549.0,-0.3015873015873016,-0.29047619047619044
2024-09-23,FG,1084.0,FG410,962.0,FG501,1062.0,2410,2501,-122.0,-22.0,-0.11254612546125464,-0.020295202952029467
2024-09-23,SA,1860.0,SA410,1334.0,SA501,1361.0,2410,2501,-526.0,-499.0,-0.2827956989247312,-0.26827956989247315
2024-09-24,FG,1084.0,FG410,1007.0,FG501,1115.0,2410,2501,-77.0,31.0,-0.0710332103321033,0.02859778597785967
2024-09-24,SA,1860.0,SA410,1408.0,SA501,1442.0,2410,2501,-452.0,-418.0,-0.24301075268817207,-0.22473118279569892
2024-09-25,FG,1076.0,FG410,1013.0,FG501,1129.0,2410,2501,-63.0,53.0,-0.05855018587360594,0.0492565055762082
2024-09-25,SA,1860.0,SA410,1440.0,SA501,1475.0,2410,2501,-420.0,-385.0,-0.22580645161290325,-0.206989247311828
2024-09-26,FG,1076.0,FG410,973.0,FG501,1143.0,2410,2501,-103.0,67.0,-0.09572490706319703,0.06226765799256495
2024-09-26,SA,1770.0,SA410,1443.0,SA501,1515.0,2410,2501,-327.0,-255.0,-0.18474576271186438,-0.14406779661016944
2024-09-27,FG,1076.0,FG410,1013.0,FG501,1206.0,2410,2501,-63.0,130.0,-0.05855018587360594,0.1208178438661709
2024-09-27,SA,1770.0,SA410,1498.0,SA501,1579.0,2410,2501,-272.0,-191.0,-0.15367231638418077,-0.10790960451977405
2024-09-30,FG,1076.0,FG410,1086.0,FG501,1290.0,2410,2501,10.0,214.0,0.009293680297397744,0.1988847583643123
2024-09-30,SA,1780.0,SA410,1606.0,SA501,1699.0,2410,2501,-174.0,-81.0,-0.09775280898876404,-0.04550561797752806
2024-10-08,FG,1204.0,FG410,1038.0,FG501,1212.0,2410,2501,-166.0,8.0,-0.13787375415282388,0.006644518272425293
2024-10-08,SA,1790.0,SA410,1443.0,SA501,1495.0,2410,2501,-347.0,-295.0,-0.19385474860335195,-0.16480446927374304
2024-10-09,FG,1204.0,FG410,1046.0,FG501,1187.0,2410,2501,-158.0,-17.0,-0.1312292358803987,-0.014119601328903664
2024-10-09,SA,1790.0,SA410,1467.0,SA501,1495.0,2410,2501,-323.0,-295.0,-0.18044692737430168,-0.16480446927374304
2024-10-10,FG,1188.0,FG410,1040.0,FG501,1149.0,2410,2501,-148.0,-39.0,-0.12457912457912457,-0.03282828282828287
2024-10-10,SA,1790.0,SA410,1425.0,SA501,1472.0,2410,2501,-365.0,-318.0,-0.2039106145251397,-0.17765363128491618
2024-10-11,FG,1188.0,FG410,1041.0,FG501,1184.0,2410,2501,-147.0,-4.0,-0.1237373737373737,-0.0033670033670033517
2024-10-11,SA,1790.0,SA410,1444.0,SA501,1517.0,2410,2501,-346.0,-273.0,-0.19329608938547482,-0.1525139664804469
2024-10-14,FG,1180.0,FG410,1038.0,FG501,1226.0,2410,2501,-142.0,46.0,-0.12033898305084745,0.03898305084745757
2024-10-14,SA,1790.0,SA410,1450.0,SA501,1530.0,2410,2501,-340.0,-260.0,-0.1899441340782123,-0.14525139664804465
2024-10-15,FG,1160.0,FG410,1119.0,FG501,1294.0,2410,2501,-41.0,134.0,-0.03534482758620694,0.11551724137931041
2024-10-15,SA,1790.0,SA410,1494.0,SA501,1573.0,2410,2501,-296.0,-217.0,-0.16536312849162016,-0.12122905027932962
2024-10-16,FG,1168.0,FG410,1130.0,FG501,1310.0,2410,2501,-38.0,142.0,-0.03253424657534243,0.12157534246575352
2024-10-16,SA,1790.0,SA410,1490.0,SA501,1548.0,2410,2501,-300.0,-242.0,-0.16759776536312854,-0.135195530726257
2024-10-17,FG,1180.0,FG410,1089.0,FG501,1184.0,2410,2501,-91.0,4.0,-0.07711864406779656,0.003389830508474523
2024-10-17,SA,1790.0,SA410,1466.0,SA501,1436.0,2410,2501,-324.0,-354.0,-0.1810055865921788,-0.19776536312849158
2024-10-18,FG,1180.0,FG410,1036.0,FG501,1230.0,2410,2501,-144.0,50.0,-0.12203389830508471,0.04237288135593231
2024-10-18,SA,1790.0,SA410,1397.0,SA501,1450.0,2410,2501,-393.0,-340.0,-0.21955307262569834,-0.1899441340782123
2024-10-21,FG,1180.0,FG410,1023.0,FG501,1246.0,2410,2501,-157.0,66.0,-0.13305084745762707,0.055932203389830404
2024-10-21,SA,1750.0,SA410,1398.0,SA501,1481.0,2410,2501,-352.0,-269.0,-0.20114285714285718,-0.1537142857142857
2024-10-22,FG,1180.0,FG411,1070.0,FG501,1265.0,2411,2501,-110.0,85.0,-0.09322033898305082,0.07203389830508478
2024-10-22,SA,1750.0,SA411,1467.0,SA501,1521.0,2411,2501,-283.0,-229.0,-0.1617142857142857,-0.1308571428571429
2024-10-23,FG,1188.0,FG411,1079.0,FG501,1255.0,2411,2501,-109.0,67.0,-0.0917508417508418,0.056397306397306446
2024-10-23,SA,1750.0,SA411,1459.0,SA501,1512.0,2411,2501,-291.0,-238.0,-0.16628571428571426,-0.136
2024-10-24,FG,1188.0,FG411,1185.0,FG501,1349.0,2411,2501,-3.0,161.0,-0.002525252525252486,0.1355218855218856
2024-10-24,SA,1750.0,SA411,1496.0,SA501,1558.0,2411,2501,-254.0,-192.0,-0.14514285714285713,-0.10971428571428576
2024-10-25,FG,1200.0,FG411,1196.0,FG501,1349.0,2411,2501,-4.0,149.0,-0.0033333333333332993,0.12416666666666676
2024-10-25,SA,1750.0,SA411,1467.0,SA501,1518.0,2411,2501,-283.0,-232.0,-0.1617142857142857,-0.13257142857142856
2024-10-28,FG,1260.0,FG411,1247.0,FG501,1412.0,2411,2501,-13.0,152.0,-0.01031746031746028,0.12063492063492065
2024-10-28,SA,1750.0,SA411,1508.0,SA501,1560.0,2411,2501,-242.0,-190.0,-0.13828571428571423,-0.10857142857142854
2024-10-29,FG,1260.0,FG411,1179.0,FG501,1367.0,2411,2501,-81.0,107.0,-0.06428571428571428,0.08492063492063484
2024-10-29,SA,1750.0,SA411,1466.0,SA501,1517.0,2411,2501,-284.0,-233.0,-0.16228571428571426,-0.13314285714285712
2024-10-30,FG,1276.0,FG411,1165.0,FG501,1369.0,2411,2501,-111.0,93.0,-0.0869905956112853,0.07288401253918497
2024-10-30,SA,1750.0,SA411,1476.0,SA501,1560.0,2411,2501,-274.0,-190.0,-0.15657142857142858,-0.10857142857142854
2024-10-31,FG,1276.0,FG411,1140.0,FG501,1357.0,2411,2501,-136.0,81.0,-0.10658307210031348,0.06347962382445149
2024-10-31,SA,1750.0,SA411,1473.0,SA501,1575.0,2411,2501,-277.0,-175.0,-0.15828571428571425,-0.09999999999999998
2024-11-01,FG,1276.0,FG411,1173.0,FG501,1365.0,2411,2501,-103.0,89.0,-0.08072100313479624,0.06974921630094033
2024-11-01,SA,1750.0,SA411,1450.0,SA501,1539.0,2411,2501,-300.0,-211.0,-0.17142857142857137,-0.12057142857142855
2024-11-04,FG,1276.0,FG411,1155.0,FG501,1337.0,2411,2501,-121.0,61.0,-0.09482758620689657,0.04780564263322895
2024-11-04,SA,1670.0,SA411,1445.0,SA501,1525.0,2411,2501,-225.0,-145.0,-0.1347305389221557,-0.08682634730538918
2024-11-05,FG,1276.0,FG411,1208.0,FG501,1387.0,2411,2501,-68.0,111.0,-0.053291536050156685,0.0869905956112853
2024-11-05,SA,1670.0,SA411,1440.0,SA501,1543.0,2411,2501,-230.0,-127.0,-0.13772455089820357,-0.07604790419161678
2024-11-06,FG,1296.0,FG411,1209.0,FG501,1383.0,2411,2501,-87.0,87.0,-0.06712962962962965,0.06712962962962954
2024-11-06,SA,1670.0,SA411,1430.0,SA501,1517.0,2411,2501,-240.0,-153.0,-0.14371257485029942,-0.09161676646706585
2024-11-07,FG,1336.0,FG411,1219.0,FG501,1385.0,2411,2501,-117.0,49.0,-0.08757485029940115,0.03667664670658688
2024-11-07,SA,1670.0,SA411,1450.0,SA501,1546.0,2411,2501,-220.0,-124.0,-0.13173652694610782,-0.07425149700598799
2024-11-08,FG,1340.0,FG411,1202.0,FG501,1353.0,2411,2501,-138.0,13.0,-0.10298507462686568,0.009701492537313339
2024-11-08,SA,1670.0,SA411,1450.0,SA501,1514.0,2411,2501,-220.0,-156.0,-0.13173652694610782,-0.09341317365269464
2024-11-11,FG,1340.0,FG411,1172.0,FG501,1326.0,2411,2501,-168.0,-14.0,-0.12537313432835817,-0.010447761194029903
2024-11-11,SA,1670.0,SA411,1405.0,SA501,1485.0,2411,2501,-265.0,-185.0,-0.1586826347305389,-0.1107784431137725
2024-11-12,FG,1360.0,FG411,1156.0,FG501,1315.0,2411,2501,-204.0,-45.0,-0.15000000000000002,-0.03308823529411764
2024-11-12,SA,1670.0,SA411,1416.0,SA501,1497.0,2411,2501,-254.0,-173.0,-0.15209580838323356,-0.10359281437125745
2024-11-13,FG,1372.0,FG411,1205.0,FG501,1336.0,2411,2501,-167.0,-36.0,-0.1217201166180758,-0.026239067055393583
2024-11-13,SA,1670.0,SA411,1455.0,SA501,1524.0,2411,2501,-215.0,-146.0,-0.12874251497005984,-0.08742514970059878
2024-11-14,FG,1372.0,FG411,1176.0,FG501,1282.0,2411,2501,-196.0,-90.0,-0.1428571428571429,-0.06559766763848396
2024-11-14,SA,1670.0,SA411,1450.0,SA501,1500.0,2411,2501,-220.0,-170.0,-0.13173652694610782,-0.10179640718562877
2024-11-15,FG,1372.0,FG412,1257.0,FG501,1258.0,2412,2501,-115.0,-114.0,-0.08381924198250734,-0.08309037900874638
2024-11-15,SA,1670.0,SA412,1455.0,SA501,1470.0,2412,2501,-215.0,-200.0,-0.12874251497005984,-0.11976047904191611
2024-11-18,FG,1372.0,FG412,1248.0,FG501,1239.0,2412,2501,-124.0,-133.0,-0.09037900874635574,-0.09693877551020413
2024-11-18,SA,1670.0,SA412,1466.0,SA501,1483.0,2412,2501,-204.0,-187.0,-0.1221556886227545,-0.11197604790419158
2024-11-19,FG,1332.0,FG412,1265.0,FG501,1257.0,2412,2501,-67.0,-75.0,-0.050300300300300305,-0.056306306306306286
2024-11-19,SA,1670.0,SA412,1465.0,SA501,1480.0,2412,2501,-205.0,-190.0,-0.1227544910179641,-0.11377245508982037
2024-11-20,FG,1332.0,FG412,1253.0,FG501,1251.0,2412,2501,-79.0,-81.0,-0.05930930930930933,-0.060810810810810856
2024-11-20,SA,1670.0,SA412,1448.0,SA501,1465.0,2412,2501,-222.0,-205.0,-0.1329341317365269,-0.1227544910179641
2024-11-21,FG,1332.0,FG412,1269.0,FG501,1276.0,2412,2501,-63.0,-56.0,-0.04729729729729726,-0.042042042042042094
2024-11-21,SA,1670.0,SA412,1490.0,SA501,1508.0,2412,2501,-180.0,-162.0,-0.10778443113772451,-0.0970059880239521
2024-11-22,FG,1328.0,FG412,1244.0,FG501,1240.0,2412,2501,-84.0,-88.0,-0.06325301204819278,-0.0662650602409639
2024-11-22,SA,1670.0,SA412,1469.0,SA501,1481.0,2412,2501,-201.0,-189.0,-0.12035928143712571,-0.11317365269461077
2024-11-25,FG,1312.0,FG412,1240.0,FG501,1243.0,2412,2501,-72.0,-69.0,-0.054878048780487854,-0.052591463414634165
2024-11-25,SA,1670.0,SA412,1489.0,SA501,1502.0,2412,2501,-181.0,-168.0,-0.10838323353293411,-0.10059880239520957
2024-11-26,FG,1312.0,FG412,1239.0,FG501,1242.0,2412,2501,-73.0,-70.0,-0.055640243902439046,-0.05335365853658536
2024-11-26,SA,1670.0,SA412,1486.0,SA501,1502.0,2412,2501,-184.0,-168.0,-0.1101796407185629,-0.10059880239520957
2024-11-27,FG,1312.0,FG412,1236.0,FG501,1243.0,2412,2501,-76.0,-69.0,-0.057926829268292734,-0.052591463414634165
2024-11-27,SA,1670.0,SA412,1487.0,SA501,1505.0,2412,2501,-183.0,-165.0,-0.1095808383233533,-0.09880239520958078
2024-11-28,FG,1312.0,FG412,1243.0,FG501,1246.0,2412,2501,-69.0,-66.0,-0.052591463414634165,-0.05030487804878048
2024-11-28,SA,1670.0,SA412,1471.0,SA501,1487.0,2412,2501,-199.0,-183.0,-0.11916167664670663,-0.1095808383233533
2024-11-29,FG,1296.0,FG412,1259.0,FG501,1263.0,2412,2501,-37.0,-33.0,-0.028549382716049343,-0.02546296296296291
2024-11-29,SA,1670.0,SA412,1462.0,SA501,1478.0,2412,2501,-208.0,-192.0,-0.12455089820359277,-0.11497005988023956
2024-12-02,FG,1308.0,FG412,1273.0,FG501,1294.0,2412,2501,-35.0,-14.0,-0.02675840978593269,-0.010703363914373099
2024-12-02,SA,1670.0,SA412,1466.0,SA501,1482.0,2412,2501,-204.0,-188.0,-0.1221556886227545,-0.11257485029940117
2024-12-03,FG,1308.0,FG412,1259.0,FG501,1282.0,2412,2501,-49.0,-26.0,-0.03746177370030579,-0.019877675840978548
2024-12-03,SA,1670.0,SA412,1464.0,SA501,1472.0,2412,2501,-206.0,-198.0,-0.12335329341317369,-0.11856287425149703
2024-12-04,FG,1308.0,FG412,1247.0,FG501,1249.0,2412,2501,-61.0,-59.0,-0.04663608562691135,-0.0451070336391437
2024-12-04,SA,1670.0,SA412,1415.0,SA501,1423.0,2412,2501,-255.0,-247.0,-0.15269461077844315,-0.1479041916167665
2024-12-05,FG,1308.0,FG412,1230.0,FG501,1201.0,2412,2501,-78.0,-107.0,-0.059633027522935755,-0.08180428134556572
2024-12-05,SA,1670.0,SA412,1411.0,SA501,1418.0,2412,2501,-259.0,-252.0,-0.15508982035928143,-0.15089820359281436
2024-12-06,FG,1308.0,FG412,1209.0,FG501,1204.0,2412,2501,-99.0,-104.0,-0.07568807339449546,-0.07951070336391441
2024-12-06,SA,1670.0,SA412,1421.0,SA501,1428.0,2412,2501,-249.0,-242.0,-0.14910179640718568,-0.14491017964071862
2024-12-09,FG,1296.0,FG412,1209.0,FG501,1204.0,2412,2501,-87.0,-92.0,-0.06712962962962965,-0.07098765432098764
2024-12-09,SA,1650.0,SA412,1403.0,SA501,1420.0,2412,2501,-247.0,-230.0,-0.14969696969696966,-0.1393939393939394
2024-12-10,FG,1296.0,FG412,1209.0,FG501,1226.0,2412,2501,-87.0,-70.0,-0.06712962962962965,-0.054012345679012363
2024-12-10,SA,1650.0,SA412,1414.0,SA501,1433.0,2412,2501,-236.0,-217.0,-0.14303030303030306,-0.13151515151515147
2024-12-11,FG,1296.0,FG412,1209.0,FG501,1230.0,2412,2501,-87.0,-66.0,-0.06712962962962965,-0.05092592592592593
2024-12-11,SA,1650.0,SA412,1428.0,SA501,1440.0,2412,2501,-222.0,-210.0,-0.13454545454545452,-0.12727272727272732
2024-12-12,FG,1296.0,FG412,1219.0,FG505,1415.0,2412,2505,-77.0,119.0,-0.05941358024691357,0.091820987654321
2024-12-12,SA,1650.0,SA412,1433.0,SA505,1524.0,2412,2505,-217.0,-126.0,-0.13151515151515147,-0.07636363636363641
2024-12-13,FG,1296.0,FG412,1206.0,FG505,1375.0,2412,2505,-90.0,79.0,-0.06944444444444442,0.060956790123456894
2024-12-13,SA,1650.0,SA412,1415.0,SA505,1492.0,2412,2505,-235.0,-158.0,-0.14242424242424245,-0.09575757575757571
2024-12-16,FG,1300.0,FG501,1221.0,FG505,1363.0,2501,2505,-79.0,63.0,-0.0607692307692308,0.048461538461538556
2024-12-16,SA,1650.0,SA501,1404.0,SA505,1463.0,2501,2505,-246.0,-187.0,-0.14909090909090905,-0.11333333333333329
2024-12-17,FG,1300.0,FG501,1243.0,FG505,1372.0,2501,2505,-57.0,72.0,-0.04384615384615387,0.055384615384615365
2024-12-17,SA,1650.0,SA501,1394.0,SA505,1462.0,2501,2505,-256.0,-188.0,-0.15515151515151515,-0.1139393939393939
2024-12-18,FG,1300.0,FG501,1238.0,FG505,1373.0,2501,2505,-62.0,73.0,-0.0476923076923077,0.05615384615384622
2024-12-18,SA,1650.0,SA501,1351.0,SA505,1434.0,2501,2505,-299.0,-216.0,-0.18121212121212116,-0.13090909090909086
2024-12-19,FG,1300.0,FG501,1254.0,FG505,1398.0,2501,2505,-46.0,98.0,-0.03538461538461535,0.07538461538461538
2024-12-19,SA,1650.0,SA501,1379.0,SA505,1462.0,2501,2505,-271.0,-188.0,-0.1642424242424242,-0.1139393939393939
2024-12-20,FG,1312.0,FG501,1230.0,FG505,1373.0,2501,2505,-82.0,61.0,-0.0625,0.04649390243902429
2024-12-20,SA,1650.0,SA501,1380.0,SA505,1462.0,2501,2505,-270.0,-188.0,-0.1636363636363637,-0.1139393939393939
2024-12-23,FG,1312.0,FG501,1236.0,FG505,1372.0,2501,2505,-76.0,60.0,-0.057926829268292734,0.0457317073170731
2024-12-23,SA,1650.0,SA501,1376.0,SA505,1452.0,2501,2505,-274.0,-198.0,-0.16606060606060602,-0.12
2024-12-24,FG,1316.0,FG501,1254.0,FG505,1396.0,2501,2505,-62.0,80.0,-0.04711246200607899,0.0607902735562309
2024-12-24,SA,1650.0,SA501,1400.0,SA505,1486.0,2501,2505,-250.0,-164.0,-0.1515151515151515,-0.09939393939393937
2024-12-25,FG,1316.0,FG501,1231.0,FG505,1368.0,2501,2505,-85.0,52.0,-0.06458966565349544,0.03951367781155013
2024-12-25,SA,1650.0,SA501,1393.0,SA505,1467.0,2501,2505,-257.0,-183.0,-0.15575757575757576,-0.11090909090909096
2024-12-26,FG,1316.0,FG501,1213.0,FG505,1346.0,2501,2505,-103.0,30.0,-0.07826747720364746,0.022796352583586588
2024-12-26,SA,1650.0,SA501,1387.0,SA505,1465.0,2501,2505,-263.0,-185.0,-0.15939393939393942,-0.11212121212121207
2024-12-27,FG,1312.0,FG501,1194.0,FG505,1336.0,2501,2505,-118.0,24.0,-0.08993902439024393,0.018292682926829285
2024-12-27,SA,1650.0,SA501,1372.0,SA505,1451.0,2501,2505,-278.0,-199.0,-0.16848484848484846,-0.1206060606060606
2024-12-30,FG,1312.0,FG501,1389.0,FG509,1344.0,2501,2509,77.0,32.0,0.058689024390243816,0.024390243902439046
2024-12-30,SA,1650.0,SA501,1528.0,SA510,1443.0,2501,2510,-122.0,-207.0,-0.07393939393939397,-0.12545454545454549
2024-12-31,FG,1312.0,FG501,1160.0,FG505,1327.0,2501,2505,-152.0,15.0,-0.11585365853658536,0.01143292682926833
2024-12-31,SA,1650.0,SA501,1328.0,SA505,1433.0,2501,2505,-322.0,-217.0,-0.1951515151515152,-0.13151515151515147
2025-01-02,FG,1312.0,FG501,1180.0,FG505,1338.0,2501,2505,-132.0,26.0,-0.10060975609756095,0.01981707317073167
2025-01-02,SA,1640.0,SA501,1341.0,SA505,1444.0,2501,2505,-299.0,-196.0,-0.18231707317073176,-0.11951219512195121
2025-01-03,FG,1288.0,FG501,1198.0,FG505,1342.0,2501,2505,-90.0,54.0,-0.06987577639751552,0.04192546583850931
2025-01-03,SA,1640.0,SA501,1330.0,SA505,1416.0,2501,2505,-310.0,-224.0,-0.18902439024390238,-0.13658536585365855
2025-01-06,FG,1288.0,FG501,1201.0,FG505,1336.0,2501,2505,-87.0,48.0,-0.06754658385093171,0.037267080745341685
2025-01-06,SA,1640.0,SA501,1334.0,SA505,1416.0,2501,2505,-306.0,-224.0,-0.1865853658536586,-0.13658536585365855
2025-01-07,FG,1288.0,FG501,1209.0,FG505,1335.0,2501,2505,-79.0,47.0,-0.06133540372670809,0.03649068322981375
2025-01-07,SA,1640.0,SA501,1330.0,SA505,1404.0,2501,2505,-310.0,-236.0,-0.18902439024390238,-0.14390243902439026
2025-01-08,FG,1288.0,FG501,1190.0,FG505,1294.0,2501,2505,-98.0,6.0,-0.07608695652173914,0.004658385093167627
2025-01-08,SA,1640.0,SA501,1334.0,SA505,1386.0,2501,2505,-306.0,-254.0,-0.1865853658536586,-0.15487804878048783
2025-01-09,FG,1288.0,FG501,1190.0,FG505,1319.0,2501,2505,-98.0,31.0,-0.07608695652173914,0.02406832298136652
2025-01-09,SA,1640.0,SA501,1333.0,SA505,1408.0,2501,2505,-307.0,-232.0,-0.18719512195121957,-0.14146341463414636
2025-01-10,FG,1288.0,FG501,1190.0,FG505,1309.0,2501,2505,-98.0,21.0,-0.07608695652173914,0.016304347826086918
2025-01-10,SA,1640.0,SA501,1325.0,SA505,1404.0,2501,2505,-315.0,-236.0,-0.19207317073170727,-0.14390243902439026
2025-01-13,FG,1300.0,FG501,1221.0,FG505,1362.0,2501,2505,-79.0,62.0,-0.0607692307692308,0.0476923076923077
2025-01-13,SA,1620.0,SA501,1325.0,SA505,1427.0,2501,2505,-295.0,-193.0,-0.1820987654320988,-0.1191358024691358
2025-01-14,FG,1301.6,FG501,1225.0,FG505,1391.0,2501,2505,-76.59999999999991,89.40000000000009,-0.05885064535955742,0.06868469575906588
2025-01-14,SA,1620.0,SA501,1360.0,SA505,1461.0,2501,2505,-260.0,-159.0,-0.16049382716049387,-0.0981481481481481
2025-01-15,FG,1301.6,FG501,1210.0,FG505,1391.0,2501,2505,-91.59999999999991,89.40000000000009,-0.0703749231714812,0.06868469575906588
2025-01-15,SA,1620.0,SA501,1356.0,SA505,1452.0,2501,2505,-264.0,-168.0,-0.16296296296296298,-0.10370370370370374
2025-01-16,FG,1305.6,FG502,1362.0,FG505,1436.0,2502,2505,56.40000000000009,130.4000000000001,0.04319852941176472,0.09987745098039214
2025-01-16,SA,1620.0,SA502,1415.0,SA505,1479.0,2502,2505,-205.0,-141.0,-0.12654320987654322,-0.08703703703703702
2025-01-17,FG,1318.4,FG502,1389.0,FG505,1454.0,2502,2505,70.59999999999991,135.5999999999999,0.05354975728155331,0.10285194174757284
2025-01-17,SA,1620.0,SA502,1451.0,SA505,1511.0,2502,2505,-169.0,-109.0,-0.10432098765432096,-0.06728395061728398
2025-01-20,FG,1318.4,FG502,1340.0,FG505,1417.0,2502,2505,21.59999999999991,98.59999999999991,0.016383495145630977,0.07478762135922312
2025-01-20,SA,1620.0,SA502,1428.0,SA505,1489.0,2502,2505,-192.0,-131.0,-0.11851851851851847,-0.08086419753086416
2025-01-21,FG,1328.0,FG502,1330.0,FG505,1409.0,2502,2505,2.0,81.0,0.001506024096385561,0.06099397590361444
2025-01-21,SA,1620.0,SA502,1422.0,SA505,1486.0,2502,2505,-198.0,-134.0,-0.12222222222222223,-0.08271604938271604
2025-01-22,FG,1328.0,FG502,1322.0,FG505,1397.0,2502,2505,-6.0,69.0,-0.004518072289156572,0.051957831325301296
2025-01-22,SA,1620.0,SA502,1420.0,SA505,1484.0,2502,2505,-200.0,-136.0,-0.12345679012345678,-0.08395061728395059
2025-01-23,FG,1304.0,FG502,1331.0,FG505,1387.0,2502,2505,27.0,83.0,0.020705521472392574,0.06365030674846617
2025-01-23,SA,1620.0,SA502,1428.0,SA505,1491.0,2502,2505,-192.0,-129.0,-0.11851851851851847,-0.0796296296296296
2025-01-24,FG,1304.0,FG502,1336.0,FG505,1397.0,2502,2505,32.0,93.0,0.024539877300613577,0.07131901840490795
2025-01-24,SA,1620.0,SA502,1445.0,SA505,1508.0,2502,2505,-175.0,-112.0,-0.10802469135802473,-0.06913580246913575
2025-02-05,FG,1304.0,FG502,1262.0,FG505,1328.0,2502,2505,-42.0,24.0,-0.03220858895705525,0.018404907975460016
2025-02-05,SA,1590.0,SA502,1386.0,SA505,1448.0,2502,2505,-204.0,-142.0,-0.1283018867924528,-0.08930817610062891
2025-02-06,FG,1304.0,FG502,1259.0,FG505,1337.0,2502,2505,-45.0,33.0,-0.0345092024539877,0.02530674846625769
2025-02-06,SA,1590.0,SA502,1385.0,SA505,1433.0,2502,2505,-205.0,-157.0,-0.12893081761006286,-0.09874213836477985
2025-02-07,FG,1304.0,FG502,1268.0,FG505,1342.0,2502,2505,-36.0,38.0,-0.027607361963190136,0.02914110429447847
2025-02-07,SA,1560.0,SA502,1385.0,SA505,1454.0,2502,2505,-175.0,-106.0,-0.11217948717948723,-0.06794871794871793
2025-02-10,FG,1316.0,FG502,1265.0,FG505,1348.0,2502,2505,-51.0,32.0,-0.03875379939209722,0.024316109422492405
2025-02-10,SA,1530.0,SA502,1386.0,SA505,1463.0,2502,2505,-144.0,-67.0,-0.09411764705882353,-0.04379084967320257
2025-02-11,FG,1316.0,FG502,1260.0,FG505,1323.0,2502,2505,-56.0,7.0,-0.04255319148936165,0.005319148936170137
2025-02-11,SA,1530.0,SA502,1379.0,SA505,1455.0,2502,2505,-151.0,-75.0,-0.09869281045751632,-0.0490196078431373
2025-02-12,FG,1316.0,FG502,1257.0,FG505,1322.0,2502,2505,-59.0,6.0,-0.04483282674772038,0.004559270516717229
2025-02-12,SA,1530.0,SA502,1391.0,SA505,1470.0,2502,2505,-139.0,-60.0,-0.09084967320261439,-0.039215686274509776
2025-02-13,FG,1316.0,FG502,1210.0,FG505,1271.0,2502,2505,-106.0,-45.0,-0.08054711246200608,-0.03419452887537999
2025-02-13,SA,1530.0,SA502,1347.0,SA505,1425.0,2502,2505,-183.0,-105.0,-0.11960784313725492,-0.06862745098039214
2025-02-14,FG,1316.0,FG502,1203.0,FG505,1261.0,2502,2505,-113.0,-55.0,-0.08586626139817632,-0.041793313069908855
2025-02-14,SA,1530.0,SA502,1383.0,SA505,1458.0,2502,2505,-147.0,-72.0,-0.09607843137254901,-0.04705882352941182
2025-02-17,FG,1296.0,FG502,1203.0,FG505,1271.0,2502,2505,-93.0,-25.0,-0.0717592592592593,-0.019290123456790154
2025-02-17,SA,1530.0,SA502,1429.0,SA505,1514.0,2502,2505,-101.0,-16.0,-0.06601307189542482,-0.010457516339869244
2025-02-18,FG,1296.0,FG502,1213.0,FG505,1280.0,2502,2505,-83.0,-16.0,-0.06404320987654322,-0.012345679012345734
2025-02-18,SA,1530.0,SA502,1428.0,SA505,1505.0,2502,2505,-102.0,-25.0,-0.06666666666666665,-0.016339869281045805
2025-02-19,FG,1296.0,FG503,1195.0,FG505,1273.0,2503,2505,-101.0,-23.0,-0.07793209876543206,-0.017746913580246937
2025-02-19,SA,1530.0,SA503,1433.0,SA505,1504.0,2503,2505,-97.0,-26.0,-0.06339869281045751,-0.016993464052287632
2025-02-20,FG,1296.0,FG503,1207.0,FG505,1293.0,2503,2505,-89.0,-3.0,-0.06867283950617287,-0.0023148148148147696
2025-02-20,SA,1496.0,SA503,1460.0,SA505,1532.0,2503,2505,-36.0,36.0,-0.024064171122994638,0.02406417112299475
2025-02-21,FG,1304.0,FG503,1169.0,FG505,1267.0,2503,2505,-135.0,-37.0,-0.1035276073619632,-0.02837423312883436
2025-02-21,SA,1496.0,SA503,1445.0,SA505,1515.0,2503,2505,-51.0,19.0,-0.03409090909090906,0.012700534759358284
2025-02-24,FG,1304.0,FG503,1163.0,FG505,1268.0,2503,2505,-141.0,-36.0,-0.10812883435582821,-0.027607361963190136
2025-02-24,SA,1496.0,SA503,1447.0,SA505,1523.0,2503,2505,-49.0,27.0,-0.03275401069518713,0.018048128342246006
2025-02-25,FG,1304.0,FG503,1139.0,FG505,1237.0,2503,2505,-165.0,-67.0,-0.12653374233128833,-0.05138036809815949
2025-02-25,SA,1496.0,SA503,1426.0,SA505,1497.0,2503,2505,-70.0,1.0,-0.046791443850267345,0.0006684491978610207
2025-02-26,FG,1292.0,FG503,1126.0,FG505,1224.0,2503,2505,-166.0,-68.0,-0.12848297213622295,-0.052631578947368474
2025-02-26,SA,1506.0,SA503,1433.0,SA505,1507.0,2503,2505,-73.0,1.0,-0.04847277556440899,0.0006640106241699861
2025-02-27,FG,1292.0,FG503,1131.0,FG505,1234.0,2503,2505,-161.0,-58.0,-0.12461300309597523,-0.04489164086687303
2025-02-27,SA,1506.0,SA503,1483.0,SA505,1556.0,2503,2505,-23.0,50.0,-0.015272244355909681,0.033200531208499307
2025-02-28,FG,1249.6,FG503,1106.0,FG505,1248.0,2503,2505,-143.5999999999999,-1.599999999999909,-0.11491677336747752,-0.001280409731113874
2025-02-28,SA,1538.0,SA503,1500.0,SA505,1569.0,2503,2505,-38.0,31.0,-0.024707412223667125,0.02015604681404426
2025-03-03,FG,1245.6,FG503,1092.0,FG505,1227.0,2503,2505,-153.5999999999999,-18.59999999999991,-0.1233140655105972,-0.014932562620423862
2025-03-03,SA,1558.0,SA503,1472.0,SA505,1548.0,2503,2505,-86.0,-10.0,-0.05519897304236199,-0.006418485237484006
2025-03-04,FG,1234.4,FG503,1077.0,FG505,1231.0,2503,2505,-157.4000000000001,-3.400000000000091,-0.1275113415424498,-0.002754374594944986
2025-03-04,SA,1558.0,SA503,1453.0,SA505,1522.0,2503,2505,-105.0,-36.0,-0.06739409499358151,-0.023106546854942178
2025-03-05,FG,1234.4,FG503,1066.0,FG505,1202.0,2503,2505,-168.4000000000001,-32.40000000000009,-0.1364225534672716,-0.026247569669475168
2025-03-05,SA,1558.0,SA503,1395.0,SA505,1466.0,2503,2505,-163.0,-92.0,-0.10462130937098846,-0.05905006418485237
2025-03-06,FG,1222.3999999999999,FG503,1057.0,FG505,1206.0,2503,2505,-165.39999999999986,-16.399999999999864,-0.13530759162303652,-0.013416230366492088
2025-03-06,SA,1558.0,SA503,1402.0,SA505,1469.0,2503,2505,-156.0,-89.0,-0.1001283697047497,-0.057124518613607234
2025-03-07,FG,1222.3999999999999,FG503,1038.0,FG505,1182.0,2503,2505,-184.39999999999986,-40.399999999999864,-0.15085078534031404,-0.03304973821989521
2025-03-07,SA,1558.0,SA503,1389.0,SA505,1438.0,2503,2505,-169.0,-120.0,-0.10847240051347884,-0.07702182284980741
2025-03-10,FG,1213.6,FG503,1009.0,FG505,1143.0,2503,2505,-204.5999999999999,-70.59999999999991,-0.16858932102834534,-0.05817402768622271
2025-03-10,SA,1558.0,SA503,1367.0,SA505,1434.0,2503,2505,-191.0,-124.0,-0.1225930680359435,-0.07958921694480103
2025-03-11,FG,1205.6,FG503,1018.0,FG505,1153.0,2503,2505,-187.5999999999999,-52.59999999999991,-0.15560716655607165,-0.04362972793629716
2025-03-11,SA,1558.0,SA503,1380.0,SA505,1431.0,2503,2505,-178.0,-127.0,-0.11424903722721436,-0.08151476251604617
2025-03-12,FG,1205.6,FG503,1010.0,FG505,1147.0,2503,2505,-195.5999999999999,-58.59999999999991,-0.1622428666224286,-0.04860650298606495
2025-03-12,SA,1558.0,SA503,1372.0,SA505,1432.0,2503,2505,-186.0,-126.0,-0.1193838254172015,-0.08087291399229779
2025-03-13,FG,1205.6,FG503,1023.0,FG505,1151.0,2503,2505,-182.5999999999999,-54.59999999999991,-0.1514598540145985,-0.04528865295288642
2025-03-13,SA,1558.0,SA503,1381.0,SA505,1441.0,2503,2505,-177.0,-117.0,-0.11360718870346598,-0.07509627727856227
2025-03-14,FG,1193.6,FG503,1006.0,FG505,1163.0,2503,2505,-187.5999999999999,-30.59999999999991,-0.1571715817694369,-0.025636729222520027
2025-03-14,SA,1558.0,SA503,1390.0,SA505,1447.0,2503,2505,-168.0,-111.0,-0.10783055198973046,-0.07124518613607189
2025-03-17,FG,1201.6,FG504,1161.0,FG505,1172.0,2504,2505,-40.59999999999991,-29.59999999999991,-0.033788282290279525,-0.02463382157123828
2025-03-17,SA,1558.0,SA504,1419.0,SA505,1430.0,2504,2505,-139.0,-128.0,-0.08921694480102693,-0.08215661103979466
2025-03-18,FG,1201.6,FG504,1151.0,FG505,1158.0,2504,2505,-50.59999999999991,-43.59999999999991,-0.0421105193075898,-0.03628495339547266
2025-03-18,SA,1558.0,SA504,1410.0,SA505,1417.0,2504,2505,-148.0,-141.0,-0.09499358151476256,-0.0905006418485238
2025-03-19,FG,1209.6,FG504,1166.0,FG505,1176.0,2504,2505,-43.59999999999991,-33.59999999999991,-0.03604497354497349,-0.02777777777777768
2025-03-19,SA,1558.0,SA504,1410.0,SA505,1419.0,2504,2505,-148.0,-139.0,-0.09499358151476256,-0.08921694480102693
2025-03-20,FG,1209.6,FG504,1166.0,FG505,1173.0,2504,2505,-43.59999999999991,-36.59999999999991,-0.03604497354497349,-0.0302579365079364
2025-03-20,SA,1558.0,SA504,1423.0,SA505,1431.0,2504,2505,-135.0,-127.0,-0.08664955070603342,-0.08151476251604617
2025-03-21,FG,1209.6,FG504,1168.0,FG505,1173.0,2504,2505,-41.59999999999991,-36.59999999999991,-0.034391534391534306,-0.0302579365079364
2025-03-21,SA,1558.0,SA504,1406.0,SA505,1410.0,2504,2505,-152.0,-148.0,-0.09756097560975607,-0.09499358151476256
2025-03-24,FG,1213.6,FG504,1238.0,FG505,1240.0,2504,2505,24.40000000000009,26.40000000000009,0.020105471324983526,0.02175346077785112
2025-03-24,SA,1538.0,SA504,1440.0,SA505,1449.0,2504,2505,-98.0,-89.0,-0.06371911573472044,-0.05786736020806238
2025-03-25,FG,1213.6,FG504,1257.0,FG505,1260.0,2504,2505,43.40000000000009,46.40000000000009,0.035761371127224884,0.03823335530652616
2025-03-25,SA,1538.0,SA504,1430.0,SA505,1439.0,2504,2505,-108.0,-99.0,-0.070221066319896,-0.06436931079323793
2025-03-26,FG,1213.6,FG504,1224.0,FG505,1229.0,2504,2505,10.400000000000091,15.400000000000091,0.00856954515491104,0.012689518787079912
2025-03-26,SA,1538.0,SA504,1418.0,SA505,1427.0,2504,2505,-120.0,-111.0,-0.07802340702210664,-0.07217165149544869
2025-03-27,FG,1213.6,FG504,1233.0,FG505,1236.0,2504,2505,19.40000000000009,22.40000000000009,0.015985497692814876,0.018457481872116155
2025-03-27,SA,1538.0,SA504,1411.0,SA505,1418.0,2504,2505,-127.0,-120.0,-0.0825747724317295,-0.07802340702210664
2025-03-28,FG,1216.8000000000002,FG504,1206.0,FG505,1197.0,2504,2505,-10.800000000000182,-19.800000000000182,-0.00887573964497057,-0.016272189349112565
2025-03-28,SA,1538.0,SA504,1390.0,SA505,1393.0,2504,2505,-148.0,-145.0,-0.09622886866059821,-0.09427828348504552
2025-03-31,FG,1216.8000000000002,FG504,1245.0,FG505,1181.0,2504,2505,28.199999999999818,-35.80000000000018,0.02317554240631159,-0.029421433267587283
2025-03-31,SA,1538.0,SA504,1364.0,SA505,1373.0,2504,2505,-174.0,-165.0,-0.11313394018205458,-0.10728218465539663
2025-04-01,FG,1220.0,FG504,1237.0,FG505,1235.0,2504,2505,17.0,15.0,0.013934426229508245,0.012295081967213184
2025-04-01,SA,1498.0,SA504,1390.0,SA505,1388.0,2504,2505,-108.0,-110.0,-0.0720961281708945,-0.07343124165554071
2025-04-02,FG,1220.0,FG504,1234.0,FG505,1225.0,2504,2505,14.0,5.0,0.011475409836065653,0.004098360655737654
2025-04-02,SA,1527.5,SA504,1374.0,SA505,1394.0,2504,2505,-153.5,-133.5,-0.10049099836333875,-0.08739770867430441
2025-04-03,FG,1220.0,FG504,1198.0,FG505,1198.0,2504,2505,-22.0,-22.0,-0.0180327868852459,-0.0180327868852459
2025-04-03,SA,1527.5,SA504,1389.0,SA505,1381.0,2504,2505,-138.5,-146.5,-0.09067103109656305,-0.09590834697217676
2025-04-07,FG,1224.0,FG504,1207.0,FG505,1180.0,2504,2505,-17.0,-44.0,-0.01388888888888884,-0.03594771241830064
2025-04-07,SA,1515.0,SA504,1362.0,SA505,1358.0,2504,2505,-153.0,-157.0,-0.10099009900990097,-0.10363036303630369
2025-04-08,FG,1228.0,FG504,1189.0,FG505,1190.0,2504,2505,-39.0,-38.0,-0.03175895765472314,-0.030944625407166138
2025-04-08,SA,1515.0,SA504,1321.0,SA505,1324.0,2504,2505,-194.0,-191.0,-0.1280528052805281,-0.1260726072607261
2025-04-09,FG,1236.0,FG504,1180.0,FG505,1180.0,2504,2505,-56.0,-56.0,-0.04530744336569581,-0.04530744336569581
2025-04-09,SA,1515.0,SA504,1307.0,SA505,1313.0,2504,2505,-208.0,-202.0,-0.13729372937293727,-0.1333333333333333
2025-04-10,FG,1236.0,FG504,1194.0,FG505,1169.0,2504,2505,-42.0,-67.0,-0.03398058252427183,-0.054207119741100374
2025-04-10,SA,1502.5,SA504,1317.0,SA505,1320.0,2504,2505,-185.5,-182.5,-0.12346089850249586,-0.12146422628951747
2025-04-11,FG,1236.0,FG504,1187.0,FG505,1146.0,2504,2505,-49.0,-90.0,-0.039644012944983764,-0.07281553398058249
2025-04-11,SA,1502.5,SA504,1321.0,SA509,1370.0,2504,2509,-181.5,-132.5,-0.12079866888519131,-0.08818635607321135
2025-04-14,FG,1236.0,FG504,1187.0,FG509,1206.0,2504,2509,-49.0,-30.0,-0.039644012944983764,-0.024271844660194164
2025-04-14,SA,1502.5,SA504,1331.0,SA509,1377.0,2504,2509,-171.5,-125.5,-0.11414309484193008,-0.0835274542429284
2025-04-15,FG,1236.0,FG504,1170.0,FG509,1181.0,2504,2509,-66.0,-55.0,-0.05339805825242716,-0.04449838187702271
2025-04-15,SA,1502.5,SA504,1331.0,SA509,1368.0,2504,2509,-171.5,-134.5,-0.11414309484193008,-0.08951747088186357
2025-04-16,FG,1236.0,FG505,1151.0,FG509,1185.0,2505,2509,-85.0,-51.0,-0.06877022653721687,-0.04126213592233008
2025-04-16,SA,1502.5,SA505,1322.0,SA509,1352.0,2505,2509,-180.5,-150.5,-0.12013311148086525,-0.10016638935108158
2025-04-17,FG,1246.4,FG505,1138.0,FG509,1166.0,2505,2509,-108.40000000000009,-80.40000000000009,-0.08697047496790766,-0.06450577663671375
2025-04-17,SA,1502.5,SA505,1319.0,SA509,1358.0,2505,2509,-183.5,-144.5,-0.12212978369384364,-0.0961730449251248
2025-04-18,FG,1246.4,FG505,1084.0,FG509,1122.0,2505,2509,-162.4000000000001,-124.40000000000009,-0.13029525032092437,-0.09980744544287556
2025-04-18,SA,1502.5,SA505,1286.0,SA509,1324.0,2505,2509,-216.5,-178.5,-0.1440931780366057,-0.11880199667221303
2025-04-21,FG,1246.4,FG505,1061.0,FG509,1130.0,2505,2509,-185.4000000000001,-116.40000000000009,-0.14874839537869067,-0.09338896020539156
2025-04-21,SA,1502.5,SA505,1289.0,SA509,1340.0,2505,2509,-213.5,-162.5,-0.14209650582362732,-0.10815307820299502
2025-04-22,FG,1246.4,FG505,1074.0,FG509,1124.0,2505,2509,-172.4000000000001,-122.40000000000009,-0.13831835686777927,-0.09820282413350456
2025-04-22,SA,1502.5,SA505,1274.0,SA509,1315.0,2505,2509,-228.5,-187.5,-0.15207986688851916,-0.12479201331114809
2025-04-23,FG,1246.4,FG505,1106.0,FG509,1154.0,2505,2509,-140.4000000000001,-92.40000000000009,-0.11264441591784347,-0.07413350449293976
2025-04-23,SA,1502.5,SA505,1322.0,SA509,1373.0,2505,2509,-180.5,-129.5,-0.12013311148086525,-0.08618968386023296
2025-04-24,FG,1246.4,FG505,1087.0,FG509,1135.0,2505,2509,-159.4000000000001,-111.40000000000009,-0.12788831835686787,-0.08937740693196417
2025-04-24,SA,1502.5,SA505,1332.0,SA509,1380.0,2505,2509,-170.5,-122.5,-0.11347753743760403,-0.08153078202995012
2025-04-25,FG,1246.4,FG505,1074.0,FG509,1121.0,2505,2509,-172.4000000000001,-125.40000000000009,-0.13831835686777927,-0.10060975609756106
2025-04-25,SA,1502.5,SA505,1321.0,SA509,1365.0,2505,2509,-181.5,-137.5,-0.12079866888519131,-0.09151414309484196
2025-04-28,FG,1246.4,FG505,1078.0,FG509,1122.0,2505,2509,-168.4000000000001,-124.40000000000009,-0.13510911424903727,-0.09980744544287556
2025-04-28,SA,1502.5,SA505,1319.0,SA509,1364.0,2505,2509,-183.5,-138.5,-0.12212978369384364,-0.09217970049916802
2025-04-29,FG,1246.4,FG505,1074.0,FG509,1108.0,2505,2509,-172.4000000000001,-138.4000000000001,-0.13831835686777927,-0.11103979460847246
2025-04-29,SA,1502.5,SA505,1329.0,SA509,1376.0,2505,2509,-173.5,-126.5,-0.11547420965058242,-0.08419301164725457
2025-04-30,FG,1246.4,FG505,1031.0,FG509,1082.0,2505,2509,-215.4000000000001,-164.4000000000001,-0.17281771501925547,-0.13189987163029526
2025-04-30,SA,1502.5,SA505,1292.0,SA509,1352.0,2505,2509,-210.5,-150.5,-0.14009983361064893,-0.10016638935108158
2025-05-06,FG,1214.4,FG505,1038.0,FG509,1071.0,2505,2509,-176.4000000000001,-143.4000000000001,-0.14525691699604748,-0.11808300395256921
2025-05-06,SA,1502.5,SA505,1281.0,SA509,1330.0,2505,2509,-221.5,-172.5,-0.14742096505823632,-0.11480865224625625
2025-05-07,FG,1214.4,FG505,1046.0,FG509,1074.0,2505,2509,-168.4000000000001,-140.4000000000001,-0.13866930171278002,-0.11561264822134398
2025-05-07,SA,1462.5,SA505,1296.0,SA509,1323.0,2505,2509,-166.5,-139.5,-0.11384615384615382,-0.0953846153846154
2025-05-08,FG,1214.4,FG505,1045.0,FG509,1057.0,2505,2509,-169.4000000000001,-157.4000000000001,-0.13949275362318847,-0.12961133069828723
2025-05-08,SA,1462.5,SA505,1295.0,SA509,1323.0,2505,2509,-167.5,-139.5,-0.11452991452991457,-0.0953846153846154
2025-05-09,FG,1210.4,FG505,1039.0,FG509,1034.0,2505,2509,-171.4000000000001,-176.4000000000001,-0.14160608063450109,-0.14573694646397894
2025-05-09,SA,1462.5,SA505,1302.0,SA509,1305.0,2505,2509,-160.5,-157.5,-0.10974358974358978,-0.10769230769230764
2025-05-12,FG,1210.4,FG505,1047.0,FG509,1045.0,2505,2509,-163.4000000000001,-165.4000000000001,-0.1349966953073365,-0.1366490416391276
2025-05-12,SA,1462.5,SA505,1291.0,SA509,1318.0,2505,2509,-171.5,-144.5,-0.11726495726495723,-0.09880341880341881
2025-05-13,FG,1196.0,FG505,1019.0,FG509,1016.0,2505,2509,-177.0,-180.0,-0.14799331103678925,-0.1505016722408027
2025-05-13,SA,1462.5,SA505,1262.0,SA509,1291.0,2505,2509,-200.5,-171.5,-0.13709401709401714,-0.11726495726495723
2025-05-14,FG,1188.0,FG505,1042.0,FG509,1046.0,2505,2509,-146.0,-142.0,-0.12289562289562295,-0.11952861952861948
2025-05-14,SA,1462.5,SA505,1296.0,SA509,1345.0,2505,2509,-166.5,-117.5,-0.11384615384615382,-0.08034188034188039
2025-05-15,FG,1184.0,FG505,1029.0,FG509,1036.0,2505,2509,-155.0,-148.0,-0.13091216216216217,-0.125
2025-05-15,SA,1462.5,SA505,1285.0,SA509,1330.0,2505,2509,-177.5,-132.5,-0.12136752136752138,-0.09059829059829061
2025-05-16,FG,1168.0,FG505,991.0,FG509,1005.0,2505,2509,-177.0,-163.0,-0.15154109589041098,-0.13955479452054798
2025-05-16,SA,1462.5,SA505,1264.0,SA509,1289.0,2505,2509,-198.5,-173.5,-0.13572649572649576,-0.11863247863247861
2025-05-19,FG,1164.0,FG505,1020.0,FG509,1018.0,2505,2509,-144.0,-146.0,-0.12371134020618557,-0.1254295532646048
2025-05-19,SA,1462.5,SA505,1285.0,SA509,1284.0,2505,2509,-177.5,-178.5,-0.12136752136752138,-0.12205128205128202
2025-05-20,FG,1148.0,FG506,1031.0,FG509,1025.0,2506,2509,-117.0,-123.0,-0.1019163763066202,-0.1071428571428571
2025-05-20,SA,1462.5,SA506,1273.0,SA509,1280.0,2506,2509,-189.5,-182.5,-0.12957264957264958,-0.12478632478632479
2025-05-21,FG,1148.0,FG506,1036.0,FG509,1034.0,2506,2509,-112.0,-114.0,-0.09756097560975607,-0.0993031358885017
2025-05-21,SA,1462.5,SA506,1278.0,SA509,1288.0,2506,2509,-184.5,-174.5,-0.12615384615384617,-0.11931623931623936
2025-05-22,FG,1152.0,FG506,1030.0,FG509,1018.0,2506,2509,-122.0,-134.0,-0.10590277777777779,-0.11631944444444442
2025-05-22,SA,1462.5,SA506,1283.0,SA509,1286.0,2506,2509,-179.5,-176.5,-0.12273504273504277,-0.12068376068376063
2025-05-23,FG,1152.0,FG506,1020.0,FG509,1000.0,2506,2509,-132.0,-152.0,-0.11458333333333337,-0.13194444444444442
2025-05-23,SA,1462.5,SA506,1260.0,SA509,1253.0,2506,2509,-202.5,-209.5,-0.1384615384615384,-0.1432478632478632
2025-05-26,FG,1152.0,FG506,1034.0,FG509,1019.0,2506,2509,-118.0,-133.0,-0.10243055555555558,-0.11545138888888884
2025-05-26,SA,1462.5,SA506,1263.0,SA509,1254.0,2506,2509,-199.5,-208.5,-0.1364102564102564,-0.14256410256410257
2025-05-27,FG,1152.0,FG506,1041.0,FG509,1031.0,2506,2509,-111.0,-121.0,-0.09635416666666663,-0.10503472222222221
2025-05-27,SA,1450.0,SA506,1244.0,SA509,1231.0,2506,2509,-206.0,-219.0,-0.14206896551724135,-0.15103448275862064
2025-05-28,FG,1152.0,FG506,1033.0,FG509,1009.0,2506,2509,-119.0,-143.0,-0.10329861111111116,-0.12413194444444442
2025-05-28,SA,1450.0,SA506,1230.0,SA509,1215.0,2506,2509,-220.0,-235.0,-0.15172413793103445,-0.16206896551724137
2025-05-29,FG,1150.4,FG506,1019.0,FG509,985.0,2506,2509,-131.4000000000001,-165.4000000000001,-0.11422114047287912,-0.1437760778859528
2025-05-29,SA,1450.0,SA506,1230.0,SA509,1203.0,2506,2509,-220.0,-247.0,-0.15172413793103445,-0.17034482758620695
2025-05-30,FG,1150.4,FG506,1003.0,FG509,982.0,2506,2509,-147.4000000000001,-168.4000000000001,-0.1281293463143255,-0.14638386648122403
2025-05-30,SA,1450.0,SA506,1224.0,SA509,1199.0,2506,2509,-226.0,-251.0,-0.15586206896551724,-0.1731034482758621
2025-06-03,FG,1136.0,FG506,956.0,FG509,954.0,2506,2509,-180.0,-182.0,-0.15845070422535212,-0.16021126760563376
2025-06-03,SA,1430.0,SA506,1220.0,SA509,1185.0,2506,2509,-210.0,-245.0,-0.14685314685314688,-0.17132867132867136
2025-06-04,FG,1136.0,FG506,991.0,FG509,988.0,2506,2509,-145.0,-148.0,-0.1276408450704225,-0.13028169014084512
2025-06-04,SA,1375.0,SA506,1244.0,SA509,1225.0,2506,2509,-131.0,-150.0,-0.09527272727272729,-0.10909090909090913
2025-06-05,FG,1120.0,FG506,996.0,FG509,963.0,2506,2509,-124.0,-157.0,-0.11071428571428577,-0.14017857142857137
2025-06-05,SA,1375.0,SA506,1218.0,SA509,1203.0,2506,2509,-157.0,-172.0,-0.11418181818181816,-0.12509090909090914
2025-06-06,FG,1120.0,FG506,1019.0,FG509,997.0,2506,2509,-101.0,-123.0,-0.09017857142857144,-0.10982142857142863
2025-06-06,SA,1375.0,SA506,1222.0,SA509,1212.0,2506,2509,-153.0,-163.0,-0.1112727272727273,-0.11854545454545451
2025-06-09,FG,1120.0,FG506,975.0,FG509,1006.0,2506,2509,-145.0,-114.0,-0.1294642857142857,-0.10178571428571426
2025-06-09,SA,1370.0,SA506,1230.0,SA509,1202.0,2506,2509,-140.0,-168.0,-0.1021897810218978,-0.1226277372262774
2025-06-10,FG,1104.0,FG506,1000.0,FG509,995.0,2506,2509,-104.0,-109.0,-0.09420289855072461,-0.09873188405797106
2025-06-10,SA,1370.0,SA506,1214.0,SA509,1208.0,2506,2509,-156.0,-162.0,-0.11386861313868613,-0.11824817518248176
2025-06-11,FG,1104.0,FG506,1013.0,FG509,998.0,2506,2509,-91.0,-106.0,-0.08242753623188404,-0.09601449275362317
2025-06-11,SA,1370.0,SA506,1200.0,SA509,1202.0,2506,2509,-170.0,-168.0,-0.12408759124087587,-0.1226277372262774
2025-06-12,FG,1104.0,FG506,954.0,FG509,981.0,2506,2509,-150.0,-123.0,-0.13586956521739135,-0.11141304347826086
2025-06-12,SA,1370.0,SA506,1165.0,SA509,1175.0,2506,2509,-205.0,-195.0,-0.14963503649635035,-0.14233576642335766
2025-06-13,FG,1104.0,FG506,954.0,FG509,976.0,2506,2509,-150.0,-128.0,-0.13586956521739135,-0.1159420289855072
2025-06-13,SA,1370.0,SA506,1151.0,SA509,1156.0,2506,2509,-219.0,-214.0,-0.1598540145985401,-0.1562043795620438
2025-06-16,FG,1104.0,FG506,954.0,FG509,980.0,2506,2509,-150.0,-124.0,-0.13586956521739135,-0.1123188405797102
2025-06-16,SA,1370.0,SA506,1159.0,SA509,1174.0,2506,2509,-211.0,-196.0,-0.15401459854014599,-0.1430656934306569
2025-06-17,FG,1104.0,FG507,953.0,FG509,974.0,2507,2509,-151.0,-130.0,-0.13677536231884058,-0.11775362318840576
2025-06-17,SA,1370.0,SA507,1154.0,SA509,1159.0,2507,2509,-216.0,-211.0,-0.1576642335766424,-0.15401459854014599
2025-06-18,FG,1104.0,FG507,953.0,FG509,980.0,2507,2509,-151.0,-124.0,-0.13677536231884058,-0.1123188405797102
2025-06-18,SA,1370.0,SA507,1167.0,SA509,1170.0,2507,2509,-203.0,-200.0,-0.14817518248175188,-0.14598540145985406
2025-06-19,FG,1104.0,FG507,966.0,FG509,998.0,2507,2509,-138.0,-106.0,-0.125,-0.09601449275362317
2025-06-19,SA,1370.0,SA507,1173.0,SA509,1176.0,2507,2509,-197.0,-194.0,-0.14379562043795624,-0.14160583941605842
2025-06-20,FG,1104.0,FG507,965.0,FG509,1007.0,2507,2509,-139.0,-97.0,-0.12590579710144922,-0.08786231884057971
2025-06-20,SA,1370.0,SA507,1165.0,SA509,1173.0,2507,2509,-205.0,-197.0,-0.14963503649635035,-0.14379562043795624
2025-06-23,FG,1105.6,FG507,958.0,FG509,1007.0,2507,2509,-147.5999999999999,-98.59999999999991,-0.13350217076700432,-0.08918234442836459
2025-06-23,SA,1350.0,SA507,1162.0,SA509,1173.0,2507,2509,-188.0,-177.0,-0.1392592592592593,-0.13111111111111107
2025-06-24,FG,1105.6,FG507,961.0,FG509,1015.0,2507,2509,-144.5999999999999,-90.59999999999991,-0.13078871201157738,-0.08194645441389281
2025-06-24,SA,1350.0,SA507,1149.0,SA509,1161.0,2507,2509,-201.0,-189.0,-0.14888888888888885,-0.14
2025-06-25,FG,1105.6,FG507,960.0,FG509,1017.0,2507,2509,-145.5999999999999,-88.59999999999991,-0.13169319826338632,-0.08013748191027492
2025-06-25,SA,1337.5,SA507,1159.0,SA509,1166.0,2507,2509,-178.5,-171.5,-0.1334579439252337,-0.12822429906542054
2025-06-26,FG,1105.6,FG507,947.0,FG509,1016.0,2507,2509,-158.5999999999999,-89.59999999999991,-0.14345151953690294,-0.08104196816208387
2025-06-26,SA,1337.5,SA507,1163.0,SA509,1180.0,2507,2509,-174.5,-157.5,-0.13046728971962618,-0.11775700934579436
2025-06-27,FG,1105.6,FG507,946.0,FG509,1019.0,2507,2509,-159.5999999999999,-86.59999999999991,-0.144356005788712,-0.07832850940665692
2025-06-27,SA,1337.5,SA507,1178.0,SA509,1196.0,2507,2509,-159.5,-141.5,-0.11925233644859812,-0.10579439252336453
2025-06-30,FG,1105.6,FG507,903.0,FG509,1006.0,2507,2509,-202.5999999999999,-99.59999999999991,-0.18324891461649773,-0.09008683068017354
2025-06-30,SA,1325.0,SA507,1155.0,SA509,1181.0,2507,2509,-170.0,-144.0,-0.1283018867924528,-0.10867924528301887
2025-07-01,FG,1108.0,FG507,900.0,FG509,980.0,2507,2509,-208.0,-128.0,-0.18772563176895307,-0.1155234657039711
2025-07-01,SA,1325.0,SA507,1145.0,SA509,1165.0,2507,2509,-180.0,-160.0,-0.13584905660377355,-0.12075471698113205
2025-07-02,FG,1108.0,FG507,957.0,FG509,1052.0,2507,2509,-151.0,-56.0,-0.13628158844765348,-0.05054151624548742
2025-07-02,SA,1252.5,SA507,1184.0,SA509,1205.0,2507,2509,-68.5,-47.5,-0.05469061876247505,-0.03792415169660679
2025-07-03,FG,1116.0,FG507,955.0,FG509,1039.0,2507,2509,-161.0,-77.0,-0.14426523297491034,-0.06899641577060933
2025-07-03,SA,1252.5,SA507,1155.0,SA509,1183.0,2507,2509,-97.5,-69.5,-0.07784431137724546,-0.05548902195608785
2025-07-04,FG,1122.3999999999999,FG507,959.0,FG509,1026.0,2507,2509,-163.39999999999986,-96.39999999999986,-0.1455808980755523,-0.085887384176764
2025-07-04,SA,1252.5,SA507,1145.0,SA509,1174.0,2507,2509,-107.5,-78.5,-0.0858283433133733,-0.06267465069860279
2025-07-07,FG,1122.3999999999999,FG507,925.0,FG509,1019.0,2507,2509,-197.39999999999986,-103.39999999999986,-0.17587312900926577,-0.0921240199572344
2025-07-07,SA,1252.5,SA507,1130.0,SA509,1168.0,2507,2509,-122.5,-84.5,-0.0978043912175649,-0.06746506986027945
2025-07-08,FG,1122.3999999999999,FG507,969.0,FG509,1025.0,2507,2509,-153.39999999999986,-97.39999999999986,-0.13667141838916597,-0.08677833214540265
2025-07-08,SA,1252.5,SA507,1138.0,SA509,1178.0,2507,2509,-114.5,-74.5,-0.09141716566866265,-0.059481037924151714
2025-07-09,FG,1122.3999999999999,FG507,971.0,FG509,1035.0,2507,2509,-151.39999999999986,-87.39999999999986,-0.13488952245188868,-0.07786885245901631
2025-07-09,SA,1247.5,SA507,1154.0,SA509,1194.0,2507,2509,-93.5,-53.5,-0.0749498997995992,-0.04288577154308615
2025-07-10,FG,1122.3999999999999,FG507,981.0,FG509,1083.0,2507,2509,-141.39999999999986,-39.399999999999864,-0.12598004276550234,-0.03510334996436193
2025-07-10,SA,1247.5,SA507,1189.0,SA509,1231.0,2507,2509,-58.5,-16.5,-0.04689378757515028,-0.013226452905811592
2025-07-11,FG,1128.0,FG507,992.0,FG509,1086.0,2507,2509,-136.0,-42.0,-0.12056737588652477,-0.037234042553191515
2025-07-11,SA,1247.5,SA507,1175.0,SA509,1217.0,2507,2509,-72.5,-30.5,-0.05811623246492981,-0.02444889779559123
2025-07-14,FG,1128.0,FG507,940.0,FG509,1102.0,2507,2509,-188.0,-26.0,-0.16666666666666663,-0.023049645390070927
2025-07-14,SA,1247.5,SA507,1163.0,SA509,1241.0,2507,2509,-84.5,-6.5,-0.06773547094188381,-0.0052104208416833275
2025-07-15,FG,1142.3999999999999,FG508,1078.0,FG509,1071.0,2508,2509,-64.39999999999986,-71.39999999999986,-0.056372549019607754,-0.06249999999999989
2025-07-15,SA,1247.5,SA508,1204.0,SA509,1214.0,2508,2509,-43.5,-33.5,-0.034869739478957884,-0.02685370741482962
2025-07-16,FG,1142.3999999999999,FG508,1084.0,FG509,1070.0,2508,2509,-58.399999999999864,-72.39999999999986,-0.05112044817927164,-0.06337535014005591
2025-07-16,SA,1247.5,SA508,1200.0,SA509,1208.0,2508,2509,-47.5,-39.5,-0.038076152304609256,-0.03166332665330662
2025-07-17,FG,1142.3999999999999,FG508,1106.0,FG509,1092.0,2508,2509,-36.399999999999864,-50.399999999999864,-0.0318627450980391,-0.04411764705882337
2025-07-17,SA,1250.0,SA508,1217.0,SA509,1225.0,2508,2509,-33.0,-25.0,-0.02639999999999998,-0.020000000000000018
2025-07-18,FG,1142.3999999999999,FG508,1094.0,FG509,1081.0,2508,2509,-48.399999999999864,-61.399999999999864,-0.042366946778711334,-0.053746498599439696
2025-07-18,SA,1250.0,SA508,1207.0,SA509,1216.0,2508,2509,-43.0,-34.0,-0.034399999999999986,-0.027200000000000002
2025-07-21,FG,1174.4,FG508,1186.0,FG509,1173.0,2508,2509,11.599999999999909,-1.400000000000091,0.009877384196185224,-0.0011920980926430902
2025-07-21,SA,1250.0,SA508,1284.0,SA509,1295.0,2508,2509,34.0,45.0,0.02719999999999989,0.03600000000000003
2025-07-22,FG,1180.0,FG508,1253.0,FG509,1249.0,2508,2509,73.0,69.0,0.061864406779660985,0.05847457627118646
2025-07-22,SA,1250.0,SA508,1361.0,SA509,1375.0,2508,2509,111.0,125.0,0.08879999999999999,0.10000000000000009
2025-07-23,FG,1210.4,FG508,1207.0,FG509,1211.0,2508,2509,-3.400000000000091,0.599999999999909,-0.002808988764045006,0.0004957038995372365
2025-07-23,SA,1270.0,SA508,1326.0,SA509,1338.0,2508,2509,56.0,68.0,0.04409448818897643,0.053543307086614256
2025-07-24,FG,1216.0,FG508,1308.0,FG509,1307.0,2508,2509,92.0,91.0,0.07565789473684204,0.07483552631578938
2025-07-24,SA,1272.5,SA508,1394.0,SA509,1408.0,2508,2509,121.5,135.5,0.0954813359528488,0.10648330058939104
2025-07-25,FG,1256.0,FG508,1358.0,FG509,1362.0,2508,2509,102.0,106.0,0.08121019108280247,0.08439490445859876
2025-07-25,SA,1315.0,SA508,1425.0,SA509,1440.0,2508,2509,110.0,125.0,0.08365019011406849,0.09505703422053235
2025-07-28,FG,1256.0,FG508,1224.0,FG509,1223.0,2508,2509,-32.0,-33.0,-0.02547770700636942,-0.026273885350318493
2025-07-28,SA,1315.0,SA508,1302.0,SA509,1316.0,2508,2509,-13.0,1.0,-0.009885931558935357,0.0007604562737641984
2025-07-29,FG,1284.0,FG508,1185.0,FG509,1188.0,2508,2509,-99.0,-96.0,-0.0771028037383178,-0.07476635514018692
2025-07-29,SA,1315.0,SA508,1302.0,SA509,1318.0,2508,2509,-13.0,3.0,-0.009885931558935357,0.0022813688212928174
2025-07-30,FG,1284.0,FG508,1185.0,FG509,1191.0,2508,2509,-99.0,-93.0,-0.0771028037383178,-0.07242990654205606
2025-07-30,SA,1315.0,SA508,1292.0,SA509,1311.0,2508,2509,-23.0,-4.0,-0.017490494296577896,-0.003041825095057016
2025-07-31,FG,1284.0,FG508,1103.0,FG509,1117.0,2508,2509,-181.0,-167.0,-0.1409657320872274,-0.1300623052959502
2025-07-31,SA,1315.0,SA508,1228.0,SA509,1247.0,2508,2509,-87.0,-68.0,-0.06615969581749048,-0.0517110266159696
2025-08-01,FG,1284.0,FG508,1082.0,FG509,1102.0,2508,2509,-202.0,-182.0,-0.15732087227414326,-0.14174454828660432
2025-08-01,SA,1315.0,SA508,1236.0,SA509,1256.0,2508,2509,-79.0,-59.0,-0.06007604562737645,-0.04486692015209126
2025-08-04,FG,1234.4,FG508,1062.0,FG509,1086.0,2508,2509,-172.4000000000001,-148.4000000000001,-0.13966299416720684,-0.12022034996759567
2025-08-04,SA,1315.0,SA508,1250.0,SA509,1253.0,2508,2509,-65.0,-62.0,-0.049429657794676785,-0.04714828897338408
2025-08-05,FG,1234.4,FG508,1055.0,FG509,1077.0,2508,2509,-179.4000000000001,-157.4000000000001,-0.14533376539209342,-0.1275113415424498
2025-08-05,SA,1315.0,SA508,1250.0,SA601,1368.0,2508,2601,-65.0,53.0,-0.049429657794676785,0.040304182509505626
2025-08-06,FG,1204.0,FG508,1064.0,FG509,1083.0,2508,2509,-140.0,-121.0,-0.11627906976744184,-0.10049833887043191
2025-08-06,SA,1302.5,SA508,1252.0,SA601,1370.0,2508,2601,-50.5,67.5,-0.038771593090211165,0.051823416506717956
2025-08-07,FG,1204.0,FG508,1072.0,FG509,1076.0,2508,2509,-132.0,-128.0,-0.10963455149501666,-0.10631229235880402
2025-08-07,SA,1302.5,SA508,1270.0,SA601,1357.0,2508,2601,-32.5,54.5,-0.0249520153550864,0.0418426103646834
2025-08-08,FG,1204.0,FG508,1053.0,FG509,1063.0,2508,2509,-151.0,-141.0,-0.1254152823920266,-0.11710963455149503
2025-08-08,SA,1302.5,SA508,1232.0,SA601,1332.0,2508,2601,-70.5,29.5,-0.05412667946257199,0.022648752399232253
2025-08-11,FG,1204.0,FG508,1056.0,FG509,1068.0,2508,2509,-148.0,-136.0,-0.12292358803986714,-0.1129568106312292
2025-08-11,SA,1302.5,SA508,1234.0,SA601,1345.0,2508,2601,-68.5,42.5,-0.05259117082533593,0.03262955854126681
2025-08-12,FG,1158.4,FG508,1045.0,FG601,1240.0,2508,2601,-113.40000000000009,81.59999999999991,-0.0978936464088398,0.07044198895027609
2025-08-12,SA,1302.5,SA508,1280.0,SA601,1409.0,2508,2601,-22.5,106.5,-0.017274472168905985,0.08176583493282141
2025-08-13,FG,1158.4,FG508,1060.0,FG601,1214.0,2508,2601,-98.40000000000009,55.59999999999991,-0.08494475138121549,0.04799723756906071
2025-08-13,SA,1302.5,SA508,1258.0,SA601,1383.0,2508,2601,-44.5,80.5,-0.03416506717850287,0.061804222648752294
2025-08-14,FG,1158.4,FG508,1050.0,FG601,1220.0,2508,2601,-108.40000000000009,61.59999999999991,-0.09357734806629836,0.05317679558011035
2025-08-14,SA,1290.0,SA508,1276.0,SA601,1400.0,2508,2601,-14.0,110.0,-0.010852713178294615,0.0852713178294573
2025-08-15,FG,1142.3999999999999,FG509,1046.0,FG601,1211.0,2509,2601,-96.39999999999986,68.60000000000014,-0.08438375350140048,0.06004901960784337
2025-08-15,SA,1290.0,SA509,1293.0,SA601,1395.0,2509,2601,3.0,105.0,0.0023255813953488857,0.08139534883720922
2025-08-18,FG,1142.3999999999999,FG509,1030.0,FG601,1212.0,2509,2601,-112.39999999999986,69.60000000000014,-0.09838935574229679,0.06092436974789939
2025-08-18,SA,1290.0,SA509,1272.0,SA601,1386.0,2509,2601,-18.0,96.0,-0.013953488372092981,0.07441860465116279
2025-08-19,FG,1142.3999999999999,FG509,1020.0,FG601,1196.0,2509,2601,-122.39999999999986,53.600000000000136,-0.10714285714285698,0.046918767507002856
2025-08-19,SA,1290.0,SA509,1245.0,SA601,1358.0,2509,2601,-45.0,68.0,-0.03488372093023251,0.05271317829457356
2025-08-20,FG,1142.3999999999999,FG509,997.0,FG601,1162.0,2509,2601,-145.39999999999986,19.600000000000136,-0.12727591036414554,0.0171568627450982
2025-08-20,SA,1290.0,SA509,1209.0,SA601,1309.0,2509,2601,-81.0,19.0,-0.06279069767441858,0.014728682170542573
2025-08-21,FG,1114.4,FG509,983.0,FG601,1156.0,2509,2601,-131.4000000000001,41.59999999999991,-0.11791098348887297,0.037329504666187896
2025-08-21,SA,1290.0,SA509,1208.0,SA601,1306.0,2509,2601,-82.0,16.0,-0.06356589147286817,0.01240310077519391
2025-08-22,FG,1114.4,FG509,997.0,FG601,1173.0,2509,2601,-117.40000000000009,58.59999999999991,-0.10534816941852121,0.05258435032304365
2025-08-22,SA,1290.0,SA509,1226.0,SA601,1326.0,2509,2601,-64.0,36.0,-0.04961240310077519,0.027906976744185963
2025-08-25,FG,1106.4,FG509,999.0,FG601,1191.0,2509,2601,-107.40000000000009,84.59999999999991,-0.09707158351409984,0.07646420824295008
2025-08-25,SA,1290.0,SA509,1226.0,SA601,1337.0,2509,2601,-64.0,47.0,-0.04961240310077519,0.0364341085271318
2025-08-26,FG,1110.4,FG509,984.0,FG601,1173.0,2509,2601,-126.40000000000009,62.59999999999991,-0.11383285302593671,0.05637608069164246
2025-08-26,SA,1290.0,SA509,1200.0,SA601,1311.0,2509,2601,-90.0,21.0,-0.06976744186046513,0.016279069767441756
2025-08-27,FG,1110.4,FG509,985.0,FG601,1175.0,2509,2601,-125.40000000000009,64.59999999999991,-0.11293227665706063,0.058177233429394626
2025-08-27,SA,1290.0,SA509,1191.0,SA601,1307.0,2509,2601,-99.0,17.0,-0.07674418604651168,0.01317829457364339
2025-08-28,FG,1110.4,FG509,970.0,FG601,1174.0,2509,2601,-140.4000000000001,63.59999999999991,-0.12644092219020175,0.05727665706051854
2025-08-28,SA,1290.0,SA509,1187.0,SA601,1311.0,2509,2601,-103.0,21.0,-0.07984496124031004,0.016279069767441756
2025-08-29,FG,1110.4,FG509,996.0,FG601,1182.0,2509,2601,-114.40000000000009,71.59999999999991,-0.10302593659942372,0.0644812680115272
2025-08-29,SA,1290.0,SA509,1180.0,SA601,1296.0,2509,2601,-110.0,6.0,-0.0852713178294574,0.0046511627906977715
2025-09-01,FG,1110.4,FG509,943.0,FG601,1137.0,2509,2601,-167.4000000000001,26.59999999999991,-0.15075648414985598,0.02395533141210371
2025-09-01,SA,1290.0,SA509,1154.0,SA601,1271.0,2509,2601,-136.0,-19.0,-0.10542635658914734,-0.014728682170542684
2025-09-02,FG,1110.4,FG509,955.0,FG601,1134.0,2509,2601,-155.4000000000001,23.59999999999991,-0.139949567723343,0.02125360230547546
2025-09-02,SA,1262.5,SA509,1152.0,SA601,1267.0,2509,2601,-110.5,4.5,-0.08752475247524749,0.0035643564356435675
2025-09-03,FG,1110.4,FG509,940.0,FG601,1135.0,2509,2601,-170.4000000000001,24.59999999999991,-0.15345821325648423,0.022154178674351543
2025-09-03,SA,1262.5,SA509,1158.0,SA601,1276.0,2509,2601,-104.5,13.5,-0.08277227722772273,0.010693069306930703
2025-09-04,FG,1110.4,FG509,950.0,FG601,1139.0,2509,2601,-160.4000000000001,28.59999999999991,-0.1444524495677234,0.025756484149855874
2025-09-04,SA,1262.5,SA509,1160.0,SA601,1277.0,2509,2601,-102.5,14.5,-0.08118811881188115,0.011485148514851495
2025-09-05,FG,1110.4,FG509,991.0,FG601,1189.0,2509,2601,-119.40000000000009,78.59999999999991,-0.10752881844380413,0.07078530259365978
2025-09-05,SA,1262.5,SA509,1185.0,SA601,1302.0,2509,2601,-77.5,39.5,-0.06138613861386144,0.031287128712871315
2025-09-08,FG,1120.0,FG509,1021.0,FG601,1204.0,2509,2601,-99.0,84.0,-0.08839285714285716,0.07499999999999996
2025-09-08,SA,1262.5,SA509,1162.0,SA601,1293.0,2509,2601,-100.5,30.5,-0.07960396039603956,0.02415841584158418
2025-09-09,FG,1140.0,FG509,1030.0,FG601,1192.0,2509,2601,-110.0,52.0,-0.0964912280701754,0.04561403508771922
2025-09-09,SA,1262.5,SA509,1159.0,SA601,1278.0,2509,2601,-103.5,15.5,-0.08198019801980194,0.012277227722772288
2025-09-10,FG,1140.0,FG509,995.0,FG601,1181.0,2509,2601,-145.0,41.0,-0.1271929824561403,0.035964912280701755
2025-09-10,SA,1262.5,SA509,1162.0,SA601,1281.0,2509,2601,-100.5,18.5,-0.07960396039603956,0.014653465346534666
2025-09-11,FG,1130.4,FG509,989.0,FG601,1185.0,2509,2601,-141.4000000000001,54.59999999999991,-0.12508846426043885,0.048301486199575194
2025-09-11,SA,1262.5,SA509,1168.0,SA601,1287.0,2509,2601,-94.5,24.5,-0.07485148514851481,0.019405940594059423
2025-09-12,FG,1130.4,FG509,968.0,FG601,1180.0,2509,2601,-162.4000000000001,49.59999999999991,-0.14366595895258327,0.04387827317763615
2025-09-12,SA,1262.5,SA509,1163.0,SA601,1290.0,2509,2601,-99.5,27.5,-0.07881188118811877,0.0217821782178218
2025-09-15,FG,1120.0,FG510,1089.0,FG601,1207.0,2510,2601,-31.0,87.0,-0.02767857142857144,0.07767857142857149
2025-09-15,SA,1262.5,SA510,1217.0,SA601,1308.0,2510,2601,-45.5,45.5,-0.03603960396039607,0.03603960396039607
2025-09-16,FG,1120.0,FG510,1115.0,FG601,1237.0,2510,2601,-5.0,117.0,-0.004464285714285698,0.10446428571428568
2025-09-16,SA,1262.5,SA510,1250.0,SA601,1339.0,2510,2601,-12.5,76.5,-0.00990099009900991,0.06059405940594065
2025-09-17,FG,1144.0,FG510,1104.0,FG601,1234.0,2510,2601,-40.0,90.0,-0.034965034965035,0.07867132867132876
2025-09-17,SA,1262.5,SA510,1246.0,SA601,1334.0,2510,2601,-16.5,71.5,-0.013069306930693081,0.056633663366336684
2025-09-18,FG,1142.3999999999999,FG510,1088.0,FG601,1208.0,2510,2601,-54.399999999999864,65.60000000000014,-0.04761904761904745,0.05742296918767509
2025-09-18,SA,1262.5,SA510,1213.0,SA601,1306.0,2510,2601,-49.5,43.5,-0.03920792079207924,0.034455445544554486
2025-09-19,FG,1142.3999999999999,FG510,1095.0,FG601,1216.0,2510,2601,-47.399999999999864,73.60000000000014,-0.041491596638655315,0.06442577030812346
2025-09-19,SA,1262.5,SA510,1229.0,SA601,1318.0,2510,2601,-33.5,55.5,-0.026534653465346558,0.043960396039604
2025-09-22,FG,1144.0,FG510,1082.0,FG601,1199.0,2510,2601,-62.0,55.0,-0.054195804195804165,0.04807692307692313
2025-09-22,SA,1262.5,SA510,1210.0,SA601,1293.0,2510,2601,-52.5,30.5,-0.04158415841584162,0.02415841584158418
2025-09-23,FG,1144.0,FG510,1076.0,FG601,1183.0,2510,2601,-68.0,39.0,-0.05944055944055948,0.03409090909090917
2025-09-23,SA,1262.5,SA510,1197.0,SA601,1273.0,2510,2601,-65.5,10.5,-0.05188118811881193,0.008316831683168324
2025-09-24,FG,1144.0,FG510,1121.0,FG601,1237.0,2510,2601,-23.0,93.0,-0.020104895104895104,0.08129370629370625
2025-09-24,SA,1262.5,SA510,1217.0,SA601,1307.0,2510,2601,-45.5,44.5,-0.03603960396039607,0.03524752475247528
2025-09-25,FG,1206.4,FG510,1146.0,FG601,1270.0,2510,2601,-60.40000000000009,63.59999999999991,-0.05006631299734754,0.05271883289124668
2025-09-25,SA,1262.5,SA510,1224.0,SA601,1315.0,2510,2601,-38.5,52.5,-0.030495049504950522,0.04158415841584162
2025-09-26,FG,1234.4,FG510,1127.0,FG601,1252.0,2510,2601,-107.40000000000009,17.59999999999991,-0.08700583279325991,0.014257939079714843
2025-09-26,SA,1262.5,SA510,1205.0,SA601,1293.0,2510,2601,-57.5,30.5,-0.045544554455445585,0.02415841584158418
2025-09-29,FG,1234.4,FG510,1097.0,FG601,1228.0,2510,2601,-137.4000000000001,-6.400000000000091,-0.11130913804277387,-0.005184705119896327
2025-09-29,SA,1262.5,SA510,1191.0,SA601,1278.0,2510,2601,-71.5,15.5,-0.056633663366336684,0.012277227722772288
2025-09-30,FG,1248.0,FG510,1082.0,FG601,1210.0,2510,2601,-166.0,-38.0,-0.13301282051282048,-0.03044871794871795
2025-09-30,SA,1262.5,SA510,1170.0,SA601,1255.0,2510,2601,-92.5,-7.5,-0.07326732673267322,-0.005940594059405946
2025-10-09,FG,1248.0,FG510,1100.0,FG601,1218.0,2510,2601,-148.0,-30.0,-0.11858974358974361,-0.024038461538461564
2025-10-09,SA,1262.5,SA510,1161.0,SA601,1250.0,2510,2601,-101.5,-12.5,-0.08039603960396036,-0.00990099009900991
2025-10-10,FG,1256.0,FG510,1099.0,FG601,1207.0,2510,2601,-157.0,-49.0,-0.125,-0.039012738853503204
2025-10-10,SA,1262.5,SA510,1157.0,SA601,1240.0,2510,2601,-105.5,-22.5,-0.08356435643564353,-0.017821782178217838
2025-10-13,FG,1256.0,FG510,1085.0,FG601,1179.0,2510,2601,-171.0,-77.0,-0.13614649681528668,-0.06130573248407645
2025-10-13,SA,1218.57,SA510,1164.0,SA601,1247.0,2510,2601,-54.569999999999936,28.430000000000064,-0.04478199857209675,0.02333062524106122
2025-10-14,FG,1256.0,FG510,1024.0,FG601,1138.0,2510,2601,-232.0,-118.0,-0.1847133757961783,-0.0939490445859873
2025-10-14,SA,1218.57,SA510,1140.0,SA601,1234.0,2510,2601,-78.56999999999994,15.430000000000064,-0.06447721509638338,0.012662382957072671
2025-10-15,FG,1256.0,FG510,1024.0,FG601,1129.0,2510,2601,-232.0,-127.0,-0.1847133757961783,-0.10111464968152861
2025-10-15,SA,1214.29,SA510,1140.0,SA601,1232.0,2510,2601,-74.28999999999996,17.710000000000036,-0.061179784071350274,0.014584654407102216
2025-10-16,FG,1256.0,FG510,1024.0,FG601,1147.0,2510,2601,-232.0,-109.0,-0.1847133757961783,-0.08678343949044587
2025-10-16,SA,1214.29,SA510,1148.0,SA601,1235.0,2510,2601,-66.28999999999996,20.710000000000036,-0.05459157202974574,0.017055233922703916
2025-10-17,FG,1256.0,FG510,1010.0,FG601,1095.0,2510,2601,-246.0,-161.0,-0.19585987261146498,-0.12818471337579618
2025-10-17,SA,1207.86,SA510,1124.0,SA601,1209.0,2510,2601,-83.8599999999999,1.1400000000001,-0.06942857615948861,0.0009438179921514855
2025-10-20,FG,1194.4,FG510,980.0,FG601,1091.0,2510,2601,-214.4000000000001,-103.40000000000009,-0.17950435365036843,-0.08657066309444084
2025-10-20,SA,1207.86,SA510,1135.0,SA601,1219.0,2510,2601,-72.8599999999999,11.1400000000001,-0.06032156044574699,0.009222923186462006
2025-10-21,FG,1170.4,FG510,980.0,FG601,1087.0,2510,2601,-190.4000000000001,-83.40000000000009,-0.16267942583732065,-0.07125768967874235
2025-10-21,SA,1203.57,SA510,1125.0,SA601,1210.0,2510,2601,-78.56999999999994,6.430000000000064,-0.06528078965078887,0.005342439575595881
2025-10-22,FG,1170.4,FG510,980.0,FG601,1094.0,2510,2601,-190.4000000000001,-76.40000000000009,-0.16267942583732065,-0.06527682843472327
2025-10-22,SA,1203.57,SA510,1134.0,SA601,1223.0,2510,2601,-69.56999999999994,19.430000000000064,-0.05780303596799519,0.016143639339631255
2025-10-23,FG,1170.4,FG511,1001.0,FG601,1108.0,2511,2601,-169.4000000000001,-62.40000000000009,-0.14473684210526327,-0.05331510594668498
2025-10-23,SA,1205.71,SA511,1164.0,SA601,1235.0,2511,2601,-41.710000000000036,29.289999999999964,-0.03459372485921164,0.024292740377039213
2025-10-24,FG,1170.4,FG511,994.0,FG601,1092.0,2511,2601,-176.4000000000001,-78.40000000000009,-0.15071770334928236,-0.06698564593301448
2025-10-24,SA,1205.71,SA511,1165.0,SA601,1229.0,2511,2601,-40.710000000000036,23.289999999999964,-0.0337643380248982,0.0193164193711588
2025-10-27,FG,1146.4,FG511,994.0,FG601,1095.0,2511,2601,-152.4000000000001,-51.40000000000009,-0.13293789253314736,-0.04483600837404056
2025-10-27,SA,1210.0,SA511,1178.0,SA601,1246.0,2511,2601,-32.0,36.0,-0.026446280991735516,0.02975206611570247
2025-10-28,FG,1108.0,FG511,997.0,FG601,1113.0,2511,2601,-111.0,5.0,-0.10018050541516244,0.004512635379061436
2025-10-28,SA,1210.0,SA511,1170.0,SA601,1239.0,2511,2601,-40.0,29.0,-0.03305785123966942,0.023966942148760273
2025-10-29,FG,1108.0,FG511,1002.0,FG601,1127.0,2511,2601,-106.0,19.0,-0.09566787003610111,0.017148014440433235
2025-10-29,SA,1210.0,SA511,1175.0,SA601,1259.0,2511,2601,-35.0,49.0,-0.02892561983471076,0.04049586776859515
2025-10-30,FG,1108.0,FG511,986.0,FG601,1091.0,2511,2601,-122.0,-17.0,-0.11010830324909748,-0.01534296028880866
2025-10-30,SA,1212.14,SA511,1155.0,SA601,1235.0,2511,2601,-57.1400000000001,22.8599999999999,-0.04713976933357544,0.018859207682280887
2025-10-31,FG,1108.0,FG511,1009.0,FG601,1083.0,2511,2601,-99.0,-25.0,-0.08935018050541521,-0.022563176895306847
2025-10-31,SA,1212.14,SA511,1136.0,SA601,1225.0,2511,2601,-76.1400000000001,12.8599999999999,-0.0628145263748413,0.010609335555298749
2025-11-03,FG,1108.0,FG511,1013.0,FG601,1093.0,2511,2601,-95.0,-15.0,-0.08574007220216606,-0.013537906137184086
2025-11-03,SA,1204.29,SA511,1115.0,SA601,1202.0,2511,2601,-89.28999999999996,-2.2899999999999636,-0.07414327113901131,-0.0019015353444767902
2025-11-04,FG,1108.0,FG511,1015.0,FG601,1105.0,2511,2601,-93.0,-3.0,-0.08393501805054149,-0.0027075812274368616
2025-11-04,SA,1203.57,SA511,1110.0,SA601,1189.0,2511,2601,-93.56999999999994,-14.569999999999936,-0.07774371245544498,-0.012105652350922647
2025-11-05,FG,1122.3999999999999,FG511,1020.0,FG601,1097.0,2511,2601,-102.39999999999986,-25.399999999999864,-0.09123307198859576,-0.022630078403421128
2025-11-05,SA,1203.57,SA511,1114.0,SA601,1195.0,2511,2601,-89.56999999999994,-8.569999999999936,-0.0744202663742034,-0.007120483229060115
2025-11-06,FG,1122.3999999999999,FG511,1020.0,FG601,1101.0,2511,2601,-102.39999999999986,-21.399999999999864,-0.09123307198859576,-0.01906628652886655
2025-11-06,SA,1203.57,SA511,1125.0,SA601,1207.0,2511,2601,-78.56999999999994,3.4300000000000637,-0.06528078965078887,0.002849855014664726
2025-11-07,FG,1134.4,FG511,1017.0,FG601,1091.0,2511,2601,-117.40000000000009,-43.40000000000009,-0.10349083215796906,-0.038258110014104396
2025-11-07,SA,1206.43,SA511,1126.0,SA601,1210.0,2511,2601,-80.43000000000006,3.5699999999999363,-0.06666777185580597,0.0029591439204925685
2025-11-10,FG,1126.4,FG511,980.0,FG601,1069.0,2511,2601,-146.4000000000001,-57.40000000000009,-0.12997159090909094,-0.05095880681818188
2025-11-10,SA,1207.86,SA511,1147.0,SA601,1226.0,2511,2601,-60.8599999999999,18.1400000000001,-0.05038663421257428,0.01501829682247946
2025-11-11,FG,1122.3999999999999,FG511,970.0,FG601,1053.0,2511,2601,-152.39999999999986,-69.39999999999986,-0.13578047042052732,-0.06183178902352093
2025-11-11,SA,1212.14,SA511,1136.0,SA601,1215.0,2511,2601,-76.1400000000001,2.8599999999999,-0.0628145263748413,0.0023594634283168325
2025-11-12,FG,1122.3999999999999,FG511,970.0,FG601,1049.0,2511,2601,-152.39999999999986,-73.39999999999986,-0.13578047042052732,-0.0653955808980754
2025-11-12,SA,1211.43,SA511,1141.0,SA601,1214.0,2511,2601,-70.43000000000006,2.5699999999999363,-0.05813790313926526,0.0021214597624295006
2025-11-13,FG,1122.3999999999999,FG511,975.0,FG601,1056.0,2511,2601,-147.39999999999986,-66.39999999999986,-0.1313257305773342,-0.059158945117605
2025-11-13,SA,1214.29,SA511,1165.0,SA601,1239.0,2511,2601,-49.289999999999964,24.710000000000036,-0.0405916214413361,0.020349339943506184
2025-11-14,FG,1122.3999999999999,FG511,958.0,FG601,1032.0,2511,2601,-164.39999999999986,-90.39999999999986,-0.14647184604419095,-0.08054169636493214
2025-11-14,SA,1213.57,SA511,1137.0,SA601,1226.0,2511,2601,-76.56999999999994,12.430000000000064,-0.06309483589739362,0.01024250764274015
2025-11-17,FG,1106.4,FG512,1033.0,FG601,1029.0,2512,2601,-73.40000000000009,-77.40000000000009,-0.06634128705712228,-0.06995661605206083
2025-11-17,SA,1218.57,SA512,1218.0,SA601,1231.0,2512,2601,-0.5699999999999363,12.430000000000064,-0.00046776139245174875,0.0102004808915368
2025-11-18,FG,1098.4,FG512,1026.0,FG601,1017.0,2512,2601,-72.40000000000009,-81.40000000000009,-0.06591405680990536,-0.0741077931536781
2025-11-18,SA,1218.57,SA512,1202.0,SA601,1214.0,2512,2601,-16.569999999999936,-4.569999999999936,-0.013597905741976168,-0.003750297479832909
2025-11-19,FG,1098.4,FG512,1017.0,FG601,1009.0,2512,2601,-81.40000000000009,-89.40000000000009,-0.0741077931536781,-0.08139111434814283
2025-11-19,SA,1215.0,SA512,1168.0,SA601,1182.0,2512,2601,-47.0,-33.0,-0.03868312757201642,-0.02716049382716046
2025-11-20,FG,1086.4,FG512,998.0,FG601,989.0,2512,2601,-88.40000000000009,-97.40000000000009,-0.08136966126656853,-0.08965390279823282
2025-11-20,SA,1207.14,SA512,1145.0,SA601,1158.0,2512,2601,-62.1400000000001,-49.1400000000001,-0.05147704491608274,-0.04070778865748803
2025-11-21,FG,1078.4,FG512,997.0,FG601,987.0,2512,2601,-81.40000000000009,-91.40000000000009,-0.07548219584569738,-0.08475519287833833
2025-11-21,SA,1207.14,SA512,1157.0,SA601,1170.0,2512,2601,-50.1400000000001,-37.1400000000001,-0.04153619298507227,-0.030766936726477567
2025-11-24,FG,1070.4,FG512,1019.0,FG601,1013.0,2512,2601,-51.40000000000009,-57.40000000000009,-0.04801943198804193,-0.05362481315396117
2025-11-24,SA,1207.86,SA512,1171.0,SA601,1183.0,2512,2601,-36.8599999999999,-24.8599999999999,-0.03051678174622874,-0.020581855513056024
2025-11-25,FG,1070.4,FG512,1020.0,FG601,1014.0,2512,2601,-50.40000000000009,-56.40000000000009,-0.04708520179372211,-0.05269058295964135
2025-11-25,SA,1207.86,SA512,1159.0,SA601,1173.0,2512,2601,-48.8599999999999,-34.8599999999999,-0.04045170797940145,-0.028860960707366656
2025-11-26,FG,1070.4,FG512,1042.0,FG601,1037.0,2512,2601,-28.40000000000009,-33.40000000000009,-0.026532137518684662,-0.031203288490284087
2025-11-26,SA,1207.86,SA512,1162.0,SA601,1175.0,2512,2601,-45.8599999999999,-32.8599999999999,-0.037967976421108274,-0.027205139668504574
2025-11-27,FG,1070.4,FG512,1050.0,FG601,1041.0,2512,2601,-20.40000000000009,-29.40000000000009,-0.01905829596412567,-0.02746636771300459
2025-11-27,SA,1207.86,SA512,1163.0,SA601,1176.0,2512,2601,-44.8599999999999,-31.8599999999999,-0.03714006590167729,-0.026377229149073478
2025-11-28,FG,1094.4,FG512,1054.0,FG601,1053.0,2512,2601,-40.40000000000009,-41.40000000000009,-0.03691520467836262,-0.03782894736842113
2025-11-28,SA,1206.43,SA512,1161.0,SA601,1177.0,2512,2601,-45.430000000000064,-29.430000000000064,-0.03765655694901493,-0.024394287277338944
2025-12-01,FG,1110.4,FG512,1029.0,FG601,1036.0,2512,2601,-81.40000000000009,-74.40000000000009,-0.07330691642651299,-0.06700288184438052
2025-12-01,SA,1206.43,SA512,1158.0,SA601,1176.0,2512,2601,-48.430000000000064,-30.430000000000064,-0.04014323251245411,-0.025223179131818707
2025-12-02,FG,1110.4,FG512,1028.0,FG601,1034.0,2512,2601,-82.40000000000009,-76.40000000000009,-0.07420749279538907,-0.06880403458213269
2025-12-02,SA,1209.29,SA512,1167.0,SA601,1183.0,2512,2601,-42.289999999999964,-26.289999999999964,-0.03497093335758994,-0.02174002927337526
2025-12-03,FG,1102.3999999999999,FG512,1023.0,FG601,1020.0,2512,2601,-79.39999999999986,-82.39999999999986,-0.0720246734397677,-0.07474600870827275
2025-12-03,SA,1206.43,SA512,1150.0,SA601,1165.0,2512,2601,-56.430000000000064,-41.430000000000064,-0.0467743673482921,-0.03434098953109588
2025-12-04,FG,1102.3999999999999,FG512,1020.0,FG601,1010.0,2512,2601,-82.39999999999986,-92.39999999999986,-0.07474600870827275,-0.0838171262699563
2025-12-04,SA,1205.71,SA512,1147.0,SA601,1162.0,2512,2601,-58.710000000000036,-43.710000000000036,-0.04869330104253933,-0.036252498527838406
2025-12-05,FG,1102.3999999999999,FG512,1020.0,FG601,994.0,2512,2601,-82.39999999999986,-108.39999999999986,-0.07474600870827275,-0.09833091436865016
2025-12-05,SA,1205.71,SA512,1132.0,SA601,1137.0,2512,2601,-73.71000000000004,-68.71000000000004,-0.06113410355724014,-0.056987169385673164
2025-12-08,FG,1096.8000000000002,FG512,1012.0,FG601,1002.0,2512,2601,-84.80000000000018,-94.80000000000018,-0.07731582786287394,-0.08643326039387322
2025-12-08,SA,1205.71,SA512,1128.0,SA601,1133.0,2512,2601,-77.71000000000004,-72.71000000000004,-0.06445165089449378,-0.06030471672292681
2025-12-09,FG,1094.4,FG512,969.0,FG601,984.0,2512,2601,-125.40000000000009,-110.40000000000009,-0.11458333333333337,-0.10087719298245623
2025-12-09,SA,1221.43,SA512,1122.0,SA601,1125.0,2512,2601,-99.43000000000006,-96.43000000000006,-0.0814045831525344,-0.07894844567433257
2025-12-10,FG,1090.4,FG512,960.0,FG601,964.0,2512,2601,-130.4000000000001,-126.40000000000009,-0.11958914159941314,-0.11592076302274401
2025-12-10,SA,1222.86,SA512,1100.0,SA601,1094.0,2512,2601,-122.8599999999999,-128.8599999999999,-0.10046939142665545,-0.10537592201887369
2025-12-11,FG,1090.4,FG512,950.0,FG601,956.0,2512,2601,-140.4000000000001,-134.4000000000001,-0.12876008804108596,-0.12325752017608227
2025-12-11,SA,1222.86,SA512,1101.0,SA605,1153.0,2512,2605,-121.8599999999999,-69.8599999999999,-0.09965163632795249,-0.05712837119539438
2025-12-12,FG,1074.4,FG512,940.0,FG601,935.0,2512,2601,-134.4000000000001,-139.4000000000001,-0.12509307520476554,-0.129746835443038
2025-12-12,SA,1222.86,SA512,1095.0,SA605,1126.0,2512,2605,-127.8599999999999,-96.8599999999999,-0.10455816692017073,-0.07920775886037645
2025-12-15,FG,1072.0,FG601,950.0,FG605,1039.0,2601,2605,-122.0,-33.0,-0.11380597014925375,-0.03078358208955223
2025-12-15,SA,1222.86,SA601,1123.0,SA605,1156.0,2601,2605,-99.8599999999999,-66.8599999999999,-0.08166102415648557,-0.05467510589928526
2025-12-16,FG,1072.0,FG601,946.0,FG605,1038.0,2601,2605,-126.0,-34.0,-0.1175373134328358,-0.03171641791044777
2025-12-16,SA,1222.86,SA601,1133.0,SA605,1170.0,2601,2605,-89.8599999999999,-52.8599999999999,-0.07348347316945514,-0.04322653451744263
2025-12-17,FG,1072.0,FG601,944.0,FG605,1038.0,2601,2605,-128.0,-34.0,-0.11940298507462688,-0.03171641791044777
2025-12-17,SA,1222.86,SA601,1127.0,SA605,1170.0,2601,2605,-95.8599999999999,-52.8599999999999,-0.07839000376167338,-0.04322653451744263
2025-12-18,FG,1068.0,FG601,953.0,FG605,1062.0,2601,2605,-115.0,-6.0,-0.10767790262172283,-0.005617977528089901
2025-12-18,SA,1222.86,SA601,1137.0,SA605,1193.0,2601,2605,-85.8599999999999,-29.8599999999999,-0.07021245277464294,-0.02441816724727275
2025-12-19,FG,1068.0,FG601,941.0,FG605,1041.0,2601,2605,-127.0,-27.0,-0.11891385767790263,-0.0252808988764045
2025-12-19,SA,1222.86,SA601,1120.0,SA605,1176.0,2601,2605,-102.8599999999999,-46.8599999999999,-0.08411428945259469,-0.03832000392522439
2025-12-22,FG,1068.0,FG601,931.0,FG605,1031.0,2601,2605,-137.0,-37.0,-0.12827715355805247,-0.034644194756554336
2025-12-22,SA,1222.86,SA601,1109.0,SA605,1169.0,2601,2605,-113.8599999999999,-53.8599999999999,-0.0931095955383281,-0.044044289616145704
2025-12-23,FG,1060.0,FG601,938.0,FG605,1028.0,2601,2605,-122.0,-32.0,-0.11509433962264148,-0.030188679245283012
2025-12-23,SA,1222.86,SA601,1117.0,SA605,1175.0,2601,2605,-105.8599999999999,-47.8599999999999,-0.08656755474870381,-0.039137759023927465
2025-12-24,FG,1042.3999999999999,FG601,941.0,FG605,1048.0,2601,2605,-101.39999999999986,5.600000000000136,-0.09727551803530299,0.005372217958557357
2025-12-24,SA,1225.71,SA601,1117.0,SA605,1184.0,2601,2605,-108.71000000000004,-41.710000000000036,-0.0886914523011153,-0.03402925651255195
2025-12-25,FG,1034.4,FG601,932.0,FG605,1047.0,2601,2605,-102.40000000000009,12.599999999999909,-0.09899458623356538,0.012180974477958184
2025-12-25,SA,1225.71,SA601,1115.0,SA605,1184.0,2601,2605,-110.71000000000004,-41.710000000000036,-0.09032315963808735,-0.03402925651255195
2025-12-26,FG,1034.4,FG601,936.0,FG605,1057.0,2601,2605,-98.40000000000009,22.59999999999991,-0.09512761020881677,0.021848414539829664
2025-12-26,SA,1225.71,SA601,1121.0,SA605,1200.0,2601,2605,-104.71000000000004,-25.710000000000036,-0.08542803762717122,-0.020975597816775604
2025-12-29,FG,1022.4,FG601,926.0,FG605,1051.0,2601,2605,-96.39999999999998,28.600000000000023,-0.09428794992175271,0.027973395931142342
2025-12-29,SA,1225.71,SA601,1107.0,SA605,1181.0,2601,2605,-118.71000000000004,-44.710000000000036,-0.09684998898597552,-0.03647681751801002
2025-12-30,FG,1022.4,FG601,950.0,FG605,1087.0,2601,2605,-72.39999999999998,64.60000000000002,-0.07081377151799684,0.06318466353677632
2025-12-30,SA,1225.71,SA601,1135.0,SA605,1213.0,2601,2605,-90.71000000000004,-12.710000000000036,-0.07400608626836691,-0.01036950012645732
2025-12-31,FG,1020.0,FG601,949.0,FG605,1087.0,2601,2605,-71.0,67.0,-0.06960784313725488,0.06568627450980391
2025-12-31,SA,1225.71,SA601,1107.0,SA605,1209.0,2601,2605,-118.71000000000004,-16.710000000000036,-0.09684998898597552,-0.013632914800401408
2026-01-05,FG,1020.0,FG601,948.0,FG605,1081.0,2601,2605,-72.0,61.0,-0.07058823529411762,0.05980392156862746
2026-01-05,SA,1208.57,SA601,1095.0,SA605,1177.0,2601,2605,-113.56999999999994,-31.569999999999936,-0.09397056024888917,-0.026121780285792262
2026-01-06,FG,1020.0,FG601,956.0,FG605,1092.0,2601,2605,-64.0,72.0,-0.06274509803921569,0.07058823529411762
2026-01-06,SA,1214.29,SA601,1111.0,SA605,1190.0,2601,2605,-103.28999999999996,-24.289999999999964,-0.08506205272216683,-0.020003458811321817
2026-01-07,FG,1024.0,FG601,1016.0,FG605,1148.0,2601,2605,-8.0,124.0,-0.0078125,0.12109375
2026-01-07,SA,1214.29,SA601,1183.0,SA605,1271.0,2601,2605,-31.289999999999964,56.710000000000036,-0.025768144347725785,0.046702188109924325
2026-01-08,FG,1026.4,FG601,1013.0,FG605,1163.0,2601,2605,-13.400000000000091,136.5999999999999,-0.01305533904910372,0.133086515978176
2026-01-08,SA,1218.57,SA601,1156.0,SA605,1239.0,2601,2605,-62.569999999999936,20.430000000000064,-0.05134707074685896,0.01676555306629912
2026-01-09,FG,1028.0,FG601,1010.0,FG605,1144.0,2601,2605,-18.0,116.0,-0.017509727626459193,0.11284046692607008
2026-01-09,SA,1218.57,SA601,1141.0,SA605,1228.0,2601,2605,-77.56999999999994,9.430000000000064,-0.06365658107453809,0.00773857882600093
2026-01-12,FG,1030.4,FG601,1001.0,FG605,1143.0,2601,2605,-29.40000000000009,112.59999999999991,-0.028532608695652217,0.10927795031055898
2026-01-12,SA,1218.57,SA601,1149.0,SA605,1239.0,2601,2605,-69.56999999999994,20.430000000000064,-0.05709150889977588,0.01676555306629912
2026-01-13,FG,1030.4,FG601,978.0,FG605,1096.0,2601,2605,-52.40000000000009,65.59999999999991,-0.05085403726708082,0.0636645962732918
2026-01-13,SA,1214.29,SA601,1136.0,SA605,1212.0,2601,2605,-78.28999999999996,-2.2899999999999636,-0.06447389009215254,-0.0018858756969092338
2026-01-14,FG,1030.4,FG601,940.0,FG605,1096.0,2601,2605,-90.40000000000009,65.59999999999991,-0.08773291925465843,0.0636645962732918
2026-01-14,SA,1214.29,SA601,1136.0,SA605,1222.0,2601,2605,-78.28999999999996,7.710000000000036,-0.06447389009215254,0.006349389355096324
2026-01-15,FG,1030.4,FG601,941.0,FG605,1086.0,2601,2605,-89.40000000000009,55.59999999999991,-0.08676242236024856,0.05395962732919246
2026-01-15,SA,1214.29,SA601,1116.0,SA605,1193.0,2601,2605,-98.28999999999996,-21.289999999999964,-0.08094442019616399,-0.017532879295720116
2026-01-16,FG,1030.4,FG601,943.0,FG605,1103.0,2601,2605,-87.40000000000009,72.59999999999991,-0.0848214285714286,0.07045807453416142
2026-01-16,SA,1214.29,SA601,1115.0,SA605,1192.0,2601,2605,-99.28999999999996,-22.289999999999964,-0.08176794670136456,-0.018356405800920683
2026-01-19,FG,1028.0,FG602,981.0,FG605,1070.0,2602,2605,-47.0,42.0,-0.0457198443579766,0.040856031128404746
2026-01-19,SA,1214.29,SA602,1147.0,SA605,1192.0,2602,2605,-67.28999999999996,-22.289999999999964,-0.055415098534946305,-0.018356405800920683
2026-01-20,FG,1028.0,FG602,963.0,FG605,1056.0,2602,2605,-65.0,28.0,-0.0632295719844358,0.027237354085603016
2026-01-20,SA,1204.29,SA602,1136.0,SA605,1177.0,2602,2605,-68.28999999999996,-27.289999999999964,-0.0567056107748134,-0.022660654825664928
2026-01-21,FG,1028.0,FG602,947.0,FG605,1039.0,2602,2605,-81.0,11.0,-0.0787937743190662,0.010700389105058328
2026-01-21,SA,1202.86,SA602,1125.0,SA605,1163.0,2602,2605,-77.8599999999999,-39.8599999999999,-0.06472906240127685,-0.0331376885090533
2026-01-22,FG,1028.0,FG602,963.0,FG605,1057.0,2602,2605,-65.0,29.0,-0.0632295719844358,0.02821011673151741
2026-01-22,SA,1202.86,SA602,1141.0,SA605,1185.0,2602,2605,-61.8599999999999,-17.8599999999999,-0.051427431288761705,-0.014847945729345002
2026-01-23,FG,1028.0,FG602,973.0,FG605,1064.0,2602,2605,-55.0,36.0,-0.05350194552529186,0.035019455252918386
2026-01-23,SA,1202.86,SA602,1156.0,SA605,1198.0,2602,2605,-46.8599999999999,-4.8599999999999,-0.03895715212077877,-0.004040370450426378
2026-01-26,FG,1044.0,FG602,992.0,FG605,1087.0,2602,2605,-52.0,43.0,-0.04980842911877392,0.04118773946360155
2026-01-26,SA,1202.86,SA602,1161.0,SA605,1205.0,2602,2605,-41.8599999999999,2.1400000000001,-0.03480039239811772,0.0017790931612990946
2026-01-27,FG,1044.0,FG602,969.0,FG605,1066.0,2602,2605,-75.0,22.0,-0.07183908045977017,0.021072796934865856
2026-01-27,SA,1202.86,SA602,1153.0,SA605,1194.0,2602,2605,-49.8599999999999,-8.8599999999999,-0.04145120795437529,-0.00736577822855522
2026-01-28,FG,1044.0,FG602,973.0,FG605,1067.0,2602,2605,-71.0,23.0,-0.06800766283524906,0.022030651340996243
2026-01-28,SA,1202.86,SA602,1159.0,SA605,1198.0,2602,2605,-43.8599999999999,-4.8599999999999,-0.03646309628718214,-0.004040370450426378
2026-01-29,FG,1048.0,FG602,989.0,FG605,1087.0,2602,2605,-59.0,39.0,-0.05629770992366412,0.03721374045801529
2026-01-29,SA,1202.86,SA602,1188.0,SA605,1224.0,2602,2605,-14.8599999999999,21.1400000000001,-0.012353889895748371,0.017574780107410648
2026-01-30,FG,1048.0,FG602,955.0,FG605,1056.0,2602,2605,-93.0,8.0,-0.0887404580152672,0.007633587786259444
2026-01-30,SA,1202.86,SA602,1165.0,SA605,1204.0,2602,2605,-37.8599999999999,1.1400000000001,-0.03147498461998899,0.0009477412167668842
2026-02-02,FG,1056.0,FG602,968.0,FG605,1056.0,2602,2605,-88.0,0.0,-0.08333333333333337,0.0
2026-02-02,SA,1202.86,SA602,1163.0,SA605,1203.0,2602,2605,-39.8599999999999,0.14000000000010004,-0.0331376885090533,0.00011638927223467377
2026-02-03,FG,1058.4,FG602,974.0,FG605,1072.0,2602,2605,-84.40000000000009,13.599999999999909,-0.07974300831443693,0.012849584278155524
2026-02-03,SA,1201.43,SA602,1162.0,SA605,1201.0,2602,2605,-39.430000000000064,-0.43000000000006366,-0.032819223758354665,-0.0003579068276970965
2026-02-04,FG,1058.4,FG602,1007.0,FG605,1109.0,2602,2605,-51.40000000000009,50.59999999999991,-0.048563869992441555,0.047808012093726315
2026-02-04,SA,1201.43,SA602,1186.0,SA605,1229.0,2602,2605,-15.430000000000064,27.569999999999936,-0.012843028724103811,0.02294765404559551
2026-02-05,FG,1060.0,FG602,993.0,FG605,1088.0,2602,2605,-67.0,28.0,-0.06320754716981136,0.026415094339622636
2026-02-05,SA,1201.43,SA602,1177.0,SA605,1209.0,2602,2605,-24.430000000000064,7.569999999999936,-0.02033410186194795,0.006300824850386633
2026-02-06,FG,1060.0,FG602,984.0,FG605,1072.0,2602,2605,-76.0,12.0,-0.07169811320754715,0.01132075471698113
2026-02-06,SA,1201.43,SA602,1159.0,SA605,1190.0,2602,2605,-42.430000000000064,-11.430000000000064,-0.03531624813763601,-0.009513662885062057
2026-02-09,FG,1060.0,FG602,987.0,FG605,1078.0,2602,2605,-73.0,18.0,-0.06886792452830193,0.016981132075471805
2026-02-09,SA,1201.43,SA602,1147.0,SA605,1181.0,2602,2605,-54.430000000000064,-20.430000000000064,-0.04530434565476149,-0.017004736022906086
2026-02-10,FG,1060.0,FG602,981.0,FG605,1070.0,2602,2605,-79.0,10.0,-0.07452830188679249,0.009433962264151052
2026-02-10,SA,1201.43,SA602,1131.0,SA605,1171.0,2602,2605,-70.43000000000006,-30.430000000000064,-0.05862180901092873,-0.025328150620510637
2026-02-11,FG,1060.0,FG602,986.0,FG605,1071.0,2602,2605,-74.0,11.0,-0.06981132075471697,0.01037735849056598
2026-02-11,SA,1201.43,SA602,1126.0,SA605,1178.0,2602,2605,-75.43000000000006,-23.430000000000064,-0.062783516309731,-0.01950176040218743
2026-02-12,FG,1060.0,FG602,972.0,FG605,1065.0,2602,2605,-88.0,5.0,-0.08301886792452828,0.004716981132075526
2026-02-12,SA,1201.43,SA602,1119.0,SA605,1162.0,2602,2605,-82.43000000000006,-39.430000000000064,-0.0686099065280541,-0.032819223758354665
2026-02-13,FG,1060.0,FG602,959.0,FG605,1041.0,2602,2605,-101.0,-19.0,-0.09528301886792456,-0.017924528301886844
2026-02-13,SA,1201.43,SA602,1115.0,SA605,1150.0,2602,2605,-86.43000000000006,-51.430000000000064,-0.07193927236709596,-0.04280732127548015
2026-02-24,FG,1060.0,FG603,973.0,FG605,1050.0,2603,2605,-87.0,-10.0,-0.08207547169811324,-0.009433962264150941
2026-02-24,SA,1202.86,SA603,1124.0,SA605,1169.0,2603,2605,-78.8599999999999,-33.8599999999999,-0.06556041434580906,-0.028149576841860147
2026-02-25,FG,1062.3999999999999,FG603,984.0,FG605,1064.0,2603,2605,-78.39999999999986,1.6000000000001364,-0.07379518072289148,0.001506024096385561
2026-02-25,SA,1202.86,SA603,1151.0,SA605,1191.0,2603,2605,-51.8599999999999,-11.8599999999999,-0.04311391184343971,-0.00985983406215174
2026-02-26,FG,1070.4,FG603,981.0,FG605,1058.0,2603,2605,-89.40000000000009,-12.400000000000091,-0.08352017937219736,-0.01158445440956657
2026-02-26,SA,1202.86,SA603,1154.0,SA605,1191.0,2603,2605,-48.8599999999999,-11.8599999999999,-0.04061985600984308,-0.00985983406215174
2026-02-27,FG,1070.4,FG603,987.0,FG605,1062.0,2603,2605,-83.40000000000009,-8.400000000000091,-0.07791479820627811,-0.007847533632287074
2026-02-27,SA,1202.86,SA603,1159.0,SA605,1194.0,2603,2605,-43.8599999999999,-8.8599999999999,-0.03646309628718214,-0.00736577822855522
2026-03-02,FG,1070.4,FG603,975.0,FG605,1043.0,2603,2605,-95.40000000000009,-27.40000000000009,-0.08912556053811671,-0.025597907324364844
2026-03-02,SA,1202.86,SA603,1159.0,SA605,1188.0,2603,2605,-43.8599999999999,-14.8599999999999,-0.03646309628718214,-0.012353889895748371
2026-03-03,FG,1070.4,FG603,971.0,FG605,1054.0,2603,2605,-99.40000000000009,-16.40000000000009,-0.0928624813153962,-0.015321375186846176
2026-03-03,SA,1202.86,SA603,1185.0,SA605,1218.0,2603,2605,-17.8599999999999,15.1400000000001,-0.014847945729345002,0.012586668440217608
2026-03-04,FG,1070.4,FG603,961.0,FG605,1038.0,2603,2605,-109.40000000000009,-32.40000000000009,-0.10220478325859494,-0.030269058295964157
2026-03-04,SA,1202.86,SA603,1175.0,SA605,1203.0,2603,2605,-27.8599999999999,0.14000000000010004,-0.023161465174666995,0.00011638927223467377
2026-03-05,FG,1070.4,FG603,972.0,FG605,1055.0,2603,2605,-98.40000000000009,-15.400000000000091,-0.09192825112107628,-0.014387144992526246
2026-03-05,SA,1202.86,SA603,1204.0,SA605,1225.0,2603,2605,1.1400000000001,22.1400000000001,0.0009477412167668842,0.01840613205194286
2026-03-06,FG,1070.4,FG603,998.0,FG605,1087.0,2603,2605,-72.40000000000009,16.59999999999991,-0.06763826606875945,0.015508221225709828
2026-03-06,SA,1212.86,SA603,1213.0,SA605,1242.0,2603,2605,0.14000000000010004,29.1400000000001,0.00011542964563115987,0.02402585624062148
2026-03-09,FG,1078.4,FG603,1004.0,FG605,1104.0,2603,2605,-74.40000000000009,25.59999999999991,-0.06899109792284874,0.023738872403560762
2026-03-09,SA,1230.0,SA603,1260.0,SA605,1276.0,2603,2605,30.0,46.0,0.024390243902439046,0.0373983739837398
2026-03-10,FG,1078.4,FG603,970.0,FG605,1076.0,2603,2605,-108.40000000000009,-2.400000000000091,-0.10051928783382802,-0.002225519287833877
2026-03-10,SA,1235.71,SA603,1207.0,SA605,1235.0,2603,2605,-28.710000000000036,-0.7100000000000364,-0.023233606590543077,-0.0005745684667114448
2026-03-11,FG,1078.4,FG603,1000.0,FG605,1112.0,2603,2605,-78.40000000000009,33.59999999999991,-0.07270029673590517,0.03115727002967361
2026-03-11,SA,1235.71,SA603,1211.0,SA605,1255.0,2603,2605,-24.710000000000036,19.289999999999964,-0.01999660114428148,0.01561045876459688
2026-03-12,FG,1086.4,FG603,1005.0,FG605,1113.0,2603,2605,-81.40000000000009,26.59999999999991,-0.07492636229749638,0.02448453608247414
2026-03-12,SA,1239.29,SA603,1285.0,SA605,1256.0,2603,2605,45.710000000000036,16.710000000000036,0.036884022303092845,0.013483526858120376
2026-03-13,FG,1088.0,FG603,1016.0,FG605,1135.0,2603,2605,-72.0,47.0,-0.06617647058823528,0.04319852941176472
2026-03-13,SA,1250.71,SA603,1249.0,SA605,1277.0,2603,2605,-1.7100000000000364,26.289999999999964,-0.0013672234170991615,0.02102006060557593
2026-03-16,FG,1088.0,FG604,1100.0,FG605,1102.0,2604,2605,12.0,14.0,0.011029411764705843,0.012867647058823595
2026-03-16,SA,1250.71,SA604,1246.0,SA605,1256.0,2604,2605,-4.710000000000036,5.289999999999964,-0.003765860990957215,0.004229597588569556
2026-03-17,FG,1088.0,FG604,1090.0,FG605,1094.0,2604,2605,2.0,6.0,0.0018382352941177516,0.005514705882353033
2026-03-17,SA,1248.57,SA604,1235.0,SA605,1243.0,2604,2605,-13.569999999999936,-5.569999999999936,-0.010868433487910112,-0.004461103502406694
2026-03-18,FG,1088.0,FG604,1063.0,FG605,1066.0,2604,2605,-25.0,-22.0,-0.022977941176470562,-0.020220588235294157
2026-03-18,SA,1248.57,SA604,1201.0,SA605,1211.0,2604,2605,-47.569999999999936,-37.569999999999936,-0.038099585926299584,-0.030090423444420367
2026-03-19,FG,1088.0,FG604,1060.0,FG605,1065.0,2604,2605,-28.0,-23.0,-0.02573529411764708,-0.02113970588235292
2026-03-19,SA,1247.14,SA604,1208.0,SA605,1217.0,2604,2605,-39.1400000000001,-30.1400000000001,-0.03138380614846781,-0.02416729477043489
2026-03-20,FG,1088.0,FG604,1046.0,FG605,1054.0,2604,2605,-42.0,-34.0,-0.03860294117647056,-0.03125
2026-03-20,SA,1247.14,SA604,1192.0,SA605,1202.0,2604,2605,-55.1400000000001,-45.1400000000001,-0.044213159709415195,-0.03619481373382305
2026-03-23,FG,1088.0,FG604,1066.0,FG605,1082.0,2604,2605,-22.0,-6.0,-0.020220588235294157,-0.005514705882352922
2026-03-23,SA,1255.0,SA604,1245.0,SA605,1256.0,2604,2605,-10.0,1.0,-0.007968127490039834,0.0007968127490038945
2026-03-24,FG,1088.0,FG604,1045.0,FG605,1064.0,2604,2605,-43.0,-24.0,-0.03952205882352944,-0.022058823529411797
2026-03-24,SA,1256.43,SA604,1231.0,SA605,1240.0,2604,2605,-25.430000000000064,-16.430000000000064,-0.020239886026280907,-0.013076733283987174
2026-03-25,FG,1080.0,FG604,1041.0,FG605,1057.0,2604,2605,-39.0,-23.0,-0.036111111111111094,-0.021296296296296258
2026-03-25,SA,1255.0,SA604,1233.0,SA605,1244.0,2604,2605,-22.0,-11.0,-0.017529880478087678,-0.008764940239043839
2026-03-26,FG,1080.0,FG604,1025.0,FG605,1036.0,2604,2605,-55.0,-44.0,-0.05092592592592593,-0.040740740740740744
2026-03-26,SA,1249.29,SA604,1212.0,SA605,1225.0,2604,2605,-37.289999999999964,-24.289999999999964,-0.029848954205988987,-0.019443043648792457
2026-03-27,FG,1080.0,FG604,1021.0,FG605,1041.0,2604,2605,-59.0,-39.0,-0.054629629629629584,-0.036111111111111094
2026-03-27,SA,1249.29,SA604,1216.0,SA605,1229.0,2604,2605,-33.289999999999964,-20.289999999999964,-0.026647135573005465,-0.016241225015808936
2026-03-30,FG,1080.0,FG604,1022.0,FG605,1040.0,2604,2605,-58.0,-40.0,-0.0537037037037037,-0.03703703703703709
2026-03-30,SA,1246.43,SA604,1196.0,SA605,1207.0,2604,2605,-50.430000000000064,-39.430000000000064,-0.04045955248188837,-0.03163434769702278
2026-03-31,FG,1080.0,FG604,1010.0,FG605,1019.0,2604,2605,-70.0,-61.0,-0.06481481481481477,-0.056481481481481466
2026-03-31,SA,1246.43,SA604,1169.0,SA605,1177.0,2604,2605,-77.43000000000006,-69.43000000000006,-0.06212141877201294,-0.055703088019383395
2026-04-01,FG,1080.0,FG604,1037.0,FG605,999.0,2604,2605,-43.0,-81.0,-0.03981481481481486,-0.07499999999999996
2026-04-01,SA,1245.0,SA604,1167.0,SA605,1167.0,2604,2605,-78.0,-78.0,-0.0626506024096386,-0.0626506024096386
2026-04-02,FG,1080.0,FG604,1011.0,FG605,1002.0,2604,2605,-69.0,-78.0,-0.06388888888888888,-0.07222222222222219
2026-04-02,SA,1242.86,SA604,1165.0,SA605,1172.0,2604,2605,-77.8599999999999,-70.8599999999999,-0.06264583299808502,-0.05701366203755842
2026-04-03,FG,1080.0,FG604,1003.0,FG605,977.0,2604,2605,-77.0,-103.0,-0.0712962962962963,-0.09537037037037033
2026-04-03,SA,1242.86,SA604,1152.0,SA605,1155.0,2604,2605,-90.8599999999999,-87.8599999999999,-0.07310557906763426,-0.07069179151312288
2026-04-07,FG,1080.0,FG604,1000.0,FG605,969.0,2604,2605,-80.0,-111.0,-0.07407407407407407,-0.10277777777777775
2026-04-07,SA,1240.0,SA604,1136.0,SA605,1145.0,2604,2605,-104.0,-95.0,-0.08387096774193548,-0.0766129032258065
2026-04-08,FG,1080.0,FG604,1000.0,FG605,978.0,2604,2605,-80.0,-102.0,-0.07407407407407407,-0.09444444444444444
2026-04-08,SA,1240.0,SA604,1143.0,SA605,1149.0,2604,2605,-97.0,-91.0,-0.07822580645161292,-0.07338709677419353
2026-04-09,FG,1080.0,FG604,1000.0,FG605,970.0,2604,2605,-80.0,-110.0,-0.07407407407407407,-0.10185185185185186
2026-04-09,SA,1240.0,SA604,1135.0,SA605,1136.0,2604,2605,-105.0,-104.0,-0.08467741935483875,-0.08387096774193548
2026-04-10,FG,1080.0,FG604,1000.0,FG605,963.0,2604,2605,-80.0,-117.0,-0.07407407407407407,-0.10833333333333328
2026-04-10,SA,1240.0,SA604,1144.0,SA605,1146.0,2604,2605,-96.0,-94.0,-0.07741935483870965,-0.07580645161290323
2026-04-13,FG,1080.0,FG604,1000.0,FG605,957.0,2604,2605,-80.0,-123.0,-0.07407407407407407,-0.11388888888888893
2026-04-13,SA,1240.0,SA604,1138.0,SA609,1211.0,2604,2609,-102.0,-29.0,-0.08225806451612905,-0.023387096774193594
2026-04-14,FG,1080.0,FG604,1000.0,FG605,963.0,2604,2605,-80.0,-117.0,-0.07407407407407407,-0.10833333333333328
2026-04-14,SA,1240.0,SA604,1153.0,SA609,1220.0,2604,2609,-87.0,-20.0,-0.07016129032258067,-0.016129032258064502
2026-04-15,FG,1064.0,FG604,1050.0,FG609,1072.0,2604,2609,-14.0,8.0,-0.013157894736842146,0.007518796992481258
2026-04-15,SA,1240.0,SA604,1157.0,SA609,1226.0,2604,2609,-83.0,-14.0,-0.0669354838709677,-0.011290322580645107
2026-04-16,FG,1064.0,FG605,956.0,FG609,1062.0,2605,2609,-108.0,-2.0,-0.10150375939849621,-0.001879699248120259
2026-04-16,SA,1241.43,SA605,1173.0,SA609,1241.0,2605,2609,-68.43000000000006,-0.43000000000006366,-0.05512191585510262,-0.0003463747452535637
2026-04-17,FG,1064.0,FG605,969.0,FG609,1078.0,2605,2609,-95.0,14.0,-0.0892857142857143,0.013157894736842035
2026-04-17,SA,1240.71,SA605,1168.0,SA609,1238.0,2605,2609,-72.71000000000004,-2.7100000000000364,-0.058603541520581004,-0.002184233221300791
2026-04-20,FG,1064.0,FG605,965.0,FG609,1091.0,2605,2609,-99.0,27.0,-0.09304511278195493,0.025375939849624052
2026-04-20,SA,1240.71,SA605,1171.0,SA609,1247.0,2605,2609,-69.71000000000004,6.289999999999964,-0.05618557116489753,0.005069677845749521
2026-04-21,FG,1054.4,FG605,957.0,FG609,1077.0,2605,2609,-97.40000000000009,22.59999999999991,-0.09237481031866468,0.02143399089529585
2026-04-21,SA,1240.71,SA605,1171.0,SA609,1247.0,2605,2609,-69.71000000000004,6.289999999999964,-0.05618557116489753,0.005069677845749521
2026-04-22,FG,1052.0,FG605,957.0,FG609,1088.0,2605,2609,-95.0,36.0,-0.09030418250950567,0.034220532319391594
2026-04-22,SA,1240.71,SA605,1186.0,SA609,1266.0,2605,2609,-54.710000000000036,25.289999999999964,-0.04409571938648038,0.02038349009841145
2026-04-23,FG,1052.0,FG605,949.0,FG609,1084.0,2605,2609,-103.0,32.0,-0.09790874524714832,0.03041825095057038
2026-04-23,SA,1240.71,SA605,1175.0,SA609,1254.0,2605,2609,-65.71000000000004,13.289999999999964,-0.05296161069065297,0.010711608675677553
2026-04-24,FG,1052.0,FG605,941.0,FG609,1079.0,2605,2609,-111.0,27.0,-0.10551330798479086,0.025665399239543696
2026-04-24,SA,1239.29,SA605,1166.0,SA609,1247.0,2605,2609,-73.28999999999996,7.710000000000036,-0.05913870038489777,0.006221304133818606
2026-04-27,FG,1052.0,FG605,938.0,FG609,1073.0,2605,2609,-114.0,21.0,-0.10836501901140683,0.019961977186311763
2026-04-27,SA,1239.29,SA605,1179.0,SA609,1259.0,2605,2609,-60.289999999999964,19.710000000000036,-0.04864882311646179,0.015904267766221114
2026-04-28,FG,1052.0,FG605,928.0,FG609,1042.0,2605,2609,-124.0,-10.0,-0.11787072243346008,-0.009505703422053258
2026-04-28,SA,1239.29,SA605,1168.0,SA609,1237.0,2605,2609,-71.28999999999996,-2.2899999999999636,-0.05752487311283072,-0.0018478322265167435
2026-04-29,FG,1052.0,FG605,926.0,FG609,1036.0,2605,2609,-126.0,-16.0,-0.11977186311787069,-0.01520912547528519
2026-04-29,SA,1239.29,SA605,1163.0,SA609,1238.0,2605,2609,-76.28999999999996,-1.2899999999999636,-0.061559441292998396,-0.0010409185904832752
2026-04-30,FG,1052.0,FG605,916.0,FG609,1057.0,2605,2609,-136.0,5.0,-0.12927756653992395,0.004752851711026684
2026-04-30,SA,1239.29,SA605,1171.0,SA609,1239.0,2605,2609,-68.28999999999996,-0.2899999999999636,-0.055104132204730094,-0.00023400495444969582
2026-05-06,FG,1054.4,FG605,930.0,FG609,1067.0,2605,2609,-124.40000000000009,12.599999999999909,-0.1179817905918058,0.011949924127465872
2026-05-06,SA,1239.29,SA605,1186.0,SA609,1267.0,2605,2609,-53.289999999999964,27.710000000000036,-0.04300042766422707,0.022359576854489305
2026-05-07,FG,1054.4,FG605,941.0,FG609,1078.0,2605,2609,-113.40000000000009,23.59999999999991,-0.10754931714719285,0.022382397572078716
2026-05-07,SA,1241.43,SA605,1187.0,SA609,1266.0,2605,2609,-54.430000000000064,24.569999999999936,-0.04384459856778078,0.01979169183924978
2026-05-08,FG,1056.0,FG605,930.0,FG609,1055.0,2605,2609,-126.0,-1.0,-0.11931818181818177,-0.0009469696969697239
2026-05-08,SA,1241.43,SA605,1164.0,SA609,1228.0,2605,2609,-77.43000000000006,-13.430000000000064,-0.06237161982552386,-0.010818169369195219
2026-05-11,FG,1052.0,FG605,922.0,FG609,1070.0,2605,2609,-130.0,18.0,-0.12357414448669202,0.017110266159695797
2026-05-11,SA,1232.14,SA605,1151.0,SA609,1227.0,2605,2609,-81.1400000000001,-5.1400000000001,-0.06585290632557994,-0.004171603876182983
2026-05-12,FG,1056.0,FG605,921.0,FG609,1056.0,2605,2609,-135.0,0.0,-0.12784090909090906,0.0
2026-05-12,SA,1232.14,SA605,1140.0,SA609,1221.0,2605,2609,-92.1400000000001,-11.1400000000001,-0.0747804632590453,-0.009041180385345848
2026-05-13,FG,1056.0,FG605,921.0,FG609,1066.0,2605,2609,-135.0,10.0,-0.12784090909090906,0.009469696969697017
2026-05-13,SA,1232.14,SA605,1144.0,SA609,1222.0,2605,2609,-88.1400000000001,-10.1400000000001,-0.0715340789196034,-0.00822958430048537
2026-05-14,FG,1052.0,FG605,918.0,FG609,1051.0,2605,2609,-134.0,-1.0,-0.12737642585551334,-0.0009505703422053591
2026-05-14,SA,1232.14,SA605,1140.0,SA609,1208.0,2605,2609,-92.1400000000001,-24.1400000000001,-0.0747804632590453,-0.019591929488532278
2026-05-15,FG,1052.0,FG605,901.0,FG609,1037.0,2605,2609,-151.0,-15.0,-0.14353612167300378,-0.014258555133079831
2026-05-15,SA,1226.43,SA605,1108.0,SA609,1190.0,2605,2609,-118.43000000000006,-36.430000000000064,-0.09656482636595654,-0.02970410051939376
2026-05-18,FG,1052.0,FG605,885.0,FG609,1038.0,2605,2609,-167.0,-14.0,-0.15874524714828897,-0.013307984790874472
2026-05-18,SA,1226.43,SA605,1114.0,SA609,1198.0,2605,2609,-112.43000000000006,-28.430000000000064,-0.09167257813328122,-0.023181102875826642
2026-05-19,FG,1052.0,FG605,888.0,FG609,1021.0,2605,2609,-164.0,-31.0,-0.155893536121673,-0.02946768060836502
2026-05-19,SA,1226.43,SA605,1109.0,SA609,1193.0,2605,2609,-117.43000000000006,-33.430000000000064,-0.09574945166051063,-0.02725797640305605
2026-05-20,FG,1052.0,FG606,945.0,FG609,1013.0,2606,2609,-107.0,-39.0,-0.10171102661596954,-0.03707224334600756
2026-05-20,SA,1226.43,SA606,1130.0,SA609,1178.0,2606,2609,-96.43000000000006,-48.430000000000064,-0.07862658284614699,-0.039488596984744384
2026-05-21,FG,1052.0,FG606,954.0,FG609,1028.0,2606,2609,-98.0,-24.0,-0.09315589353612164,-0.02281368821292773
2026-05-21,SA,1226.43,SA606,1134.0,SA609,1182.0,2606,2609,-92.43000000000006,-44.430000000000064,-0.07536508402436348,-0.03622709816296088
2026-05-22,FG,1052.0,FG606,948.0,FG609,1020.0,2606,2609,-104.0,-32.0,-0.09885931558935357,-0.03041825095057038
2026-05-22,SA,1226.43,SA606,1136.0,SA609,1181.0,2606,2609,-90.43000000000006,-45.430000000000064,-0.07373433461347167,-0.03704247286840667
2026-05-25,FG,1060.0,FG606,972.0,FG609,1044.0,2606,2609,-88.0,-16.0,-0.08301886792452828,-0.015094339622641506
2026-05-25,SA,1229.29,SA606,1168.0,SA609,1218.0,2606,2609,-61.289999999999964,-11.289999999999964,-0.04985804814161021,-0.009184163216165442
2026-05-26,FG,1060.0,FG606,958.0,FG609,1023.0,2606,2609,-102.0,-37.0,-0.0962264150943396,-0.03490566037735854
2026-05-26,SA,1227.14,SA606,1151.0,SA609,1198.0,2606,2609,-76.1400000000001,-29.1400000000001,-0.062046710236810854,-0.023746271819026443
2026-05-27,FG,1060.0,FG606,962.0,FG609,1037.0,2606,2609,-98.0,-23.0,-0.09245283018867922,-0.02169811320754722
2026-05-27,SA,1227.14,SA606,1148.0,SA609,1202.0,2606,2609,-79.1400000000001,-25.1400000000001,-0.06449141907198863,-0.020486660038789406
2026-05-28,FG,1060.0,FG606,961.0,FG609,1038.0,2606,2609,-99.0,-22.0,-0.09339622641509437,-0.02075471698113207
2026-05-28,SA,1227.14,SA606,1152.0,SA609,1204.0,2606,2609,-75.1400000000001,-23.1400000000001,-0.061231807291751594,-0.018856854148671
2026-05-29,FG,1060.0,FG606,956.0,FG609,1057.0,2606,2609,-104.0,-3.0,-0.09811320754716979,-0.002830188679245338
2026-05-29,SA,1227.14,SA606,1156.0,SA609,1215.0,2606,2609,-71.1400000000001,-12.1400000000001,-0.05797219551151467,-0.009892921753019257
2026-06-01,FG,1060.0,FG606,965.0,FG609,1056.0,2606,2609,-95.0,-4.0,-0.089622641509434,-0.0037735849056603765
2026-06-01,SA,1227.14,SA606,1164.0,SA609,1221.0,2606,2609,-63.1400000000001,-6.1400000000001,-0.051452971951040705,-0.005003504082663812
2026-06-02,FG,1060.0,FG606,956.0,FG609,1043.0,2606,2609,-104.0,-17.0,-0.09811320754716979,-0.016037735849056656
2026-06-02,SA,1227.14,SA606,1157.0,SA609,1206.0,2606,2609,-70.1400000000001,-21.1400000000001,-0.05715729256645541,-0.01722704825855248
2026-06-03,FG,1060.0,FG606,942.0,FG609,1049.0,2606,2609,-118.0,-11.0,-0.11132075471698111,-0.010377358490566091
2026-06-03,SA,1227.14,SA606,1142.0,SA609,1200.0,2606,2609,-85.1400000000001,-27.1400000000001,-0.06938083674234408,-0.022116465928907925
2026-06-04,FG,1060.0,FG606,939.0,FG609,1031.0,2606,2609,-121.0,-29.0,-0.11415094339622645,-0.027358490566037785
2026-06-04,SA,1225.71,SA606,1130.0,SA609,1182.0,2606,2609,-95.71000000000004,-43.710000000000036,-0.07808535461079702,-0.035660963849524
2026-06-05,FG,1050.4,FG606,930.0,FG609,1010.0,2606,2609,-120.40000000000009,-40.40000000000009,-0.11462300076161469,-0.03846153846153855
2026-06-05,SA,1218.57,SA606,1115.0,SA609,1162.0,2606,2609,-103.56999999999994,-56.569999999999936,-0.08499306564251541,-0.04642326661578733
2026-06-08,FG,1050.4,FG606,925.0,FG609,1004.0,2606,2609,-125.40000000000009,-46.40000000000009,-0.11938309215536946,-0.04417364813404423
2026-06-08,SA,1215.71,SA606,1108.0,SA609,1157.0,2606,2609,-107.71000000000004,-58.710000000000036,-0.0885984321918879,-0.04829276718954356
2026-06-09,FG,1036.0,FG606,925.0,FG609,995.0,2606,2609,-111.0,-41.0,-0.1071428571428571,-0.03957528957528955
2026-06-09,SA,1215.71,SA606,1110.0,SA609,1152.0,2606,2609,-105.71000000000004,-63.710000000000036,-0.08695330300811877,-0.05240559014896651
2026-06-10,FG,1028.0,FG606,920.0,FG609,989.0,2606,2609,-108.0,-39.0,-0.10505836575875482,-0.037937743190661455
2026-06-10,SA,1214.29,SA606,1108.0,SA609,1152.0,2606,2609,-106.28999999999996,-62.289999999999964,-0.08753263223776853,-0.05129746600894347
2026-06-11,FG,1028.0,FG606,921.0,FG609,991.0,2606,2609,-107.0,-37.0,-0.10408560311284043,-0.03599221789883267
2026-06-11,SA,1214.29,SA606,1107.0,SA609,1158.0,2606,2609,-107.28999999999996,-56.289999999999964,-0.0883561587429691,-0.04635630697774007
2026-06-12,FG,1028.0,FG606,925.0,FG609,987.0,2606,2609,-103.0,-41.0,-0.10019455252918286,-0.03988326848249024
2026-06-12,SA,1214.29,SA606,1097.0,SA609,1150.0,2606,2609,-117.28999999999996,-64.28999999999996,-0.09659142379497476,-0.052944519019344605
2026-06-15,FG,1028.0,FG607,936.0,FG609,1014.0,2607,2609,-92.0,-14.0,-0.08949416342412453,-0.013618677042801508
2026-06-15,SA,1216.43,SA607,1120.0,SA609,1168.0,2607,2609,-96.43000000000006,-48.430000000000064,-0.07927295446511518,-0.039813223942191556
2026-06-16,FG,1028.0,FG607,925.0,FG609,1004.0,2607,2609,-103.0,-24.0,-0.10019455252918286,-0.023346303501945553
2026-06-16,SA,1216.43,SA607,1112.0,SA609,1163.0,2607,2609,-104.43000000000006,-53.430000000000064,-0.08584957621893574,-0.04392361253832944
2026-06-17,FG,1028.0,FG607,919.0,FG609,996.0,2607,2609,-109.0,-32.0,-0.10603112840466922,-0.0311284046692607
2026-06-17,SA,1216.43,SA607,1103.0,SA609,1150.0,2607,2609,-113.43000000000006,-66.43000000000006,-0.09324827569198402,-0.054610622888287885
2026-06-18,FG,1020.0,FG607,909.0,FG609,978.0,2607,2609,-111.0,-42.0,-0.10882352941176465,-0.04117647058823526
2026-06-18,SA,1204.29,SA607,1081.0,SA609,1127.0,2607,2609,-123.28999999999996,-77.28999999999996,-0.10237567363342714,-0.06417889378804109
2026-06-22,FG,1012.0,FG607,906.0,FG609,977.0,2607,2609,-106.0,-35.0,-0.10474308300395252,-0.03458498023715417
2026-06-22,SA,1204.29,SA607,1078.0,SA609,1128.0,2607,2609,-126.28999999999996,-76.28999999999996,-0.10486676797116967,-0.06334852900879351
2026-06-23,FG,1012.0,FG607,913.0,FG609,967.0,2607,2609,-99.0,-45.0,-0.09782608695652173,-0.0444664031620553
2026-06-23,SA,1204.29,SA607,1085.0,SA609,1132.0,2607,2609,-119.28999999999996,-72.28999999999996,-0.09905421451643703,-0.0600270698918034
2026-06-24,FG,1012.0,FG607,912.0,FG609,973.0,2607,2609,-100.0,-39.0,-0.09881422924901184,-0.038537549407114624
2026-06-24,SA,1204.29,SA607,1075.0,SA609,1118.0,2607,2609,-129.28999999999996,-86.28999999999996,-0.10735786230891231,-0.07165217680126879
2026-06-25,FG,1016.0,FG607,911.0,FG609,975.0,2607,2609,-105.0,-41.0,-0.10334645669291342,-0.04035433070866146
2026-06-25,SA,1202.86,SA607,1065.0,SA609,1111.0,2607,2609,-137.8599999999999,-91.8599999999999,-0.1146101790732088,-0.07636798962472768
2026-06-26,FG,1016.0,FG607,906.0,FG609,968.0,2607,2609,-110.0,-48.0,-0.1082677165354331,-0.047244094488189003
2026-06-26,SA,1195.71,SA607,1049.0,SA609,1096.0,2607,2609,-146.71000000000004,-99.71000000000004,-0.12269697501902643,-0.08338978514857287
2026-06-29,FG,1016.0,FG607,918.0,FG609,978.0,2607,2609,-98.0,-38.0,-0.09645669291338588,-0.03740157480314965
2026-06-29,SA,1195.71,SA607,1054.0,SA609,1103.0,2607,2609,-141.71000000000004,-92.71000000000004,-0.11851535907536115,-0.07753552282744147
2026-06-30,FG,1016.0,FG607,925.0,FG609,975.0,2607,2609,-91.0,-41.0,-0.08956692913385822,-0.04035433070866146
2026-06-30,SA,1191.43,SA607,1035.0,SA609,1086.0,2607,2609,-156.43000000000006,-105.43000000000006,-0.1312960056402811,-0.08849030157038185
2026-07-01,FG,1016.0,FG607,925.0,FG609,961.0,2607,2609,-91.0,-55.0,-0.08956692913385822,-0.05413385826771655
2026-07-01,SA,1164.29,SA607,1049.0,SA609,1089.0,2607,2609,-115.28999999999996,-75.28999999999996,-0.09902172139243659,-0.06466601963428353
2026-07-02,FG,1016.0,FG607,930.0,FG609,966.0,2607,2609,-86.0,-50.0,-0.08464566929133854,-0.049212598425196874
2026-07-02,SA,1164.29,SA607,1060.0,SA609,1103.0,2607,2609,-104.28999999999996,-61.289999999999964,-0.08957390340894444,-0.052641524018929964
2026-07-03,FG,1018.4000000000001,FG607,930.0,FG609,973.0,2607,2609,-88.40000000000009,-45.40000000000009,-0.08680282796543604,-0.04457973291437556
2026-07-03,SA,1164.29,SA607,1064.0,SA609,1103.0,2607,2609,-100.28999999999996,-61.289999999999964,-0.08613833323312914,-0.052641524018929964
2026-07-06,FG,1022.4,FG607,922.0,FG609,967.0,2607,2609,-100.39999999999998,-55.39999999999998,-0.09820031298904541,-0.05418622848200316
2026-07-06,SA,1161.43,SA607,1063.0,SA609,1101.0,2607,2609,-98.43000000000006,-60.430000000000064,-0.0847489732484954,-0.052030686309119
2026-07-07,FG,1022.4,FG607,905.0,FG609,952.0,2607,2609,-117.39999999999998,-70.39999999999998,-0.11482785602503909,-0.06885758998435054
2026-07-07,SA,1158.57,SA607,1067.0,SA609,1070.0,2607,2609,-91.56999999999994,-88.56999999999994,-0.07903708882501703,-0.07644768982452499
2026-07-08,FG,1014.4,FG607,915.0,FG609,962.0,2607,2609,-99.39999999999998,-52.39999999999998,-0.09798895899053628,-0.05165615141955837
2026-07-08,SA,1158.57,SA607,1030.0,SA609,1080.0,2607,2609,-128.56999999999994,-78.56999999999994,-0.11097300983108482,-0.06781635982288503
2026-07-09,FG,1014.4,FG607,900.0,FG609,957.0,2607,2609,-114.39999999999998,-57.39999999999998,-0.11277602523659302,-0.05658517350157721
2026-07-09,SA,1158.57,SA607,1036.0,SA609,1078.0,2607,2609,-122.56999999999994,-80.56999999999994,-0.10579421183010085,-0.06954262582321302
2026-07-10,FG,1014.4,FG607,910.0,FG609,965.0,2607,2609,-104.39999999999998,-49.39999999999998,-0.10291798107255523,-0.04869873817034698
2026-07-10,SA,1160.0,SA607,1038.0,SA609,1084.0,2607,2609,-122.0,-76.0,-0.10517241379310349,-0.06551724137931036
2026-07-13,FG,1014.4,FG607,915.0,FG609,952.0,2607,2609,-99.39999999999998,-62.39999999999998,-0.09798895899053628,-0.061514195583596165
2026-07-13,SA,1160.0,SA607,1027.0,SA609,1063.0,2607,2609,-133.0,-97.0,-0.11465517241379308,-0.08362068965517244
2026-07-14,FG,1014.4,FG607,920.0,FG609,951.0,2607,2609,-94.39999999999998,-63.39999999999998,-0.09305993690851733,-0.0625
2026-07-14,SA,1155.71,SA607,1021.0,SA609,1064.0,2607,2609,-134.71000000000004,-91.71000000000004,-0.11656038279499181,-0.0793538171340562
2026-07-15,FG,1014.4,FG608,942.0,FG609,949.0,2608,2609,-72.39999999999998,-65.39999999999998,-0.07137223974763407,-0.06447160883280756
2026-07-15,SA,1152.86,SA608,1040.0,SA609,1051.0,2608,2609,-112.8599999999999,-101.8599999999999,-0.0978956681643911,-0.08835418003920681
2026-07-16,FG,1014.4,FG608,925.0,FG609,929.0,2608,2609,-89.39999999999998,-85.39999999999998,-0.08813091482649837,-0.08418769716088326
2026-07-16,SA,1152.86,SA608,1025.0,SA609,1034.0,2608,2609,-127.8599999999999,-118.8599999999999,-0.11090678833509704,-0.10310011623267346
2026-07-17,FG,1014.4,FG608,899.0,FG609,900.0,2608,2609,-115.39999999999998,-114.39999999999998,-0.11376182965299686,-0.11277602523659302
2026-07-17,SA,1152.86,SA608,996.0,SA609,1007.0,2608,2609,-156.8599999999999,-145.8599999999999,-0.1360616206651284,-0.1265201325399441
2026-07-20,FG,1014.4,FG608,895.0,FG609,890.0,2608,2609,-119.39999999999998,-124.39999999999998,-0.11770504731861198,-0.12263406940063093
2026-07-20,SA,1152.86,SA608,997.0,SA609,1006.0,2608,2609,-155.8599999999999,-146.8599999999999,-0.13519421265374798,-0.1273875405513245
2026-07-21,FG,1014.4,FG608,916.0,FG609,904.0,2608,2609,-98.39999999999998,-110.39999999999998,-0.09700315457413244,-0.10883280757097791
2026-07-21,SA,1152.86,SA608,1000.0,SA609,1009.0,2608,2609,-152.8599999999999,-143.8599999999999,-0.13259198861960686,-0.12478531651718328
2026-07-22,FG,1014.4,FG608,929.0,FG609,913.0,2608,2609,-85.39999999999998,-101.39999999999998,-0.08418769716088326,-0.09996056782334384
2026-07-22,SA,1152.86,SA608,1008.0,SA609,1013.0,2608,2609,-144.8599999999999,-139.8599999999999,-0.1256527245285637,-0.12131568447166174
2026-07-23,FG,1014.4,FG608,910.0,FG609,899.0,2608,2609,-104.39999999999998,-115.39999999999998,-0.10291798107255523,-0.11376182965299686
2026-07-23,SA,1152.86,SA608,998.0,SA609,1007.0,2608,2609,-154.8599999999999,-145.8599999999999,-0.13432680464236757,-0.1265201325399441
2026-07-24,FG,1010.4000000000001,FG608,916.0,FG609,908.0,2608,2609,-94.40000000000009,-102.40000000000009,-0.09342834520981802,-0.10134600158353135
2026-07-24,SA,1152.86,SA608,995.0,SA609,1004.0,2608,2609,-157.8599999999999,-148.8599999999999,-0.1369290286765088,-0.12912235657408522
2026-07-27,FG,1010.4000000000001,FG608,910.0,FG609,900.0,2608,2609,-100.40000000000009,-110.40000000000009,-0.09936658749010296,-0.10926365795724469
2026-07-27,SA,1144.29,SA608,986.0,SA609,995.0,2608,2609,-158.28999999999996,-149.28999999999996,-0.13833031836335197,-0.13046517928147583
2026-07-28,FG,1010.4000000000001,FG608,899.0,FG609,888.0,2608,2609,-111.40000000000009,-122.40000000000009,-0.11025336500395888,-0.1211401425178148
2026-07-28,SA,1144.29,SA608,964.0,SA609,972.0,2608,2609,-180.28999999999996,-172.28999999999996,-0.15755621389682684,-0.15056497915738143
2026-07-29,FG,990.4000000000001,FG608,902.0,FG609,884.0,2608,2609,-88.40000000000009,-106.40000000000009,-0.0892568659127626,-0.10743134087237483
2026-07-29,SA,1144.29,SA608,953.0,SA609,960.0,2608,2609,-191.28999999999996,-184.28999999999996,-0.16716916166356433,-0.16105183126654954
2026-07-30,FG,990.4000000000001,FG608,901.0,FG609,870.0,2608,2609,-89.40000000000009,-120.40000000000009,-0.09026655896607438,-0.12156704361873993
2026-07-30,SA,1140.0,SA608,936.0,SA609,944.0,2608,2609,-204.0,-196.0,-0.17894736842105263,-0.1719298245614035
2026-07-31,FG,990.4000000000001,FG608,904.0,FG609,875.0,2608,2609,-86.40000000000009,-115.40000000000009,-0.08723747980613905,-0.11651857835218105
2026-07-31,SA,1104.29,SA608,929.0,SA609,935.0,2608,2609,-175.28999999999996,-169.28999999999996,-0.15873547709387925,-0.15330212172527147
2026-08-03,FG,986.4,FG608,903.0,FG609,868.0,2608,2609,-83.39999999999998,-118.39999999999998,-0.08454987834549876,-0.12003244120032441
2026-08-03,SA,1090.0,SA608,917.0,SA609,919.0,2608,2609,-173.0,-171.0,-0.1587155963302752,-0.15688073394495416
2026-08-04,FG,986.4,FG608,915.0,FG609,885.0,2608,2609,-71.39999999999998,-101.39999999999998,-0.07238442822384428,-0.10279805352798055
2026-08-04,SA,1090.0,SA608,919.0,SA609,922.0,2608,2609,-171.0,-168.0,-0.15688073394495416,-0.15412844036697249
2026-08-05,FG,972.0,FG608,912.0,FG609,885.0,2608,2609,-60.0,-87.0,-0.06172839506172845,-0.08950617283950613
2026-08-05,SA,1090.0,SA608,930.0,SA609,937.0,2608,2609,-160.0,-153.0,-0.14678899082568808,-0.1403669724770642
2026-08-06,FG,972.0,FG608,900.0,FG609,891.0,2608,2609,-72.0,-81.0,-0.07407407407407407,-0.08333333333333337
2026-08-06,SA,1090.0,SA608,930.0,SA609,937.0,2608,2609,-160.0,-153.0,-0.14678899082568808,-0.1403669724770642
2026-08-07,FG,972.0,FG608,900.0,FG609,885.0,2608,2609,-72.0,-87.0,-0.07407407407407407,-0.08950617283950613
2026-08-07,SA,1090.0,SA608,931.0,SA609,939.0,2608,2609,-159.0,-151.0,-0.14587155963302756,-0.13853211009174315
2026-08-10,FG,970.4000000000001,FG608,900.0,FG609,889.0,2608,2609,-70.40000000000009,-81.40000000000009,-0.0725474031327289,-0.08388293487221776
2026-08-10,SA,1090.0,SA608,959.0,SA609,966.0,2608,2609,-131.0,-124.0,-0.12018348623853214,-0.11376146788990826
2026-08-11,FG,970.4000000000001,FG608,900.0,FG609,901.0,2608,2609,-70.40000000000009,-69.40000000000009,-0.0725474031327289,-0.07151690024732082
2026-08-11,SA,1090.0,SA608,982.0,SA609,996.0,2608,2609,-108.0,-94.0,-0.09908256880733946,-0.08623853211009169
2026-08-12,FG,968.0,FG608,900.0,FG609,878.0,2608,2609,-68.0,-90.0,-0.07024793388429751,-0.09297520661157022
2026-08-12,SA,1090.0,SA608,973.0,SA609,987.0,2608,2609,-117.0,-103.0,-0.10733944954128438,-0.09449541284403673
2026-08-13,FG,968.0,FG608,880.0,FG609,871.0,2608,2609,-88.0,-97.0,-0.09090909090909094,-0.1002066115702479
2026-08-13,SA,1090.0,SA608,963.0,SA701,1037.0,2608,2701,-127.0,-53.0,-0.11651376146788994,-0.04862385321100915
2026-08-14,FG,968.0,FG608,880.0,FG701,928.0,2608,2701,-88.0,-40.0,-0.09090909090909094,-0.04132231404958675
2026-08-14,SA,1090.0,SA608,969.0,SA701,1023.0,2608,2701,-121.0,-67.0,-0.11100917431192658,-0.06146788990825691
2026-08-17,FG,968.0,FG609,878.0,FG701,923.0,2609,2701,-90.0,-45.0,-0.09297520661157022,-0.04648760330578516
2026-08-17,SA,1090.0,SA609,972.0,SA701,1031.0,2609,2701,-118.0,-59.0,-0.1082568807339449,-0.05412844036697251
2026-08-18,FG,968.0,FG609,879.0,FG701,917.0,2609,2701,-89.0,-51.0,-0.09194214876033058,-0.052685950413223104
2026-08-18,SA,1090.0,SA609,980.0,SA701,1043.0,2609,2701,-110.0,-47.0,-0.1009174311926605,-0.0431192660550459
2026-08-19,FG,968.0,FG609,872.0,FG701,902.0,2609,2701,-96.0,-66.0,-0.09917355371900827,-0.06818181818181823
2026-08-19,SA,1090.0,SA609,960.0,SA701,1012.0,2609,2701,-130.0,-78.0,-0.11926605504587151,-0.07155963302752288
2026-08-20,FG,968.0,FG609,873.0,FG701,917.0,2609,2701,-95.0,-51.0,-0.09814049586776863,-0.052685950413223104
2026-08-20,SA,1090.0,SA609,968.0,SA701,1033.0,2609,2701,-122.0,-57.0,-0.1119266055045871,-0.05229357798165135
2026-08-21,FG,968.0,FG609,864.0,FG701,907.0,2609,2701,-104.0,-61.0,-0.1074380165289256,-0.06301652892561982
2026-08-21,SA,1090.0,SA609,972.0,SA701,1039.0,2609,2701,-118.0,-51.0,-0.1082568807339449,-0.046788990825688104
2026-08-24,FG,968.0,FG609,869.0,FG701,922.0,2609,2701,-99.0,-46.0,-0.10227272727272729,-0.0475206611570248
2026-08-24,SA,1090.0,SA609,983.0,SA701,1054.0,2609,2701,-107.0,-36.0,-0.09816513761467893,-0.03302752293577982
2026-08-25,FG,960.0,FG609,866.0,FG701,913.0,2609,2701,-94.0,-47.0,-0.09791666666666665,-0.048958333333333326
2026-08-25,SA,1090.0,SA609,977.0,SA701,1045.0,2609,2701,-113.0,-45.0,-0.10366972477064218,-0.041284403669724745
2026-08-26,FG,956.0,FG609,864.0,FG701,898.0,2609,2701,-92.0,-58.0,-0.09623430962343094,-0.060669456066945626
2026-08-26,SA,1087.14,SA609,967.0,SA701,1035.0,2609,2701,-120.1400000000001,-52.1400000000001,-0.11051014588737429,-0.047960704233125484
2026-08-27,FG,956.0,FG609,874.0,FG701,909.0,2609,2701,-82.0,-47.0,-0.08577405857740583,-0.04916317991631802
2026-08-27,SA,1087.14,SA609,961.0,SA701,1011.0,2609,2701,-126.1400000000001,-76.1400000000001,-0.11602921426863155,-0.07003697775815454
2026-08-28,FG,956.0,FG609,875.0,FG701,927.0,2609,2701,-81.0,-29.0,-0.08472803347280333,-0.030334728033472813
2026-08-28,SA,1087.14,SA609,975.0,SA701,1047.0,2609,2701,-112.1400000000001,-40.1400000000001,-0.10315138804569801,-0.03692256747061107
2026-08-31,FG,956.0,FG609,901.0,FG701,941.0,2609,2701,-55.0,-15.0,-0.05753138075313813,-0.01569037656903771
2026-08-31,SA,1087.14,SA609,967.0,SA701,1061.0,2609,2701,-120.1400000000001,-26.1400000000001,-0.11051014588737429,-0.024044741247677526
2026-09-01,FG,956.0,FG609,919.0,FG701,969.0,2609,2701,-37.0,13.0,-0.03870292887029292,0.013598326359832713
2026-09-01,SA,1087.14,SA609,976.0,SA701,1070.0,2609,2701,-111.1400000000001,-17.1400000000001,-0.10223154331548845,-0.015766138675791574
2026-09-02,FG,956.0,FG609,913.0,FG701,961.0,2609,2701,-43.0,5.0,-0.044979079497907914,0.0052301255230124966
2026-09-02,SA,1087.14,SA609,971.0,SA701,1056.0,2609,2701,-116.1400000000001,-31.1400000000001,-0.10683076696653615,-0.028643964898725227
2026-09-03,FG,956.0,FG609,899.0,FG701,962.0,2609,2701,-57.0,6.0,-0.05962343096234313,0.006276150627614996
2026-09-03,SA,1087.14,SA609,966.0,SA701,1056.0,2609,2701,-121.1400000000001,-31.1400000000001,-0.11142999061758385,-0.028643964898725227
2026-09-04,FG,956.0,FG609,918.0,FG701,978.0,2609,2701,-38.0,22.0,-0.03974895397489542,0.023012552301255207
2026-09-04,SA,1087.14,SA609,1010.0,SA701,1093.0,2609,2701,-77.1400000000001,5.8599999999999,-0.0709568224883641,0.0053902901190279184
2026-09-07,FG,968.0,FG609,900.0,FG701,976.0,2609,2701,-68.0,8.0,-0.07024793388429751,0.008264462809917328
2026-09-07,SA,1087.14,SA609,991.0,SA701,1079.0,2609,2701,-96.1400000000001,-8.1400000000001,-0.08843387236234534,-0.007487536103905734
2026-09-08,FG,984.0,FG609,909.0,FG701,977.0,2609,2701,-75.0,-7.0,-0.07621951219512191,-0.007113821138211351
2026-09-08,SA,1087.14,SA609,990.0,SA701,1083.0,2609,2701,-97.1400000000001,-4.1400000000001,-0.08935371709255491,-0.0038081571830675953
2026-09-09,FG,992.0,FG609,890.0,FG701,969.0,2609,2701,-102.0,-23.0,-0.10282258064516125,-0.02318548387096775
2026-09-09,SA,1090.0,SA609,961.0,SA701,1077.0,2609,2701,-129.0,-13.0,-0.11834862385321099,-0.011926605504587129
2026-09-10,FG,992.0,FG609,885.0,FG701,964.0,2609,2701,-107.0,-28.0,-0.1078629032258065,-0.028225806451612878
2026-09-10,SA,1090.0,SA609,970.0,SA701,1075.0,2609,2701,-120.0,-15.0,-0.11009174311926606,-0.013761467889908285
2026-09-11,FG,992.0,FG609,876.0,FG701,973.0,2609,2701,-116.0,-19.0,-0.11693548387096775,-0.019153225806451624
2026-09-11,SA,1090.0,SA609,966.0,SA701,1065.0,2609,2701,-124.0,-25.0,-0.11376146788990826,-0.022935779816513735
2026-09-14,FG,992.0,FG609,880.0,FG701,927.0,2609,2701,-112.0,-65.0,-0.11290322580645162,-0.06552419354838712
2026-09-14,SA,1090.0,SA609,916.0,SA701,1019.0,2609,2701,-174.0,-71.0,-0.15963302752293573,-0.06513761467889911
2026-09-15,FG,1008.0,FG610,908.0,FG701,909.0,2610,2701,-100.0,-99.0,-0.09920634920634919,-0.0982142857142857
2026-09-15,SA,1090.0,SA610,970.0,SA701,1009.0,2610,2701,-120.0,-81.0,-0.11009174311926606,-0.07431192660550456
2026-09-16,FG,1008.0,FG610,920.0,FG701,910.0,2610,2701,-88.0,-98.0,-0.08730158730158732,-0.09722222222222221
2026-09-16,SA,1080.0,SA610,972.0,SA701,1011.0,2610,2701,-108.0,-69.0,-0.09999999999999998,-0.06388888888888888
2026-09-17,FG,1008.0,FG610,920.0,FG701,905.0,2610,2701,-88.0,-103.0,-0.08730158730158732,-0.10218253968253965
2026-09-17,SA,1077.14,SA610,968.0,SA701,1006.0,2610,2701,-109.1400000000001,-71.1400000000001,-0.10132387619065308,-0.06604526802458366
2026-09-18,FG,1008.0,FG610,923.0,FG701,907.0,2610,2701,-85.0,-101.0,-0.08432539682539686,-0.10019841269841268
2026-09-18,SA,1077.14,SA610,967.0,SA701,1007.0,2610,2701,-110.1400000000001,-70.1400000000001,-0.10225226061607595,-0.06511688359916079
2026-09-21,FG,1008.0,FG610,950.0,FG701,923.0,2610,2701,-58.0,-85.0,-0.05753968253968256,-0.08432539682539686
2026-09-21,SA,1077.14,SA610,981.0,SA701,1018.0,2610,2701,-96.1400000000001,-59.1400000000001,-0.08925487866015569,-0.05490465491950913
2026-09-22,FG,1008.0,FG610,945.0,FG701,932.0,2610,2701,-63.0,-76.0,-0.0625,-0.07539682539682535
2026-09-22,SA,1077.14,SA610,976.0,SA701,1017.0,2610,2701,-101.1400000000001,-60.1400000000001,-0.09389680078727003,-0.055833039344932
2026-09-23,FG,992.0,FG610,943.0,FG701,925.0,2610,2701,-49.0,-67.0,-0.04939516129032262,-0.06754032258064513
2026-09-23,SA,1077.14,SA610,971.0,SA701,1011.0,2610,2701,-106.1400000000001,-66.1400000000001,-0.09853872291438448,-0.06140334589746932
2026-09-24,FG,984.0,FG610,938.0,FG701,914.0,2610,2701,-46.0,-70.0,-0.0467479674796748,-0.07113821138211385
2026-09-24,SA,1075.71,SA610,964.0,SA701,1004.0,2610,2701,-111.71000000000004,-71.71000000000004,-0.10384769129226279,-0.06666294819235674
2026-09-28,FG,984.0,FG610,914.0,FG701,893.0,2610,2701,-70.0,-91.0,-0.07113821138211385,-0.09247967479674801
2026-09-28,SA,1075.71,SA610,974.0,SA701,1014.0,2610,2701,-101.71000000000004,-61.710000000000036,-0.0945515055172863,-0.057366762417380146
